class,cell_type,cell_subtype,gene,n_cells,mean_log_normalized,median_log_normalized,positive_cells,positive_percent
Normal,B cells,CD19+CD20+ B,FAP,1684,0.0,0.0,0,0.0
Normal,B cells,CD19+CD20+ B,COL1A1,1684,0.04089055229019662,0.0,54,3.2066508313539197
Normal,B cells,CD19+CD20+ B,COL1A2,1684,0.04085358838640353,0.0,54,3.2066508313539197
Normal,B cells,CD19+CD20+ B,COL3A1,1684,0.025944511940148796,0.0,34,2.019002375296912
Normal,B cells,CD19+CD20+ B,FN1,1684,0.006419211878802808,0.0,8,0.4750593824228029
Normal,B cells,CD19+CD20+ B,POSTN,1684,0.0018858978096695164,0.0,3,0.17814726840855108
Normal,B cells,CD19+CD20+ B,ACTA2,1684,0.02624718111131001,0.0,34,2.019002375296912
Normal,B cells,CD19+CD20+ B,TAGLN,1684,0.025511024610359805,0.0,32,1.9002375296912115
Normal,B cells,CD19+CD20+ B,CXCL12,1684,0.01431194137082915,0.0,18,1.0688836104513064
Normal,B cells,CD19+CD20+ B,CCL2,1684,0.09369423389655701,0.0,118,7.007125890736342
Normal,B cells,CD19+CD20+ B,CD74,1684,4.391450317315104,4.429423731904266,1683,99.94061757719716
Normal,B cells,CD19+CD20+ B,HLA-DRA,1684,3.8971370105802685,3.9597043469113613,1679,99.70308788598575
Normal,B cells,CD19+CD20+ B,CLDN1,1684,0.0,0.0,0,0.0
Normal,B cells,CD19+CD20+ B,CLDN2,1684,0.0,0.0,0,0.0
Normal,B cells,CD19+CD20+ B,CLDN3,1684,0.06498160152759777,0.0,82,4.86935866983373
Normal,B cells,CD19+CD20+ B,CLDN4,1684,0.10274809020486654,0.0,126,7.4821852731591445
Normal,B cells,CD19+CD20+ B,CLDN7,1684,0.03005309019606696,0.0,40,2.375296912114014
Normal,B cells,CD19+CD20+ B,CLDN18,1684,0.0,0.0,0,0.0
Normal,B cells,CD19+CD20+ B,OCLN,1684,0.009466332552583208,0.0,13,0.7719714964370546
Normal,B cells,CD19+CD20+ B,TJP1,1684,0.0022405812045365476,0.0,3,0.17814726840855108
Normal,B cells,CD19+CD20+ B,CDH1,1684,0.001307262534616279,0.0,2,0.11876484560570072
Normal,B cells,CD19+CD20+ B,EPCAM,1684,0.046540192237601974,0.0,57,3.3847980997624703
Normal,B cells,CD19+CD20+ B,VIM,1684,0.6647787154471019,0.0,693,41.1520190023753
Normal,B cells,CD19+CD20+ B,ZEB1,1684,0.07167200085480517,0.0,94,5.581947743467933
Normal,B cells,CD19+CD20+ B,SNAI1,1684,0.013622707552209902,0.0,18,1.0688836104513064
Normal,B cells,CD19+CD20+ B,SNAI2,1684,0.0,0.0,0,0.0
Normal,B cells,CD19+CD20+ B,TWIST1,1684,0.0007244685122091915,0.0,1,0.05938242280285036
Normal,B cells,IgA+ Plasma,FAP,3366,0.0005736703403558263,0.0,1,0.029708853238265005
Normal,B cells,IgA+ Plasma,COL1A1,3366,0.023404594454420634,0.0,148,4.396910279263221
Normal,B cells,IgA+ Plasma,COL1A2,3366,0.038295665418442995,0.0,249,7.397504456327986
Normal,B cells,IgA+ Plasma,COL3A1,3366,0.028506345206918412,0.0,185,5.496137849079026
Normal,B cells,IgA+ Plasma,FN1,3366,0.02291109579969756,0.0,139,4.129530600118835
Normal,B cells,IgA+ Plasma,POSTN,3366,0.005275609865674919,0.0,35,1.0398098633392752
Normal,B cells,IgA+ Plasma,ACTA2,3366,0.023711696856301,0.0,160,4.753416518122401
Normal,B cells,IgA+ Plasma,TAGLN,3366,0.023757370207684515,0.0,151,4.486036838978015
Normal,B cells,IgA+ Plasma,CXCL12,3366,0.014275456566642416,0.0,103,3.0600118835412955
Normal,B cells,IgA+ Plasma,CCL2,3366,0.14083745216881924,0.0,806,23.945335710041594
Normal,B cells,IgA+ Plasma,CD74,3366,1.6249779329050351,1.7248792537353672,3095,91.94890077243019
Normal,B cells,IgA+ Plasma,HLA-DRA,3366,0.15522819683129854,0.0,854,25.371360665478313
Normal,B cells,IgA+ Plasma,CLDN1,3366,0.00013279030599825317,0.0,1,0.029708853238265005
Normal,B cells,IgA+ Plasma,CLDN2,3366,0.0,0.0,0,0.0
Normal,B cells,IgA+ Plasma,CLDN3,3366,0.13023826304532343,0.0,713,21.182412358882946
Normal,B cells,IgA+ Plasma,CLDN4,3366,0.15931843040403157,0.0,932,27.688651218062983
Normal,B cells,IgA+ Plasma,CLDN7,3366,0.03457267089294755,0.0,232,6.8924539512774805
Normal,B cells,IgA+ Plasma,CLDN18,3366,0.0,0.0,0,0.0
Normal,B cells,IgA+ Plasma,OCLN,3366,0.009635692442783743,0.0,63,1.8716577540106951
Normal,B cells,IgA+ Plasma,TJP1,3366,0.004070892612485679,0.0,25,0.7427213309566251
Normal,B cells,IgA+ Plasma,CDH1,3366,0.013436754671333198,0.0,90,2.6737967914438503
Normal,B cells,IgA+ Plasma,EPCAM,3366,0.06557486534340146,0.0,425,12.626262626262626
Normal,B cells,IgA+ Plasma,VIM,3366,2.071182946851717,2.166548092171781,3140,93.28579916815211
Normal,B cells,IgA+ Plasma,ZEB1,3366,0.04459964419625502,0.0,271,8.051099227569816
Normal,B cells,IgA+ Plasma,SNAI1,3366,0.013817527585298537,0.0,80,2.3767082590612003
Normal,B cells,IgA+ Plasma,SNAI2,3366,0.0011048328369489776,0.0,8,0.23767082590612004
Normal,B cells,IgA+ Plasma,TWIST1,3366,0.0,0.0,0,0.0
Normal,B cells,IgG+ Plasma,FAP,94,0.0,0.0,0,0.0
Normal,B cells,IgG+ Plasma,COL1A1,94,0.02441848192763132,0.0,4,4.25531914893617
Normal,B cells,IgG+ Plasma,COL1A2,94,0.04123176890592938,0.0,6,6.382978723404255
Normal,B cells,IgG+ Plasma,COL3A1,94,0.03908021476774684,0.0,8,8.51063829787234
Normal,B cells,IgG+ Plasma,FN1,94,0.018340881756290905,0.0,3,3.1914893617021276
Normal,B cells,IgG+ Plasma,POSTN,94,0.0,0.0,0,0.0
Normal,B cells,IgG+ Plasma,ACTA2,94,0.03546920495305655,0.0,6,6.382978723404255
Normal,B cells,IgG+ Plasma,TAGLN,94,0.007038515111529355,0.0,2,2.127659574468085
Normal,B cells,IgG+ Plasma,CXCL12,94,0.01651142118647474,0.0,3,3.1914893617021276
Normal,B cells,IgG+ Plasma,CCL2,94,0.11341084466491663,0.0,20,21.27659574468085
Normal,B cells,IgG+ Plasma,CD74,94,2.5150402420051567,2.4702711037264744,93,98.93617021276596
Normal,B cells,IgG+ Plasma,HLA-DRA,94,0.5629481511041217,0.4140673636195146,59,62.76595744680851
Normal,B cells,IgG+ Plasma,CLDN1,94,0.0,0.0,0,0.0
Normal,B cells,IgG+ Plasma,CLDN2,94,0.0,0.0,0,0.0
Normal,B cells,IgG+ Plasma,CLDN3,94,0.06237949437959135,0.0,10,10.638297872340425
Normal,B cells,IgG+ Plasma,CLDN4,94,0.16098642069281255,0.0,26,27.659574468085108
Normal,B cells,IgG+ Plasma,CLDN7,94,0.019484206720609236,0.0,4,4.25531914893617
Normal,B cells,IgG+ Plasma,CLDN18,94,0.0,0.0,0,0.0
Normal,B cells,IgG+ Plasma,OCLN,94,0.012918967920931636,0.0,3,3.1914893617021276
Normal,B cells,IgG+ Plasma,TJP1,94,0.0,0.0,0,0.0
Normal,B cells,IgG+ Plasma,CDH1,94,0.0036952495136192845,0.0,1,1.0638297872340425
Normal,B cells,IgG+ Plasma,EPCAM,94,0.06658239980928138,0.0,13,13.829787234042554
Normal,B cells,IgG+ Plasma,VIM,94,1.5324369707816623,1.551244797950695,84,89.36170212765957
Normal,B cells,IgG+ Plasma,ZEB1,94,0.05487424246096463,0.0,9,9.574468085106384
Normal,B cells,IgG+ Plasma,SNAI1,94,0.006525352436808567,0.0,1,1.0638297872340425
Normal,B cells,IgG+ Plasma,SNAI2,94,0.0,0.0,0,0.0
Normal,B cells,IgG+ Plasma,TWIST1,94,0.0,0.0,0,0.0
Normal,B cells,Unknown,FAP,64,0.0,0.0,0,0.0
Normal,B cells,Unknown,COL1A1,64,0.03447743785276446,0.0,2,3.125
Normal,B cells,Unknown,COL1A2,64,0.0,0.0,0,0.0
Normal,B cells,Unknown,COL3A1,64,0.031148375988167033,0.0,1,1.5625
Normal,B cells,Unknown,FN1,64,0.0,0.0,0,0.0
Normal,B cells,Unknown,POSTN,64,0.0,0.0,0,0.0
Normal,B cells,Unknown,ACTA2,64,0.0,0.0,0,0.0
Normal,B cells,Unknown,TAGLN,64,0.0,0.0,0,0.0
Normal,B cells,Unknown,CXCL12,64,0.016128697329528086,0.0,1,1.5625
Normal,B cells,Unknown,CCL2,64,0.1703590703617641,0.0,6,9.375
Normal,B cells,Unknown,CD74,64,1.459764610910431,1.540990517168689,39,60.9375
Normal,B cells,Unknown,HLA-DRA,64,0.8346563724111695,0.0,18,28.125
Normal,B cells,Unknown,CLDN1,64,0.0,0.0,0,0.0
Normal,B cells,Unknown,CLDN2,64,0.0,0.0,0,0.0
Normal,B cells,Unknown,CLDN3,64,0.05022571511821982,0.0,4,6.25
Normal,B cells,Unknown,CLDN4,64,0.08599830657385253,0.0,4,6.25
Normal,B cells,Unknown,CLDN7,64,0.0,0.0,0,0.0
Normal,B cells,Unknown,CLDN18,64,0.0,0.0,0,0.0
Normal,B cells,Unknown,OCLN,64,0.0,0.0,0,0.0
Normal,B cells,Unknown,TJP1,64,0.0,0.0,0,0.0
Normal,B cells,Unknown,CDH1,64,0.0,0.0,0,0.0
Normal,B cells,Unknown,EPCAM,64,0.011025416402941867,0.0,1,1.5625
Normal,B cells,Unknown,VIM,64,0.9056516639467297,0.0,30,46.875
Normal,B cells,Unknown,ZEB1,64,0.0,0.0,0,0.0
Normal,B cells,Unknown,SNAI1,64,0.0,0.0,0,0.0
Normal,B cells,Unknown,SNAI2,64,0.0,0.0,0,0.0
Normal,B cells,Unknown,TWIST1,64,0.0,0.0,0,0.0
Normal,Epithelial cells,Goblet cells,FAP,139,0.0068586370953819965,0.0,1,0.7194244604316548
Normal,Epithelial cells,Goblet cells,COL1A1,139,0.07473501236079026,0.0,11,7.913669064748201
Normal,Epithelial cells,Goblet cells,COL1A2,139,0.025757363490104455,0.0,3,2.158273381294964
Normal,Epithelial cells,Goblet cells,COL3A1,139,0.03960335700123546,0.0,8,5.755395683453238
Normal,Epithelial cells,Goblet cells,FN1,139,0.05014119411834855,0.0,8,5.755395683453238
Normal,Epithelial cells,Goblet cells,POSTN,139,0.0027545466285706813,0.0,1,0.7194244604316548
Normal,Epithelial cells,Goblet cells,ACTA2,139,0.040913418990423334,0.0,5,3.597122302158273
Normal,Epithelial cells,Goblet cells,TAGLN,139,0.05714601364514794,0.0,7,5.0359712230215825
Normal,Epithelial cells,Goblet cells,CXCL12,139,0.041286430596420835,0.0,8,5.755395683453238
Normal,Epithelial cells,Goblet cells,CCL2,139,0.18035428230259457,0.0,27,19.424460431654676
Normal,Epithelial cells,Goblet cells,CD74,139,0.484487949717074,0.0,57,41.007194244604314
Normal,Epithelial cells,Goblet cells,HLA-DRA,139,0.2119928563334952,0.0,30,21.58273381294964
Normal,Epithelial cells,Goblet cells,CLDN1,139,0.0,0.0,0,0.0
Normal,Epithelial cells,Goblet cells,CLDN2,139,0.0,0.0,0,0.0
Normal,Epithelial cells,Goblet cells,CLDN3,139,2.6880857459854295,2.8145864958490483,133,95.68345323741008
Normal,Epithelial cells,Goblet cells,CLDN4,139,2.9149060381200225,3.0182397159242282,135,97.12230215827337
Normal,Epithelial cells,Goblet cells,CLDN7,139,1.6880943091072,1.7873978198434695,122,87.76978417266187
Normal,Epithelial cells,Goblet cells,CLDN18,139,0.0,0.0,0,0.0
Normal,Epithelial cells,Goblet cells,OCLN,139,0.23645466296684794,0.0,33,23.741007194244602
Normal,Epithelial cells,Goblet cells,TJP1,139,0.2150358223310383,0.0,31,22.302158273381295
Normal,Epithelial cells,Goblet cells,CDH1,139,0.6622320210694682,0.6051337255928672,74,53.23741007194245
Normal,Epithelial cells,Goblet cells,EPCAM,139,2.389824768082485,2.5418185169731644,131,94.24460431654677
Normal,Epithelial cells,Goblet cells,VIM,139,0.321102004047791,0.0,38,27.33812949640288
Normal,Epithelial cells,Goblet cells,ZEB1,139,0.0,0.0,0,0.0
Normal,Epithelial cells,Goblet cells,SNAI1,139,0.025162145232727376,0.0,5,3.597122302158273
Normal,Epithelial cells,Goblet cells,SNAI2,139,0.0,0.0,0,0.0
Normal,Epithelial cells,Goblet cells,TWIST1,139,0.0,0.0,0,0.0
Normal,Epithelial cells,Intermediate,FAP,181,0.0,0.0,0,0.0
Normal,Epithelial cells,Intermediate,COL1A1,181,0.0,0.0,0,0.0
Normal,Epithelial cells,Intermediate,COL1A2,181,0.028551803196818843,0.0,3,1.6574585635359116
Normal,Epithelial cells,Intermediate,COL3A1,181,0.022639162305902176,0.0,2,1.1049723756906076
Normal,Epithelial cells,Intermediate,FN1,181,0.09385625811906674,0.0,8,4.41988950276243
Normal,Epithelial cells,Intermediate,POSTN,181,0.009855725920662715,0.0,1,0.5524861878453038
Normal,Epithelial cells,Intermediate,ACTA2,181,0.012580967476531731,0.0,1,0.5524861878453038
Normal,Epithelial cells,Intermediate,TAGLN,181,0.04793088874343612,0.0,5,2.7624309392265194
Normal,Epithelial cells,Intermediate,CXCL12,181,0.0,0.0,0,0.0
Normal,Epithelial cells,Intermediate,CCL2,181,0.10353670580391365,0.0,10,5.524861878453039
Normal,Epithelial cells,Intermediate,CD74,181,0.35554068980048215,0.0,35,19.337016574585636
Normal,Epithelial cells,Intermediate,HLA-DRA,181,0.16646446221548467,0.0,16,8.83977900552486
Normal,Epithelial cells,Intermediate,CLDN1,181,0.012918620560147384,0.0,1,0.5524861878453038
Normal,Epithelial cells,Intermediate,CLDN2,181,0.0,0.0,0,0.0
Normal,Epithelial cells,Intermediate,CLDN3,181,1.9909295993837994,2.3132745688163707,135,74.58563535911603
Normal,Epithelial cells,Intermediate,CLDN4,181,1.5994176442558858,2.043870075894968,112,61.87845303867403
Normal,Epithelial cells,Intermediate,CLDN7,181,0.9975537630838157,0.0,80,44.19889502762431
Normal,Epithelial cells,Intermediate,CLDN18,181,0.0,0.0,0,0.0
Normal,Epithelial cells,Intermediate,OCLN,181,0.023582546119512177,0.0,3,1.6574585635359116
Normal,Epithelial cells,Intermediate,TJP1,181,0.0839492675423609,0.0,8,4.41988950276243
Normal,Epithelial cells,Intermediate,CDH1,181,0.13097043528047037,0.0,13,7.18232044198895
Normal,Epithelial cells,Intermediate,EPCAM,181,1.5651755723449023,1.9650079517119021,112,61.87845303867403
Normal,Epithelial cells,Intermediate,VIM,181,0.2251592533185383,0.0,21,11.602209944751381
Normal,Epithelial cells,Intermediate,ZEB1,181,0.0,0.0,0,0.0
Normal,Epithelial cells,Intermediate,SNAI1,181,0.10430337252874058,0.0,10,5.524861878453039
Normal,Epithelial cells,Intermediate,SNAI2,181,0.0,0.0,0,0.0
Normal,Epithelial cells,Intermediate,TWIST1,181,0.0,0.0,0,0.0
Normal,Epithelial cells,Mature Enterocytes type 1,FAP,213,0.0,0.0,0,0.0
Normal,Epithelial cells,Mature Enterocytes type 1,COL1A1,213,0.035525146180035716,0.0,5,2.3474178403755865
Normal,Epithelial cells,Mature Enterocytes type 1,COL1A2,213,0.0283837233288976,0.0,6,2.8169014084507045
Normal,Epithelial cells,Mature Enterocytes type 1,COL3A1,213,0.04200374612743194,0.0,6,2.8169014084507045
Normal,Epithelial cells,Mature Enterocytes type 1,FN1,213,0.020494774922874676,0.0,3,1.4084507042253522
Normal,Epithelial cells,Mature Enterocytes type 1,POSTN,213,0.007105353446974772,0.0,1,0.4694835680751174
Normal,Epithelial cells,Mature Enterocytes type 1,ACTA2,213,0.021935263793510257,0.0,4,1.8779342723004695
Normal,Epithelial cells,Mature Enterocytes type 1,TAGLN,213,0.04376936192144415,0.0,6,2.8169014084507045
Normal,Epithelial cells,Mature Enterocytes type 1,CXCL12,213,0.042599831808693374,0.0,6,2.8169014084507045
Normal,Epithelial cells,Mature Enterocytes type 1,CCL2,213,0.19784782339936646,0.0,29,13.615023474178404
Normal,Epithelial cells,Mature Enterocytes type 1,CD74,213,0.18147337411322673,0.0,27,12.676056338028168
Normal,Epithelial cells,Mature Enterocytes type 1,HLA-DRA,213,0.10244680855778039,0.0,16,7.511737089201878
Normal,Epithelial cells,Mature Enterocytes type 1,CLDN1,213,0.004719331338515287,0.0,1,0.4694835680751174
Normal,Epithelial cells,Mature Enterocytes type 1,CLDN2,213,0.0,0.0,0,0.0
Normal,Epithelial cells,Mature Enterocytes type 1,CLDN3,213,3.0992564378829064,3.324276125503531,204,95.77464788732394
Normal,Epithelial cells,Mature Enterocytes type 1,CLDN4,213,2.6938722122541376,2.82750933579598,198,92.95774647887323
Normal,Epithelial cells,Mature Enterocytes type 1,CLDN7,213,2.138668732184063,2.3079576876910908,186,87.32394366197182
Normal,Epithelial cells,Mature Enterocytes type 1,CLDN18,213,0.0,0.0,0,0.0
Normal,Epithelial cells,Mature Enterocytes type 1,OCLN,213,0.09138293417195233,0.0,13,6.103286384976526
Normal,Epithelial cells,Mature Enterocytes type 1,TJP1,213,0.1639324720925163,0.0,24,11.267605633802818
Normal,Epithelial cells,Mature Enterocytes type 1,CDH1,213,0.2561232213973758,0.0,35,16.431924882629108
Normal,Epithelial cells,Mature Enterocytes type 1,EPCAM,213,2.248108547033384,2.4436719927303687,181,84.97652582159625
Normal,Epithelial cells,Mature Enterocytes type 1,VIM,213,0.2525903889712739,0.0,36,16.901408450704224
Normal,Epithelial cells,Mature Enterocytes type 1,ZEB1,213,0.0,0.0,0,0.0
Normal,Epithelial cells,Mature Enterocytes type 1,SNAI1,213,0.017865277799487843,0.0,3,1.4084507042253522
Normal,Epithelial cells,Mature Enterocytes type 1,SNAI2,213,0.0,0.0,0,0.0
Normal,Epithelial cells,Mature Enterocytes type 1,TWIST1,213,0.0,0.0,0,0.0
Normal,Epithelial cells,Mature Enterocytes type 2,FAP,131,0.0,0.0,0,0.0
Normal,Epithelial cells,Mature Enterocytes type 2,COL1A1,131,0.008675843207494725,0.0,1,0.7633587786259541
Normal,Epithelial cells,Mature Enterocytes type 2,COL1A2,131,0.022301166511610182,0.0,2,1.5267175572519083
Normal,Epithelial cells,Mature Enterocytes type 2,COL3A1,131,0.012587647172313487,0.0,1,0.7633587786259541
Normal,Epithelial cells,Mature Enterocytes type 2,FN1,131,0.008447513222410092,0.0,2,1.5267175572519083
Normal,Epithelial cells,Mature Enterocytes type 2,POSTN,131,0.0,0.0,0,0.0
Normal,Epithelial cells,Mature Enterocytes type 2,ACTA2,131,0.04070352037413833,0.0,2,1.5267175572519083
Normal,Epithelial cells,Mature Enterocytes type 2,TAGLN,131,0.0471943272305065,0.0,3,2.2900763358778624
Normal,Epithelial cells,Mature Enterocytes type 2,CXCL12,131,0.0,0.0,0,0.0
Normal,Epithelial cells,Mature Enterocytes type 2,CCL2,131,0.16959178350052354,0.0,14,10.687022900763358
Normal,Epithelial cells,Mature Enterocytes type 2,CD74,131,0.1295786274827793,0.0,12,9.16030534351145
Normal,Epithelial cells,Mature Enterocytes type 2,HLA-DRA,131,0.18145697454810442,0.0,15,11.450381679389313
Normal,Epithelial cells,Mature Enterocytes type 2,CLDN1,131,0.0,0.0,0,0.0
Normal,Epithelial cells,Mature Enterocytes type 2,CLDN2,131,0.0,0.0,0,0.0
Normal,Epithelial cells,Mature Enterocytes type 2,CLDN3,131,3.0626596922155005,3.3902656853174404,121,92.36641221374046
Normal,Epithelial cells,Mature Enterocytes type 2,CLDN4,131,2.5704142444502778,2.8677574359839357,113,86.25954198473282
Normal,Epithelial cells,Mature Enterocytes type 2,CLDN7,131,2.083671950445118,2.371940710472097,106,80.91603053435115
Normal,Epithelial cells,Mature Enterocytes type 2,CLDN18,131,0.0,0.0,0,0.0
Normal,Epithelial cells,Mature Enterocytes type 2,OCLN,131,0.2224467022194699,0.0,20,15.267175572519085
Normal,Epithelial cells,Mature Enterocytes type 2,TJP1,131,0.19910071250673764,0.0,18,13.740458015267176
Normal,Epithelial cells,Mature Enterocytes type 2,CDH1,131,0.46839774953069513,0.0,39,29.770992366412212
Normal,Epithelial cells,Mature Enterocytes type 2,EPCAM,131,2.0147518731565586,2.3712067459952335,101,77.09923664122137
Normal,Epithelial cells,Mature Enterocytes type 2,VIM,131,0.2119858103531339,0.0,18,13.740458015267176
Normal,Epithelial cells,Mature Enterocytes type 2,ZEB1,131,0.0,0.0,0,0.0
Normal,Epithelial cells,Mature Enterocytes type 2,SNAI1,131,0.025274182085957594,0.0,2,1.5267175572519083
Normal,Epithelial cells,Mature Enterocytes type 2,SNAI2,131,0.0,0.0,0,0.0
Normal,Epithelial cells,Mature Enterocytes type 2,TWIST1,131,0.0,0.0,0,0.0
Normal,Epithelial cells,Stem-like/TA,FAP,406,0.0017200425755728003,0.0,1,0.24630541871921183
Normal,Epithelial cells,Stem-like/TA,COL1A1,406,0.03439672082407808,0.0,33,8.12807881773399
Normal,Epithelial cells,Stem-like/TA,COL1A2,406,0.05711212436828626,0.0,52,12.807881773399016
Normal,Epithelial cells,Stem-like/TA,COL3A1,406,0.039068678426307145,0.0,38,9.35960591133005
Normal,Epithelial cells,Stem-like/TA,FN1,406,0.15060196133629758,0.0,88,21.67487684729064
Normal,Epithelial cells,Stem-like/TA,POSTN,406,0.005158573612630058,0.0,6,1.477832512315271
Normal,Epithelial cells,Stem-like/TA,ACTA2,406,0.04299983306752575,0.0,43,10.591133004926109
Normal,Epithelial cells,Stem-like/TA,TAGLN,406,0.046271705629856844,0.0,43,10.591133004926109
Normal,Epithelial cells,Stem-like/TA,CXCL12,406,0.025088118685604777,0.0,20,4.926108374384237
Normal,Epithelial cells,Stem-like/TA,CCL2,406,0.17407974574997348,0.0,129,31.773399014778324
Normal,Epithelial cells,Stem-like/TA,CD74,406,0.6668618501962441,0.5839295643568205,306,75.36945812807882
Normal,Epithelial cells,Stem-like/TA,HLA-DRA,406,0.2388891364235826,0.0,154,37.93103448275862
Normal,Epithelial cells,Stem-like/TA,CLDN1,406,0.011320950843354207,0.0,12,2.955665024630542
Normal,Epithelial cells,Stem-like/TA,CLDN2,406,0.0,0.0,0,0.0
Normal,Epithelial cells,Stem-like/TA,CLDN3,406,2.705992653812319,2.7160700926398427,404,99.50738916256158
Normal,Epithelial cells,Stem-like/TA,CLDN4,406,2.7179474931847705,2.757907588734448,404,99.50738916256158
Normal,Epithelial cells,Stem-like/TA,CLDN7,406,1.585864846546373,1.6525849330379643,393,96.79802955665025
Normal,Epithelial cells,Stem-like/TA,CLDN18,406,0.0,0.0,0,0.0
Normal,Epithelial cells,Stem-like/TA,OCLN,406,0.3289264207918799,0.217808463930089,208,51.231527093596064
Normal,Epithelial cells,Stem-like/TA,TJP1,406,0.24663726050313914,0.0,179,44.08866995073892
Normal,Epithelial cells,Stem-like/TA,CDH1,406,0.6064984863779638,0.6540481979965025,308,75.86206896551724
Normal,Epithelial cells,Stem-like/TA,EPCAM,406,2.594677755338325,2.604103715932667,404,99.50738916256158
Normal,Epithelial cells,Stem-like/TA,VIM,406,0.2690785097237469,0.0,197,48.52216748768473
Normal,Epithelial cells,Stem-like/TA,ZEB1,406,0.005412933819526554,0.0,6,1.477832512315271
Normal,Epithelial cells,Stem-like/TA,SNAI1,406,0.028020039610074196,0.0,27,6.65024630541872
Normal,Epithelial cells,Stem-like/TA,SNAI2,406,0.004436518611048825,0.0,4,0.9852216748768473
Normal,Epithelial cells,Stem-like/TA,TWIST1,406,0.0,0.0,0,0.0
Normal,Mast cells,Mast cells,FAP,184,0.009799450476599067,0.0,1,0.5434782608695652
Normal,Mast cells,Mast cells,COL1A1,184,0.00653775606191691,0.0,1,0.5434782608695652
Normal,Mast cells,Mast cells,COL1A2,184,0.03249253501634586,0.0,3,1.6304347826086956
Normal,Mast cells,Mast cells,COL3A1,184,0.027411070454621187,0.0,3,1.6304347826086956
Normal,Mast cells,Mast cells,FN1,184,0.008743468584048376,0.0,1,0.5434782608695652
Normal,Mast cells,Mast cells,POSTN,184,0.03037265124372753,0.0,3,1.6304347826086956
Normal,Mast cells,Mast cells,ACTA2,184,0.03443344544236413,0.0,4,2.1739130434782608
Normal,Mast cells,Mast cells,TAGLN,184,0.02919906879875698,0.0,3,1.6304347826086956
Normal,Mast cells,Mast cells,CXCL12,184,0.0,0.0,0,0.0
Normal,Mast cells,Mast cells,CCL2,184,0.39247622869216914,0.0,29,15.760869565217392
Normal,Mast cells,Mast cells,CD74,184,0.42249022153799964,0.0,41,22.282608695652172
Normal,Mast cells,Mast cells,HLA-DRA,184,0.23013480932259817,0.0,23,12.5
Normal,Mast cells,Mast cells,CLDN1,184,0.0,0.0,0,0.0
Normal,Mast cells,Mast cells,CLDN2,184,0.0,0.0,0,0.0
Normal,Mast cells,Mast cells,CLDN3,184,0.0845580808585643,0.0,10,5.434782608695652
Normal,Mast cells,Mast cells,CLDN4,184,0.09860682634584475,0.0,11,5.978260869565218
Normal,Mast cells,Mast cells,CLDN7,184,0.029502464908237575,0.0,3,1.6304347826086956
Normal,Mast cells,Mast cells,CLDN18,184,0.0,0.0,0,0.0
Normal,Mast cells,Mast cells,OCLN,184,0.024660406194914962,0.0,2,1.0869565217391304
Normal,Mast cells,Mast cells,TJP1,184,0.008908751587824719,0.0,1,0.5434782608695652
Normal,Mast cells,Mast cells,CDH1,184,0.007179472667210146,0.0,1,0.5434782608695652
Normal,Mast cells,Mast cells,EPCAM,184,0.04704968446651039,0.0,5,2.717391304347826
Normal,Mast cells,Mast cells,VIM,184,3.764422401440352,3.864853923758636,184,100.0
Normal,Mast cells,Mast cells,ZEB1,184,0.0,0.0,0,0.0
Normal,Mast cells,Mast cells,SNAI1,184,0.015567330524558713,0.0,2,1.0869565217391304
Normal,Mast cells,Mast cells,SNAI2,184,0.0,0.0,0,0.0
Normal,Mast cells,Mast cells,TWIST1,184,0.0,0.0,0,0.0
Normal,Myeloids,Pro-inflammatory,FAP,74,0.0,0.0,0,0.0
Normal,Myeloids,Pro-inflammatory,COL1A1,74,0.07117889899257454,0.0,4,5.405405405405405
Normal,Myeloids,Pro-inflammatory,COL1A2,74,0.07200649626045756,0.0,6,8.108108108108109
Normal,Myeloids,Pro-inflammatory,COL3A1,74,0.023335525944716426,0.0,2,2.7027027027027026
Normal,Myeloids,Pro-inflammatory,FN1,74,0.0,0.0,0,0.0
Normal,Myeloids,Pro-inflammatory,POSTN,74,0.0,0.0,0,0.0
Normal,Myeloids,Pro-inflammatory,ACTA2,74,0.03871128485448245,0.0,3,4.054054054054054
Normal,Myeloids,Pro-inflammatory,TAGLN,74,0.08803215941505411,0.0,6,8.108108108108109
Normal,Myeloids,Pro-inflammatory,CXCL12,74,0.04907922724746978,0.0,2,2.7027027027027026
Normal,Myeloids,Pro-inflammatory,CCL2,74,0.5017285023461872,0.0,18,24.324324324324326
Normal,Myeloids,Pro-inflammatory,CD74,74,3.8323086428324578,3.937574909610302,73,98.64864864864865
Normal,Myeloids,Pro-inflammatory,HLA-DRA,74,3.9659490833387996,4.292307123356856,72,97.2972972972973
Normal,Myeloids,Pro-inflammatory,CLDN1,74,0.0,0.0,0,0.0
Normal,Myeloids,Pro-inflammatory,CLDN2,74,0.0,0.0,0,0.0
Normal,Myeloids,Pro-inflammatory,CLDN3,74,0.07396362610298464,0.0,5,6.756756756756757
Normal,Myeloids,Pro-inflammatory,CLDN4,74,0.134108505528788,0.0,8,10.81081081081081
Normal,Myeloids,Pro-inflammatory,CLDN7,74,0.04857909668426214,0.0,3,4.054054054054054
Normal,Myeloids,Pro-inflammatory,CLDN18,74,0.0,0.0,0,0.0
Normal,Myeloids,Pro-inflammatory,OCLN,74,0.0,0.0,0,0.0
Normal,Myeloids,Pro-inflammatory,TJP1,74,0.014546582497839232,0.0,1,1.3513513513513513
Normal,Myeloids,Pro-inflammatory,CDH1,74,0.0458514976009913,0.0,2,2.7027027027027026
Normal,Myeloids,Pro-inflammatory,EPCAM,74,0.033215622645117,0.0,3,4.054054054054054
Normal,Myeloids,Pro-inflammatory,VIM,74,2.684387872653913,2.9503193220700314,69,93.24324324324324
Normal,Myeloids,Pro-inflammatory,ZEB1,74,0.013840013984809427,0.0,1,1.3513513513513513
Normal,Myeloids,Pro-inflammatory,SNAI1,74,0.06114091316626345,0.0,5,6.756756756756757
Normal,Myeloids,Pro-inflammatory,SNAI2,74,0.0,0.0,0,0.0
Normal,Myeloids,Pro-inflammatory,TWIST1,74,0.0,0.0,0,0.0
Normal,Myeloids,Proliferating,FAP,6,0.0,0.0,0,0.0
Normal,Myeloids,Proliferating,COL1A1,6,0.0,0.0,0,0.0
Normal,Myeloids,Proliferating,COL1A2,6,0.0,0.0,0,0.0
Normal,Myeloids,Proliferating,COL3A1,6,0.0,0.0,0,0.0
Normal,Myeloids,Proliferating,FN1,6,0.0,0.0,0,0.0
Normal,Myeloids,Proliferating,POSTN,6,0.07087160571573081,0.0,1,16.666666666666664
Normal,Myeloids,Proliferating,ACTA2,6,0.16045962727229915,0.0,1,16.666666666666664
Normal,Myeloids,Proliferating,TAGLN,6,0.0,0.0,0,0.0
Normal,Myeloids,Proliferating,CXCL12,6,0.21924649903270796,0.0,2,33.33333333333333
Normal,Myeloids,Proliferating,CCL2,6,0.6193126265293433,0.45586253558502354,4,66.66666666666666
Normal,Myeloids,Proliferating,CD74,6,4.759364523206739,4.8531022175441585,6,100.0
Normal,Myeloids,Proliferating,HLA-DRA,6,4.4251196377360715,4.52717540533107,6,100.0
Normal,Myeloids,Proliferating,CLDN1,6,0.0,0.0,0,0.0
Normal,Myeloids,Proliferating,CLDN2,6,0.0,0.0,0,0.0
Normal,Myeloids,Proliferating,CLDN3,6,0.15195417852834117,0.0,2,33.33333333333333
Normal,Myeloids,Proliferating,CLDN4,6,0.4778509724605618,0.4144917786602928,3,50.0
Normal,Myeloids,Proliferating,CLDN7,6,0.0,0.0,0,0.0
Normal,Myeloids,Proliferating,CLDN18,6,0.0,0.0,0,0.0
Normal,Myeloids,Proliferating,OCLN,6,0.0,0.0,0,0.0
Normal,Myeloids,Proliferating,TJP1,6,0.0,0.0,0,0.0
Normal,Myeloids,Proliferating,CDH1,6,0.0,0.0,0,0.0
Normal,Myeloids,Proliferating,EPCAM,6,0.4027451403281333,0.45586253558502354,4,66.66666666666666
Normal,Myeloids,Proliferating,VIM,6,3.260371472442479,3.377906297648277,6,100.0
Normal,Myeloids,Proliferating,ZEB1,6,0.0,0.0,0,0.0
Normal,Myeloids,Proliferating,SNAI1,6,0.21924649903270796,0.0,2,33.33333333333333
Normal,Myeloids,Proliferating,SNAI2,6,0.0,0.0,0,0.0
Normal,Myeloids,Proliferating,TWIST1,6,0.0,0.0,0,0.0
Normal,Myeloids,SPP1+,FAP,156,0.0,0.0,0,0.0
Normal,Myeloids,SPP1+,COL1A1,156,0.04650283344706184,0.0,7,4.487179487179487
Normal,Myeloids,SPP1+,COL1A2,156,0.07914362151665702,0.0,10,6.41025641025641
Normal,Myeloids,SPP1+,COL3A1,156,0.016440663826150993,0.0,4,2.564102564102564
Normal,Myeloids,SPP1+,FN1,156,0.04502205173942702,0.0,5,3.205128205128205
Normal,Myeloids,SPP1+,POSTN,156,0.002809053554414708,0.0,1,0.641025641025641
Normal,Myeloids,SPP1+,ACTA2,156,0.03675915631122453,0.0,7,4.487179487179487
Normal,Myeloids,SPP1+,TAGLN,156,0.08915020218424033,0.0,12,7.6923076923076925
Normal,Myeloids,SPP1+,CXCL12,156,0.28748376090327643,0.0,36,23.076923076923077
Normal,Myeloids,SPP1+,CCL2,156,1.2464547830490404,0.0,75,48.07692307692308
Normal,Myeloids,SPP1+,CD74,156,4.597287047048397,4.629306643426025,156,100.0
Normal,Myeloids,SPP1+,HLA-DRA,156,4.436321891747912,4.514348671353246,156,100.0
Normal,Myeloids,SPP1+,CLDN1,156,0.015988274489409038,0.0,2,1.282051282051282
Normal,Myeloids,SPP1+,CLDN2,156,0.0,0.0,0,0.0
Normal,Myeloids,SPP1+,CLDN3,156,0.15103922390434477,0.0,19,12.179487179487179
Normal,Myeloids,SPP1+,CLDN4,156,0.1862626624225692,0.0,27,17.307692307692307
Normal,Myeloids,SPP1+,CLDN7,156,0.10051905499665571,0.0,14,8.974358974358974
Normal,Myeloids,SPP1+,CLDN18,156,0.0,0.0,0,0.0
Normal,Myeloids,SPP1+,OCLN,156,0.0,0.0,0,0.0
Normal,Myeloids,SPP1+,TJP1,156,0.011346227266470577,0.0,1,0.641025641025641
Normal,Myeloids,SPP1+,CDH1,156,0.0364690664026404,0.0,4,2.564102564102564
Normal,Myeloids,SPP1+,EPCAM,156,0.09074317640435244,0.0,12,7.6923076923076925
Normal,Myeloids,SPP1+,VIM,156,2.381192175482936,2.5304105720550547,141,90.38461538461539
Normal,Myeloids,SPP1+,ZEB1,156,0.0061219192938268855,0.0,1,0.641025641025641
Normal,Myeloids,SPP1+,SNAI1,156,0.07736912583811417,0.0,12,7.6923076923076925
Normal,Myeloids,SPP1+,SNAI2,156,0.0,0.0,0,0.0
Normal,Myeloids,SPP1+,TWIST1,156,0.0,0.0,0,0.0
Normal,Myeloids,Unknown,FAP,4,0.0,0.0,0,0.0
Normal,Myeloids,Unknown,COL1A1,4,0.0,0.0,0,0.0
Normal,Myeloids,Unknown,COL1A2,4,0.0,0.0,0,0.0
Normal,Myeloids,Unknown,COL3A1,4,0.0,0.0,0,0.0
Normal,Myeloids,Unknown,FN1,4,0.0,0.0,0,0.0
Normal,Myeloids,Unknown,POSTN,4,0.0,0.0,0,0.0
Normal,Myeloids,Unknown,ACTA2,4,0.0,0.0,0,0.0
Normal,Myeloids,Unknown,TAGLN,4,0.0,0.0,0,0.0
Normal,Myeloids,Unknown,CXCL12,4,0.0,0.0,0,0.0
Normal,Myeloids,Unknown,CCL2,4,0.24255628411837526,0.0,1,25.0
Normal,Myeloids,Unknown,CD74,4,3.869048245206329,3.5193650633831077,4,100.0
Normal,Myeloids,Unknown,HLA-DRA,4,3.6369136273307836,3.394214574590057,4,100.0
Normal,Myeloids,Unknown,CLDN1,4,0.0,0.0,0,0.0
Normal,Myeloids,Unknown,CLDN2,4,0.0,0.0,0,0.0
Normal,Myeloids,Unknown,CLDN3,4,0.14993226392941328,0.0,1,25.0
Normal,Myeloids,Unknown,CLDN4,4,0.0,0.0,0,0.0
Normal,Myeloids,Unknown,CLDN7,4,0.0,0.0,0,0.0
Normal,Myeloids,Unknown,CLDN18,4,0.0,0.0,0,0.0
Normal,Myeloids,Unknown,OCLN,4,0.0,0.0,0,0.0
Normal,Myeloids,Unknown,TJP1,4,0.0,0.0,0,0.0
Normal,Myeloids,Unknown,CDH1,4,0.0,0.0,0,0.0
Normal,Myeloids,Unknown,EPCAM,4,0.0,0.0,0,0.0
Normal,Myeloids,Unknown,VIM,4,3.0364627674050944,3.0621010462807354,4,100.0
Normal,Myeloids,Unknown,ZEB1,4,0.0,0.0,0,0.0
Normal,Myeloids,Unknown,SNAI1,4,0.0,0.0,0,0.0
Normal,Myeloids,Unknown,SNAI2,4,0.0,0.0,0,0.0
Normal,Myeloids,Unknown,TWIST1,4,0.0,0.0,0,0.0
Normal,Myeloids,cDC,FAP,129,0.0,0.0,0,0.0
Normal,Myeloids,cDC,COL1A1,129,0.01227124300988842,0.0,3,2.3255813953488373
Normal,Myeloids,cDC,COL1A2,129,0.05134661157688552,0.0,7,5.426356589147287
Normal,Myeloids,cDC,COL3A1,129,0.042590928427704115,0.0,7,5.426356589147287
Normal,Myeloids,cDC,FN1,129,0.02741659099925428,0.0,5,3.875968992248062
Normal,Myeloids,cDC,POSTN,129,0.0,0.0,0,0.0
Normal,Myeloids,cDC,ACTA2,129,0.039604410964274486,0.0,6,4.651162790697675
Normal,Myeloids,cDC,TAGLN,129,0.06429519263920154,0.0,12,9.30232558139535
Normal,Myeloids,cDC,CXCL12,129,0.02249585937523802,0.0,4,3.10077519379845
Normal,Myeloids,cDC,CCL2,129,0.22229909306531095,0.0,30,23.25581395348837
Normal,Myeloids,cDC,CD74,129,5.217431440393438,5.248220129938512,129,100.0
Normal,Myeloids,cDC,HLA-DRA,129,5.059773986304375,5.061860332615522,129,100.0
Normal,Myeloids,cDC,CLDN1,129,0.008013578716791231,0.0,1,0.7751937984496124
Normal,Myeloids,cDC,CLDN2,129,0.0,0.0,0,0.0
Normal,Myeloids,cDC,CLDN3,129,0.11759660270995799,0.0,21,16.27906976744186
Normal,Myeloids,cDC,CLDN4,129,0.17203367871853675,0.0,26,20.155038759689923
Normal,Myeloids,cDC,CLDN7,129,0.04650383157252051,0.0,8,6.2015503875969
Normal,Myeloids,cDC,CLDN18,129,0.0,0.0,0,0.0
Normal,Myeloids,cDC,OCLN,129,0.0038860754678614485,0.0,1,0.7751937984496124
Normal,Myeloids,cDC,TJP1,129,0.01072094031910538,0.0,2,1.550387596899225
Normal,Myeloids,cDC,CDH1,129,0.016211468125976673,0.0,3,2.3255813953488373
Normal,Myeloids,cDC,EPCAM,129,0.04812350429433333,0.0,8,6.2015503875969
Normal,Myeloids,cDC,VIM,129,3.1916363741004448,3.250912943124212,128,99.2248062015504
Normal,Myeloids,cDC,ZEB1,129,0.030292300914927617,0.0,6,4.651162790697675
Normal,Myeloids,cDC,SNAI1,129,0.09357539231419867,0.0,13,10.077519379844961
Normal,Myeloids,cDC,SNAI2,129,0.0,0.0,0,0.0
Normal,Myeloids,cDC,TWIST1,129,0.0,0.0,0,0.0
Normal,Stromal cells,Enteric glial cells,FAP,282,0.0,0.0,0,0.0
Normal,Stromal cells,Enteric glial cells,COL1A1,282,1.4125149569234332,1.7831202599534235,185,65.60283687943263
Normal,Stromal cells,Enteric glial cells,COL1A2,282,1.9831432273943823,2.2713864676066393,226,80.1418439716312
Normal,Stromal cells,Enteric glial cells,COL3A1,282,0.9128142841229009,0.0,130,46.09929078014184
Normal,Stromal cells,Enteric glial cells,FN1,282,0.25418705667409613,0.0,50,17.73049645390071
Normal,Stromal cells,Enteric glial cells,POSTN,282,0.01635520873372813,0.0,4,1.4184397163120568
Normal,Stromal cells,Enteric glial cells,ACTA2,282,0.1271240056687603,0.0,27,9.574468085106384
Normal,Stromal cells,Enteric glial cells,TAGLN,282,0.09144844546964875,0.0,18,6.382978723404255
Normal,Stromal cells,Enteric glial cells,CXCL12,282,0.41827831363301987,0.0,77,27.30496453900709
Normal,Stromal cells,Enteric glial cells,CCL2,282,2.5134808740085526,2.671888574122737,199,70.56737588652481
Normal,Stromal cells,Enteric glial cells,CD74,282,1.832918145521432,2.0727978800690168,190,67.37588652482269
Normal,Stromal cells,Enteric glial cells,HLA-DRA,282,1.4056206825721738,1.5476219624639724,159,56.38297872340425
Normal,Stromal cells,Enteric glial cells,CLDN1,282,0.0,0.0,0,0.0
Normal,Stromal cells,Enteric glial cells,CLDN2,282,0.0,0.0,0,0.0
Normal,Stromal cells,Enteric glial cells,CLDN3,282,0.13143314676645848,0.0,27,9.574468085106384
Normal,Stromal cells,Enteric glial cells,CLDN4,282,0.1315481972113454,0.0,28,9.929078014184398
Normal,Stromal cells,Enteric glial cells,CLDN7,282,0.04520233747313098,0.0,10,3.546099290780142
Normal,Stromal cells,Enteric glial cells,CLDN18,282,0.0,0.0,0,0.0
Normal,Stromal cells,Enteric glial cells,OCLN,282,0.0492626926807455,0.0,10,3.546099290780142
Normal,Stromal cells,Enteric glial cells,TJP1,282,0.148463852982885,0.0,33,11.702127659574469
Normal,Stromal cells,Enteric glial cells,CDH1,282,0.01049359608112305,0.0,2,0.7092198581560284
Normal,Stromal cells,Enteric glial cells,EPCAM,282,0.050958479655656995,0.0,11,3.900709219858156
Normal,Stromal cells,Enteric glial cells,VIM,282,4.012029736310549,4.099756398175103,282,100.0
Normal,Stromal cells,Enteric glial cells,ZEB1,282,0.11711509740880321,0.0,22,7.801418439716312
Normal,Stromal cells,Enteric glial cells,SNAI1,282,0.23071532392393518,0.0,48,17.02127659574468
Normal,Stromal cells,Enteric glial cells,SNAI2,282,0.0030327066133215698,0.0,1,0.3546099290780142
Normal,Stromal cells,Enteric glial cells,TWIST1,282,0.0,0.0,0,0.0
Normal,Stromal cells,Lymphatic ECs,FAP,80,0.0,0.0,0,0.0
Normal,Stromal cells,Lymphatic ECs,COL1A1,80,0.03987057101757932,0.0,4,5.0
Normal,Stromal cells,Lymphatic ECs,COL1A2,80,0.032103509215809053,0.0,4,5.0
Normal,Stromal cells,Lymphatic ECs,COL3A1,80,0.0431417942552758,0.0,5,6.25
Normal,Stromal cells,Lymphatic ECs,FN1,80,0.3988869982730264,0.0,28,35.0
Normal,Stromal cells,Lymphatic ECs,POSTN,80,0.029743838894245457,0.0,2,2.5
Normal,Stromal cells,Lymphatic ECs,ACTA2,80,0.044688114440392675,0.0,4,5.0
Normal,Stromal cells,Lymphatic ECs,TAGLN,80,0.03998730195260642,0.0,4,5.0
Normal,Stromal cells,Lymphatic ECs,CXCL12,80,0.03604631751555311,0.0,3,3.75
Normal,Stromal cells,Lymphatic ECs,CCL2,80,1.5614022251872606,1.2195440648227818,53,66.25
Normal,Stromal cells,Lymphatic ECs,CD74,80,1.4003311883186516,1.4413769462476123,66,82.5
Normal,Stromal cells,Lymphatic ECs,HLA-DRA,80,0.7732979781187803,0.6719611687555742,44,55.00000000000001
Normal,Stromal cells,Lymphatic ECs,CLDN1,80,0.0,0.0,0,0.0
Normal,Stromal cells,Lymphatic ECs,CLDN2,80,0.0,0.0,0,0.0
Normal,Stromal cells,Lymphatic ECs,CLDN3,80,0.08420757877534106,0.0,9,11.25
Normal,Stromal cells,Lymphatic ECs,CLDN4,80,0.12682534532539638,0.0,10,12.5
Normal,Stromal cells,Lymphatic ECs,CLDN7,80,0.026807438829683727,0.0,3,3.75
Normal,Stromal cells,Lymphatic ECs,CLDN18,80,0.0,0.0,0,0.0
Normal,Stromal cells,Lymphatic ECs,OCLN,80,0.05610574916003257,0.0,3,3.75
Normal,Stromal cells,Lymphatic ECs,TJP1,80,0.49783343400648816,0.0,36,45.0
Normal,Stromal cells,Lymphatic ECs,CDH1,80,0.0,0.0,0,0.0
Normal,Stromal cells,Lymphatic ECs,EPCAM,80,0.034754621603984036,0.0,4,5.0
Normal,Stromal cells,Lymphatic ECs,VIM,80,3.8397789821124966,3.857775684992677,80,100.0
Normal,Stromal cells,Lymphatic ECs,ZEB1,80,0.21686682750819894,0.0,16,20.0
Normal,Stromal cells,Lymphatic ECs,SNAI1,80,0.0,0.0,0,0.0
Normal,Stromal cells,Lymphatic ECs,SNAI2,80,0.07249033061896339,0.0,6,7.5
Normal,Stromal cells,Lymphatic ECs,TWIST1,80,0.0,0.0,0,0.0
Normal,Stromal cells,Myofibroblasts,FAP,9,0.0,0.0,0,0.0
Normal,Stromal cells,Myofibroblasts,COL1A1,9,0.7053523831763601,0.0,2,22.22222222222222
Normal,Stromal cells,Myofibroblasts,COL1A2,9,0.704649257638288,0.0,3,33.33333333333333
Normal,Stromal cells,Myofibroblasts,COL3A1,9,1.636482586842006,2.02537432040956,6,66.66666666666666
Normal,Stromal cells,Myofibroblasts,FN1,9,0.24492971831651106,0.0,1,11.11111111111111
Normal,Stromal cells,Myofibroblasts,POSTN,9,0.0,0.0,0,0.0
Normal,Stromal cells,Myofibroblasts,ACTA2,9,3.55479949856743,3.307464903999448,8,88.88888888888889
Normal,Stromal cells,Myofibroblasts,TAGLN,9,2.861573668937857,4.2195323378414855,6,66.66666666666666
Normal,Stromal cells,Myofibroblasts,CXCL12,9,0.7125861984267957,0.0,3,33.33333333333333
Normal,Stromal cells,Myofibroblasts,CCL2,9,1.1924633574553176,0.0,3,33.33333333333333
Normal,Stromal cells,Myofibroblasts,CD74,9,0.4410972792584454,0.0,2,22.22222222222222
Normal,Stromal cells,Myofibroblasts,HLA-DRA,9,0.0,0.0,0,0.0
Normal,Stromal cells,Myofibroblasts,CLDN1,9,0.0,0.0,0,0.0
Normal,Stromal cells,Myofibroblasts,CLDN2,9,0.0,0.0,0,0.0
Normal,Stromal cells,Myofibroblasts,CLDN3,9,0.0,0.0,0,0.0
Normal,Stromal cells,Myofibroblasts,CLDN4,9,0.0,0.0,0,0.0
Normal,Stromal cells,Myofibroblasts,CLDN7,9,0.0,0.0,0,0.0
Normal,Stromal cells,Myofibroblasts,CLDN18,9,0.0,0.0,0,0.0
Normal,Stromal cells,Myofibroblasts,OCLN,9,0.0,0.0,0,0.0
Normal,Stromal cells,Myofibroblasts,TJP1,9,0.22632021414011558,0.0,1,11.11111111111111
Normal,Stromal cells,Myofibroblasts,CDH1,9,0.0,0.0,0,0.0
Normal,Stromal cells,Myofibroblasts,EPCAM,9,0.0,0.0,0,0.0
Normal,Stromal cells,Myofibroblasts,VIM,9,3.1207235615917317,3.307464903999448,9,100.0
Normal,Stromal cells,Myofibroblasts,ZEB1,9,0.0,0.0,0,0.0
Normal,Stromal cells,Myofibroblasts,SNAI1,9,0.0,0.0,0,0.0
Normal,Stromal cells,Myofibroblasts,SNAI2,9,0.28344802975497585,0.0,1,11.11111111111111
Normal,Stromal cells,Myofibroblasts,TWIST1,9,0.0,0.0,0,0.0
Normal,Stromal cells,Pericytes,FAP,92,0.0,0.0,0,0.0
Normal,Stromal cells,Pericytes,COL1A1,92,1.3577338480225314,1.533570843041122,59,64.13043478260869
Normal,Stromal cells,Pericytes,COL1A2,92,1.7067308309706577,1.9808874115574775,73,79.34782608695652
Normal,Stromal cells,Pericytes,COL3A1,92,1.70411868843848,1.9920564599279165,69,75.0
Normal,Stromal cells,Pericytes,FN1,92,0.35355934803771955,0.0,21,22.82608695652174
Normal,Stromal cells,Pericytes,POSTN,92,0.02271030502046335,0.0,1,1.0869565217391304
Normal,Stromal cells,Pericytes,ACTA2,92,2.9593080650366566,3.0205712033294123,80,86.95652173913044
Normal,Stromal cells,Pericytes,TAGLN,92,2.299026513655276,2.5713759982624573,69,75.0
Normal,Stromal cells,Pericytes,CXCL12,92,0.6118969624993611,0.0,32,34.78260869565217
Normal,Stromal cells,Pericytes,CCL2,92,2.4949904997211907,2.6359999844400086,61,66.30434782608695
Normal,Stromal cells,Pericytes,CD74,92,0.28261752742106777,0.0,18,19.565217391304348
Normal,Stromal cells,Pericytes,HLA-DRA,92,0.18752370631092194,0.0,12,13.043478260869565
Normal,Stromal cells,Pericytes,CLDN1,92,0.018228736005209013,0.0,1,1.0869565217391304
Normal,Stromal cells,Pericytes,CLDN2,92,0.0,0.0,0,0.0
Normal,Stromal cells,Pericytes,CLDN3,92,0.08296658613273637,0.0,5,5.434782608695652
Normal,Stromal cells,Pericytes,CLDN4,92,0.04066955827806676,0.0,3,3.260869565217391
Normal,Stromal cells,Pericytes,CLDN7,92,0.06473453108814546,0.0,5,5.434782608695652
Normal,Stromal cells,Pericytes,CLDN18,92,0.0,0.0,0,0.0
Normal,Stromal cells,Pericytes,OCLN,92,0.055942822740592375,0.0,3,3.260869565217391
Normal,Stromal cells,Pericytes,TJP1,92,0.33016931927806265,0.0,21,22.82608695652174
Normal,Stromal cells,Pericytes,CDH1,92,0.016645310975048445,0.0,1,1.0869565217391304
Normal,Stromal cells,Pericytes,EPCAM,92,0.040181696031491236,0.0,3,3.260869565217391
Normal,Stromal cells,Pericytes,VIM,92,3.037589724862127,3.195777837698608,89,96.73913043478261
Normal,Stromal cells,Pericytes,ZEB1,92,0.06860985152310643,0.0,5,5.434782608695652
Normal,Stromal cells,Pericytes,SNAI1,92,0.13809452352390644,0.0,9,9.782608695652174
Normal,Stromal cells,Pericytes,SNAI2,92,0.26576604366808015,0.0,19,20.652173913043477
Normal,Stromal cells,Pericytes,TWIST1,92,0.014675061448137128,0.0,2,2.1739130434782608
Normal,Stromal cells,Smooth muscle cells,FAP,123,0.0,0.0,0,0.0
Normal,Stromal cells,Smooth muscle cells,COL1A1,123,0.5274389038893448,0.0,46,37.39837398373984
Normal,Stromal cells,Smooth muscle cells,COL1A2,123,0.4622836649391212,0.0,41,33.33333333333333
Normal,Stromal cells,Smooth muscle cells,COL3A1,123,0.3501588835472754,0.0,33,26.82926829268293
Normal,Stromal cells,Smooth muscle cells,FN1,123,0.6319341028098503,0.0,47,38.21138211382114
Normal,Stromal cells,Smooth muscle cells,POSTN,123,0.05964824388614871,0.0,5,4.0650406504065035
Normal,Stromal cells,Smooth muscle cells,ACTA2,123,4.15759830421053,4.207775869521087,122,99.1869918699187
Normal,Stromal cells,Smooth muscle cells,TAGLN,123,4.745766534308745,4.855185022003571,123,100.0
Normal,Stromal cells,Smooth muscle cells,CXCL12,123,0.38840851119596165,0.0,30,24.390243902439025
Normal,Stromal cells,Smooth muscle cells,CCL2,123,1.5394312370353385,0.7809620773049205,62,50.40650406504065
Normal,Stromal cells,Smooth muscle cells,CD74,123,0.18767768364342485,0.0,20,16.260162601626014
Normal,Stromal cells,Smooth muscle cells,HLA-DRA,123,0.09801131338541036,0.0,12,9.75609756097561
Normal,Stromal cells,Smooth muscle cells,CLDN1,123,0.018394785829147244,0.0,2,1.6260162601626018
Normal,Stromal cells,Smooth muscle cells,CLDN2,123,0.0,0.0,0,0.0
Normal,Stromal cells,Smooth muscle cells,CLDN3,123,0.12311970740246117,0.0,14,11.38211382113821
Normal,Stromal cells,Smooth muscle cells,CLDN4,123,0.17948994905205953,0.0,19,15.447154471544716
Normal,Stromal cells,Smooth muscle cells,CLDN7,123,0.027869229166426413,0.0,3,2.4390243902439024
Normal,Stromal cells,Smooth muscle cells,CLDN18,123,0.0,0.0,0,0.0
Normal,Stromal cells,Smooth muscle cells,OCLN,123,0.0,0.0,0,0.0
Normal,Stromal cells,Smooth muscle cells,TJP1,123,0.2052936371362665,0.0,21,17.073170731707318
Normal,Stromal cells,Smooth muscle cells,CDH1,123,0.015511867097866056,0.0,2,1.6260162601626018
Normal,Stromal cells,Smooth muscle cells,EPCAM,123,0.05833980473040202,0.0,7,5.691056910569105
Normal,Stromal cells,Smooth muscle cells,VIM,123,3.591627472832179,3.6819649432942887,123,100.0
Normal,Stromal cells,Smooth muscle cells,ZEB1,123,0.3134765945899873,0.0,33,26.82926829268293
Normal,Stromal cells,Smooth muscle cells,SNAI1,123,0.05195348617610331,0.0,5,4.0650406504065035
Normal,Stromal cells,Smooth muscle cells,SNAI2,123,0.11126432826897227,0.0,12,9.75609756097561
Normal,Stromal cells,Smooth muscle cells,TWIST1,123,0.0,0.0,0,0.0
Normal,Stromal cells,Stalk-like ECs,FAP,96,0.051042087781581535,0.0,8,8.333333333333332
Normal,Stromal cells,Stalk-like ECs,COL1A1,96,0.0881417219741395,0.0,10,10.416666666666668
Normal,Stromal cells,Stalk-like ECs,COL1A2,96,0.15819117390236867,0.0,15,15.625
Normal,Stromal cells,Stalk-like ECs,COL3A1,96,0.11159353068444351,0.0,14,14.583333333333334
Normal,Stromal cells,Stalk-like ECs,FN1,96,0.1961453424259937,0.0,19,19.791666666666664
Normal,Stromal cells,Stalk-like ECs,POSTN,96,0.5518378743905578,0.0,43,44.79166666666667
Normal,Stromal cells,Stalk-like ECs,ACTA2,96,0.2724305650374435,0.0,14,14.583333333333334
Normal,Stromal cells,Stalk-like ECs,TAGLN,96,0.21788284266207145,0.0,20,20.833333333333336
Normal,Stromal cells,Stalk-like ECs,CXCL12,96,0.10025091282263231,0.0,10,10.416666666666668
Normal,Stromal cells,Stalk-like ECs,CCL2,96,2.6963560660689416,3.0713831812116767,83,86.45833333333334
Normal,Stromal cells,Stalk-like ECs,CD74,96,3.4391284977333947,3.489464695835536,96,100.0
Normal,Stromal cells,Stalk-like ECs,HLA-DRA,96,2.4690151045515143,2.446731825639074,94,97.91666666666666
Normal,Stromal cells,Stalk-like ECs,CLDN1,96,0.0,0.0,0,0.0
Normal,Stromal cells,Stalk-like ECs,CLDN2,96,0.0,0.0,0,0.0
Normal,Stromal cells,Stalk-like ECs,CLDN3,96,0.08304225345562194,0.0,12,12.5
Normal,Stromal cells,Stalk-like ECs,CLDN4,96,0.13106732992316497,0.0,18,18.75
Normal,Stromal cells,Stalk-like ECs,CLDN7,96,0.054851895012003236,0.0,9,9.375
Normal,Stromal cells,Stalk-like ECs,CLDN18,96,0.0,0.0,0,0.0
Normal,Stromal cells,Stalk-like ECs,OCLN,96,0.09169253819356626,0.0,14,14.583333333333334
Normal,Stromal cells,Stalk-like ECs,TJP1,96,0.6279392431584305,0.6586425477243382,61,63.541666666666664
Normal,Stromal cells,Stalk-like ECs,CDH1,96,0.007337319160101818,0.0,2,2.083333333333333
Normal,Stromal cells,Stalk-like ECs,EPCAM,96,0.048057835857220704,0.0,8,8.333333333333332
Normal,Stromal cells,Stalk-like ECs,VIM,96,3.047972806021871,3.0926332286444778,95,98.95833333333334
Normal,Stromal cells,Stalk-like ECs,ZEB1,96,0.41238145255565417,0.0,44,45.83333333333333
Normal,Stromal cells,Stalk-like ECs,SNAI1,96,0.35831525317232255,0.0,36,37.5
Normal,Stromal cells,Stalk-like ECs,SNAI2,96,0.08683068408540943,0.0,13,13.541666666666666
Normal,Stromal cells,Stalk-like ECs,TWIST1,96,0.0,0.0,0,0.0
Normal,Stromal cells,Stromal 1,FAP,972,0.0018173306035895215,0.0,2,0.205761316872428
Normal,Stromal cells,Stromal 1,COL1A1,972,2.1524698753388685,2.301764261159372,900,92.5925925925926
Normal,Stromal cells,Stromal 1,COL1A2,972,2.5314557661267885,2.694322587743274,918,94.44444444444444
Normal,Stromal cells,Stromal 1,COL3A1,972,2.635527144136748,2.8150048864981136,915,94.1358024691358
Normal,Stromal cells,Stromal 1,FN1,972,1.3394100073916662,1.3380932801335566,655,67.38683127572016
Normal,Stromal cells,Stromal 1,POSTN,972,0.661026203496031,0.0,360,37.03703703703704
Normal,Stromal cells,Stromal 1,ACTA2,972,0.5695333557872478,0.0,371,38.168724279835395
Normal,Stromal cells,Stromal 1,TAGLN,972,0.3720339652168728,0.0,219,22.530864197530864
Normal,Stromal cells,Stromal 1,CXCL12,972,1.452671894180467,1.6096779988698287,746,76.74897119341564
Normal,Stromal cells,Stromal 1,CCL2,972,3.360369637299562,3.6443312073769745,922,94.8559670781893
Normal,Stromal cells,Stromal 1,CD74,972,0.6547418368164626,0.0,451,46.39917695473251
Normal,Stromal cells,Stromal 1,HLA-DRA,972,0.2340674283916207,0.0,196,20.16460905349794
Normal,Stromal cells,Stromal 1,CLDN1,972,0.0,0.0,0,0.0
Normal,Stromal cells,Stromal 1,CLDN2,972,0.00116339491971237,0.0,1,0.102880658436214
Normal,Stromal cells,Stromal 1,CLDN3,972,0.09597956893161746,0.0,91,9.362139917695474
Normal,Stromal cells,Stromal 1,CLDN4,972,0.14941450024029604,0.0,141,14.506172839506174
Normal,Stromal cells,Stromal 1,CLDN7,972,0.03425775985420502,0.0,36,3.7037037037037033
Normal,Stromal cells,Stromal 1,CLDN18,972,0.0,0.0,0,0.0
Normal,Stromal cells,Stromal 1,OCLN,972,0.02055842278575785,0.0,20,2.05761316872428
Normal,Stromal cells,Stromal 1,TJP1,972,0.17702944751619498,0.0,181,18.621399176954732
Normal,Stromal cells,Stromal 1,CDH1,972,0.01155393833017998,0.0,9,0.9259259259259258
Normal,Stromal cells,Stromal 1,EPCAM,972,0.0568157681534174,0.0,55,5.658436213991769
Normal,Stromal cells,Stromal 1,VIM,972,3.4410677975548656,3.5635344321325464,961,98.86831275720165
Normal,Stromal cells,Stromal 1,ZEB1,972,0.08354369678945205,0.0,89,9.156378600823045
Normal,Stromal cells,Stromal 1,SNAI1,972,0.1973156554898897,0.0,178,18.31275720164609
Normal,Stromal cells,Stromal 1,SNAI2,972,0.3532395333104018,0.0,302,31.069958847736622
Normal,Stromal cells,Stromal 1,TWIST1,972,0.042120752215147016,0.0,39,4.012345679012346
Normal,Stromal cells,Stromal 2,FAP,236,0.0,0.0,0,0.0
Normal,Stromal cells,Stromal 2,COL1A1,236,2.205909893399105,2.368351640959667,207,87.71186440677965
Normal,Stromal cells,Stromal 2,COL1A2,236,2.1060427724086708,2.354945368843594,202,85.59322033898306
Normal,Stromal cells,Stromal 2,COL3A1,236,2.6143053066891357,2.8617804616213505,210,88.98305084745762
Normal,Stromal cells,Stromal 2,FN1,236,0.19613023153557052,0.0,30,12.711864406779661
Normal,Stromal cells,Stromal 2,POSTN,236,2.3778883585326955,2.722900259841284,195,82.62711864406779
Normal,Stromal cells,Stromal 2,ACTA2,236,0.6816137934031781,0.0,82,34.74576271186441
Normal,Stromal cells,Stromal 2,TAGLN,236,0.8714266074651351,0.0,94,39.83050847457627
Normal,Stromal cells,Stromal 2,CXCL12,236,0.7631196481076694,0.0,108,45.76271186440678
Normal,Stromal cells,Stromal 2,CCL2,236,1.2523903430191294,1.08626658072752,128,54.23728813559322
Normal,Stromal cells,Stromal 2,CD74,236,0.4917168639619646,0.0,80,33.89830508474576
Normal,Stromal cells,Stromal 2,HLA-DRA,236,0.16398395867481955,0.0,32,13.559322033898304
Normal,Stromal cells,Stromal 2,CLDN1,236,0.0,0.0,0,0.0
Normal,Stromal cells,Stromal 2,CLDN2,236,0.0,0.0,0,0.0
Normal,Stromal cells,Stromal 2,CLDN3,236,0.08509054833816469,0.0,17,7.203389830508475
Normal,Stromal cells,Stromal 2,CLDN4,236,0.12555612205834754,0.0,24,10.16949152542373
Normal,Stromal cells,Stromal 2,CLDN7,236,0.052265321652342066,0.0,10,4.23728813559322
Normal,Stromal cells,Stromal 2,CLDN18,236,0.0,0.0,0,0.0
Normal,Stromal cells,Stromal 2,OCLN,236,0.0072920331439975325,0.0,2,0.847457627118644
Normal,Stromal cells,Stromal 2,TJP1,236,0.1972827018843899,0.0,43,18.220338983050848
Normal,Stromal cells,Stromal 2,CDH1,236,0.003472745125897306,0.0,1,0.423728813559322
Normal,Stromal cells,Stromal 2,EPCAM,236,0.04862845666971674,0.0,11,4.661016949152542
Normal,Stromal cells,Stromal 2,VIM,236,2.923019026391435,3.0628896786190682,229,97.03389830508475
Normal,Stromal cells,Stromal 2,ZEB1,236,0.5082024235307201,0.0,86,36.440677966101696
Normal,Stromal cells,Stromal 2,SNAI1,236,0.10723063902052668,0.0,22,9.322033898305085
Normal,Stromal cells,Stromal 2,SNAI2,236,0.29995915370408915,0.0,58,24.576271186440678
Normal,Stromal cells,Stromal 2,TWIST1,236,0.01360096630985595,0.0,4,1.694915254237288
Normal,Stromal cells,Stromal 3,FAP,744,0.12771178933962732,0.0,98,13.172043010752688
Normal,Stromal cells,Stromal 3,COL1A1,744,2.3836845758781178,2.385777085311598,705,94.75806451612904
Normal,Stromal cells,Stromal 3,COL1A2,744,3.2976608288253,3.371651871505009,735,98.79032258064517
Normal,Stromal cells,Stromal 3,COL3A1,744,2.0921282295593313,2.053398625233811,678,91.12903225806451
Normal,Stromal cells,Stromal 3,FN1,744,1.9313266542613252,2.022869961794499,663,89.11290322580645
Normal,Stromal cells,Stromal 3,POSTN,744,0.05367253226843373,0.0,28,3.763440860215054
Normal,Stromal cells,Stromal 3,ACTA2,744,0.4089374354538722,0.0,305,40.99462365591398
Normal,Stromal cells,Stromal 3,TAGLN,744,0.3929327152841387,0.0,246,33.064516129032256
Normal,Stromal cells,Stromal 3,CXCL12,744,2.201855946514419,2.2776520409096146,701,94.22043010752688
Normal,Stromal cells,Stromal 3,CCL2,744,1.421386152716936,1.1429640252300284,488,65.59139784946237
Normal,Stromal cells,Stromal 3,CD74,744,0.7456305893348885,0.6559063982784161,430,57.795698924731184
Normal,Stromal cells,Stromal 3,HLA-DRA,744,0.31019523058351756,0.0,223,29.973118279569892
Normal,Stromal cells,Stromal 3,CLDN1,744,0.0024629353114002015,0.0,2,0.2688172043010753
Normal,Stromal cells,Stromal 3,CLDN2,744,0.0,0.0,0,0.0
Normal,Stromal cells,Stromal 3,CLDN3,744,0.0993254420262954,0.0,91,12.231182795698924
Normal,Stromal cells,Stromal 3,CLDN4,744,0.1482252583563841,0.0,129,17.338709677419356
Normal,Stromal cells,Stromal 3,CLDN7,744,0.04532957307779579,0.0,41,5.510752688172043
Normal,Stromal cells,Stromal 3,CLDN18,744,0.0,0.0,0,0.0
Normal,Stromal cells,Stromal 3,OCLN,744,0.029811833525970423,0.0,24,3.225806451612903
Normal,Stromal cells,Stromal 3,TJP1,744,0.11908748788728336,0.0,115,15.456989247311828
Normal,Stromal cells,Stromal 3,CDH1,744,0.013521564610749083,0.0,13,1.747311827956989
Normal,Stromal cells,Stromal 3,EPCAM,744,0.07446168972510209,0.0,67,9.005376344086022
Normal,Stromal cells,Stromal 3,VIM,744,3.455659646100466,3.5168662221907763,741,99.59677419354838
Normal,Stromal cells,Stromal 3,ZEB1,744,0.13665430646477572,0.0,131,17.607526881720432
Normal,Stromal cells,Stromal 3,SNAI1,744,0.06177643457798069,0.0,55,7.39247311827957
Normal,Stromal cells,Stromal 3,SNAI2,744,0.3213437242963782,0.0,238,31.989247311827956
Normal,Stromal cells,Stromal 3,TWIST1,744,0.06178924447413746,0.0,62,8.333333333333332
Normal,Stromal cells,Tip-like ECs,FAP,563,0.05139761958055068,0.0,39,6.927175843694494
Normal,Stromal cells,Tip-like ECs,COL1A1,563,0.2912881522335113,0.0,150,26.642984014209592
Normal,Stromal cells,Tip-like ECs,COL1A2,563,0.2995916374184056,0.0,153,27.175843694493786
Normal,Stromal cells,Tip-like ECs,COL3A1,563,0.3368384181569133,0.0,157,27.886323268206038
Normal,Stromal cells,Tip-like ECs,FN1,563,0.12322852903977805,0.0,59,10.479573712255773
Normal,Stromal cells,Tip-like ECs,POSTN,563,0.032715473039362473,0.0,19,3.374777975133215
Normal,Stromal cells,Tip-like ECs,ACTA2,563,0.3392685942373159,0.0,142,25.22202486678508
Normal,Stromal cells,Tip-like ECs,TAGLN,563,0.29036057457638703,0.0,135,23.978685612788635
Normal,Stromal cells,Tip-like ECs,CXCL12,563,0.8987945347352896,0.8655333160143207,329,58.43694493783303
Normal,Stromal cells,Tip-like ECs,CCL2,563,1.5417429421065718,1.4072808229182698,360,63.94316163410302
Normal,Stromal cells,Tip-like ECs,CD74,563,3.29045806917578,3.4436584959337893,551,97.86856127886323
Normal,Stromal cells,Tip-like ECs,HLA-DRA,563,2.0662326518713074,2.1968296131247165,508,90.23090586145648
Normal,Stromal cells,Tip-like ECs,CLDN1,563,0.004900328290730153,0.0,5,0.8880994671403196
Normal,Stromal cells,Tip-like ECs,CLDN2,563,0.0,0.0,0,0.0
Normal,Stromal cells,Tip-like ECs,CLDN3,563,0.08501303256856028,0.0,55,9.769094138543517
Normal,Stromal cells,Tip-like ECs,CLDN4,563,0.14977065042941073,0.0,104,18.47246891651865
Normal,Stromal cells,Tip-like ECs,CLDN7,563,0.05860639884827398,0.0,41,7.282415630550622
Normal,Stromal cells,Tip-like ECs,CLDN18,563,0.0,0.0,0,0.0
Normal,Stromal cells,Tip-like ECs,OCLN,563,0.03989345574480155,0.0,32,5.683836589698046
Normal,Stromal cells,Tip-like ECs,TJP1,563,0.5926174855340252,0.627002906293459,311,55.23978685612788
Normal,Stromal cells,Tip-like ECs,CDH1,563,0.003687864063803516,0.0,5,0.8880994671403196
Normal,Stromal cells,Tip-like ECs,EPCAM,563,0.10240850088309444,0.0,74,13.143872113676732
Normal,Stromal cells,Tip-like ECs,VIM,563,3.1740570130074452,3.2302738860116245,557,98.93428063943162
Normal,Stromal cells,Tip-like ECs,ZEB1,563,0.5050389427857275,0.0,277,49.200710479573715
Normal,Stromal cells,Tip-like ECs,SNAI1,563,0.5504675810688893,0.0,267,47.42451154529307
Normal,Stromal cells,Tip-like ECs,SNAI2,563,0.09105424663328607,0.0,66,11.72291296625222
Normal,Stromal cells,Tip-like ECs,TWIST1,563,0.006956775093153339,0.0,7,1.2433392539964476
Normal,T cells,CD4+ T cells,FAP,3325,0.0,0.0,0,0.0
Normal,T cells,CD4+ T cells,COL1A1,3325,0.022535156338706116,0.0,54,1.62406015037594
Normal,T cells,CD4+ T cells,COL1A2,3325,0.02906439796364649,0.0,69,2.0751879699248117
Normal,T cells,CD4+ T cells,COL3A1,3325,0.023994705133175247,0.0,56,1.6842105263157894
Normal,T cells,CD4+ T cells,FN1,3325,0.012595334682442217,0.0,29,0.8721804511278195
Normal,T cells,CD4+ T cells,POSTN,3325,0.003742924874282598,0.0,9,0.2706766917293233
Normal,T cells,CD4+ T cells,ACTA2,3325,0.030984956734421157,0.0,71,2.1353383458646618
Normal,T cells,CD4+ T cells,TAGLN,3325,0.018831327127547696,0.0,43,1.2932330827067668
Normal,T cells,CD4+ T cells,CXCL12,3325,0.008972803541980847,0.0,23,0.6917293233082706
Normal,T cells,CD4+ T cells,CCL2,3325,0.09536938193328232,0.0,212,6.37593984962406
Normal,T cells,CD4+ T cells,CD74,3325,0.9242392092360198,1.0559711593768801,1722,51.78947368421053
Normal,T cells,CD4+ T cells,HLA-DRA,3325,0.14189039031437184,0.0,317,9.533834586466165
Normal,T cells,CD4+ T cells,CLDN1,3325,0.0007124925844422977,0.0,2,0.06015037593984962
Normal,T cells,CD4+ T cells,CLDN2,3325,0.0,0.0,0,0.0
Normal,T cells,CD4+ T cells,CLDN3,3325,0.0711115498081955,0.0,164,4.932330827067669
Normal,T cells,CD4+ T cells,CLDN4,3325,0.1145235546986708,0.0,268,8.06015037593985
Normal,T cells,CD4+ T cells,CLDN7,3325,0.03180650470096076,0.0,77,2.3157894736842106
Normal,T cells,CD4+ T cells,CLDN18,3325,0.0,0.0,0,0.0
Normal,T cells,CD4+ T cells,OCLN,3325,0.00702733696400886,0.0,17,0.5112781954887218
Normal,T cells,CD4+ T cells,TJP1,3325,0.004055846816715954,0.0,10,0.30075187969924816
Normal,T cells,CD4+ T cells,CDH1,3325,0.007022456259936957,0.0,17,0.5112781954887218
Normal,T cells,CD4+ T cells,EPCAM,3325,0.05046182617259938,0.0,114,3.428571428571429
Normal,T cells,CD4+ T cells,VIM,3325,2.2101329385527255,2.3775401638854197,2825,84.9624060150376
Normal,T cells,CD4+ T cells,ZEB1,3325,0.09092365633703775,0.0,213,6.406015037593985
Normal,T cells,CD4+ T cells,SNAI1,3325,0.019999979112220706,0.0,43,1.2932330827067668
Normal,T cells,CD4+ T cells,SNAI2,3325,0.0011521942812125056,0.0,2,0.06015037593984962
Normal,T cells,CD4+ T cells,TWIST1,3325,0.0,0.0,0,0.0
Normal,T cells,CD8+ T cells,FAP,1757,0.0008698072565994314,0.0,1,0.056915196357427436
Normal,T cells,CD8+ T cells,COL1A1,1757,0.03212188403688256,0.0,38,2.1627774615822424
Normal,T cells,CD8+ T cells,COL1A2,1757,0.04357514875475892,0.0,51,2.902675014228799
Normal,T cells,CD8+ T cells,COL3A1,1757,0.03674343647323154,0.0,43,2.44735344336938
Normal,T cells,CD8+ T cells,FN1,1757,0.01903888568940654,0.0,22,1.2521343198634036
Normal,T cells,CD8+ T cells,POSTN,1757,0.004447846886934545,0.0,5,0.28457598178713717
Normal,T cells,CD8+ T cells,ACTA2,1757,0.030656274433010926,0.0,35,1.9920318725099602
Normal,T cells,CD8+ T cells,TAGLN,1757,0.03335364736406694,0.0,39,2.21969265793967
Normal,T cells,CD8+ T cells,CXCL12,1757,0.014181675197646066,0.0,16,0.910643141718839
Normal,T cells,CD8+ T cells,CCL2,1757,0.11182331516905274,0.0,124,7.057484348321001
Normal,T cells,CD8+ T cells,CD74,1757,1.5575345595499313,1.6870184918709894,1214,69.0950483779169
Normal,T cells,CD8+ T cells,HLA-DRA,1757,0.5464468015810376,0.0,500,28.457598178713717
Normal,T cells,CD8+ T cells,CLDN1,1757,0.0,0.0,0,0.0
Normal,T cells,CD8+ T cells,CLDN2,1757,0.0,0.0,0,0.0
Normal,T cells,CD8+ T cells,CLDN3,1757,0.07691306267971096,0.0,91,5.179282868525896
Normal,T cells,CD8+ T cells,CLDN4,1757,0.0976242795257101,0.0,113,6.4314171883893
Normal,T cells,CD8+ T cells,CLDN7,1757,0.03626747179285946,0.0,43,2.44735344336938
Normal,T cells,CD8+ T cells,CLDN18,1757,0.0,0.0,0,0.0
Normal,T cells,CD8+ T cells,OCLN,1757,0.014449637227876443,0.0,16,0.910643141718839
Normal,T cells,CD8+ T cells,TJP1,1757,0.0017750526978404862,0.0,2,0.11383039271485487
Normal,T cells,CD8+ T cells,CDH1,1757,0.005327978633906749,0.0,6,0.3414911781445646
Normal,T cells,CD8+ T cells,EPCAM,1757,0.0456154903812051,0.0,54,3.073420603301081
Normal,T cells,CD8+ T cells,VIM,1757,2.2612459180126177,2.479219560562229,1479,84.17757541263518
Normal,T cells,CD8+ T cells,ZEB1,1757,0.07104482275826865,0.0,85,4.837791690381332
Normal,T cells,CD8+ T cells,SNAI1,1757,0.023428268857056397,0.0,27,1.5367103016505406
Normal,T cells,CD8+ T cells,SNAI2,1757,0.0020112999936192236,0.0,2,0.11383039271485487
Normal,T cells,CD8+ T cells,TWIST1,1757,0.0,0.0,0,0.0
Normal,T cells,NK cells,FAP,163,0.0,0.0,0,0.0
Normal,T cells,NK cells,COL1A1,163,0.01909822295516164,0.0,2,1.2269938650306749
Normal,T cells,NK cells,COL1A2,163,0.04083989359095104,0.0,4,2.4539877300613497
Normal,T cells,NK cells,COL3A1,163,0.028391754936540618,0.0,3,1.8404907975460123
Normal,T cells,NK cells,FN1,163,0.028872222399518758,0.0,3,1.8404907975460123
Normal,T cells,NK cells,POSTN,163,0.0,0.0,0,0.0
Normal,T cells,NK cells,ACTA2,163,0.008316987171851373,0.0,1,0.6134969325153374
Normal,T cells,NK cells,TAGLN,163,0.009674634966556475,0.0,1,0.6134969325153374
Normal,T cells,NK cells,CXCL12,163,0.017699383552418346,0.0,2,1.2269938650306749
Normal,T cells,NK cells,CCL2,163,0.09930271970181596,0.0,10,6.134969325153374
Normal,T cells,NK cells,CD74,163,1.6421869347083384,1.9864086411195203,119,73.00613496932516
Normal,T cells,NK cells,HLA-DRA,163,0.4879778882791857,0.0,41,25.153374233128833
Normal,T cells,NK cells,CLDN1,163,0.0,0.0,0,0.0
Normal,T cells,NK cells,CLDN2,163,0.0,0.0,0,0.0
Normal,T cells,NK cells,CLDN3,163,0.05499315501998472,0.0,6,3.6809815950920246
Normal,T cells,NK cells,CLDN4,163,0.07283422326814909,0.0,8,4.9079754601226995
Normal,T cells,NK cells,CLDN7,163,0.00996918548776317,0.0,1,0.6134969325153374
Normal,T cells,NK cells,CLDN18,163,0.0,0.0,0,0.0
Normal,T cells,NK cells,OCLN,163,0.01915888592393576,0.0,2,1.2269938650306749
Normal,T cells,NK cells,TJP1,163,0.0,0.0,0,0.0
Normal,T cells,NK cells,CDH1,163,0.02096699506554183,0.0,2,1.2269938650306749
Normal,T cells,NK cells,EPCAM,163,0.06355089080281484,0.0,6,3.6809815950920246
Normal,T cells,NK cells,VIM,163,1.577980907401219,1.827642355302367,106,65.03067484662577
Normal,T cells,NK cells,ZEB1,163,0.07087672943134288,0.0,8,4.9079754601226995
Normal,T cells,NK cells,SNAI1,163,0.0,0.0,0,0.0
Normal,T cells,NK cells,SNAI2,163,0.0,0.0,0,0.0
Normal,T cells,NK cells,TWIST1,163,0.0,0.0,0,0.0
Normal,T cells,Regulatory T cells,FAP,154,0.0,0.0,0,0.0
Normal,T cells,Regulatory T cells,COL1A1,154,0.0,0.0,0,0.0
Normal,T cells,Regulatory T cells,COL1A2,154,0.036292262903975865,0.0,4,2.5974025974025974
Normal,T cells,Regulatory T cells,COL3A1,154,0.05180245868235548,0.0,6,3.896103896103896
Normal,T cells,Regulatory T cells,FN1,154,0.01728254909424284,0.0,2,1.2987012987012987
Normal,T cells,Regulatory T cells,POSTN,154,0.0,0.0,0,0.0
Normal,T cells,Regulatory T cells,ACTA2,154,0.13221496481266798,0.0,14,9.090909090909092
Normal,T cells,Regulatory T cells,TAGLN,154,0.0228654514262166,0.0,3,1.948051948051948
Normal,T cells,Regulatory T cells,CXCL12,154,0.009187915930610432,0.0,1,0.6493506493506493
Normal,T cells,Regulatory T cells,CCL2,154,0.09815884353400912,0.0,11,7.142857142857142
Normal,T cells,Regulatory T cells,CD74,154,2.013854921544999,2.157518436861972,133,86.36363636363636
Normal,T cells,Regulatory T cells,HLA-DRA,154,0.49385727231894655,0.0,43,27.92207792207792
Normal,T cells,Regulatory T cells,CLDN1,154,0.0,0.0,0,0.0
Normal,T cells,Regulatory T cells,CLDN2,154,0.0,0.0,0,0.0
Normal,T cells,Regulatory T cells,CLDN3,154,0.0459787259046761,0.0,5,3.2467532467532463
Normal,T cells,Regulatory T cells,CLDN4,154,0.14027451268378857,0.0,15,9.740259740259742
Normal,T cells,Regulatory T cells,CLDN7,154,0.010528468413674278,0.0,1,0.6493506493506493
Normal,T cells,Regulatory T cells,CLDN18,154,0.0,0.0,0,0.0
Normal,T cells,Regulatory T cells,OCLN,154,0.008708470309758519,0.0,1,0.6493506493506493
Normal,T cells,Regulatory T cells,TJP1,154,0.021383376225692162,0.0,2,1.2987012987012987
Normal,T cells,Regulatory T cells,CDH1,154,0.03476407615595209,0.0,4,2.5974025974025974
Normal,T cells,Regulatory T cells,EPCAM,154,0.0638038358954273,0.0,6,3.896103896103896
Normal,T cells,Regulatory T cells,VIM,154,1.6353118252565766,1.8940945206296471,113,73.37662337662337
Normal,T cells,Regulatory T cells,ZEB1,154,0.15392045367585275,0.0,17,11.03896103896104
Normal,T cells,Regulatory T cells,SNAI1,154,0.006637055706681389,0.0,1,0.6493506493506493
Normal,T cells,Regulatory T cells,SNAI2,154,0.0,0.0,0,0.0
Normal,T cells,Regulatory T cells,TWIST1,154,0.0,0.0,0,0.0
Normal,T cells,T follicular helper cells,FAP,72,0.0,0.0,0,0.0
Normal,T cells,T follicular helper cells,COL1A1,72,0.04113404581132232,0.0,2,2.7777777777777777
Normal,T cells,T follicular helper cells,COL1A2,72,0.026174477854388353,0.0,1,1.3888888888888888
Normal,T cells,T follicular helper cells,COL3A1,72,0.016721196384463826,0.0,1,1.3888888888888888
Normal,T cells,T follicular helper cells,FN1,72,0.0,0.0,0,0.0
Normal,T cells,T follicular helper cells,POSTN,72,0.0,0.0,0,0.0
Normal,T cells,T follicular helper cells,ACTA2,72,0.15156273964486625,0.0,7,9.722222222222223
Normal,T cells,T follicular helper cells,TAGLN,72,0.01878728459501676,0.0,1,1.3888888888888888
Normal,T cells,T follicular helper cells,CXCL12,72,0.019780693442583337,0.0,1,1.3888888888888888
Normal,T cells,T follicular helper cells,CCL2,72,0.1121911846970178,0.0,6,8.333333333333332
Normal,T cells,T follicular helper cells,CD74,72,1.3431725882541177,1.407321761747035,48,66.66666666666666
Normal,T cells,T follicular helper cells,HLA-DRA,72,0.35496326917003945,0.0,15,20.833333333333336
Normal,T cells,T follicular helper cells,CLDN1,72,0.0,0.0,0,0.0
Normal,T cells,T follicular helper cells,CLDN2,72,0.0,0.0,0,0.0
Normal,T cells,T follicular helper cells,CLDN3,72,0.127934205383302,0.0,6,8.333333333333332
Normal,T cells,T follicular helper cells,CLDN4,72,0.07471196249198349,0.0,4,5.555555555555555
Normal,T cells,T follicular helper cells,CLDN7,72,0.016721196384463826,0.0,1,1.3888888888888888
Normal,T cells,T follicular helper cells,CLDN18,72,0.0,0.0,0,0.0
Normal,T cells,T follicular helper cells,OCLN,72,0.0,0.0,0,0.0
Normal,T cells,T follicular helper cells,TJP1,72,0.0,0.0,0,0.0
Normal,T cells,T follicular helper cells,CDH1,72,0.0,0.0,0,0.0
Normal,T cells,T follicular helper cells,EPCAM,72,0.02922878221224122,0.0,2,2.7777777777777777
Normal,T cells,T follicular helper cells,VIM,72,0.7982663644014759,0.0,28,38.88888888888889
Normal,T cells,T follicular helper cells,ZEB1,72,0.23022981185522529,0.0,12,16.666666666666664
Normal,T cells,T follicular helper cells,SNAI1,72,0.0,0.0,0,0.0
Normal,T cells,T follicular helper cells,SNAI2,72,0.0,0.0,0,0.0
Normal,T cells,T follicular helper cells,TWIST1,72,0.039903976182083425,0.0,2,2.7777777777777777
Normal,T cells,T helper 17 cells,FAP,17,0.0,0.0,0,0.0
Normal,T cells,T helper 17 cells,COL1A1,17,0.0,0.0,0,0.0
Normal,T cells,T helper 17 cells,COL1A2,17,0.15317846074400845,0.0,2,11.76470588235294
Normal,T cells,T helper 17 cells,COL3A1,17,0.08763818374559706,0.0,1,5.88235294117647
Normal,T cells,T helper 17 cells,FN1,17,0.0,0.0,0,0.0
Normal,T cells,T helper 17 cells,POSTN,17,0.0,0.0,0,0.0
Normal,T cells,T helper 17 cells,ACTA2,17,0.0,0.0,0,0.0
Normal,T cells,T helper 17 cells,TAGLN,17,0.08381934893045317,0.0,1,5.88235294117647
Normal,T cells,T helper 17 cells,CXCL12,17,0.0,0.0,0,0.0
Normal,T cells,T helper 17 cells,CCL2,17,0.06554027699841139,0.0,1,5.88235294117647
Normal,T cells,T helper 17 cells,CD74,17,1.9931754608473806,2.0436751020091526,15,88.23529411764706
Normal,T cells,T helper 17 cells,HLA-DRA,17,0.7336761756395358,0.0,8,47.05882352941176
Normal,T cells,T helper 17 cells,CLDN1,17,0.0,0.0,0,0.0
Normal,T cells,T helper 17 cells,CLDN2,17,0.0,0.0,0,0.0
Normal,T cells,T helper 17 cells,CLDN3,17,0.0,0.0,0,0.0
Normal,T cells,T helper 17 cells,CLDN4,17,0.0,0.0,0,0.0
Normal,T cells,T helper 17 cells,CLDN7,17,0.0,0.0,0,0.0
Normal,T cells,T helper 17 cells,CLDN18,17,0.0,0.0,0,0.0
Normal,T cells,T helper 17 cells,OCLN,17,0.0,0.0,0,0.0
Normal,T cells,T helper 17 cells,TJP1,17,0.0,0.0,0,0.0
Normal,T cells,T helper 17 cells,CDH1,17,0.0,0.0,0,0.0
Normal,T cells,T helper 17 cells,EPCAM,17,0.16213767071516316,0.0,2,11.76470588235294
Normal,T cells,T helper 17 cells,VIM,17,1.7836673389431594,2.0202516733038913,14,82.35294117647058
Normal,T cells,T helper 17 cells,ZEB1,17,0.07460797991338619,0.0,1,5.88235294117647
Normal,T cells,T helper 17 cells,SNAI1,17,0.0,0.0,0,0.0
Normal,T cells,T helper 17 cells,SNAI2,17,0.0,0.0,0,0.0
Normal,T cells,T helper 17 cells,TWIST1,17,0.0,0.0,0,0.0
Normal,T cells,Unknown,FAP,111,0.0,0.0,0,0.0
Normal,T cells,Unknown,COL1A1,111,0.011948499845547054,0.0,1,0.9009009009009009
Normal,T cells,Unknown,COL1A2,111,0.022003177908699018,0.0,2,1.8018018018018018
Normal,T cells,Unknown,COL3A1,111,0.0,0.0,0,0.0
Normal,T cells,Unknown,FN1,111,0.012176777290288722,0.0,1,0.9009009009009009
Normal,T cells,Unknown,POSTN,111,0.0,0.0,0,0.0
Normal,T cells,Unknown,ACTA2,111,0.07456395655422704,0.0,4,3.6036036036036037
Normal,T cells,Unknown,TAGLN,111,0.02124289145455231,0.0,1,0.9009009009009009
Normal,T cells,Unknown,CXCL12,111,0.01730146123216829,0.0,1,0.9009009009009009
Normal,T cells,Unknown,CCL2,111,0.07180533149219265,0.0,5,4.504504504504505
Normal,T cells,Unknown,CD74,111,1.0819434886943986,0.0,53,47.74774774774775
Normal,T cells,Unknown,HLA-DRA,111,0.20498931066343337,0.0,13,11.711711711711711
Normal,T cells,Unknown,CLDN1,111,0.0,0.0,0,0.0
Normal,T cells,Unknown,CLDN2,111,0.0,0.0,0,0.0
Normal,T cells,Unknown,CLDN3,111,0.054296140386812616,0.0,4,3.6036036036036037
Normal,T cells,Unknown,CLDN4,111,0.042308795089244754,0.0,3,2.7027027027027026
Normal,T cells,Unknown,CLDN7,111,0.04905756845413161,0.0,4,3.6036036036036037
Normal,T cells,Unknown,CLDN18,111,0.0,0.0,0,0.0
Normal,T cells,Unknown,OCLN,111,0.0,0.0,0,0.0
Normal,T cells,Unknown,TJP1,111,0.0,0.0,0,0.0
Normal,T cells,Unknown,CDH1,111,0.02025094028783789,0.0,1,0.9009009009009009
Normal,T cells,Unknown,EPCAM,111,0.03763909586728513,0.0,2,1.8018018018018018
Normal,T cells,Unknown,VIM,111,1.5690207934979412,1.9629008490507587,76,68.46846846846847
Normal,T cells,Unknown,ZEB1,111,0.0827033845063459,0.0,5,4.504504504504505
Normal,T cells,Unknown,SNAI1,111,0.0,0.0,0,0.0
Normal,T cells,Unknown,SNAI2,111,0.0,0.0,0,0.0
Normal,T cells,Unknown,TWIST1,111,0.0,0.0,0,0.0
Normal,T cells,gamma delta T cells,FAP,777,0.0,0.0,0,0.0
Normal,T cells,gamma delta T cells,COL1A1,777,0.008761811100472543,0.0,5,0.6435006435006435
Normal,T cells,gamma delta T cells,COL1A2,777,0.03177786679002351,0.0,18,2.3166023166023164
Normal,T cells,gamma delta T cells,COL3A1,777,0.024405063002299218,0.0,13,1.673101673101673
Normal,T cells,gamma delta T cells,FN1,777,0.019421603776319508,0.0,10,1.287001287001287
Normal,T cells,gamma delta T cells,POSTN,777,0.0037546359156368074,0.0,2,0.2574002574002574
Normal,T cells,gamma delta T cells,ACTA2,777,0.06513676184070269,0.0,37,4.761904761904762
Normal,T cells,gamma delta T cells,TAGLN,777,0.011587148454695235,0.0,6,0.7722007722007722
Normal,T cells,gamma delta T cells,CXCL12,777,0.01271604804203918,0.0,7,0.9009009009009009
Normal,T cells,gamma delta T cells,CCL2,777,0.1151184295904035,0.0,63,8.108108108108109
Normal,T cells,gamma delta T cells,CD74,777,0.8769927102415025,1.0557266971300208,393,50.57915057915058
Normal,T cells,gamma delta T cells,HLA-DRA,777,0.2073054624512974,0.0,104,13.384813384813384
Normal,T cells,gamma delta T cells,CLDN1,777,0.0,0.0,0,0.0
Normal,T cells,gamma delta T cells,CLDN2,777,0.0,0.0,0,0.0
Normal,T cells,gamma delta T cells,CLDN3,777,0.0783758079982221,0.0,41,5.276705276705277
Normal,T cells,gamma delta T cells,CLDN4,777,0.14552624290335311,0.0,79,10.167310167310168
Normal,T cells,gamma delta T cells,CLDN7,777,0.08701796695867443,0.0,45,5.7915057915057915
Normal,T cells,gamma delta T cells,CLDN18,777,0.0,0.0,0,0.0
Normal,T cells,gamma delta T cells,OCLN,777,0.009664372492633291,0.0,5,0.6435006435006435
Normal,T cells,gamma delta T cells,TJP1,777,0.0016164563480666524,0.0,1,0.1287001287001287
Normal,T cells,gamma delta T cells,CDH1,777,0.0016955069248008024,0.0,1,0.1287001287001287
Normal,T cells,gamma delta T cells,EPCAM,777,0.04546972945920791,0.0,24,3.088803088803089
Normal,T cells,gamma delta T cells,VIM,777,1.8152097474728213,2.0142244328448635,586,75.41827541827541
Normal,T cells,gamma delta T cells,ZEB1,777,0.07572365429427406,0.0,42,5.405405405405405
Normal,T cells,gamma delta T cells,SNAI1,777,0.021683237386024238,0.0,12,1.5444015444015444
Normal,T cells,gamma delta T cells,SNAI2,777,0.003419281058367088,0.0,2,0.2574002574002574
Normal,T cells,gamma delta T cells,TWIST1,777,0.0,0.0,0,0.0
Tumor,B cells,CD19+CD20+ B,FAP,2049,0.0,0.0,0,0.0
Tumor,B cells,CD19+CD20+ B,COL1A1,2049,0.08696599099579631,0.0,116,5.661298194241093
Tumor,B cells,CD19+CD20+ B,COL1A2,2049,0.05727061055370502,0.0,81,3.953147877013177
Tumor,B cells,CD19+CD20+ B,COL3A1,2049,0.05927948144839257,0.0,83,4.050756466569058
Tumor,B cells,CD19+CD20+ B,FN1,2049,0.023236750669497014,0.0,34,1.6593460224499756
Tumor,B cells,CD19+CD20+ B,POSTN,2049,0.01444799113462651,0.0,21,1.0248901903367496
Tumor,B cells,CD19+CD20+ B,ACTA2,2049,0.028416913774484593,0.0,41,2.0009760858955588
Tumor,B cells,CD19+CD20+ B,TAGLN,2049,0.044086317953877394,0.0,59,2.8794533918984873
Tumor,B cells,CD19+CD20+ B,CXCL12,2049,0.0011999071294268172,0.0,2,0.09760858955588092
Tumor,B cells,CD19+CD20+ B,CCL2,2049,0.023797640693998673,0.0,34,1.6593460224499756
Tumor,B cells,CD19+CD20+ B,CD74,2049,4.38636336191318,4.431352163830876,2049,100.0
Tumor,B cells,CD19+CD20+ B,HLA-DRA,2049,3.92133747401302,4.0048604691021605,2042,99.65836993655441
Tumor,B cells,CD19+CD20+ B,CLDN1,2049,0.004883433479274206,0.0,6,0.29282576866764276
Tumor,B cells,CD19+CD20+ B,CLDN2,2049,0.003257445657350351,0.0,5,0.2440214738897023
Tumor,B cells,CD19+CD20+ B,CLDN3,2049,0.14973755746212442,0.0,200,9.760858955588091
Tumor,B cells,CD19+CD20+ B,CLDN4,2049,0.28519868584486163,0.0,376,18.350414836505614
Tumor,B cells,CD19+CD20+ B,CLDN7,2049,0.040262554986726054,0.0,55,2.6842362127867254
Tumor,B cells,CD19+CD20+ B,CLDN18,2049,0.0,0.0,0,0.0
Tumor,B cells,CD19+CD20+ B,OCLN,2049,0.015515083478554799,0.0,22,1.0736944851146901
Tumor,B cells,CD19+CD20+ B,TJP1,2049,0.00476507369212073,0.0,7,0.3416300634455832
Tumor,B cells,CD19+CD20+ B,CDH1,2049,0.011233545734112645,0.0,16,0.7808687164470474
Tumor,B cells,CD19+CD20+ B,EPCAM,2049,0.15895615980687483,0.0,212,10.346510492923377
Tumor,B cells,CD19+CD20+ B,VIM,2049,0.7886669559095082,0.0,874,42.65495363591996
Tumor,B cells,CD19+CD20+ B,ZEB1,2049,0.0642397759460987,0.0,91,4.4411908247925815
Tumor,B cells,CD19+CD20+ B,SNAI1,2049,0.010013865871511037,0.0,15,0.7320644216691069
Tumor,B cells,CD19+CD20+ B,SNAI2,2049,0.0,0.0,0,0.0
Tumor,B cells,CD19+CD20+ B,TWIST1,2049,0.0,0.0,0,0.0
Tumor,B cells,IgA+ Plasma,FAP,180,0.0,0.0,0,0.0
Tumor,B cells,IgA+ Plasma,COL1A1,180,0.01170826495418164,0.0,4,2.2222222222222223
Tumor,B cells,IgA+ Plasma,COL1A2,180,0.036908551882974344,0.0,8,4.444444444444445
Tumor,B cells,IgA+ Plasma,COL3A1,180,0.02747506532510947,0.0,8,4.444444444444445
Tumor,B cells,IgA+ Plasma,FN1,180,0.022223079590457228,0.0,6,3.3333333333333335
Tumor,B cells,IgA+ Plasma,POSTN,180,0.0,0.0,0,0.0
Tumor,B cells,IgA+ Plasma,ACTA2,180,0.013392833315073401,0.0,5,2.7777777777777777
Tumor,B cells,IgA+ Plasma,TAGLN,180,0.006220021478780284,0.0,2,1.1111111111111112
Tumor,B cells,IgA+ Plasma,CXCL12,180,0.0,0.0,0,0.0
Tumor,B cells,IgA+ Plasma,CCL2,180,0.012872058663886077,0.0,7,3.888888888888889
Tumor,B cells,IgA+ Plasma,CD74,180,1.6399315335287308,1.6550931896147163,175,97.22222222222221
Tumor,B cells,IgA+ Plasma,HLA-DRA,180,0.2603259081668351,0.0,60,33.33333333333333
Tumor,B cells,IgA+ Plasma,CLDN1,180,0.00899618711092197,0.0,2,1.1111111111111112
Tumor,B cells,IgA+ Plasma,CLDN2,180,0.0,0.0,0,0.0
Tumor,B cells,IgA+ Plasma,CLDN3,180,0.1840303071435082,0.0,50,27.77777777777778
Tumor,B cells,IgA+ Plasma,CLDN4,180,0.33357469657747835,0.0,81,45.0
Tumor,B cells,IgA+ Plasma,CLDN7,180,0.008355489908402968,0.0,3,1.6666666666666667
Tumor,B cells,IgA+ Plasma,CLDN18,180,0.0,0.0,0,0.0
Tumor,B cells,IgA+ Plasma,OCLN,180,0.006369175882814081,0.0,2,1.1111111111111112
Tumor,B cells,IgA+ Plasma,TJP1,180,0.003869247344680006,0.0,2,1.1111111111111112
Tumor,B cells,IgA+ Plasma,CDH1,180,0.03725286754119656,0.0,10,5.555555555555555
Tumor,B cells,IgA+ Plasma,EPCAM,180,0.16730094136858986,0.0,44,24.444444444444443
Tumor,B cells,IgA+ Plasma,VIM,180,1.5414502089598348,1.6101323780313392,161,89.44444444444444
Tumor,B cells,IgA+ Plasma,ZEB1,180,0.025804121803470102,0.0,8,4.444444444444445
Tumor,B cells,IgA+ Plasma,SNAI1,180,0.00927295719100533,0.0,3,1.6666666666666667
Tumor,B cells,IgA+ Plasma,SNAI2,180,0.0,0.0,0,0.0
Tumor,B cells,IgA+ Plasma,TWIST1,180,0.0,0.0,0,0.0
Tumor,B cells,IgG+ Plasma,FAP,1661,0.003582969967260498,0.0,16,0.963275135460566
Tumor,B cells,IgG+ Plasma,COL1A1,1661,0.10778331261410076,0.0,309,18.603251053582177
Tumor,B cells,IgG+ Plasma,COL1A2,1661,0.10812991456396932,0.0,305,18.36243226971704
Tumor,B cells,IgG+ Plasma,COL3A1,1661,0.09854148459452992,0.0,287,17.2787477423239
Tumor,B cells,IgG+ Plasma,FN1,1661,0.04108269904129888,0.0,136,8.187838651414811
Tumor,B cells,IgG+ Plasma,POSTN,1661,0.019811699847143215,0.0,74,4.455147501505118
Tumor,B cells,IgG+ Plasma,ACTA2,1661,0.038126558352146754,0.0,134,8.067429259482239
Tumor,B cells,IgG+ Plasma,TAGLN,1661,0.05009954101116076,0.0,159,9.572546658639373
Tumor,B cells,IgG+ Plasma,CXCL12,1661,0.0020993548652720293,0.0,10,0.6020469596628537
Tumor,B cells,IgG+ Plasma,CCL2,1661,0.034642810959053874,0.0,131,7.886815171583383
Tumor,B cells,IgG+ Plasma,CD74,1661,1.8247613046294793,1.8397144526219968,1616,97.29078868151716
Tumor,B cells,IgG+ Plasma,HLA-DRA,1661,0.3868653007025885,0.2302380667207008,843,50.752558699578564
Tumor,B cells,IgG+ Plasma,CLDN1,1661,0.012748825494522994,0.0,46,2.7694160144491273
Tumor,B cells,IgG+ Plasma,CLDN2,1661,0.003922143761172465,0.0,15,0.9030704394942807
Tumor,B cells,IgG+ Plasma,CLDN3,1661,0.2657030482796017,0.0,628,37.80854906682721
Tumor,B cells,IgG+ Plasma,CLDN4,1661,0.46038354614207255,0.4022249002807091,944,56.833232992173386
Tumor,B cells,IgG+ Plasma,CLDN7,1661,0.07726179288265629,0.0,248,14.93076459963877
Tumor,B cells,IgG+ Plasma,CLDN18,1661,0.0006778773565933837,0.0,4,0.2408187838651415
Tumor,B cells,IgG+ Plasma,OCLN,1661,0.015178687924871544,0.0,53,3.1908488862131246
Tumor,B cells,IgG+ Plasma,TJP1,1661,0.004756626510664944,0.0,15,0.9030704394942807
Tumor,B cells,IgG+ Plasma,CDH1,1661,0.04362341493535279,0.0,148,8.910295003010235
Tumor,B cells,IgG+ Plasma,EPCAM,1661,0.2505869119870697,0.0,655,39.434075857916916
Tumor,B cells,IgG+ Plasma,VIM,1661,1.2647215885301564,1.2410658540801067,1447,87.11619506321493
Tumor,B cells,IgG+ Plasma,ZEB1,1661,0.034109996857140654,0.0,110,6.622516556291391
Tumor,B cells,IgG+ Plasma,SNAI1,1661,0.011318714339997288,0.0,40,2.408187838651415
Tumor,B cells,IgG+ Plasma,SNAI2,1661,0.0063271833560184145,0.0,16,0.963275135460566
Tumor,B cells,IgG+ Plasma,TWIST1,1661,0.0010113029488459315,0.0,3,0.1806140878988561
Tumor,B cells,Unknown,FAP,48,0.0,0.0,0,0.0
Tumor,B cells,Unknown,COL1A1,48,0.15056221408053078,0.0,5,10.416666666666668
Tumor,B cells,Unknown,COL1A2,48,0.04799361622056427,0.0,2,4.166666666666666
Tumor,B cells,Unknown,COL3A1,48,0.047176108444973136,0.0,2,4.166666666666666
Tumor,B cells,Unknown,FN1,48,0.0,0.0,0,0.0
Tumor,B cells,Unknown,POSTN,48,0.0,0.0,0,0.0
Tumor,B cells,Unknown,ACTA2,48,0.0,0.0,0,0.0
Tumor,B cells,Unknown,TAGLN,48,0.023819447689396187,0.0,1,2.083333333333333
Tumor,B cells,Unknown,CXCL12,48,0.0,0.0,0,0.0
Tumor,B cells,Unknown,CCL2,48,0.02158524857680783,0.0,1,2.083333333333333
Tumor,B cells,Unknown,CD74,48,1.5578891142371873,1.7124579017734933,36,75.0
Tumor,B cells,Unknown,HLA-DRA,48,0.49321862298145364,0.0,13,27.083333333333332
Tumor,B cells,Unknown,CLDN1,48,0.0,0.0,0,0.0
Tumor,B cells,Unknown,CLDN2,48,0.0,0.0,0,0.0
Tumor,B cells,Unknown,CLDN3,48,0.12876172547416212,0.0,5,10.416666666666668
Tumor,B cells,Unknown,CLDN4,48,0.21687463272894078,0.0,8,16.666666666666664
Tumor,B cells,Unknown,CLDN7,48,0.023819447689396187,0.0,1,2.083333333333333
Tumor,B cells,Unknown,CLDN18,48,0.0,0.0,0,0.0
Tumor,B cells,Unknown,OCLN,48,0.0,0.0,0,0.0
Tumor,B cells,Unknown,TJP1,48,0.0,0.0,0,0.0
Tumor,B cells,Unknown,CDH1,48,0.0,0.0,0,0.0
Tumor,B cells,Unknown,EPCAM,48,0.07913774537603453,0.0,3,6.25
Tumor,B cells,Unknown,VIM,48,0.4710627678641884,0.0,16,33.33333333333333
Tumor,B cells,Unknown,ZEB1,48,0.0,0.0,0,0.0
Tumor,B cells,Unknown,SNAI1,48,0.040165744525309625,0.0,1,2.083333333333333
Tumor,B cells,Unknown,SNAI2,48,0.0,0.0,0,0.0
Tumor,B cells,Unknown,TWIST1,48,0.0,0.0,0,0.0
Tumor,Epithelial cells,CMS1,FAP,1201,0.003631494269255665,0.0,12,0.9991673605328892
Tumor,Epithelial cells,CMS1,COL1A1,1201,0.2616202543583484,0.0,555,46.21149042464613
Tumor,Epithelial cells,CMS1,COL1A2,1201,0.14403418932007894,0.0,358,29.80849292256453
Tumor,Epithelial cells,CMS1,COL3A1,1201,0.1510401946267174,0.0,376,31.307243963363863
Tumor,Epithelial cells,CMS1,FN1,1201,0.056590343363254525,0.0,149,12.406328059950042
Tumor,Epithelial cells,CMS1,POSTN,1201,0.015337927568131255,0.0,47,3.913405495420483
Tumor,Epithelial cells,CMS1,ACTA2,1201,0.06780310147477314,0.0,195,16.23646960865945
Tumor,Epithelial cells,CMS1,TAGLN,1201,0.08687322964435629,0.0,208,17.318900915903416
Tumor,Epithelial cells,CMS1,CXCL12,1201,0.0035402755375143727,0.0,12,0.9991673605328892
Tumor,Epithelial cells,CMS1,CCL2,1201,0.05239148539060769,0.0,134,11.15736885928393
Tumor,Epithelial cells,CMS1,CD74,1201,0.6826107633110975,0.39041951191731,730,60.7826810990841
Tumor,Epithelial cells,CMS1,HLA-DRA,1201,0.3189417854869418,0.0,421,35.0541215653622
Tumor,Epithelial cells,CMS1,CLDN1,1201,0.1109678971952395,0.0,245,20.399666944213156
Tumor,Epithelial cells,CMS1,CLDN2,1201,0.3064082679084456,0.0,421,35.0541215653622
Tumor,Epithelial cells,CMS1,CLDN3,1201,1.5294764493324315,1.5922826240744892,1040,86.59450457951708
Tumor,Epithelial cells,CMS1,CLDN4,1201,1.7488091454198198,1.8315125656279343,1033,86.01165695253955
Tumor,Epithelial cells,CMS1,CLDN7,1201,1.6686671327808413,1.7780040941595696,1067,88.84263114071607
Tumor,Epithelial cells,CMS1,CLDN18,1201,0.003763150153036275,0.0,9,0.7493755203996669
Tumor,Epithelial cells,CMS1,OCLN,1201,0.25703819102239456,0.0,527,43.88009991673606
Tumor,Epithelial cells,CMS1,TJP1,1201,0.21761725872911303,0.0,508,42.298084929225645
Tumor,Epithelial cells,CMS1,CDH1,1201,0.47794143026590963,0.43378029309177346,768,63.94671107410491
Tumor,Epithelial cells,CMS1,EPCAM,1201,2.261603817799581,2.290102481010352,1125,93.67194004995837
Tumor,Epithelial cells,CMS1,VIM,1201,0.20254020895992808,0.0,415,34.554537885095755
Tumor,Epithelial cells,CMS1,ZEB1,1201,0.010452980390280893,0.0,25,2.0815986677768525
Tumor,Epithelial cells,CMS1,SNAI1,1201,0.11709825085303122,0.0,253,21.065778517901748
Tumor,Epithelial cells,CMS1,SNAI2,1201,0.003838046943368097,0.0,8,0.6661115736885929
Tumor,Epithelial cells,CMS1,TWIST1,1201,0.00023608901924425095,0.0,1,0.08326394671107411
Tumor,Epithelial cells,CMS2,FAP,10771,0.0015335709144685438,0.0,45,0.4177885061739857
Tumor,Epithelial cells,CMS2,COL1A1,10771,0.04640740527595294,0.0,1021,9.479156995636432
Tumor,Epithelial cells,CMS2,COL1A2,10771,0.02310230411464608,0.0,524,4.864915049670411
Tumor,Epithelial cells,CMS2,COL3A1,10771,0.023179605235992176,0.0,513,4.762788970383437
Tumor,Epithelial cells,CMS2,FN1,10771,0.12785622931718985,0.0,1606,14.910407575898246
Tumor,Epithelial cells,CMS2,POSTN,10771,0.0032201917937075995,0.0,89,0.8262928233218829
Tumor,Epithelial cells,CMS2,ACTA2,10771,0.011546731405490238,0.0,308,2.85953022003528
Tumor,Epithelial cells,CMS2,TAGLN,10771,0.03753008003252422,0.0,749,6.95385758054034
Tumor,Epithelial cells,CMS2,CXCL12,10771,0.00856090594064801,0.0,197,1.8289852381394485
Tumor,Epithelial cells,CMS2,CCL2,10771,0.015331786588754222,0.0,335,3.1102033237396713
Tumor,Epithelial cells,CMS2,CD74,10771,1.0614299785695096,0.8101497588287072,7707,71.55324482406462
Tumor,Epithelial cells,CMS2,HLA-DRA,10771,0.6216984077332205,0.23129179829800178,5649,52.44638380837434
Tumor,Epithelial cells,CMS2,CLDN1,10771,0.20559733739213454,0.0,4171,38.724352427815425
Tumor,Epithelial cells,CMS2,CLDN2,10771,0.08159377629365012,0.0,1440,13.369232197567543
Tumor,Epithelial cells,CMS2,CLDN3,10771,2.4238996754250937,2.50495215132856,10273,95.3764738650079
Tumor,Epithelial cells,CMS2,CLDN4,10771,2.571044436309109,2.7101574028089086,10145,94.18809766966857
Tumor,Epithelial cells,CMS2,CLDN7,10771,1.356470792039571,1.4460306501256521,9561,88.76613127843282
Tumor,Epithelial cells,CMS2,CLDN18,10771,0.0,0.0,0,0.0
Tumor,Epithelial cells,CMS2,OCLN,10771,0.24751232896338982,0.0,4951,45.966019868164516
Tumor,Epithelial cells,CMS2,TJP1,10771,0.21131713678693775,0.0,4596,42.67013276390308
Tumor,Epithelial cells,CMS2,CDH1,10771,0.634900385935485,0.6523207138492081,8197,76.10249744684802
Tumor,Epithelial cells,CMS2,EPCAM,10771,2.511881845662101,2.641791073303263,10256,95.2186426515644
Tumor,Epithelial cells,CMS2,VIM,10771,0.06825130382715565,0.0,1557,14.455482313619905
Tumor,Epithelial cells,CMS2,ZEB1,10771,0.0021397021382187735,0.0,55,0.5106303964348714
Tumor,Epithelial cells,CMS2,SNAI1,10771,0.06963101166296162,0.0,1693,15.718132021167952
Tumor,Epithelial cells,CMS2,SNAI2,10771,0.0014479566570652835,0.0,36,0.33423080493918855
Tumor,Epithelial cells,CMS2,TWIST1,10771,0.0005466231922914862,0.0,12,0.11141026831306285
Tumor,Epithelial cells,CMS3,FAP,5486,0.04763753893450127,0.0,370,6.744440393729493
Tumor,Epithelial cells,CMS3,COL1A1,5486,0.10232643374129481,0.0,903,16.460080204156032
Tumor,Epithelial cells,CMS3,COL1A2,5486,0.0915458661921634,0.0,788,14.363835216915785
Tumor,Epithelial cells,CMS3,COL3A1,5486,0.09593795932361726,0.0,836,15.238789646372586
Tumor,Epithelial cells,CMS3,FN1,5486,0.06122727156075738,0.0,474,8.640174990885892
Tumor,Epithelial cells,CMS3,POSTN,5486,0.016341564247720847,0.0,194,3.536274152387896
Tumor,Epithelial cells,CMS3,ACTA2,5486,0.04321054541047164,0.0,510,9.29639081297849
Tumor,Epithelial cells,CMS3,TAGLN,5486,0.07693098429795459,0.0,772,14.072183740430185
Tumor,Epithelial cells,CMS3,CXCL12,5486,0.013117974169263903,0.0,147,2.6795479402114473
Tumor,Epithelial cells,CMS3,CCL2,5486,0.03040625051666137,0.0,331,6.033539919795844
Tumor,Epithelial cells,CMS3,CD74,5486,0.64871558609963,0.4126331656045699,3073,56.01531170251549
Tumor,Epithelial cells,CMS3,HLA-DRA,5486,0.30046890849889035,0.0,1742,31.753554502369667
Tumor,Epithelial cells,CMS3,CLDN1,5486,0.24114363349637616,0.0,2095,38.188115202333215
Tumor,Epithelial cells,CMS3,CLDN2,5486,0.14118816968132095,0.0,1108,20.196864746627778
Tumor,Epithelial cells,CMS3,CLDN3,5486,2.613174874133679,2.6980067432441013,5225,95.24243528982865
Tumor,Epithelial cells,CMS3,CLDN4,5486,2.6889150468251084,2.8135058328865634,5209,94.95078381334305
Tumor,Epithelial cells,CMS3,CLDN7,5486,1.270372719689205,1.299287617444274,4758,86.7298578199052
Tumor,Epithelial cells,CMS3,CLDN18,5486,0.027047572593739334,0.0,184,3.353991979584397
Tumor,Epithelial cells,CMS3,OCLN,5486,0.35049585997960964,0.19786812695731332,2759,50.2916514764856
Tumor,Epithelial cells,CMS3,TJP1,5486,0.22632292906276855,0.0,2092,38.133430550492164
Tumor,Epithelial cells,CMS3,CDH1,5486,0.6587169929414058,0.6440727429480626,3919,71.43638352169158
Tumor,Epithelial cells,CMS3,EPCAM,5486,2.087967358442334,2.1574846192308392,5128,93.47429821363471
Tumor,Epithelial cells,CMS3,VIM,5486,0.1125700887294275,0.0,1061,19.34013853445133
Tumor,Epithelial cells,CMS3,ZEB1,5486,0.0047441352619425154,0.0,62,1.1301494713816989
Tumor,Epithelial cells,CMS3,SNAI1,5486,0.0365197453387521,0.0,358,6.525701786365294
Tumor,Epithelial cells,CMS3,SNAI2,5486,0.0016353322962726047,0.0,17,0.3098796937659497
Tumor,Epithelial cells,CMS3,TWIST1,5486,0.0016032860474992083,0.0,20,0.36456434560699963
Tumor,Epithelial cells,CMS4,FAP,11,0.0,0.0,0,0.0
Tumor,Epithelial cells,CMS4,COL1A1,11,0.15838857200393883,0.0,1,9.090909090909092
Tumor,Epithelial cells,CMS4,COL1A2,11,0.20184631470894907,0.0,1,9.090909090909092
Tumor,Epithelial cells,CMS4,COL3A1,11,0.0,0.0,0,0.0
Tumor,Epithelial cells,CMS4,FN1,11,0.3259058091648808,0.0,2,18.181818181818183
Tumor,Epithelial cells,CMS4,POSTN,11,0.1879117024184664,0.0,1,9.090909090909092
Tumor,Epithelial cells,CMS4,ACTA2,11,0.38141851199406707,0.0,2,18.181818181818183
Tumor,Epithelial cells,CMS4,TAGLN,11,0.7548695163852286,0.0,3,27.27272727272727
Tumor,Epithelial cells,CMS4,CXCL12,11,0.0,0.0,0,0.0
Tumor,Epithelial cells,CMS4,CCL2,11,0.0,0.0,0,0.0
Tumor,Epithelial cells,CMS4,CD74,11,1.2458204445896486,1.575747889051117,6,54.54545454545454
Tumor,Epithelial cells,CMS4,HLA-DRA,11,0.5246024906712182,0.0,3,27.27272727272727
Tumor,Epithelial cells,CMS4,CLDN1,11,0.0,0.0,0,0.0
Tumor,Epithelial cells,CMS4,CLDN2,11,0.0,0.0,0,0.0
Tumor,Epithelial cells,CMS4,CLDN3,11,2.260590990668705,2.45332933989141,9,81.81818181818183
Tumor,Epithelial cells,CMS4,CLDN4,11,2.1598418057167703,2.5815395138162947,9,81.81818181818183
Tumor,Epithelial cells,CMS4,CLDN7,11,0.5605392467926663,0.0,3,27.27272727272727
Tumor,Epithelial cells,CMS4,CLDN18,11,0.0,0.0,0,0.0
Tumor,Epithelial cells,CMS4,OCLN,11,0.15838857200393883,0.0,1,9.090909090909092
Tumor,Epithelial cells,CMS4,TJP1,11,0.0,0.0,0,0.0
Tumor,Epithelial cells,CMS4,CDH1,11,0.15838857200393883,0.0,1,9.090909090909092
Tumor,Epithelial cells,CMS4,EPCAM,11,1.3790389021743608,1.8039460300986496,7,63.63636363636363
Tumor,Epithelial cells,CMS4,VIM,11,0.36281454466601326,0.0,2,18.181818181818183
Tumor,Epithelial cells,CMS4,ZEB1,11,0.0,0.0,0,0.0
Tumor,Epithelial cells,CMS4,SNAI1,11,0.0,0.0,0,0.0
Tumor,Epithelial cells,CMS4,SNAI2,11,0.0,0.0,0,0.0
Tumor,Epithelial cells,CMS4,TWIST1,11,0.0,0.0,0,0.0
Tumor,Mast cells,Mast cells,FAP,3,0.0,0.0,0,0.0
Tumor,Mast cells,Mast cells,COL1A1,3,0.0,0.0,0,0.0
Tumor,Mast cells,Mast cells,COL1A2,3,0.415574839099359,0.0,1,33.33333333333333
Tumor,Mast cells,Mast cells,COL3A1,3,0.8326869161663547,1.246724517298077,2,66.66666666666666
Tumor,Mast cells,Mast cells,FN1,3,0.0,0.0,0,0.0
Tumor,Mast cells,Mast cells,POSTN,3,0.0,0.0,0,0.0
Tumor,Mast cells,Mast cells,ACTA2,3,0.0,0.0,0,0.0
Tumor,Mast cells,Mast cells,TAGLN,3,0.49161877575268753,0.0,1,33.33333333333333
Tumor,Mast cells,Mast cells,CXCL12,3,0.0,0.0,0,0.0
Tumor,Mast cells,Mast cells,CCL2,3,0.8909603459633851,0.0,1,33.33333333333333
Tumor,Mast cells,Mast cells,CD74,3,0.9215519175881094,0.0,1,33.33333333333333
Tumor,Mast cells,Mast cells,HLA-DRA,3,0.594903684985696,0.0,1,33.33333333333333
Tumor,Mast cells,Mast cells,CLDN1,3,0.0,0.0,0,0.0
Tumor,Mast cells,Mast cells,CLDN2,3,0.0,0.0,0,0.0
Tumor,Mast cells,Mast cells,CLDN3,3,0.0,0.0,0,0.0
Tumor,Mast cells,Mast cells,CLDN4,3,0.0,0.0,0,0.0
Tumor,Mast cells,Mast cells,CLDN7,3,0.0,0.0,0,0.0
Tumor,Mast cells,Mast cells,CLDN18,3,0.0,0.0,0,0.0
Tumor,Mast cells,Mast cells,OCLN,3,0.0,0.0,0,0.0
Tumor,Mast cells,Mast cells,TJP1,3,0.0,0.0,0,0.0
Tumor,Mast cells,Mast cells,CDH1,3,0.0,0.0,0,0.0
Tumor,Mast cells,Mast cells,EPCAM,3,0.0,0.0,0,0.0
Tumor,Mast cells,Mast cells,VIM,3,2.9647754512578146,2.8821177368122783,3,100.0
Tumor,Mast cells,Mast cells,ZEB1,3,0.0,0.0,0,0.0
Tumor,Mast cells,Mast cells,SNAI1,3,0.0,0.0,0,0.0
Tumor,Mast cells,Mast cells,SNAI2,3,0.0,0.0,0,0.0
Tumor,Mast cells,Mast cells,TWIST1,3,0.0,0.0,0,0.0
Tumor,Myeloids,Pro-inflammatory,FAP,2325,0.0028221216750926323,0.0,4,0.17204301075268819
Tumor,Myeloids,Pro-inflammatory,COL1A1,2325,0.1086741370104868,0.0,177,7.612903225806451
Tumor,Myeloids,Pro-inflammatory,COL1A2,2325,0.09390116790604379,0.0,155,6.666666666666667
Tumor,Myeloids,Pro-inflammatory,COL3A1,2325,0.1168232010309287,0.0,193,8.301075268817204
Tumor,Myeloids,Pro-inflammatory,FN1,2325,0.2043681394635734,0.0,247,10.623655913978494
Tumor,Myeloids,Pro-inflammatory,POSTN,2325,0.0280479885494105,0.0,46,1.9784946236559142
Tumor,Myeloids,Pro-inflammatory,ACTA2,2325,0.028380678724928332,0.0,49,2.10752688172043
Tumor,Myeloids,Pro-inflammatory,TAGLN,2325,0.05111152862814461,0.0,87,3.741935483870968
Tumor,Myeloids,Pro-inflammatory,CXCL12,2325,0.004476708857608255,0.0,7,0.3010752688172043
Tumor,Myeloids,Pro-inflammatory,CCL2,2325,0.794805924981344,0.0,670,28.817204301075268
Tumor,Myeloids,Pro-inflammatory,CD74,2325,2.879630387198728,3.1507980125515345,2044,87.91397849462366
Tumor,Myeloids,Pro-inflammatory,HLA-DRA,2325,3.406597533096207,3.637959478780543,2169,93.29032258064515
Tumor,Myeloids,Pro-inflammatory,CLDN1,2325,0.009494221252188122,0.0,17,0.7311827956989247
Tumor,Myeloids,Pro-inflammatory,CLDN2,2325,0.002119067817775143,0.0,3,0.12903225806451613
Tumor,Myeloids,Pro-inflammatory,CLDN3,2325,0.16493621438728787,0.0,264,11.35483870967742
Tumor,Myeloids,Pro-inflammatory,CLDN4,2325,0.33083623441974536,0.0,513,22.064516129032256
Tumor,Myeloids,Pro-inflammatory,CLDN7,2325,0.06300112902722156,0.0,109,4.688172043010753
Tumor,Myeloids,Pro-inflammatory,CLDN18,2325,0.000904740819610246,0.0,2,0.08602150537634409
Tumor,Myeloids,Pro-inflammatory,OCLN,2325,0.007004523711459835,0.0,14,0.6021505376344086
Tumor,Myeloids,Pro-inflammatory,TJP1,2325,0.004656217776107529,0.0,7,0.3010752688172043
Tumor,Myeloids,Pro-inflammatory,CDH1,2325,0.018240124588380206,0.0,32,1.3763440860215055
Tumor,Myeloids,Pro-inflammatory,EPCAM,2325,0.14340936329946113,0.0,236,10.150537634408602
Tumor,Myeloids,Pro-inflammatory,VIM,2325,2.950349435847622,3.1827295794590817,2135,91.82795698924731
Tumor,Myeloids,Pro-inflammatory,ZEB1,2325,0.011840905719873996,0.0,16,0.6881720430107527
Tumor,Myeloids,Pro-inflammatory,SNAI1,2325,0.10634003761110429,0.0,175,7.526881720430108
Tumor,Myeloids,Pro-inflammatory,SNAI2,2325,0.0030133626988453188,0.0,6,0.25806451612903225
Tumor,Myeloids,Pro-inflammatory,TWIST1,2325,0.0,0.0,0,0.0
Tumor,Myeloids,Proliferating,FAP,165,0.004702595357376339,0.0,1,0.6060606060606061
Tumor,Myeloids,Proliferating,COL1A1,165,0.1117692544760607,0.0,21,12.727272727272727
Tumor,Myeloids,Proliferating,COL1A2,165,0.11398746005567724,0.0,20,12.121212121212121
Tumor,Myeloids,Proliferating,COL3A1,165,0.10295817299484282,0.0,22,13.333333333333334
Tumor,Myeloids,Proliferating,FN1,165,0.33114349026724205,0.0,32,19.393939393939394
Tumor,Myeloids,Proliferating,POSTN,165,0.012112185549377506,0.0,3,1.8181818181818181
Tumor,Myeloids,Proliferating,ACTA2,165,0.0646736793728639,0.0,12,7.2727272727272725
Tumor,Myeloids,Proliferating,TAGLN,165,0.12880336861446784,0.0,28,16.969696969696972
Tumor,Myeloids,Proliferating,CXCL12,165,0.009853492871772724,0.0,2,1.2121212121212122
Tumor,Myeloids,Proliferating,CCL2,165,1.2438033992471633,0.726157288170753,91,55.15151515151515
Tumor,Myeloids,Proliferating,CD74,165,4.289661642709252,4.340734257498755,165,100.0
Tumor,Myeloids,Proliferating,HLA-DRA,165,3.99867568254767,4.028611743352677,165,100.0
Tumor,Myeloids,Proliferating,CLDN1,165,0.13178816438486102,0.0,23,13.939393939393941
Tumor,Myeloids,Proliferating,CLDN2,165,0.0028361075021838354,0.0,1,0.6060606060606061
Tumor,Myeloids,Proliferating,CLDN3,165,0.24254112546360498,0.0,48,29.09090909090909
Tumor,Myeloids,Proliferating,CLDN4,165,0.39750810463185454,0.0,71,43.03030303030303
Tumor,Myeloids,Proliferating,CLDN7,165,0.1726804343509592,0.0,40,24.242424242424242
Tumor,Myeloids,Proliferating,CLDN18,165,0.0,0.0,0,0.0
Tumor,Myeloids,Proliferating,OCLN,165,0.012122924159634884,0.0,3,1.8181818181818181
Tumor,Myeloids,Proliferating,TJP1,165,0.015280963527832677,0.0,3,1.8181818181818181
Tumor,Myeloids,Proliferating,CDH1,165,0.024470683744123728,0.0,7,4.242424242424243
Tumor,Myeloids,Proliferating,EPCAM,165,0.21812042029465076,0.0,44,26.666666666666668
Tumor,Myeloids,Proliferating,VIM,165,3.0358981048771,3.0652867255338925,165,100.0
Tumor,Myeloids,Proliferating,ZEB1,165,0.004861677267076894,0.0,1,0.6060606060606061
Tumor,Myeloids,Proliferating,SNAI1,165,0.08858734414599892,0.0,20,12.121212121212121
Tumor,Myeloids,Proliferating,SNAI2,165,0.010133246453958735,0.0,3,1.8181818181818181
Tumor,Myeloids,Proliferating,TWIST1,165,0.008255065411300326,0.0,2,1.2121212121212122
Tumor,Myeloids,SPP1+,FAP,3096,0.00887872616687328,0.0,27,0.872093023255814
Tumor,Myeloids,SPP1+,COL1A1,3096,0.13992839928362033,0.0,432,13.953488372093023
Tumor,Myeloids,SPP1+,COL1A2,3096,0.14529544399598943,0.0,440,14.21188630490956
Tumor,Myeloids,SPP1+,COL3A1,3096,0.13913926713080557,0.0,412,13.307493540051679
Tumor,Myeloids,SPP1+,FN1,3096,0.37409278894179193,0.0,698,22.545219638242894
Tumor,Myeloids,SPP1+,POSTN,3096,0.03419652611655988,0.0,108,3.488372093023256
Tumor,Myeloids,SPP1+,ACTA2,3096,0.047205549699458914,0.0,157,5.071059431524548
Tumor,Myeloids,SPP1+,TAGLN,3096,0.11195432582271507,0.0,360,11.627906976744185
Tumor,Myeloids,SPP1+,CXCL12,3096,0.03404224842037715,0.0,99,3.1976744186046515
Tumor,Myeloids,SPP1+,CCL2,3096,0.8680886969110183,0.0,1206,38.95348837209303
Tumor,Myeloids,SPP1+,CD74,3096,4.0231480547740155,4.234500835297148,3029,97.83591731266151
Tumor,Myeloids,SPP1+,HLA-DRA,3096,4.099224833556903,4.241628044138214,3066,99.03100775193798
Tumor,Myeloids,SPP1+,CLDN1,3096,0.06460796524241583,0.0,186,6.007751937984496
Tumor,Myeloids,SPP1+,CLDN2,3096,0.0007118459846390909,0.0,3,0.09689922480620156
Tumor,Myeloids,SPP1+,CLDN3,3096,0.22157556274111065,0.0,665,21.479328165374678
Tumor,Myeloids,SPP1+,CLDN4,3096,0.3953884737960125,0.0,1102,35.594315245478036
Tumor,Myeloids,SPP1+,CLDN7,3096,0.14987363244396767,0.0,501,16.18217054263566
Tumor,Myeloids,SPP1+,CLDN18,3096,0.0,0.0,0,0.0
Tumor,Myeloids,SPP1+,OCLN,3096,0.012409340988796865,0.0,45,1.4534883720930232
Tumor,Myeloids,SPP1+,TJP1,3096,0.006986506969965954,0.0,24,0.7751937984496124
Tumor,Myeloids,SPP1+,CDH1,3096,0.026148649452988365,0.0,91,2.9392764857881137
Tumor,Myeloids,SPP1+,EPCAM,3096,0.19001996368041413,0.0,600,19.379844961240313
Tumor,Myeloids,SPP1+,VIM,3096,3.0760422258991773,3.147945036717068,3062,98.90180878552972
Tumor,Myeloids,SPP1+,ZEB1,3096,0.004969269645753708,0.0,21,0.6782945736434108
Tumor,Myeloids,SPP1+,SNAI1,3096,0.1305843862421074,0.0,415,13.404392764857882
Tumor,Myeloids,SPP1+,SNAI2,3096,0.0025021245255889327,0.0,8,0.2583979328165375
Tumor,Myeloids,SPP1+,TWIST1,3096,0.0035606212342777304,0.0,10,0.32299741602067183
Tumor,Myeloids,Unknown,FAP,461,0.01047368462854129,0.0,5,1.0845986984815619
Tumor,Myeloids,Unknown,COL1A1,461,0.15810658080391668,0.0,72,15.61822125813449
Tumor,Myeloids,Unknown,COL1A2,461,0.10069015506936402,0.0,45,9.761388286334057
Tumor,Myeloids,Unknown,COL3A1,461,0.12419208693909212,0.0,56,12.147505422993492
Tumor,Myeloids,Unknown,FN1,461,0.1789917596852127,0.0,58,12.58134490238612
Tumor,Myeloids,Unknown,POSTN,461,0.028521830908727182,0.0,13,2.8199566160520604
Tumor,Myeloids,Unknown,ACTA2,461,0.05491903126468814,0.0,28,6.073752711496746
Tumor,Myeloids,Unknown,TAGLN,461,0.04983512449960501,0.0,26,5.639913232104121
Tumor,Myeloids,Unknown,CXCL12,461,0.002349432028008767,0.0,2,0.43383947939262474
Tumor,Myeloids,Unknown,CCL2,461,0.267715941333898,0.0,69,14.967462039045554
Tumor,Myeloids,Unknown,CD74,461,4.373001065733919,4.557319351065269,460,99.78308026030369
Tumor,Myeloids,Unknown,HLA-DRA,461,3.731869623954961,3.7749073455893973,460,99.78308026030369
Tumor,Myeloids,Unknown,CLDN1,461,0.027006427382116175,0.0,13,2.8199566160520604
Tumor,Myeloids,Unknown,CLDN2,461,0.001201862659928596,0.0,1,0.21691973969631237
Tumor,Myeloids,Unknown,CLDN3,461,0.17239042189569842,0.0,77,16.702819956616054
Tumor,Myeloids,Unknown,CLDN4,461,0.3933179632465547,0.0,158,34.273318872017356
Tumor,Myeloids,Unknown,CLDN7,461,0.1009867933463172,0.0,50,10.84598698481562
Tumor,Myeloids,Unknown,CLDN18,461,0.0,0.0,0,0.0
Tumor,Myeloids,Unknown,OCLN,461,0.028780780577366077,0.0,15,3.2537960954446854
Tumor,Myeloids,Unknown,TJP1,461,0.001695872043908316,0.0,1,0.21691973969631237
Tumor,Myeloids,Unknown,CDH1,461,0.15260420417729742,0.0,61,13.232104121475055
Tumor,Myeloids,Unknown,EPCAM,461,0.19208606781058404,0.0,90,19.522776572668114
Tumor,Myeloids,Unknown,VIM,461,2.5889606077527088,2.7273638361642454,438,95.01084598698482
Tumor,Myeloids,Unknown,ZEB1,461,0.09055209003058501,0.0,45,9.761388286334057
Tumor,Myeloids,Unknown,SNAI1,461,0.0739620877593726,0.0,34,7.37527114967462
Tumor,Myeloids,Unknown,SNAI2,461,0.0,0.0,0,0.0
Tumor,Myeloids,Unknown,TWIST1,461,0.003917893517308255,0.0,2,0.43383947939262474
Tumor,Myeloids,cDC,FAP,353,0.0015157725498228395,0.0,1,0.28328611898017
Tumor,Myeloids,cDC,COL1A1,353,0.14842097309380256,0.0,63,17.847025495750707
Tumor,Myeloids,cDC,COL1A2,353,0.15656806503470086,0.0,69,19.54674220963173
Tumor,Myeloids,cDC,COL3A1,353,0.13986069354641886,0.0,60,16.997167138810198
Tumor,Myeloids,cDC,FN1,353,0.08456699974809372,0.0,32,9.06515580736544
Tumor,Myeloids,cDC,POSTN,353,0.03565963554799452,0.0,16,4.53257790368272
Tumor,Myeloids,cDC,ACTA2,353,0.040818951789223706,0.0,19,5.382436260623229
Tumor,Myeloids,cDC,TAGLN,353,0.09316797148389903,0.0,42,11.89801699716714
Tumor,Myeloids,cDC,CXCL12,353,0.0,0.0,0,0.0
Tumor,Myeloids,cDC,CCL2,353,0.16864960246900262,0.0,45,12.747875354107649
Tumor,Myeloids,cDC,CD74,353,4.908491369905096,4.977456264052392,353,100.0
Tumor,Myeloids,cDC,HLA-DRA,353,4.837480217714103,4.9046070726341435,353,100.0
Tumor,Myeloids,cDC,CLDN1,353,0.026919874678189296,0.0,13,3.6827195467422094
Tumor,Myeloids,cDC,CLDN2,353,0.002227734687911738,0.0,1,0.28328611898017
Tumor,Myeloids,cDC,CLDN3,353,0.2838736338547214,0.0,116,32.86118980169972
Tumor,Myeloids,cDC,CLDN4,353,0.4108145924898454,0.0,157,44.47592067988669
Tumor,Myeloids,cDC,CLDN7,353,0.0706026252081398,0.0,38,10.764872521246458
Tumor,Myeloids,cDC,CLDN18,353,0.0,0.0,0,0.0
Tumor,Myeloids,cDC,OCLN,353,0.005866647962737641,0.0,3,0.84985835694051
Tumor,Myeloids,cDC,TJP1,353,0.0066571580797552985,0.0,3,0.84985835694051
Tumor,Myeloids,cDC,CDH1,353,0.028976422558361824,0.0,13,3.6827195467422094
Tumor,Myeloids,cDC,EPCAM,353,0.13960474855613994,0.0,61,17.280453257790366
Tumor,Myeloids,cDC,VIM,353,3.1607206848851455,3.250809241827822,351,99.43342776203966
Tumor,Myeloids,cDC,ZEB1,353,0.011983680446281734,0.0,6,1.69971671388102
Tumor,Myeloids,cDC,SNAI1,353,0.19400001891028873,0.0,78,22.096317280453256
Tumor,Myeloids,cDC,SNAI2,353,0.0022087286485957857,0.0,1,0.28328611898017
Tumor,Myeloids,cDC,TWIST1,353,0.0028340208091702486,0.0,1,0.28328611898017
Tumor,Stromal cells,Enteric glial cells,FAP,23,0.14567541129952377,0.0,4,17.391304347826086
Tumor,Stromal cells,Enteric glial cells,COL1A1,23,1.6528067946487714,1.7888487432343798,19,82.6086956521739
Tumor,Stromal cells,Enteric glial cells,COL1A2,23,1.6239007415404687,1.9750978204500318,18,78.26086956521739
Tumor,Stromal cells,Enteric glial cells,COL3A1,23,0.7107231817832745,0.0,10,43.47826086956522
Tumor,Stromal cells,Enteric glial cells,FN1,23,0.49874847158099184,0.0,8,34.78260869565217
Tumor,Stromal cells,Enteric glial cells,POSTN,23,0.059346005041322814,0.0,2,8.695652173913043
Tumor,Stromal cells,Enteric glial cells,ACTA2,23,0.4814293424671042,0.0,7,30.434782608695656
Tumor,Stromal cells,Enteric glial cells,TAGLN,23,0.22331136288062098,0.0,3,13.043478260869565
Tumor,Stromal cells,Enteric glial cells,CXCL12,23,0.07643793793662781,0.0,2,8.695652173913043
Tumor,Stromal cells,Enteric glial cells,CCL2,23,1.5892093873790543,1.0554823583603352,14,60.86956521739131
Tumor,Stromal cells,Enteric glial cells,CD74,23,3.6056487643791617,3.6191263386637624,23,100.0
Tumor,Stromal cells,Enteric glial cells,HLA-DRA,23,2.740218804392293,2.8635184863136796,21,91.30434782608695
Tumor,Stromal cells,Enteric glial cells,CLDN1,23,0.0,0.0,0,0.0
Tumor,Stromal cells,Enteric glial cells,CLDN2,23,0.0,0.0,0,0.0
Tumor,Stromal cells,Enteric glial cells,CLDN3,23,0.1587303883579443,0.0,4,17.391304347826086
Tumor,Stromal cells,Enteric glial cells,CLDN4,23,0.40069865063563864,0.0,8,34.78260869565217
Tumor,Stromal cells,Enteric glial cells,CLDN7,23,0.0,0.0,0,0.0
Tumor,Stromal cells,Enteric glial cells,CLDN18,23,0.0,0.0,0,0.0
Tumor,Stromal cells,Enteric glial cells,OCLN,23,0.01679613533774601,0.0,1,4.3478260869565215
Tumor,Stromal cells,Enteric glial cells,TJP1,23,0.135183918181421,0.0,3,13.043478260869565
Tumor,Stromal cells,Enteric glial cells,CDH1,23,0.0,0.0,0,0.0
Tumor,Stromal cells,Enteric glial cells,EPCAM,23,0.19022518290243823,0.0,5,21.73913043478261
Tumor,Stromal cells,Enteric glial cells,VIM,23,4.040036787789302,4.059844606570165,23,100.0
Tumor,Stromal cells,Enteric glial cells,ZEB1,23,0.17515720075047833,0.0,4,17.391304347826086
Tumor,Stromal cells,Enteric glial cells,SNAI1,23,0.1918004696015568,0.0,5,21.73913043478261
Tumor,Stromal cells,Enteric glial cells,SNAI2,23,0.0,0.0,0,0.0
Tumor,Stromal cells,Enteric glial cells,TWIST1,23,0.0,0.0,0,0.0
Tumor,Stromal cells,Lymphatic ECs,FAP,28,0.0,0.0,0,0.0
Tumor,Stromal cells,Lymphatic ECs,COL1A1,28,0.2307065180117928,0.0,7,25.0
Tumor,Stromal cells,Lymphatic ECs,COL1A2,28,0.181497703107254,0.0,7,25.0
Tumor,Stromal cells,Lymphatic ECs,COL3A1,28,0.20171302589027665,0.0,5,17.857142857142858
Tumor,Stromal cells,Lymphatic ECs,FN1,28,1.7860364883368418,1.9674815124096385,24,85.71428571428571
Tumor,Stromal cells,Lymphatic ECs,POSTN,28,0.038706637677851666,0.0,2,7.142857142857142
Tumor,Stromal cells,Lymphatic ECs,ACTA2,28,0.0,0.0,0,0.0
Tumor,Stromal cells,Lymphatic ECs,TAGLN,28,0.060124761559707564,0.0,4,14.285714285714285
Tumor,Stromal cells,Lymphatic ECs,CXCL12,28,0.03384229280339759,0.0,2,7.142857142857142
Tumor,Stromal cells,Lymphatic ECs,CCL2,28,1.888209356459371,1.727094801824344,20,71.42857142857143
Tumor,Stromal cells,Lymphatic ECs,CD74,28,1.4086858019277975,1.5049991048169258,20,71.42857142857143
Tumor,Stromal cells,Lymphatic ECs,HLA-DRA,28,0.5823745183039566,0.0,12,42.857142857142854
Tumor,Stromal cells,Lymphatic ECs,CLDN1,28,0.04145249509621353,0.0,2,7.142857142857142
Tumor,Stromal cells,Lymphatic ECs,CLDN2,28,0.0,0.0,0,0.0
Tumor,Stromal cells,Lymphatic ECs,CLDN3,28,0.19480452173934504,0.0,7,25.0
Tumor,Stromal cells,Lymphatic ECs,CLDN4,28,0.2788853248379042,0.0,9,32.142857142857146
Tumor,Stromal cells,Lymphatic ECs,CLDN7,28,0.037422103184671894,0.0,2,7.142857142857142
Tumor,Stromal cells,Lymphatic ECs,CLDN18,28,0.0,0.0,0,0.0
Tumor,Stromal cells,Lymphatic ECs,OCLN,28,0.08553334212282844,0.0,2,7.142857142857142
Tumor,Stromal cells,Lymphatic ECs,TJP1,28,0.5269281339202416,0.5064462015382141,16,57.14285714285714
Tumor,Stromal cells,Lymphatic ECs,CDH1,28,0.0,0.0,0,0.0
Tumor,Stromal cells,Lymphatic ECs,EPCAM,28,0.31372259617321824,0.0,11,39.285714285714285
Tumor,Stromal cells,Lymphatic ECs,VIM,28,3.4719625876463955,3.4456637344957946,28,100.0
Tumor,Stromal cells,Lymphatic ECs,ZEB1,28,0.340310308035291,0.0,12,42.857142857142854
Tumor,Stromal cells,Lymphatic ECs,SNAI1,28,0.15761983731611565,0.0,6,21.428571428571427
Tumor,Stromal cells,Lymphatic ECs,SNAI2,28,0.06279765958171514,0.0,3,10.714285714285714
Tumor,Stromal cells,Lymphatic ECs,TWIST1,28,0.0,0.0,0,0.0
Tumor,Stromal cells,Myofibroblasts,FAP,1146,0.782259124469284,0.830806494461658,793,69.19720767888307
Tumor,Stromal cells,Myofibroblasts,COL1A1,1146,4.399786698272326,4.705159947385652,1117,97.4694589877836
Tumor,Stromal cells,Myofibroblasts,COL1A2,1146,4.176125156244925,4.404704375836859,1133,98.86561954624781
Tumor,Stromal cells,Myofibroblasts,COL3A1,1146,4.1776080622036424,4.417408410809936,1129,98.51657940663176
Tumor,Stromal cells,Myofibroblasts,FN1,1146,2.301506810330739,2.4116452524489804,1037,90.48865619546248
Tumor,Stromal cells,Myofibroblasts,POSTN,1146,2.104044147850735,2.3064514451768248,976,85.16579406631763
Tumor,Stromal cells,Myofibroblasts,ACTA2,1146,1.5551890742976524,1.1179690988387496,771,67.27748691099477
Tumor,Stromal cells,Myofibroblasts,TAGLN,1146,2.513978682048393,2.698368107778215,985,85.95113438045375
Tumor,Stromal cells,Myofibroblasts,CXCL12,1146,0.41076346114735746,0.0,402,35.07853403141361
Tumor,Stromal cells,Myofibroblasts,CCL2,1146,0.8391845581404102,0.3467571734392476,588,51.30890052356021
Tumor,Stromal cells,Myofibroblasts,CD74,1146,0.5594716464922573,0.49493490479185265,655,57.15532286212914
Tumor,Stromal cells,Myofibroblasts,HLA-DRA,1146,0.34783670046720216,0.0,489,42.67015706806283
Tumor,Stromal cells,Myofibroblasts,CLDN1,1146,0.01730524602872872,0.0,33,2.8795811518324608
Tumor,Stromal cells,Myofibroblasts,CLDN2,1146,0.003927456304988338,0.0,6,0.5235602094240838
Tumor,Stromal cells,Myofibroblasts,CLDN3,1146,0.3070324088611697,0.0,408,35.602094240837694
Tumor,Stromal cells,Myofibroblasts,CLDN4,1146,0.4732365394155266,0.0,546,47.64397905759162
Tumor,Stromal cells,Myofibroblasts,CLDN7,1146,0.06490115862418903,0.0,130,11.343804537521814
Tumor,Stromal cells,Myofibroblasts,CLDN18,1146,0.00203980313425909,0.0,5,0.4363001745200698
Tumor,Stromal cells,Myofibroblasts,OCLN,1146,0.02583904709864538,0.0,50,4.363001745200698
Tumor,Stromal cells,Myofibroblasts,TJP1,1146,0.1385813770532909,0.0,251,21.902268760907504
Tumor,Stromal cells,Myofibroblasts,CDH1,1146,0.025580788603479874,0.0,52,4.537521815008725
Tumor,Stromal cells,Myofibroblasts,EPCAM,1146,0.18967724313126316,0.0,300,26.17801047120419
Tumor,Stromal cells,Myofibroblasts,VIM,1146,3.1054449228575915,3.1642661572187842,1132,98.77835951134381
Tumor,Stromal cells,Myofibroblasts,ZEB1,1146,0.26489379964049153,0.0,423,36.910994764397905
Tumor,Stromal cells,Myofibroblasts,SNAI1,1146,0.24205367531183405,0.0,336,29.31937172774869
Tumor,Stromal cells,Myofibroblasts,SNAI2,1146,0.451605573804321,0.0,545,47.55671902268761
Tumor,Stromal cells,Myofibroblasts,TWIST1,1146,0.40323739710513,0.0,505,44.06631762652705
Tumor,Stromal cells,Pericytes,FAP,353,0.20473713261154067,0.0,96,27.19546742209632
Tumor,Stromal cells,Pericytes,COL1A1,353,3.446549403852343,3.6137411068335696,340,96.3172804532578
Tumor,Stromal cells,Pericytes,COL1A2,353,3.3539836961435654,3.4688765888290902,347,98.30028328611898
Tumor,Stromal cells,Pericytes,COL3A1,353,3.0681893446201225,3.1500011962917394,343,97.16713881019831
Tumor,Stromal cells,Pericytes,FN1,353,2.0191840621356127,2.1118461499973007,308,87.25212464589235
Tumor,Stromal cells,Pericytes,POSTN,353,1.0401399023542972,0.8793957124792586,206,58.35694050991501
Tumor,Stromal cells,Pericytes,ACTA2,353,2.4377340602073687,2.5043180631267425,306,86.68555240793201
Tumor,Stromal cells,Pericytes,TAGLN,353,2.684797062276238,2.967419122092129,317,89.80169971671388
Tumor,Stromal cells,Pericytes,CXCL12,353,0.043521959958381894,0.0,16,4.53257790368272
Tumor,Stromal cells,Pericytes,CCL2,353,0.8521796205255171,0.40986294155801967,190,53.82436260623229
Tumor,Stromal cells,Pericytes,CD74,353,0.3642764948419749,0.0,141,39.94334277620396
Tumor,Stromal cells,Pericytes,HLA-DRA,353,0.33535628504895343,0.0,141,39.94334277620396
Tumor,Stromal cells,Pericytes,CLDN1,353,0.011787097024931241,0.0,7,1.9830028328611897
Tumor,Stromal cells,Pericytes,CLDN2,353,0.006575987007095759,0.0,2,0.56657223796034
Tumor,Stromal cells,Pericytes,CLDN3,353,0.23880849614251193,0.0,108,30.59490084985836
Tumor,Stromal cells,Pericytes,CLDN4,353,0.3706964831032013,0.0,150,42.492917847025495
Tumor,Stromal cells,Pericytes,CLDN7,353,0.09000647789101035,0.0,52,14.730878186968837
Tumor,Stromal cells,Pericytes,CLDN18,353,0.0018756656088487987,0.0,1,0.28328611898017
Tumor,Stromal cells,Pericytes,OCLN,353,0.027558982991279204,0.0,17,4.815864022662889
Tumor,Stromal cells,Pericytes,TJP1,353,0.31161129529760107,0.0,139,39.376770538243626
Tumor,Stromal cells,Pericytes,CDH1,353,0.013453427754088226,0.0,10,2.8328611898017
Tumor,Stromal cells,Pericytes,EPCAM,353,0.2170814624869674,0.0,105,29.745042492917843
Tumor,Stromal cells,Pericytes,VIM,353,3.62270533184187,3.679197803424496,350,99.15014164305948
Tumor,Stromal cells,Pericytes,ZEB1,353,0.23315890300193837,0.0,108,30.59490084985836
Tumor,Stromal cells,Pericytes,SNAI1,353,0.23866550102430192,0.0,104,29.461756373937675
Tumor,Stromal cells,Pericytes,SNAI2,353,0.480621919009624,0.0,170,48.1586402266289
Tumor,Stromal cells,Pericytes,TWIST1,353,0.14119049681169282,0.0,69,19.54674220963173
Tumor,Stromal cells,Proliferative ECs,FAP,44,0.30564663459041036,0.0,19,43.18181818181818
Tumor,Stromal cells,Proliferative ECs,COL1A1,44,0.26401527220907517,0.0,14,31.818181818181817
Tumor,Stromal cells,Proliferative ECs,COL1A2,44,0.22983472768892216,0.0,14,31.818181818181817
Tumor,Stromal cells,Proliferative ECs,COL3A1,44,0.11334357340313937,0.0,7,15.909090909090908
Tumor,Stromal cells,Proliferative ECs,FN1,44,0.7561749295776291,0.7612159459611219,31,70.45454545454545
Tumor,Stromal cells,Proliferative ECs,POSTN,44,0.12018355300408236,0.0,5,11.363636363636363
Tumor,Stromal cells,Proliferative ECs,ACTA2,44,0.11503133358018237,0.0,5,11.363636363636363
Tumor,Stromal cells,Proliferative ECs,TAGLN,44,0.6029845062233249,0.48813956758139143,26,59.09090909090909
Tumor,Stromal cells,Proliferative ECs,CXCL12,44,0.39064105065378174,0.0,15,34.090909090909086
Tumor,Stromal cells,Proliferative ECs,CCL2,44,0.8434428695048577,0.5062747256392568,25,56.81818181818182
Tumor,Stromal cells,Proliferative ECs,CD74,44,1.2814197782491534,1.0478869124680124,36,81.81818181818183
Tumor,Stromal cells,Proliferative ECs,HLA-DRA,44,0.740828848579423,0.5631204634323125,28,63.63636363636363
Tumor,Stromal cells,Proliferative ECs,CLDN1,44,0.0,0.0,0,0.0
Tumor,Stromal cells,Proliferative ECs,CLDN2,44,0.008664588672291413,0.0,1,2.272727272727273
Tumor,Stromal cells,Proliferative ECs,CLDN3,44,0.21618403509227171,0.0,14,31.818181818181817
Tumor,Stromal cells,Proliferative ECs,CLDN4,44,0.3342425785726271,0.1637704622704769,22,50.0
Tumor,Stromal cells,Proliferative ECs,CLDN7,44,0.12835149808242122,0.0,10,22.727272727272727
Tumor,Stromal cells,Proliferative ECs,CLDN18,44,0.0,0.0,0,0.0
Tumor,Stromal cells,Proliferative ECs,OCLN,44,0.008972881279137866,0.0,1,2.272727272727273
Tumor,Stromal cells,Proliferative ECs,TJP1,44,0.5362384902524409,0.4889124258736388,29,65.9090909090909
Tumor,Stromal cells,Proliferative ECs,CDH1,44,0.03962616831154487,0.0,3,6.8181818181818175
Tumor,Stromal cells,Proliferative ECs,EPCAM,44,0.28467388284278977,0.0,18,40.909090909090914
Tumor,Stromal cells,Proliferative ECs,VIM,44,3.6164645345107687,3.728267195931484,44,100.0
Tumor,Stromal cells,Proliferative ECs,ZEB1,44,0.42509737718074075,0.35194359971085365,23,52.27272727272727
Tumor,Stromal cells,Proliferative ECs,SNAI1,44,0.3002265941910007,0.0,14,31.818181818181817
Tumor,Stromal cells,Proliferative ECs,SNAI2,44,0.07198677495814859,0.0,6,13.636363636363635
Tumor,Stromal cells,Proliferative ECs,TWIST1,44,0.015224703438028892,0.0,1,2.272727272727273
Tumor,Stromal cells,Smooth muscle cells,FAP,91,0.19599161973048104,0.0,18,19.78021978021978
Tumor,Stromal cells,Smooth muscle cells,COL1A1,91,1.5706796479826903,1.5818586025635064,70,76.92307692307693
Tumor,Stromal cells,Smooth muscle cells,COL1A2,91,1.4665566301723252,1.4498893295844013,67,73.62637362637363
Tumor,Stromal cells,Smooth muscle cells,COL3A1,91,1.477281202488247,1.4712279352149231,65,71.42857142857143
Tumor,Stromal cells,Smooth muscle cells,FN1,91,1.3925735669827601,1.558835773587345,64,70.32967032967034
Tumor,Stromal cells,Smooth muscle cells,POSTN,91,0.3336913041267915,0.0,24,26.373626373626376
Tumor,Stromal cells,Smooth muscle cells,ACTA2,91,3.0071921041260707,3.2296909167649295,83,91.20879120879121
Tumor,Stromal cells,Smooth muscle cells,TAGLN,91,4.355365652438312,4.502979245091544,89,97.8021978021978
Tumor,Stromal cells,Smooth muscle cells,CXCL12,91,0.34719655844653613,0.0,27,29.67032967032967
Tumor,Stromal cells,Smooth muscle cells,CCL2,91,1.4716257901101415,0.0,45,49.45054945054945
Tumor,Stromal cells,Smooth muscle cells,CD74,91,0.7411146681882537,0.6439975810392289,52,57.14285714285714
Tumor,Stromal cells,Smooth muscle cells,HLA-DRA,91,0.36112953453232666,0.0,29,31.868131868131865
Tumor,Stromal cells,Smooth muscle cells,CLDN1,91,0.005806704752952722,0.0,1,1.098901098901099
Tumor,Stromal cells,Smooth muscle cells,CLDN2,91,0.0,0.0,0,0.0
Tumor,Stromal cells,Smooth muscle cells,CLDN3,91,0.17285594780301128,0.0,15,16.483516483516482
Tumor,Stromal cells,Smooth muscle cells,CLDN4,91,0.3612880575828217,0.0,32,35.16483516483517
Tumor,Stromal cells,Smooth muscle cells,CLDN7,91,0.06114583018787153,0.0,6,6.593406593406594
Tumor,Stromal cells,Smooth muscle cells,CLDN18,91,0.0,0.0,0,0.0
Tumor,Stromal cells,Smooth muscle cells,OCLN,91,0.00975462621586898,0.0,2,2.197802197802198
Tumor,Stromal cells,Smooth muscle cells,TJP1,91,0.20277898442693576,0.0,24,26.373626373626376
Tumor,Stromal cells,Smooth muscle cells,CDH1,91,0.005806704752952722,0.0,1,1.098901098901099
Tumor,Stromal cells,Smooth muscle cells,EPCAM,91,0.19195023939334352,0.0,18,19.78021978021978
Tumor,Stromal cells,Smooth muscle cells,VIM,91,2.893650612966039,3.1220112923471124,86,94.5054945054945
Tumor,Stromal cells,Smooth muscle cells,ZEB1,91,0.14764948575745449,0.0,16,17.582417582417584
Tumor,Stromal cells,Smooth muscle cells,SNAI1,91,0.16280267227802395,0.0,14,15.384615384615385
Tumor,Stromal cells,Smooth muscle cells,SNAI2,91,0.1364348880468127,0.0,12,13.186813186813188
Tumor,Stromal cells,Smooth muscle cells,TWIST1,91,0.07511499550419666,0.0,9,9.89010989010989
Tumor,Stromal cells,Stalk-like ECs,FAP,342,0.19959994401001127,0.0,68,19.883040935672515
Tumor,Stromal cells,Stalk-like ECs,COL1A1,342,0.1753922475628479,0.0,66,19.298245614035086
Tumor,Stromal cells,Stalk-like ECs,COL1A2,342,0.110095720470623,0.0,46,13.450292397660817
Tumor,Stromal cells,Stalk-like ECs,COL3A1,342,0.19260537862830868,0.0,67,19.5906432748538
Tumor,Stromal cells,Stalk-like ECs,FN1,342,0.5395989558151768,0.0,143,41.812865497076025
Tumor,Stromal cells,Stalk-like ECs,POSTN,342,0.4916562068434324,0.0,113,33.04093567251462
Tumor,Stromal cells,Stalk-like ECs,ACTA2,342,0.04802688256603162,0.0,19,5.555555555555555
Tumor,Stromal cells,Stalk-like ECs,TAGLN,342,0.14756656629061196,0.0,46,13.450292397660817
Tumor,Stromal cells,Stalk-like ECs,CXCL12,342,0.09831836722718285,0.0,30,8.771929824561402
Tumor,Stromal cells,Stalk-like ECs,CCL2,342,1.4440640603591053,1.2581245159458274,203,59.356725146198826
Tumor,Stromal cells,Stalk-like ECs,CD74,342,2.4186131426687054,2.7350548422114365,302,88.30409356725146
Tumor,Stromal cells,Stalk-like ECs,HLA-DRA,342,1.3723361761926307,1.4486640712609873,236,69.00584795321637
Tumor,Stromal cells,Stalk-like ECs,CLDN1,342,0.005530720234093205,0.0,2,0.5847953216374269
Tumor,Stromal cells,Stalk-like ECs,CLDN2,342,0.0038462303504644066,0.0,1,0.29239766081871343
Tumor,Stromal cells,Stalk-like ECs,CLDN3,342,0.18632939149269162,0.0,66,19.298245614035086
Tumor,Stromal cells,Stalk-like ECs,CLDN4,342,0.4308546974792615,0.0,138,40.35087719298245
Tumor,Stromal cells,Stalk-like ECs,CLDN7,342,0.05136104909611905,0.0,20,5.847953216374268
Tumor,Stromal cells,Stalk-like ECs,CLDN18,342,0.0,0.0,0,0.0
Tumor,Stromal cells,Stalk-like ECs,OCLN,342,0.012164493507558988,0.0,4,1.1695906432748537
Tumor,Stromal cells,Stalk-like ECs,TJP1,342,0.4581735350416969,0.0,150,43.859649122807014
Tumor,Stromal cells,Stalk-like ECs,CDH1,342,0.024655789129761775,0.0,13,3.8011695906432745
Tumor,Stromal cells,Stalk-like ECs,EPCAM,342,0.2078454424248167,0.0,70,20.46783625730994
Tumor,Stromal cells,Stalk-like ECs,VIM,342,3.4583382480196216,3.5592739135660354,336,98.24561403508771
Tumor,Stromal cells,Stalk-like ECs,ZEB1,342,0.42914978722623387,0.0,139,40.643274853801174
Tumor,Stromal cells,Stalk-like ECs,SNAI1,342,0.2763620753514906,0.0,93,27.192982456140353
Tumor,Stromal cells,Stalk-like ECs,SNAI2,342,0.028623343349243498,0.0,11,3.216374269005848
Tumor,Stromal cells,Stalk-like ECs,TWIST1,342,0.0,0.0,0,0.0
Tumor,Stromal cells,Stromal 1,FAP,73,0.3820655508902039,0.0,30,41.0958904109589
Tumor,Stromal cells,Stromal 1,COL1A1,73,3.372982862753815,3.8472614558033675,69,94.52054794520548
Tumor,Stromal cells,Stromal 1,COL1A2,73,3.4970057772900227,3.5701198647336048,72,98.63013698630137
Tumor,Stromal cells,Stromal 1,COL3A1,73,3.2667838702427168,3.3311942210934458,71,97.26027397260275
Tumor,Stromal cells,Stromal 1,FN1,73,1.323103519246108,1.3423566580884705,54,73.97260273972603
Tumor,Stromal cells,Stromal 1,POSTN,73,1.3862799126449485,1.4447910281658545,55,75.34246575342466
Tumor,Stromal cells,Stromal 1,ACTA2,73,1.1086162168583296,0.9742110951692482,42,57.534246575342465
Tumor,Stromal cells,Stromal 1,TAGLN,73,1.6960767650932975,1.8659635303096247,54,73.97260273972603
Tumor,Stromal cells,Stromal 1,CXCL12,73,0.38839566464272957,0.0,23,31.506849315068493
Tumor,Stromal cells,Stromal 1,CCL2,73,1.6036642242885497,1.2899536386420454,46,63.013698630136986
Tumor,Stromal cells,Stromal 1,CD74,73,1.3617007371247056,1.3220309053120691,60,82.1917808219178
Tumor,Stromal cells,Stromal 1,HLA-DRA,73,0.6833274890178849,0.6329502470121944,43,58.9041095890411
Tumor,Stromal cells,Stromal 1,CLDN1,73,0.020474064922450557,0.0,3,4.10958904109589
Tumor,Stromal cells,Stromal 1,CLDN2,73,0.0040481669083502585,0.0,1,1.36986301369863
Tumor,Stromal cells,Stromal 1,CLDN3,73,0.1636413682123552,0.0,17,23.28767123287671
Tumor,Stromal cells,Stromal 1,CLDN4,73,0.4400215649125488,0.0,29,39.726027397260275
Tumor,Stromal cells,Stromal 1,CLDN7,73,0.04540816193277582,0.0,5,6.8493150684931505
Tumor,Stromal cells,Stromal 1,CLDN18,73,0.0,0.0,0,0.0
Tumor,Stromal cells,Stromal 1,OCLN,73,0.05562845065415091,0.0,4,5.47945205479452
Tumor,Stromal cells,Stromal 1,TJP1,73,0.19169312065432323,0.0,18,24.65753424657534
Tumor,Stromal cells,Stromal 1,CDH1,73,0.04739220046145939,0.0,4,5.47945205479452
Tumor,Stromal cells,Stromal 1,EPCAM,73,0.21571021103177876,0.0,19,26.027397260273972
Tumor,Stromal cells,Stromal 1,VIM,73,3.1847405961838096,3.318142306485801,73,100.0
Tumor,Stromal cells,Stromal 1,ZEB1,73,0.2632530281166275,0.0,26,35.61643835616438
Tumor,Stromal cells,Stromal 1,SNAI1,73,0.12777373002456208,0.0,11,15.068493150684931
Tumor,Stromal cells,Stromal 1,SNAI2,73,0.2645181693488668,0.0,24,32.87671232876712
Tumor,Stromal cells,Stromal 1,TWIST1,73,0.18609913611522377,0.0,16,21.91780821917808
Tumor,Stromal cells,Stromal 2,FAP,158,0.16302441677792917,0.0,31,19.62025316455696
Tumor,Stromal cells,Stromal 2,COL1A1,158,3.1303220967902847,3.3998025000812797,147,93.0379746835443
Tumor,Stromal cells,Stromal 2,COL1A2,158,3.307660752578179,3.5625036312620892,155,98.10126582278481
Tumor,Stromal cells,Stromal 2,COL3A1,158,3.2136804221239545,3.6328499524383364,150,94.9367088607595
Tumor,Stromal cells,Stromal 2,FN1,158,0.6426110196866074,0.44600347596592677,81,51.26582278481012
Tumor,Stromal cells,Stromal 2,POSTN,158,1.2826989625935628,1.2419557846693727,106,67.08860759493672
Tumor,Stromal cells,Stromal 2,ACTA2,158,1.0009983618554188,0.565455000780188,90,56.9620253164557
Tumor,Stromal cells,Stromal 2,TAGLN,158,1.5306072349855666,1.2878763935852946,103,65.18987341772153
Tumor,Stromal cells,Stromal 2,CXCL12,158,0.24639853171747336,0.0,36,22.78481012658228
Tumor,Stromal cells,Stromal 2,CCL2,158,1.4057937600111639,1.2259684383837586,100,63.29113924050633
Tumor,Stromal cells,Stromal 2,CD74,158,0.637564802442301,0.5713374493945604,90,56.9620253164557
Tumor,Stromal cells,Stromal 2,HLA-DRA,158,0.26105499630721074,0.0,55,34.810126582278485
Tumor,Stromal cells,Stromal 2,CLDN1,158,0.004336356781393732,0.0,1,0.6329113924050633
Tumor,Stromal cells,Stromal 2,CLDN2,158,0.0064827559134696495,0.0,1,0.6329113924050633
Tumor,Stromal cells,Stromal 2,CLDN3,158,0.26061554188560987,0.0,47,29.746835443037973
Tumor,Stromal cells,Stromal 2,CLDN4,158,0.437876742979589,0.0,74,46.835443037974684
Tumor,Stromal cells,Stromal 2,CLDN7,158,0.0739046963215786,0.0,16,10.126582278481013
Tumor,Stromal cells,Stromal 2,CLDN18,158,0.0,0.0,0,0.0
Tumor,Stromal cells,Stromal 2,OCLN,158,0.0196736271316375,0.0,5,3.1645569620253164
Tumor,Stromal cells,Stromal 2,TJP1,158,0.27516190918118044,0.0,55,34.810126582278485
Tumor,Stromal cells,Stromal 2,CDH1,158,0.023200384225849396,0.0,6,3.79746835443038
Tumor,Stromal cells,Stromal 2,EPCAM,158,0.27672057472747985,0.0,52,32.91139240506329
Tumor,Stromal cells,Stromal 2,VIM,158,3.091154402161961,3.126557751798608,157,99.36708860759494
Tumor,Stromal cells,Stromal 2,ZEB1,158,0.5656403147079349,0.5665466960854362,90,56.9620253164557
Tumor,Stromal cells,Stromal 2,SNAI1,158,0.17478293070323278,0.0,35,22.151898734177212
Tumor,Stromal cells,Stromal 2,SNAI2,158,0.5716322797633635,0.414821022773166,83,52.53164556962025
Tumor,Stromal cells,Stromal 2,TWIST1,158,0.16141160384156844,0.0,31,19.62025316455696
Tumor,Stromal cells,Stromal 3,FAP,124,0.4373813178816095,0.34774655488457185,71,57.25806451612904
Tumor,Stromal cells,Stromal 3,COL1A1,124,4.298785647433183,4.463120842283253,123,99.19354838709677
Tumor,Stromal cells,Stromal 3,COL1A2,124,3.87295638797944,4.055702580302171,124,100.0
Tumor,Stromal cells,Stromal 3,COL3A1,124,4.007122435063592,4.347308006916199,122,98.38709677419355
Tumor,Stromal cells,Stromal 3,FN1,124,1.3318183760725468,1.2570253332962462,105,84.67741935483872
Tumor,Stromal cells,Stromal 3,POSTN,124,0.2723927815370268,0.0,35,28.225806451612907
Tumor,Stromal cells,Stromal 3,ACTA2,124,1.2743998551719344,0.753495070115997,84,67.74193548387096
Tumor,Stromal cells,Stromal 3,TAGLN,124,1.9399921002652192,2.003761087818231,102,82.25806451612904
Tumor,Stromal cells,Stromal 3,CXCL12,124,1.0613766939379747,1.1177044548680035,106,85.48387096774194
Tumor,Stromal cells,Stromal 3,CCL2,124,1.876197037094473,1.7406018567454042,104,83.87096774193549
Tumor,Stromal cells,Stromal 3,CD74,124,0.7965370212553128,0.643166314534099,93,75.0
Tumor,Stromal cells,Stromal 3,HLA-DRA,124,0.34838826816977275,0.0,54,43.54838709677419
Tumor,Stromal cells,Stromal 3,CLDN1,124,0.388200141284859,0.0,53,42.74193548387097
Tumor,Stromal cells,Stromal 3,CLDN2,124,0.011052688881028496,0.0,4,3.225806451612903
Tumor,Stromal cells,Stromal 3,CLDN3,124,0.05734725362617449,0.0,15,12.096774193548388
Tumor,Stromal cells,Stromal 3,CLDN4,124,0.24014563622473808,0.0,51,41.12903225806452
Tumor,Stromal cells,Stromal 3,CLDN7,124,0.08702330555347942,0.0,24,19.35483870967742
Tumor,Stromal cells,Stromal 3,CLDN18,124,0.0,0.0,0,0.0
Tumor,Stromal cells,Stromal 3,OCLN,124,0.019901084710031953,0.0,4,3.225806451612903
Tumor,Stromal cells,Stromal 3,TJP1,124,0.29742408402105724,0.24374375978612156,64,51.61290322580645
Tumor,Stromal cells,Stromal 3,CDH1,124,0.02609236642595803,0.0,5,4.032258064516129
Tumor,Stromal cells,Stromal 3,EPCAM,124,0.2752256601025356,0.0,58,46.774193548387096
Tumor,Stromal cells,Stromal 3,VIM,124,3.9173337364047827,4.009155915286751,124,100.0
Tumor,Stromal cells,Stromal 3,ZEB1,124,0.1984157552680647,0.0,37,29.838709677419356
Tumor,Stromal cells,Stromal 3,SNAI1,124,0.14998617005702788,0.0,32,25.806451612903224
Tumor,Stromal cells,Stromal 3,SNAI2,124,0.2316159977765124,0.0,39,31.451612903225808
Tumor,Stromal cells,Stromal 3,TWIST1,124,0.28104622191612544,0.0,40,32.25806451612903
Tumor,Stromal cells,Tip-like ECs,FAP,354,0.19327341723987426,0.0,92,25.98870056497175
Tumor,Stromal cells,Tip-like ECs,COL1A1,354,0.2627884244293778,0.0,85,24.01129943502825
Tumor,Stromal cells,Tip-like ECs,COL1A2,354,0.2962518531194921,0.0,92,25.98870056497175
Tumor,Stromal cells,Tip-like ECs,COL3A1,354,0.30575416252860205,0.0,102,28.8135593220339
Tumor,Stromal cells,Tip-like ECs,FN1,354,0.7300824677008183,0.5139899892199118,193,54.51977401129944
Tumor,Stromal cells,Tip-like ECs,POSTN,354,0.06237429431274183,0.0,25,7.062146892655368
Tumor,Stromal cells,Tip-like ECs,ACTA2,354,0.11496507792885119,0.0,42,11.864406779661017
Tumor,Stromal cells,Tip-like ECs,TAGLN,354,0.495933953314941,0.0,124,35.02824858757062
Tumor,Stromal cells,Tip-like ECs,CXCL12,354,0.7865976526515079,0.45474186739787525,187,52.824858757062145
Tumor,Stromal cells,Tip-like ECs,CCL2,354,1.0893584917384869,0.5098255575546202,187,52.824858757062145
Tumor,Stromal cells,Tip-like ECs,CD74,354,1.5502750117205133,1.4945808763223063,271,76.55367231638418
Tumor,Stromal cells,Tip-like ECs,HLA-DRA,354,0.8547208856334034,0.6776360176867349,215,60.73446327683616
Tumor,Stromal cells,Tip-like ECs,CLDN1,354,0.014603877944242753,0.0,7,1.977401129943503
Tumor,Stromal cells,Tip-like ECs,CLDN2,354,0.0,0.0,0,0.0
Tumor,Stromal cells,Tip-like ECs,CLDN3,354,0.23288816295135148,0.0,98,27.683615819209038
Tumor,Stromal cells,Tip-like ECs,CLDN4,354,0.4154813389475384,0.0,174,49.152542372881356
Tumor,Stromal cells,Tip-like ECs,CLDN7,354,0.08706900214951908,0.0,43,12.146892655367232
Tumor,Stromal cells,Tip-like ECs,CLDN18,354,0.0019513643475397233,0.0,2,0.5649717514124294
Tumor,Stromal cells,Tip-like ECs,OCLN,354,0.025149691162465064,0.0,17,4.80225988700565
Tumor,Stromal cells,Tip-like ECs,TJP1,354,0.577605129344953,0.6016159814033731,211,59.6045197740113
Tumor,Stromal cells,Tip-like ECs,CDH1,354,0.02169683518750488,0.0,14,3.954802259887006
Tumor,Stromal cells,Tip-like ECs,EPCAM,354,0.253001658176436,0.0,115,32.48587570621469
Tumor,Stromal cells,Tip-like ECs,VIM,354,3.56683861791547,3.673181873524383,352,99.43502824858757
Tumor,Stromal cells,Tip-like ECs,ZEB1,354,0.5901166742332915,0.6313703545989249,216,61.016949152542374
Tumor,Stromal cells,Tip-like ECs,SNAI1,354,0.4145810838645017,0.0,167,47.175141242937855
Tumor,Stromal cells,Tip-like ECs,SNAI2,354,0.08099347492798381,0.0,49,13.841807909604519
Tumor,Stromal cells,Tip-like ECs,TWIST1,354,0.005900586059898327,0.0,4,1.1299435028248588
Tumor,T cells,CD4+ T cells,FAP,3980,0.001880116538251064,0.0,5,0.12562814070351758
Tumor,T cells,CD4+ T cells,COL1A1,3980,0.060399824039374654,0.0,164,4.1206030150753765
Tumor,T cells,CD4+ T cells,COL1A2,3980,0.04849751576232368,0.0,128,3.2160804020100504
Tumor,T cells,CD4+ T cells,COL3A1,3980,0.05162633514681701,0.0,133,3.341708542713568
Tumor,T cells,CD4+ T cells,FN1,3980,0.023661532508601722,0.0,64,1.6080402010050252
Tumor,T cells,CD4+ T cells,POSTN,3980,0.004379922037074844,0.0,12,0.3015075376884422
Tumor,T cells,CD4+ T cells,ACTA2,3980,0.03535323091097962,0.0,94,2.3618090452261304
Tumor,T cells,CD4+ T cells,TAGLN,3980,0.02510247416186457,0.0,64,1.6080402010050252
Tumor,T cells,CD4+ T cells,CXCL12,3980,0.0007307155618878272,0.0,2,0.05025125628140704
Tumor,T cells,CD4+ T cells,CCL2,3980,0.022227182152859373,0.0,63,1.5829145728643215
Tumor,T cells,CD4+ T cells,CD74,3980,1.144637491503927,1.3661261692320723,2238,56.23115577889447
Tumor,T cells,CD4+ T cells,HLA-DRA,3980,0.34072347507212186,0.0,778,19.547738693467338
Tumor,T cells,CD4+ T cells,CLDN1,3980,0.006555139829854584,0.0,18,0.4522613065326633
Tumor,T cells,CD4+ T cells,CLDN2,3980,0.00108260999979682,0.0,3,0.07537688442211055
Tumor,T cells,CD4+ T cells,CLDN3,3980,0.19295680813008975,0.0,484,12.160804020100501
Tumor,T cells,CD4+ T cells,CLDN4,3980,0.32235216019488644,0.0,787,19.77386934673367
Tumor,T cells,CD4+ T cells,CLDN7,3980,0.04377343657287289,0.0,113,2.8391959798994977
Tumor,T cells,CD4+ T cells,CLDN18,3980,0.0,0.0,0,0.0
Tumor,T cells,CD4+ T cells,OCLN,3980,0.013428939755511354,0.0,34,0.8542713567839196
Tumor,T cells,CD4+ T cells,TJP1,3980,0.005978865945829936,0.0,15,0.37688442211055273
Tumor,T cells,CD4+ T cells,CDH1,3980,0.011502021647573165,0.0,30,0.7537688442211055
Tumor,T cells,CD4+ T cells,EPCAM,3980,0.14135160567481697,0.0,352,8.84422110552764
Tumor,T cells,CD4+ T cells,VIM,3980,1.997730639955025,2.2258174260379597,3110,78.14070351758794
Tumor,T cells,CD4+ T cells,ZEB1,3980,0.0985250572613513,0.0,258,6.482412060301508
Tumor,T cells,CD4+ T cells,SNAI1,3980,0.00955123172901204,0.0,26,0.6532663316582915
Tumor,T cells,CD4+ T cells,SNAI2,3980,0.00027939423589595796,0.0,1,0.02512562814070352
Tumor,T cells,CD4+ T cells,TWIST1,3980,0.0,0.0,0,0.0
Tumor,T cells,CD8+ T cells,FAP,4647,0.0018269923124994588,0.0,6,0.12911555842479017
Tumor,T cells,CD8+ T cells,COL1A1,4647,0.05255031753918345,0.0,147,3.1633311814073597
Tumor,T cells,CD8+ T cells,COL1A2,4647,0.045654789308154684,0.0,130,2.797503765870454
Tumor,T cells,CD8+ T cells,COL3A1,4647,0.05211845052620989,0.0,149,3.2063697008822896
Tumor,T cells,CD8+ T cells,FN1,4647,0.01702692517801969,0.0,51,1.0974822466107166
Tumor,T cells,CD8+ T cells,POSTN,4647,0.009958931104110027,0.0,30,0.6455777921239509
Tumor,T cells,CD8+ T cells,ACTA2,4647,0.059422604530452394,0.0,167,3.59371637615666
Tumor,T cells,CD8+ T cells,TAGLN,4647,0.026551875924122642,0.0,77,1.6569829997848073
Tumor,T cells,CD8+ T cells,CXCL12,4647,0.0020103099120585403,0.0,5,0.10759629868732515
Tumor,T cells,CD8+ T cells,CCL2,4647,0.028363700059727524,0.0,83,1.7860985582095974
Tumor,T cells,CD8+ T cells,CD74,4647,2.2735698480101356,2.5492178053237784,3814,82.07445663869163
Tumor,T cells,CD8+ T cells,HLA-DRA,4647,1.4177979618641947,1.6960484967395113,2747,59.113406498816445
Tumor,T cells,CD8+ T cells,CLDN1,4647,0.005181535366910444,0.0,15,0.32278889606197547
Tumor,T cells,CD8+ T cells,CLDN2,4647,0.0020160881002295157,0.0,5,0.10759629868732515
Tumor,T cells,CD8+ T cells,CLDN3,4647,0.1627070872544485,0.0,432,9.296320206584893
Tumor,T cells,CD8+ T cells,CLDN4,4647,0.30027806290435594,0.0,779,16.763503335485257
Tumor,T cells,CD8+ T cells,CLDN7,4647,0.04987833640644718,0.0,134,2.883580804820314
Tumor,T cells,CD8+ T cells,CLDN18,4647,0.0,0.0,0,0.0
Tumor,T cells,CD8+ T cells,OCLN,4647,0.01585644536445023,0.0,42,0.9038089089735314
Tumor,T cells,CD8+ T cells,TJP1,4647,0.003456623939168142,0.0,9,0.19367333763718528
Tumor,T cells,CD8+ T cells,CDH1,4647,0.018805929051700098,0.0,50,1.0759629868732516
Tumor,T cells,CD8+ T cells,EPCAM,4647,0.16361363957326427,0.0,433,9.317839466322358
Tumor,T cells,CD8+ T cells,VIM,4647,1.7472864212678239,2.0700485347172295,3207,69.01226597805035
Tumor,T cells,CD8+ T cells,ZEB1,4647,0.09279093208023396,0.0,260,5.595007531740908
Tumor,T cells,CD8+ T cells,SNAI1,4647,0.008923681199516193,0.0,26,0.5595007531740909
Tumor,T cells,CD8+ T cells,SNAI2,4647,0.000799824437135011,0.0,3,0.06455777921239508
Tumor,T cells,CD8+ T cells,TWIST1,4647,0.00044887962759460547,0.0,1,0.021519259737465032
Tumor,T cells,NK cells,FAP,948,0.003970963760636201,0.0,2,0.21097046413502107
Tumor,T cells,NK cells,COL1A1,948,0.07442341755228973,0.0,42,4.430379746835443
Tumor,T cells,NK cells,COL1A2,948,0.06051688322852371,0.0,35,3.691983122362869
Tumor,T cells,NK cells,COL3A1,948,0.06186402068038665,0.0,35,3.691983122362869
Tumor,T cells,NK cells,FN1,948,0.021895872596414814,0.0,14,1.4767932489451476
Tumor,T cells,NK cells,POSTN,948,0.011226211332366834,0.0,7,0.7383966244725738
Tumor,T cells,NK cells,ACTA2,948,0.058742546371157826,0.0,35,3.691983122362869
Tumor,T cells,NK cells,TAGLN,948,0.02848967393096681,0.0,16,1.6877637130801686
Tumor,T cells,NK cells,CXCL12,948,0.0,0.0,0,0.0
Tumor,T cells,NK cells,CCL2,948,0.02022739857884971,0.0,12,1.2658227848101267
Tumor,T cells,NK cells,CD74,948,1.5845975421539595,1.822624437509798,657,69.30379746835443
Tumor,T cells,NK cells,HLA-DRA,948,0.5847078331637525,0.0,274,28.902953586497894
Tumor,T cells,NK cells,CLDN1,948,0.007619381436945982,0.0,4,0.42194092827004215
Tumor,T cells,NK cells,CLDN2,948,0.001554386140917256,0.0,1,0.10548523206751054
Tumor,T cells,NK cells,CLDN3,948,0.14885154527174532,0.0,84,8.860759493670885
Tumor,T cells,NK cells,CLDN4,948,0.29332687990543915,0.0,163,17.19409282700422
Tumor,T cells,NK cells,CLDN7,948,0.06184424809392721,0.0,36,3.79746835443038
Tumor,T cells,NK cells,CLDN18,948,0.0,0.0,0,0.0
Tumor,T cells,NK cells,OCLN,948,0.0068716230053287594,0.0,4,0.42194092827004215
Tumor,T cells,NK cells,TJP1,948,0.004767919109011468,0.0,3,0.31645569620253167
Tumor,T cells,NK cells,CDH1,948,0.017565247522012873,0.0,11,1.160337552742616
Tumor,T cells,NK cells,EPCAM,948,0.1395598899511029,0.0,79,8.333333333333332
Tumor,T cells,NK cells,VIM,948,1.7783762166889066,2.032422797991245,678,71.51898734177216
Tumor,T cells,NK cells,ZEB1,948,0.06374777324973478,0.0,37,3.9029535864978904
Tumor,T cells,NK cells,SNAI1,948,0.025296008028156222,0.0,16,1.6877637130801686
Tumor,T cells,NK cells,SNAI2,948,0.0,0.0,0,0.0
Tumor,T cells,NK cells,TWIST1,948,0.0,0.0,0,0.0
Tumor,T cells,Regulatory T cells,FAP,2943,0.0022331278045568024,0.0,4,0.13591573224600748
Tumor,T cells,Regulatory T cells,COL1A1,2943,0.08982304709662135,0.0,174,5.9123343527013255
Tumor,T cells,Regulatory T cells,COL1A2,2943,0.056085789716754667,0.0,110,3.737682636765206
Tumor,T cells,Regulatory T cells,COL3A1,2943,0.06528492171697445,0.0,126,4.281345565749235
Tumor,T cells,Regulatory T cells,FN1,2943,0.030709939496985052,0.0,65,2.2086306489976217
Tumor,T cells,Regulatory T cells,POSTN,2943,0.012627671152645008,0.0,27,0.9174311926605505
Tumor,T cells,Regulatory T cells,ACTA2,2943,0.13895727109059733,0.0,272,9.242269792728507
Tumor,T cells,Regulatory T cells,TAGLN,2943,0.03770088950909512,0.0,76,2.582398912674142
Tumor,T cells,Regulatory T cells,CXCL12,2943,0.0007233897483590105,0.0,2,0.06795786612300374
Tumor,T cells,Regulatory T cells,CCL2,2943,0.02799694570754267,0.0,56,1.9028202514441046
Tumor,T cells,Regulatory T cells,CD74,2943,2.046018838703187,2.260575495948261,2423,82.33095480801903
Tumor,T cells,Regulatory T cells,HLA-DRA,2943,0.6248767971560188,0.0,966,32.82364933741081
Tumor,T cells,Regulatory T cells,CLDN1,2943,0.005535804453768086,0.0,10,0.33978933061501865
Tumor,T cells,Regulatory T cells,CLDN2,2943,0.0020597570441344207,0.0,4,0.13591573224600748
Tumor,T cells,Regulatory T cells,CLDN3,2943,0.14373680334440336,0.0,259,8.800543662928984
Tumor,T cells,Regulatory T cells,CLDN4,2943,0.2558996621991902,0.0,453,15.392456676860347
Tumor,T cells,Regulatory T cells,CLDN7,2943,0.05646673042169018,0.0,103,3.4998301053346927
Tumor,T cells,Regulatory T cells,CLDN18,2943,0.0,0.0,0,0.0
Tumor,T cells,Regulatory T cells,OCLN,2943,0.015414955955197636,0.0,30,1.019367991845056
Tumor,T cells,Regulatory T cells,TJP1,2943,0.009158147907158718,0.0,17,0.5776418620455317
Tumor,T cells,Regulatory T cells,CDH1,2943,0.0185828076794044,0.0,37,1.257220523275569
Tumor,T cells,Regulatory T cells,EPCAM,2943,0.13766227348028914,0.0,251,8.528712198436969
Tumor,T cells,Regulatory T cells,VIM,2943,1.608626700608925,1.8728182650499772,2053,69.75874957526334
Tumor,T cells,Regulatory T cells,ZEB1,2943,0.16753749028099776,0.0,311,10.567448182127082
Tumor,T cells,Regulatory T cells,SNAI1,2943,0.016046067034562645,0.0,33,1.1213047910295617
Tumor,T cells,Regulatory T cells,SNAI2,2943,0.0,0.0,0,0.0
Tumor,T cells,Regulatory T cells,TWIST1,2943,0.005423221738391057,0.0,11,0.37376826367652055
Tumor,T cells,T follicular helper cells,FAP,548,0.0,0.0,0,0.0
Tumor,T cells,T follicular helper cells,COL1A1,548,0.062126328596675336,0.0,23,4.197080291970803
Tumor,T cells,T follicular helper cells,COL1A2,548,0.052780989408578276,0.0,20,3.64963503649635
Tumor,T cells,T follicular helper cells,COL3A1,548,0.03783241318314257,0.0,15,2.737226277372263
Tumor,T cells,T follicular helper cells,FN1,548,0.03524611703015164,0.0,14,2.5547445255474455
Tumor,T cells,T follicular helper cells,POSTN,548,0.010960090501412643,0.0,4,0.7299270072992701
Tumor,T cells,T follicular helper cells,ACTA2,548,0.10234678162049161,0.0,39,7.116788321167883
Tumor,T cells,T follicular helper cells,TAGLN,548,0.022156545570769823,0.0,9,1.6423357664233578
Tumor,T cells,T follicular helper cells,CXCL12,548,0.0,0.0,0,0.0
Tumor,T cells,T follicular helper cells,CCL2,548,0.02275906428092154,0.0,8,1.4598540145985401
Tumor,T cells,T follicular helper cells,CD74,548,1.5433803090937714,1.7987537441773962,372,67.88321167883211
Tumor,T cells,T follicular helper cells,HLA-DRA,548,0.5972916389382011,0.0,187,34.12408759124087
Tumor,T cells,T follicular helper cells,CLDN1,548,0.0,0.0,0,0.0
Tumor,T cells,T follicular helper cells,CLDN2,548,0.0,0.0,0,0.0
Tumor,T cells,T follicular helper cells,CLDN3,548,0.1743037059297521,0.0,61,11.13138686131387
Tumor,T cells,T follicular helper cells,CLDN4,548,0.25910693764128795,0.0,89,16.240875912408757
Tumor,T cells,T follicular helper cells,CLDN7,548,0.02576757966707548,0.0,10,1.824817518248175
Tumor,T cells,T follicular helper cells,CLDN18,548,0.0,0.0,0,0.0
Tumor,T cells,T follicular helper cells,OCLN,548,0.016988958662473703,0.0,6,1.094890510948905
Tumor,T cells,T follicular helper cells,TJP1,548,0.003757786487371738,0.0,2,0.36496350364963503
Tumor,T cells,T follicular helper cells,CDH1,548,0.01426038446462084,0.0,5,0.9124087591240875
Tumor,T cells,T follicular helper cells,EPCAM,548,0.18098664513512824,0.0,64,11.678832116788321
Tumor,T cells,T follicular helper cells,VIM,548,1.134179477456431,1.2554312786042872,290,52.919708029197075
Tumor,T cells,T follicular helper cells,ZEB1,548,0.165830401511374,0.0,58,10.583941605839415
Tumor,T cells,T follicular helper cells,SNAI1,548,0.016216074018122126,0.0,5,0.9124087591240875
Tumor,T cells,T follicular helper cells,SNAI2,548,0.0,0.0,0,0.0
Tumor,T cells,T follicular helper cells,TWIST1,548,0.03315824866902877,0.0,11,2.0072992700729926
Tumor,T cells,T helper 17 cells,FAP,1961,0.0013184277617850576,0.0,2,0.10198878123406425
Tumor,T cells,T helper 17 cells,COL1A1,1961,0.04566759858328079,0.0,59,3.0086690464048953
Tumor,T cells,T helper 17 cells,COL1A2,1961,0.03826386155128419,0.0,50,2.5497195308516063
Tumor,T cells,T helper 17 cells,COL3A1,1961,0.036121792694318276,0.0,48,2.4477307496175422
Tumor,T cells,T helper 17 cells,FN1,1961,0.017285960207512743,0.0,23,1.1728709841917389
Tumor,T cells,T helper 17 cells,POSTN,1961,0.003575974763117276,0.0,5,0.25497195308516063
Tumor,T cells,T helper 17 cells,ACTA2,1961,0.06484805461214833,0.0,89,4.5385007649158595
Tumor,T cells,T helper 17 cells,TAGLN,1961,0.014879812840683423,0.0,20,1.0198878123406425
Tumor,T cells,T helper 17 cells,CXCL12,1961,0.0,0.0,0,0.0
Tumor,T cells,T helper 17 cells,CCL2,1961,0.017511930006903723,0.0,24,1.2238653748087711
Tumor,T cells,T helper 17 cells,CD74,1961,1.6658194213295927,1.855319896221983,1447,73.7888832228455
Tumor,T cells,T helper 17 cells,HLA-DRA,1961,0.6098976465379959,0.0,641,32.687404385517596
Tumor,T cells,T helper 17 cells,CLDN1,1961,0.007031041256490461,0.0,10,0.5099439061703213
Tumor,T cells,T helper 17 cells,CLDN2,1961,0.0018878784491966696,0.0,2,0.10198878123406425
Tumor,T cells,T helper 17 cells,CLDN3,1961,0.1934614283009766,0.0,246,12.544620091789904
Tumor,T cells,T helper 17 cells,CLDN4,1961,0.3511719255313426,0.0,440,22.437531871494134
Tumor,T cells,T helper 17 cells,CLDN7,1961,0.04249452222472406,0.0,59,3.0086690464048953
Tumor,T cells,T helper 17 cells,CLDN18,1961,0.0,0.0,0,0.0
Tumor,T cells,T helper 17 cells,OCLN,1961,0.010139213119587662,0.0,14,0.7139214686384497
Tumor,T cells,T helper 17 cells,TJP1,1961,0.004814399337945131,0.0,6,0.3059663437021928
Tumor,T cells,T helper 17 cells,CDH1,1961,0.01948898545653641,0.0,26,1.3258541560428354
Tumor,T cells,T helper 17 cells,EPCAM,1961,0.20247970800671303,0.0,274,13.972463029066803
Tumor,T cells,T helper 17 cells,VIM,1961,2.0471131432196503,2.282669783293104,1569,80.0101988781234
Tumor,T cells,T helper 17 cells,ZEB1,1961,0.08117886742512594,0.0,109,5.558388577256502
Tumor,T cells,T helper 17 cells,SNAI1,1961,0.0019509824158448477,0.0,3,0.1529831718510964
Tumor,T cells,T helper 17 cells,SNAI2,1961,0.0008498292809710411,0.0,1,0.05099439061703213
Tumor,T cells,T helper 17 cells,TWIST1,1961,0.0,0.0,0,0.0
Tumor,T cells,Unknown,FAP,1493,0.008154254504878838,0.0,8,0.5358338914936369
Tumor,T cells,Unknown,COL1A1,1493,0.164644475824344,0.0,150,10.046885465505694
Tumor,T cells,Unknown,COL1A2,1493,0.1008570628705255,0.0,98,6.5639651707970526
Tumor,T cells,Unknown,COL3A1,1493,0.14157943612866236,0.0,128,8.57334226389819
Tumor,T cells,Unknown,FN1,1493,0.038605012862030295,0.0,36,2.4112525117213663
Tumor,T cells,Unknown,POSTN,1493,0.032263966188694586,0.0,31,2.0763563295378433
Tumor,T cells,Unknown,ACTA2,1493,0.09526748579991359,0.0,93,6.22906898861353
Tumor,T cells,Unknown,TAGLN,1493,0.06319938920666165,0.0,58,3.884795713328868
Tumor,T cells,Unknown,CXCL12,1493,0.003548469488092622,0.0,3,0.20093770931011384
Tumor,T cells,Unknown,CCL2,1493,0.0329554193264594,0.0,31,2.0763563295378433
Tumor,T cells,Unknown,CD74,1493,1.6464505730380803,1.8289575503591082,1051,70.39517749497655
Tumor,T cells,Unknown,HLA-DRA,1493,0.7697613752860323,0.0,560,37.50837240455459
Tumor,T cells,Unknown,CLDN1,1493,0.008749042483315235,0.0,8,0.5358338914936369
Tumor,T cells,Unknown,CLDN2,1493,0.0,0.0,0,0.0
Tumor,T cells,Unknown,CLDN3,1493,0.1374167632597778,0.0,114,7.635632953784327
Tumor,T cells,Unknown,CLDN4,1493,0.2589688180551294,0.0,215,14.400535833891492
Tumor,T cells,Unknown,CLDN7,1493,0.042683587747266175,0.0,39,2.6121902210314802
Tumor,T cells,Unknown,CLDN18,1493,0.0021043735663968887,0.0,2,0.13395847287340923
Tumor,T cells,Unknown,OCLN,1493,0.004499037881884844,0.0,4,0.26791694574681846
Tumor,T cells,Unknown,TJP1,1493,0.002132839343644184,0.0,2,0.13395847287340923
Tumor,T cells,Unknown,CDH1,1493,0.009144167159631915,0.0,9,0.6028131279303416
Tumor,T cells,Unknown,EPCAM,1493,0.1576686891781497,0.0,141,9.444072337575351
Tumor,T cells,Unknown,VIM,1493,1.870863660566044,2.110729658335422,1154,77.29403884795714
Tumor,T cells,Unknown,ZEB1,1493,0.07621036817251237,0.0,71,4.755525787006029
Tumor,T cells,Unknown,SNAI1,1493,0.02130015529323725,0.0,21,1.406563965170797
Tumor,T cells,Unknown,SNAI2,1493,0.0,0.0,0,0.0
Tumor,T cells,Unknown,TWIST1,1493,0.0035721075711501638,0.0,4,0.26791694574681846
Tumor,T cells,gamma delta T cells,FAP,219,0.0,0.0,0,0.0
Tumor,T cells,gamma delta T cells,COL1A1,219,0.02179538252683801,0.0,3,1.36986301369863
Tumor,T cells,gamma delta T cells,COL1A2,219,0.00767067983452733,0.0,1,0.45662100456621
Tumor,T cells,gamma delta T cells,COL3A1,219,0.0,0.0,0,0.0
Tumor,T cells,gamma delta T cells,FN1,219,0.017246632565163508,0.0,2,0.91324200913242
Tumor,T cells,gamma delta T cells,POSTN,219,0.0,0.0,0,0.0
Tumor,T cells,gamma delta T cells,ACTA2,219,0.0,0.0,0,0.0
Tumor,T cells,gamma delta T cells,TAGLN,219,0.0,0.0,0,0.0
Tumor,T cells,gamma delta T cells,CXCL12,219,0.0,0.0,0,0.0
Tumor,T cells,gamma delta T cells,CCL2,219,0.027614497438638128,0.0,3,1.36986301369863
Tumor,T cells,gamma delta T cells,CD74,219,0.8473728264875517,0.0,87,39.726027397260275
Tumor,T cells,gamma delta T cells,HLA-DRA,219,0.23454159290394863,0.0,26,11.87214611872146
Tumor,T cells,gamma delta T cells,CLDN1,219,0.008319500805370852,0.0,1,0.45662100456621
Tumor,T cells,gamma delta T cells,CLDN2,219,0.0,0.0,0,0.0
Tumor,T cells,gamma delta T cells,CLDN3,219,0.17274233584503562,0.0,19,8.67579908675799
Tumor,T cells,gamma delta T cells,CLDN4,219,0.2566199094697928,0.0,29,13.24200913242009
Tumor,T cells,gamma delta T cells,CLDN7,219,0.03632159317346098,0.0,4,1.82648401826484
Tumor,T cells,gamma delta T cells,CLDN18,219,0.0,0.0,0,0.0
Tumor,T cells,gamma delta T cells,OCLN,219,0.0,0.0,0,0.0
Tumor,T cells,gamma delta T cells,TJP1,219,0.0,0.0,0,0.0
Tumor,T cells,gamma delta T cells,CDH1,219,0.006015565664704217,0.0,1,0.45662100456621
Tumor,T cells,gamma delta T cells,EPCAM,219,0.12374072684811056,0.0,14,6.392694063926941
Tumor,T cells,gamma delta T cells,VIM,219,1.8474726631281355,2.092767423913509,155,70.77625570776256
Tumor,T cells,gamma delta T cells,ZEB1,219,0.06576297594961643,0.0,7,3.1963470319634704
Tumor,T cells,gamma delta T cells,SNAI1,219,0.008060175674264836,0.0,1,0.45662100456621
Tumor,T cells,gamma delta T cells,SNAI2,219,0.0,0.0,0,0.0
Tumor,T cells,gamma delta T cells,TWIST1,219,0.0,0.0,0,0.0
