cell,patient,Sample,original_subtype,nCount_RNA,MKI67,FAP_detected,SenMayo_zmean,SenMayo,Troph_MMPplus_source,Troph_MMPplus_purged,Troph_MMPminus_source,Troph_MMPminus_purged,Telocyte_CAF_source,Telocyte_CAF_purged,SenMayo_source_specific
SMC01-T_AAAGTAGAGTGGTAGC,SMC01,SMC01-T,Myofibroblasts,1860,0.0,0,-0.142004551709677,-0.3530643029595938,-0.4592829088452367,-0.45559269035371336,-0.5380852190796666,-0.5071002013634803,-0.29845050690989744,-0.3078806353842511,-0.34327535159071954
SMC01-T_ACACCCTGTTGGTAAA,SMC01,SMC01-T,Stromal 1,28147,0.0,0,1.16642073367983,0.3588608395831104,-0.3191153953155997,-0.37078506329165,-0.31822652216259467,-0.3571158345886181,-0.007590885421163158,-0.014915284689734964,0.33873696983674495
SMC01-T_ACAGCCGGTCTCTCGT,SMC01,SMC01-T,Myofibroblasts,9535,0.0,1,0.224060459347744,-0.13283996398380973,-0.09647533816418477,-0.1399305373566543,-0.07885206585787997,-0.09395968203627786,-0.1801991201545063,-0.20738078276900684,-0.109584667211195
SMC01-T_ACATCAGTCGCCTGAG,SMC01,SMC01-T,Myofibroblasts,15077,0.508780687588347,0,0.384009836729314,0.0534108414951908,0.10034254071188672,0.08173185881658844,0.11044307368598422,0.10645827681345996,0.34912404970903144,0.26591110080480573,0.046121005281931214
SMC01-T_ACATCAGTCTCCCTGA,SMC01,SMC01-T,Myofibroblasts,5270,0.0,0,0.743905818217053,0.18450105355300925,0.14918050717334358,0.08244763732683368,-0.011755873810271827,-0.0722290532186974,-0.026081574041592448,-0.1498231455683708,0.17170322523648
SMC01-T_ACATGGTTCACAATGC,SMC01,SMC01-T,Stromal 2,8688,0.0,0,0.618455354258537,0.06216605702055651,-0.19073572169457162,-0.21781255350243756,-0.23449999010380435,-0.22800203767973323,0.2752218723689255,0.3113178520079921,0.05450835460875215
SMC01-T_ACGATGTTCGCAGGCT,SMC01,SMC01-T,Myofibroblasts,5098,0.0,0,0.484145122496009,0.029384532012045383,-0.12825068877059587,-0.1879561138225765,-0.24163895678155276,-0.3001060830645783,0.020741987620529374,-0.06011820251450819,0.05749561931906628
SMC01-T_ACGCAGCAGATGTTAG,SMC01,SMC01-T,Stromal 1,4918,0.0,0,0.543621099869308,0.15702464789348214,-0.3701633178172823,-0.32440845355982095,-0.32837163073447895,-0.3071222275192308,-0.12459497642948439,-0.04257898123606163,0.14538129040298342
SMC01-T_ACTATCTAGCTAGTCT,SMC01,SMC01-T,Myofibroblasts,2373,0.0,0,0.0216825154903732,-0.24601852179815373,-0.097048783636823,-0.1011965906292927,-0.35527753966803455,-0.41166542773676473,-0.19601511696451587,-0.19721749696661445,-0.240727292326819
SMC01-T_ACTGATGAGCACCGCT,SMC01,SMC01-T,Stromal 2,12357,0.0,0,0.744278280082711,0.22395541846319184,-0.25956237513800057,-0.30112180867936555,-0.32011140047867154,-0.3350278131317261,0.34449684815971476,0.319729648705791,0.20949984372186498
SMC01-T_ACTGATGGTGTTCGAT,SMC01,SMC01-T,Myofibroblasts,16773,0.0,1,0.808617177045657,0.17925290269532093,-0.05834514115537916,-0.07539571594537758,0.029677623578784416,-0.03046128721257975,0.11527401412788191,0.09962666516794878,0.18148817110634527
SMC01-T_ACTTTCATCTTTACAC,SMC01,SMC01-T,Stromal 2,13631,0.0,1,0.867415284781514,0.2341792911715936,-0.14389006493194978,-0.13491390722735627,-0.3156496649798082,-0.277445477281892,0.5022279029614047,0.5650485961752779,0.23655941381173975
SMC01-T_AGAGCGACAAGTAATG,SMC01,SMC01-T,Stromal 1,7242,0.0,0,0.125862615440851,-0.206807750734713,-0.29858541029163316,-0.34861336684808497,-0.42334196523155027,-0.44349684756855634,-0.025516569849691893,-0.023968580978758196,-0.20316403265259847
SMC01-T_AGAGCTTAGTTGCAGG,SMC01,SMC01-T,Stromal 2,4259,0.0,0,0.650241511506267,0.1081080055762932,-0.30764944767769503,-0.3369865533782215,-0.3317201098769295,-0.3907449267111545,0.09643638412419119,0.10459011696717319,0.09851996919155873
SMC01-T_AGAGTGGAGCAAATCA,SMC01,SMC01-T,Myofibroblasts,5703,0.0,0,0.413993063987592,-0.04763147638489803,-0.14391752473097674,-0.17099539481285142,-0.14158102197154443,-0.14777503448516824,0.02340903129232557,0.026071013860842762,-0.05067583705697741
SMC01-T_AGAGTGGTCGTCCAGG,SMC01,SMC01-T,Stromal 1,7389,0.0,0,0.326385001049375,-0.062027362828845516,-0.2825762390786288,-0.23775943518593545,-0.32661884470025493,-0.3158527366860315,-0.11480240839484492,-0.09325671636444681,-0.06446685432260778
SMC01-T_AGCGGTCCACACATGT,SMC01,SMC01-T,Myofibroblasts,14392,0.0,1,0.739713322896008,0.22935502556267015,-0.20689034463875755,-0.296691259846273,-0.27208121179850125,-0.33456240219692157,0.09370726503823933,0.061018834657528824,0.21467257657346606
SMC01-T_AGCGTATAGGGTGTTG,SMC01,SMC01-T,Stromal 2,7384,0.0,0,0.429042283302435,0.03589670165654337,-0.20984779291178043,-0.29584672051572763,-0.3340030039318514,-0.33012696598158325,0.16778184956331788,0.1478698279544273,0.029342753671798387
SMC01-T_AGCTTGATCCGAATGT,SMC01,SMC01-T,Myofibroblasts,1209,0.0,0,-0.0561593420659229,-0.321369287525222,-0.43697455411358754,-0.4351666758700115,-0.5316823685199631,-0.5166792763873588,-0.29142759316845945,-0.30748004448764465,-0.3129120594939264
SMC01-T_AGTGTCAAGTAACCCT,SMC01,SMC01-T,Myofibroblasts,8801,0.0,0,0.19554729433279,-0.15611108385941438,-0.3268553052021533,-0.3005738572739973,-0.314574446757229,-0.28248788589654966,-0.1492884793563893,-0.14822383934960645,-0.15459747783088384
SMC01-T_ATCGAGTCAGTTTACG,SMC01,SMC01-T,Myofibroblasts,12101,0.0,1,0.999492320776693,0.31579882679343746,0.4796130592763728,0.3109864123029316,0.27494095514851563,0.14739819466634546,0.24321687684247367,0.156944159812787,0.31656402912961334
SMC01-T_CAAGAAAAGACACGAC,SMC01,SMC01-T,Myofibroblasts,5338,0.0,0,0.171035348441692,-0.1471615341541014,-0.20245643478951283,-0.22026504921477016,-0.5804663120331813,-0.629383907415146,0.27694838062713023,0.2892078760792227,-0.14602395962579412
SMC01-T_CACAAACCATATACCG,SMC01,SMC01-T,Stromal 2,6488,0.0,0,0.945165488217773,0.12912432586349415,0.0006608799603596634,-0.11454970280003803,-0.23381655960229739,-0.21889746232976226,0.2475537937722708,0.09598483311779359,0.1627956354254935
SMC01-T_CAGAATCGTTCCACTC,SMC01,SMC01-T,Myofibroblasts,12666,0.0,1,0.975791066224135,0.2818746523800911,0.188608997701002,0.11971504218512918,0.28709217902196915,0.2570228846527116,0.11365471485217934,0.06179422534563962,0.2649854963817516
SMC01-T_CAGCAGCGTAGGCTGA,SMC01,SMC01-T,Myofibroblasts,7811,0.0,1,0.711358515214708,0.02009339968820936,0.401098294905862,0.4199756080421006,0.322838300953106,0.33112179262693536,0.10745137490724263,0.11780171017436421,0.014203455987848154
SMC01-T_CAGCATACATGTCCTC,SMC01,SMC01-T,Myofibroblasts,2493,0.0,1,0.271418182784561,-0.13280985443934537,-0.13399086588499498,-0.11693323576232283,-0.0436690378249908,-0.06681994530697201,-0.33267772464375744,-0.35769109261386534,-0.1322752916637589
SMC01-T_CAGCATAGTGCCTTGG,SMC01,SMC01-T,Myofibroblasts,11077,0.0,0,0.735385682189761,0.13742340424735294,0.3874406753944195,0.34713579391742627,0.453032679741784,0.4304864465930434,0.0826588763218177,0.08832045802298714,0.14698136405346274
SMC01-T_CAGCCGAAGTCGAGTG,SMC01,SMC01-T,Myofibroblasts,8277,0.0,0,0.749321759157111,0.16459892404249363,-0.09806532245509479,-0.25074432808451536,-0.3164310201394315,-0.3335828418995059,-0.21814308409628116,-0.3095171322717386,0.15263731965497762
SMC01-T_CATGACAAGCATGGCA,SMC01,SMC01-T,Myofibroblasts,10844,0.0,1,1.21592918286812,0.2757650156946559,0.12538299958544727,0.06174175339046775,-0.13095324052193638,-0.21500372833593986,0.1349004518828894,0.10930005566162222,0.3474345324138383
SMC01-T_CCCAGTTCAGTTCCCT,SMC01,SMC01-T,Myofibroblasts,3744,0.0,1,0.545577414946542,0.0045977547405320306,-0.41881213489235664,-0.5850046629585871,-0.5149260809531018,-0.5532201090177824,-0.38948503050364947,-0.4004661846686812,-0.0006411114410192025
SMC01-T_CCTAAAGTCTCGCTTG,SMC01,SMC01-T,Myofibroblasts,11984,0.0,0,0.854535340723676,0.20963776224341832,0.4050767098230367,0.2677431710791297,0.2500543786706973,0.1544726866102496,0.013040555293034566,-0.05184548950261053,0.21500313363405837
SMC01-T_CCTAGCTTCACTTCAT,SMC01,SMC01-T,Myofibroblasts,5061,0.0,1,1.24408986919559,0.42269101642529694,0.151752237610671,-0.03128477022415254,-0.15947515730346953,-0.2387850832107455,-0.173280641985567,-0.23598010951981824,0.39988520647547826
SMC01-T_CCTATTAGTATAGGTA,SMC01,SMC01-T,Myofibroblasts,8550,0.0,0,0.70796778827524,0.09163478979219992,-0.014618025142319349,-0.03677536710733321,0.1148039803517108,0.06468409940946934,-0.005216318447338907,-0.0633558295228902,0.08273890533116686
SMC01-T_CCTTACGCATCTCGCT,SMC01,SMC01-T,Stromal 2,19921,0.0,1,0.601716423901245,0.06723904068859522,0.05831541836128703,-0.05556575499088844,0.12102634320035577,0.06326460965021058,0.4333747472025846,0.37489601106328124,0.05936818770250352
SMC01-T_CGCTATCAGCCAACAG,SMC01,SMC01-T,Myofibroblasts,5492,0.0,1,0.689332839213992,0.041317978894145006,0.2496048626440936,0.2886387828464915,0.3861754173602985,0.3733776711620564,0.13837550874603421,0.1303649375543875,0.06738557150387381
SMC01-T_CGCTGGACATGCCACG,SMC01,SMC01-T,Stromal 2,3759,0.0,0,0.523941858437807,0.07220632055153449,-0.22330363368501469,-0.23496019385936784,-0.0626896899573657,-0.09757690963356994,0.16120452731847762,0.07264451796517653,0.06412675832750417
SMC01-T_CGCTTCAGTCAGTGGA,SMC01,SMC01-T,Myofibroblasts,6565,0.0,0,0.966075926768743,0.2757613177721699,-0.09537253749309754,-0.22756308707885625,-0.21754019353918883,-0.30567391485322354,0.047659350225799965,-0.02974555089193232,0.2591290245724826
SMC01-T_CGGACACAGCTAGTCT,SMC01,SMC01-T,Myofibroblasts,7257,0.0,0,0.26261203978564,-0.12958904713588326,-0.13646495448691504,-0.14837556414124442,-0.18266170021450642,-0.20135638722066962,-0.11935945229702874,-0.15592966936528682,-0.1291898123982574
SMC01-T_CGGAGTCCAACTGGCC,SMC01,SMC01-T,Myofibroblasts,3126,0.0,0,0.285656809078507,-0.15611079408738174,-0.1058239833432801,-0.030194863313581885,0.013976358333412481,0.0034105117584383765,-0.21501332356741554,-0.16618239029365428,-0.1545972002341467
SMC01-T_CGGAGTCTCCGGCACA,SMC01,SMC01-T,Myofibroblasts,2101,0.0,0,0.338341326878191,-0.08946555290011722,-0.04606755553003477,-0.030155193015206153,-0.20877427497536552,-0.21641888828991457,-0.1846931887300391,-0.21361907299827126,-0.09075217926483445
SMC01-T_CGTGTAAGTCACACGC,SMC01,SMC01-T,Myofibroblasts,3993,0.0,0,0.837560455103009,0.1365534580361686,-0.28655249777497077,-0.418233961593814,-0.3362625881421323,-0.4369118477022925,-0.19498313657547298,-0.24183447036673042,0.16549278488930533
SMC01-T_CGTGTCTTCAGCTCGG,SMC01,SMC01-T,Stromal 2,5966,0.0,0,0.638760041603294,0.12831380416186253,-0.3236099332951161,-0.3566072414197573,-0.5401494771774326,-0.5427110315582087,-0.10622100304616125,-0.08740236031658509,0.11787678464328061
SMC01-T_CTACACCCACGACTCG,SMC01,SMC01-T,Myofibroblasts,21474,0.0,1,0.687210777104799,0.12402128379203771,0.2880679113239202,0.2707748944053381,0.18616453982053363,0.15907576799306067,0.24100776226137224,0.2209917214603218,0.11376462227218792
SMC01-T_CTAGAGTGTACAGTGG,SMC01,SMC01-T,Myofibroblasts,14968,0.0,1,0.749154858797057,0.14990916049818656,0.212156990071407,0.14174562877061117,0.11764912785753151,0.0810559470758795,0.030275978383265043,-0.02071463290382834,0.15477292136946583
SMC01-T_CTAGCCTTCTTTACGT,SMC01,SMC01-T,Myofibroblasts,2000,0.0,0,0.0170641922197133,-0.24838983306555046,-0.14008796762446968,-0.1443403414109858,-0.46947043662776755,-0.4669556366496308,-0.24264533166822636,-0.20925321535152547,-0.24299896866701418
SMC01-T_CTCTAATAGGTGATAT,SMC01,SMC01-T,Myofibroblasts,11178,0.0,0,0.885981836018914,0.14458863755786105,-0.019830835840607783,-0.09838239472677432,0.019496175821642488,-0.013034348614340606,0.0776407671013945,0.02854817424188642,0.13346780151003548
SMC01-T_CTGATCCGTTAGGGTG,SMC01,SMC01-T,Myofibroblasts,2524,0.0,0,0.249754970975719,-0.11423330536733071,-0.3500271138392997,-0.39366894905887,-0.4540894060319632,-0.47083050376454066,-0.11775331191326442,-0.11069265998461668,-0.11447926986367762
SMC01-T_CTGATCCTCCTCGCAT,SMC01,SMC01-T,Myofibroblasts,4852,0.0,0,0.21816277436496,-0.09402324476589759,-0.1576371232465822,-0.15583221741565845,-0.18493926525115967,-0.19186607254452484,-0.24444444524614434,-0.22910292402786367,-0.09511837147238876
SMC01-T_CTTACCGTCAGGCCCA,SMC01,SMC01-T,Myofibroblasts,8790,0.0,1,0.720732873824651,0.08913214203060131,0.18636617422512525,0.11294197650035707,0.15500756589534256,0.10985686348447966,0.030058195527741,-0.04364043500493554,0.08034141083686229
SMC01-T_CTTCTCTCACCGGAAA,SMC01,SMC01-T,Myofibroblasts,12958,0.0,1,0.507990300293272,0.06935485561884809,0.24202261859437033,0.2596492011145484,0.141161032325151,0.1637282184823308,0.18428754837889422,0.19314460806986866,0.061395102845770974
SMC01-T_GAAATGATCTAGAGTC,SMC01,SMC01-T,Myofibroblasts,20658,0.0,1,1.03938280243724,0.39126142417489174,0.29201689366327255,0.18720567267297245,0.2654528012594246,0.2185681647577778,0.24958308557734676,0.1671807543210247,0.3697761853280313
SMC01-T_GAATGAATCCATGAAC,SMC01,SMC01-T,Myofibroblasts,6397,0.0,0,0.552446907863708,0.060986109943897054,-0.17024549778208745,-0.1859518447322998,-0.049805793426550775,-0.1645707784891995,-0.2062318225930396,-0.23261755929492853,0.053377985140355695
SMC01-T_GATCTAGAGGAGTTGC,SMC01,SMC01-T,Myofibroblasts,1886,0.0,0,-0.0063825526515675,-0.18376772999436708,-0.5509763130423974,-0.5632618205939851,-0.8152643670232929,-0.725392705132795,-0.3004965313955357,-0.30690684870761986,-0.18109208001058644
SMC01-T_GATCTAGGTGGTGTAG,SMC01,SMC01-T,Myofibroblasts,16139,0.0,1,0.685237964481502,0.06832275397487377,0.2601043519716026,0.2107913352026627,0.2174636249962662,0.163410785163991,0.017119683246863516,-0.06120527193826788,0.07568035907104236
SMC01-T_GATCTAGGTTGTGGAG,SMC01,SMC01-T,Myofibroblasts,4867,0.0,0,0.330618064363934,-0.06399028099615846,-0.01443155900556214,-0.047953951649549534,-0.012508772997831812,-0.04496941767459692,0.24170912919860138,0.1637656949022237,-0.06634729693667228
SMC01-T_GATGCTATCAAGAAGT,SMC01,SMC01-T,Myofibroblasts,2454,0.0,0,0.166907629419787,-0.12908181892871334,-0.2039559774708991,-0.2198692373931408,-0.244529541328844,-0.23069385785696117,-0.17674110202412857,-0.22436876559958738,-0.12870389630063242
SMC01-T_GCAAACTGTTAAGACA,SMC01,SMC01-T,Myofibroblasts,9214,0.0,1,0.432249823407948,-0.0820168465735358,0.3012924298492013,0.3552482063632186,0.24778904423725848,0.21925788814591807,-0.15231803726208837,-0.16958138355437447,-0.08361644379231108
SMC01-T_GCATGTAGTCATCCCT,SMC01,SMC01-T,Myofibroblasts,1560,0.0,0,0.233857648469036,-0.20900301751272196,-0.2829006521829537,-0.3185704503117538,-0.21360934845038823,-0.2542837375645028,-0.4248805917407337,-0.49871050356065527,-0.20526706133069111
SMC01-T_GCCAAATGTAAATACG,SMC01,SMC01-T,Myofibroblasts,12346,0.0,0,0.767307835349333,0.15111655456814588,0.03620608227935677,0.029749632881181997,0.035941617534857015,0.016923842041991478,0.13056608587503432,0.12215460319729413,0.13972143629299744
SMC01-T_GCCTCTATCAGCCTAA,SMC01,SMC01-T,Myofibroblasts,2763,0.0,0,0.124036523155255,-0.13605151108155647,-0.19119316441178016,-0.18129833206170942,-0.44952512162794567,-0.44627936011136965,-0.18270251220582348,-0.16177755234872593,-0.1353807442453729
SMC01-T_GCTGCAGCAGTCGTGC,SMC01,SMC01-T,Stromal 1,10898,0.0,0,0.315735714682395,-0.007407712652102897,-0.377249075137839,-0.37480475153864884,-0.5500611624851519,-0.5432146463196638,-0.1334876854953013,-0.0939229561125531,-0.012142147430602242
SMC01-T_GGAATAACAGGTTTCA,SMC01,SMC01-T,Myofibroblasts,8183,0.0,1,0.590756237709496,0.02973126638027137,0.06324929873249968,0.039159845924232065,0.058571324987831165,0.013929022606029066,0.07994396600284075,0.03976098237668767,0.06224185319132164
SMC01-T_GGAATAATCTGTTTGT,SMC01,SMC01-T,Myofibroblasts,6162,0.0,0,0.665022753143004,0.11351152293776211,-0.027105119801601584,-0.11572577327308131,-0.2522123182686616,-0.28025334913196953,-0.014753222798830585,-0.05203232206404209,0.1036964480084281
SMC01-T_GGACAGACATGTTGAC,SMC01,SMC01-T,Stromal 2,5350,0.0,0,0.656584695812721,-0.06050361379196769,-0.16141891980315654,-0.10564330093017439,-0.18272229965434086,-0.11176582391178885,0.288876364497762,0.34706377571119984,0.037447628463391495
SMC01-T_GGATGTTCAGTATGCT,SMC01,SMC01-T,Myofibroblasts,2884,0.0,0,0.405260536648271,-0.06678994122500483,0.040370977654749035,-0.015811401896360443,-0.030191040008651967,-0.03529473740694135,0.08972533541290384,0.04433846412336125,-0.06902932438279401
SMC01-T_GGATTACGTTCGCTAA,SMC01,SMC01-T,Myofibroblasts,4734,0.0,1,0.56112662850924,0.07770022143724195,0.040252371558121273,-0.028186156618885877,-0.07157191269251766,-0.11338859086119851,0.06376388072967529,0.025438656526453354,0.06938982304154324
SMC01-T_GGCAATTAGTTTCCTT,SMC01,SMC01-T,Myofibroblasts,11948,0.0,0,0.430714393925797,-0.03558552317452012,0.011059763974377088,0.027645209667886177,0.12105369841565891,0.12271806866277096,0.3162089621256057,0.3102483038626173,-0.0198732672274864
SMC01-T_GGGACCTCAAGACGTG,SMC01,SMC01-T,Myofibroblasts,13967,0.0,1,0.364756504180719,-0.026862520969619875,-0.13409897024097034,-0.16802300131743456,-0.31855401970750213,-0.3381033534573954,0.24569127583190015,0.2462590358713094,-0.030779526827215145
SMC01-T_GGGAGATGTGGCAAAC,SMC01,SMC01-T,Stromal 2,7410,0.0,0,0.558297177485415,0.11147680527350881,-0.2327504849099383,-0.2677676992082014,-0.475147943245247,-0.48035377497936405,0.2939178504441914,0.2788902385269894,0.10174722268300898
SMC01-T_GGGTCTGCATTGAGCT,SMC01,SMC01-T,Myofibroblasts,4447,0.0,0,0.329077074073804,-0.02112825822673346,0.12309454432783687,0.11182282601551312,0.14030195641502433,0.1400360398341057,0.07036880291998386,0.0688391461968422,-0.025286199493693703
SMC01-T_GTACGTACACAGCCCA,SMC01,SMC01-T,Myofibroblasts,2029,0.0,0,0.0033542735671599,-0.2613391536859828,-0.35965061826365335,-0.3518672679982534,-0.3700100402632842,-0.42545210500789243,-0.2264688898858271,-0.18948989852386364,-0.2554042001857477
SMC01-T_GTTACAGAGTACGTTC,SMC01,SMC01-T,Stromal 2,16630,0.0,0,0.679721731476589,0.32621374723027674,-0.14782651168370278,-0.16475704847835004,-0.2776914656314315,-0.272341797431541,0.30189861945905966,0.2899434120832559,0.3074616040533581
SMC01-T_GTTCATTCATTGAGCT,SMC01,SMC01-T,Stromal 2,10162,0.0,0,0.753609038750065,0.19959641458760752,-0.17982396380785776,-0.23173171895124564,-0.3313030053918459,-0.31875853760297906,0.39486635256754726,0.3423124976894435,0.18616432740407832
SMC01-T_TAGAGCTGTCATACTG,SMC01,SMC01-T,Myofibroblasts,8847,0.0,1,1.78997310786365,0.6423884532986242,-0.08277143545600833,-0.33497048841743937,-0.4044012377912901,-0.4510956697685774,-0.2941287352066291,-0.40554501615902955,0.6103516586062288
SMC01-T_TATCTCACAGCTGTAT,SMC01,SMC01-T,Myofibroblasts,18300,0.0,1,0.626118588919397,0.06805636745207665,0.4043909118567802,0.3422860201084759,0.5032729994961802,0.47505057650769866,0.2149319370522311,0.19409626959001317,0.06015117300533447
SMC01-T_TCAACGACACCCATTC,SMC01,SMC01-T,Myofibroblasts,16902,0.464768675164099,0,0.120620672093326,-0.1385872404483196,-0.39440764522427046,-0.4277184029143849,-0.5280282261819408,-0.5228547380240851,-0.3391100127200939,-0.31146330312442255,-0.1378099303614317
SMC01-T_TCAACGATCAATAAGG,SMC01,SMC01-T,Myofibroblasts,1742,0.0,0,-0.0772089394553292,-0.30760520753826487,-0.1712645591825855,-0.14176494119370855,-0.5332023531806712,-0.5434034012777861,-0.21316616997907037,-0.22745223492383956,-0.2997263021954969
SMC01-T_TCACGAAAGTTATCGC,SMC01,SMC01-T,Stromal 2,20028,0.0,0,0.527293454335038,0.027368356800523765,0.00733064381139619,-0.04614137631000542,-0.07814986897366387,-0.05347844906324564,0.6773343250155449,0.6263028170256054,0.021172742633258596
SMC01-T_TCAGGTACACGACGAA,SMC01,SMC01-T,Stromal 2,32554,0.26787360868222,1,1.09323800615872,0.3524030559091714,0.07625839490757076,0.01924346183233599,-0.1412179529339037,-0.1440177822761714,0.4762456055142378,0.46882571038954396,0.3409561976446074
SMC01-T_TCATTTGAGTGGTAGC,SMC01,SMC01-T,Myofibroblasts,1542,0.0,0,0.220081057671805,-0.15695050612026662,-0.20417160882937666,-0.2811684040579854,-0.3982181743699677,-0.427895610242389,-0.017019745707511903,-0.15485127235160154,-0.15540163024884313
SMC01-T_TCGCGAGCAGATAATG,SMC01,SMC01-T,Myofibroblasts,4820,0.0,1,0.414605981514656,-0.046597535721957684,0.04702078182326288,4.321804679021603e-05,-0.007228037166618267,-0.027968592351562408,-0.1402910653207647,-0.1770318603143096,-0.014106389667306627
SMC01-T_TCTTCGGCATTCCTCG,SMC01,SMC01-T,Myofibroblasts,20269,0.0,1,0.609959094126422,0.12997371276938602,0.2548694836393911,0.21949986777291064,0.38106820634471217,0.3669720167012582,0.2676049615893709,0.32619165614904727,0.11946694919166445
SMC01-T_TGACTTTCACGGTAGA,SMC01,SMC01-T,Stromal 2,4150,0.0,0,0.498842084337211,0.06402338278202112,-0.14518064520872978,-0.22649845074317076,-0.552649933787785,-0.5761863188384924,0.334445463434646,0.28846171682371813,0.09514200355575866
SMC01-T_TGCCCATCAAGTCTGT,SMC01,SMC01-T,Stromal 2,6383,0.0,0,0.788886247201797,0.15687120423586876,-0.141438487418262,-0.2373254386390128,-0.22467343490190653,-0.233489855430847,0.42235686610893985,0.33557955123045863,0.1452342939578748
SMC01-T_TGCGCAGTCGGATGGA,SMC01,SMC01-T,Myofibroblasts,17897,0.0,1,0.787722764114365,0.22416570537985026,0.0490894048113604,-0.02801228689438686,-0.052795705784644396,-0.13124438448874062,0.21480408980462112,0.17730758488178253,0.22376196814638352
SMC01-T_TGCGTGGCAGATGGCA,SMC01,SMC01-T,Myofibroblasts,8870,0.0,1,0.312997771406497,-0.06148996287466664,-0.12264702841639519,-0.1531004983840919,-0.2803266535380057,-0.2712015460656826,-0.13899391317053844,-0.1426934449988253,-0.06395203419843641
SMC01-T_TGTTCCGGTAACGCGA,SMC01,SMC01-T,Stromal 2,7735,0.0,0,0.794528190743344,0.03545002555964809,-0.17718142658776168,-0.15960877543179,-0.1924322562254205,-0.17405566495171812,0.47354374041682795,0.4913726538419724,0.11230677597913422
SMC01-T_TTCCCAGTCTTGTTTG,SMC01,SMC01-T,Myofibroblasts,4965,0.0,0,0.247911501531376,-0.12986767662917836,-0.3415341535012941,-0.33277228520047375,-0.46034446392892575,-0.4949578675766324,-0.23287504562421849,-0.22883420683005276,-0.12945673476998545
SMC01-T_TTCGAAGCACCCATTC,SMC01,SMC01-T,Myofibroblasts,10645,0.0,1,0.50265096945111,0.01496984772057387,0.39870865551792845,0.4728936847390198,0.4683976636211179,0.48457559083350177,0.1022873854166583,0.10694831373060451,0.009295179312970457
SMC01-T_TTGACTTCACACTGCG,SMC01,SMC01-T,Stromal 2,12835,0.0,1,1.08522920958203,0.1846987227827572,-0.05634045760546412,-0.18276815388987705,-0.11663585946401012,-0.16536558379938956,0.4802334783500747,0.45404425206429816,0.242767871208802
SMC01-T_TTGCCGTCATTGCGGC,SMC01,SMC01-T,Myofibroblasts,6300,0.0,0,0.680923911703373,0.14975685412227585,-0.19621231026795447,-0.2622715232939255,-0.30410011862499675,-0.3187782858541712,0.21401894967022694,0.14853611426318394,0.13841886611796228
SMC01-T_TTGCGTCGTCTCATCC,SMC01,SMC01-T,Myofibroblasts,2964,0.0,0,0.592795080899442,0.09081900245591737,-0.2470830540571894,-0.3525389090362119,-0.1534516936054035,-0.16186096337299014,-0.09681997785442754,-0.12101090191041722,0.08195739477371969
SMC01-T_TTGCGTCTCGTAGGTT,SMC01,SMC01-T,Myofibroblasts,8664,0.0,0,0.135484111462763,-0.18506755027103058,0.1572525701960739,0.2166227903671381,0.34033853195759717,0.3522692097480907,0.12597498031038987,0.16560965268050923,-0.1823372859899111
SMC02-T_AAAGATGGTTCTGAAC,SMC02,SMC02-T,Myofibroblasts,16822,0.0,1,0.287532874809717,-0.09352224512973376,0.04247142430584954,0.012694981164957693,-0.04334720729717186,-0.07017295599676841,0.5365244649546711,0.5422178030671442,-0.09463842224110575
SMC02-T_AACTGGTAGGTTCCTA,SMC02,SMC02-T,Stromal 2,14382,0.0,0,0.295611983147466,-0.04496676136592501,-0.3028771592427653,-0.31718302798094,-0.30952619941791104,-0.3458016946002148,0.41202176934794377,0.41893703481730293,-0.048123084853927627
SMC02-T_AACTTTCGTCTACCTC,SMC02,SMC02-T,Stromal 2,17787,0.0,1,0.418853281536383,-0.03189104792188134,0.02663836996926337,0.034543595026905946,-0.20130181597659783,-0.19056807705309503,0.7753564171885189,0.7776218440602808,-0.021598468918134186
SMC02-T_AAGTCTGGTCGCGAAA,SMC02,SMC02-T,Stromal 2,29864,0.0,0,0.869791100925327,0.24234366974090799,-0.12906517195325268,-0.11497036113812611,-0.2751265390341322,-0.2662627236270562,0.8396735185855313,0.8649026436840787,0.22711547939967708
SMC02-T_AATCCAGAGCGATGAC,SMC02,SMC02-T,Myofibroblasts,32174,0.0,1,0.315799931793443,-0.06884788111946955,0.13754851662800932,0.233564295045032,0.0951141657388522,0.13481744111591387,0.15047287556685898,0.19803262817509035,-0.07100079621446609
SMC02-T_AATCCAGAGCGCTCCA,SMC02,SMC02-T,Myofibroblasts,2868,0.0,0,0.440228518086347,-0.07567538652699768,-0.32414876213487315,-0.28411991258219976,-0.318708120674199,-0.3393571224323539,-0.04127423771117863,-0.006990828671876122,-0.077541431646888
SMC02-T_AATCGGTTCAGCCTAA,SMC02,SMC02-T,Myofibroblasts,12961,0.0,0,0.580898644191721,0.04338475904966656,-0.4441020287459298,-0.4439992429461421,-0.618840962363293,-0.56151285447007,-0.2803144312610752,-0.24467034467002924,0.03651618680470631
SMC02-T_ACACCGGGTTGCGTTA,SMC02,SMC02-T,Myofibroblasts,10668,0.0,0,0.518937878837292,0.08312750877322335,-0.2457527147513358,-0.2718842647722695,-0.23124304712792781,-0.3085878806169751,-0.18498441506373256,-0.2243441542281824,0.07458907309450022
SMC02-T_ACACTGATCCTAAGTG,SMC02,SMC02-T,Myofibroblasts,23331,0.0,1,0.599248712948297,0.05103741673621954,0.3174260190155889,0.3574469545969694,0.3956253577631955,0.381633177388806,0.05951078425553676,0.053145678837181014,0.05514640148979526
SMC02-T_ACCGTAACAATGAATG,SMC02,SMC02-T,Myofibroblasts,2769,0.0,0,0.420151586240137,-0.004613054997957589,-0.2320399270678053,-0.2486647096712415,-0.028522935144755304,-0.03607298087242038,-0.044797969570285395,-0.09776089866371716,-0.009464912366967242
SMC02-T_ACGCAGCCATGCCCGA,SMC02,SMC02-T,Myofibroblasts,20591,0.0,1,0.598842166285178,0.09911678337671778,0.22582327163949303,0.2652720416464457,0.05558542979463023,0.054560086538278776,-0.08945608091981787,-0.12471790725693983,0.08990652943734362
SMC02-T_ACTTGTTTCTCTGTCG,SMC02,SMC02-T,Stromal 2,17269,0.0,1,0.978722519822906,0.26854360540266753,0.3336441509129553,0.18779193499198654,-0.02382720633880924,-0.09919673922965114,0.5399112713817311,0.44450485524447525,0.2522145774285896
SMC02-T_AGCGTCGTCACTTCAT,SMC02,SMC02-T,Myofibroblasts,14089,0.0,0,0.202939019531941,-0.09113853679675805,0.13991740424832216,0.1629615498411401,0.13794562296599758,0.12381400735399058,-0.06416831794930132,-0.06636531019912047,-0.09235486972043995
SMC02-T_AGCTCTCAGTGAATTG,SMC02,SMC02-T,Myofibroblasts,12407,0.0,1,0.923162263942574,0.2170889064783982,0.20299506202644232,0.02309795723455708,0.0531428568635364,-0.0223193057964361,0.19759659575004326,0.11400344227166737,0.20292184064399546
SMC02-T_AGGCCACGTGAGGGTT,SMC02,SMC02-T,Myofibroblasts,23063,0.0,1,0.622233969363487,0.09291302613717944,0.2867043055748396,0.34477513562462,0.24066039304039916,0.24533849729354992,0.11623961282036219,0.11201088734875049,0.08396343426669345
SMC02-T_AGGCCGTCATTTCAGG,SMC02,SMC02-T,Myofibroblasts,7578,0.0,1,0.0707174178288403,-0.12719395251846627,-0.05166316742543131,-0.014376084470735273,-0.1868403735285511,-0.1765546077472526,-0.21382982051735253,-0.20696074396426625,-0.12689535200846294
SMC02-T_AGTGAGGTCTGCGGCA,SMC02,SMC02-T,Stromal 1,10939,0.0,1,0.658765808880044,0.18323244687104434,0.013995989301831139,-0.0022703115487607514,-0.0015748572934951102,-0.0623435833556361,0.23269718438386916,0.23200806729933796,0.1704879213562783
SMC02-T_ATCCACCTCGAATGGG,SMC02,SMC02-T,Stromal 2,27599,0.0,0,1.00858990651473,0.3318202452603401,-0.17174005021854322,-0.23187906722106585,-0.3597436286509037,-0.3526565776488116,0.27812277023729526,0.22065085803761203,0.31283253493930113
SMC02-T_CACCTTGCATATGCTG,SMC02,SMC02-T,Stromal 2,10674,0.0,0,0.240209147608034,-0.1369153728316489,-0.1788296525803756,-0.14838206836181442,-0.08025371781265249,-0.05437591321073299,0.40944790440170387,0.4541470970301067,-0.13620830928327657
SMC02-T_CAGCTGGAGTGAAGAG,SMC02,SMC02-T,Myofibroblasts,1841,0.0,0,0.103217785212008,-0.15302913405589366,-0.42079142800399233,-0.4162052148816789,-0.43089766960058895,-0.4253065065848966,0.4634054985485579,0.505035727690248,-0.15164502171658667
SMC02-T_CATATTCGTATATGGA,SMC02,SMC02-T,Myofibroblasts,19434,0.0,1,0.669007867624381,0.2429916297347007,0.21469265308079064,0.19450262919204628,0.26058223875885717,0.29165383154353086,0.03896340985635394,0.10369584306198008,0.2277362141836466
SMC02-T_CATCAAGAGTTTCCTT,SMC02,SMC02-T,Myofibroblasts,1618,0.0,0,0.0110924314918562,-0.3099488318456631,-0.8263459604005424,-0.7751550529061294,-0.7453986096518989,-0.6696450329537309,-0.5073426622309183,-0.4365413002231542,-0.3019714548933406
SMC02-T_CATTCGCTCAAACAAG,SMC02,SMC02-T,Myofibroblasts,18198,0.0,0,0.292084972460366,-0.08532665115209263,0.19400191367888936,0.2822426966414219,0.15050805200423514,0.2118758897968503,0.07489226107534609,0.12590306848287583,-0.08678718095160082
SMC02-T_CCAATCCTCTCCCTGA,SMC02,SMC02-T,Myofibroblasts,4749,0.0,0,0.177718250061664,-0.20064701719961145,-0.20807689692520973,-0.19478069879568932,-0.27867240314276853,-0.2730008254564086,-0.2997644766773048,-0.2887762677581871,-0.19726215346771128
SMC02-T_CCATGTCTCCGTCAAA,SMC02,SMC02-T,Myofibroblasts,8565,0.0,1,0.74381071834562,0.2405022781734404,-0.3645157352165908,-0.3933695209916772,-0.2800800647510558,-0.3050447354136511,-0.31634687585266014,-0.31674659664140026,0.22535145722580055
SMC02-T_CCTAGCTCATCACAAC,SMC02,SMC02-T,Stromal 3,13149,0.0,1,0.946452043210138,0.29378124035633446,-0.16180366311906552,-0.11626019994387539,-0.007997565028466741,-0.045839354352549065,0.07455733802757765,0.08598658626570421,0.27639180755227055
SMC02-T_CCTCTGACACTCAGGC,SMC02,SMC02-T,Myofibroblasts,2556,0.0,1,0.147759164959147,-0.19953219519045792,-0.4382507831466441,-0.4690124570596509,-0.5509925508985714,-0.6215421647526497,0.002176234675081153,0.01835187769988004,-0.19619417271944656
SMC02-T_CCTTCCCCACGTTGGC,SMC02,SMC02-T,Stromal 2,16200,0.0,0,0.520828645053584,0.027711651206277964,-0.10215065231527753,-0.13029397704365958,-0.27036270186095973,-0.2727900236509307,0.6264990154849855,0.6303341198493453,0.02150161290431724
SMC02-T_CCTTCGAGTGGAAAGA,SMC02,SMC02-T,Myofibroblasts,26537,0.0,1,0.294047252333776,-0.04594681277184894,-0.30669234366137155,-0.3357870123553567,-0.35570270473099486,-0.3403726342718962,-0.18795753944861263,-0.18308113699450212,-0.049061957629350554
SMC02-T_CGATGGCGTTCGGGCT,SMC02,SMC02-T,Myofibroblasts,30757,0.0,1,0.451785958240947,-0.00393019650098786,-0.3099509486073286,-0.2976048453710973,-0.3652429536403138,-0.3292579196913298,-0.3385152591294364,-0.2971075379234903,0.012753369091000376
SMC02-T_CGGACTGCATGTAAGA,SMC02,SMC02-T,Myofibroblasts,13872,0.0,0,1.03680408286998,0.32743798351536196,-0.26326648083192355,-0.3410358416461727,-0.30219814512042364,-0.3567595275248899,-0.14333366128174882,-0.16632908727316295,0.30863440183907
SMC02-T_CTAACTTTCCGCAAGC,SMC02,SMC02-T,Stromal 2,1797,0.0,0,0.117562147492031,-0.13962730273539037,-0.4556738437552537,-0.556190533608925,-0.5272442354649609,-0.6076356482713722,-0.009701467423062575,-0.003767596886438482,-0.13880629255240703
SMC02-T_CTACGTCAGATAGTCA,SMC02,SMC02-T,Stromal 2,13428,0.0,1,0.429509425568724,0.03959181043727879,0.03276899426567311,-0.005625942222228865,-0.11433582399420593,-0.15719035150873106,0.3400623468584136,0.31657727286219595,0.03288260578107433
SMC02-T_CTCTAATTCCACGACG,SMC02,SMC02-T,Myofibroblasts,26231,0.0,0,0.958924676276545,0.34040266491897536,-0.3128564472557331,-0.2953865878829142,-0.5531196668363956,-0.49931034042911476,-0.28745472063555527,-0.2617280290407293,0.3210543487299265
SMC02-T_GACTAACAGTGTTTGC,SMC02,SMC02-T,Myofibroblasts,8613,0.0,1,0.221288773796772,-0.09084389819518517,0.19211163181735544,0.18139961534520474,0.055657676687198024,0.05258256041033323,-0.044957860206302845,-0.07167269026531893,-0.0920726108920424
SMC02-T_GCATGCGAGATCCGAG,SMC02,SMC02-T,Stromal 2,10969,0.0,1,0.537589157825994,0.07424072821608238,0.010541435996336597,0.007128679284417048,0.09328885701465972,0.08583702694971201,0.7388202243729641,0.7973811611533165,0.08660105149410352
SMC02-T_GCATGCGCATCCGGGT,SMC02,SMC02-T,Stromal 2,17725,0.0,1,0.664994795637205,0.1360364194036249,0.08760175513749828,0.0743373984289242,-0.1450049857970099,-0.15852021059931018,0.37894810418549335,0.3806085296851747,0.12527492025303616
SMC02-T_GCCAAATAGTTTCCTT,SMC02,SMC02-T,Myofibroblasts,8957,0.0,0,0.15689682691596,-0.15358016551717332,-0.5927981941827706,-0.5957403952573858,-0.5570628439285317,-0.5460626249049985,-0.40601780885144284,-0.3821655200684772,-0.15217290059545963
SMC02-T_GCCAAATTCCACTCCA,SMC02,SMC02-T,Myofibroblasts,12136,0.0,0,0.955890451328577,0.18097131762228774,0.04792258584377717,-0.09390073941975105,-0.28753759935783335,-0.3420088606734955,-0.06034889736727468,-0.11816466483424473,0.16832179753814175
SMC02-T_GCGCAACTCTGGAGCC,SMC02,SMC02-T,Stromal 2,25744,0.0,0,0.899717553180481,0.27255445200819195,-0.07628572907070724,-0.14277673739849067,-0.26254772744616683,-0.29466055697479915,0.3646088449578536,0.34327842452946833,0.25605690106749535
SMC02-T_GGACGTCAGTGCCAGA,SMC02,SMC02-T,Myofibroblasts,1706,0.0,0,0.259031195298376,-0.18951171630045824,-0.5949476506485014,-0.536216902478439,-0.4218855664556922,-0.39658032488998374,-0.1678924939350078,-0.08564540349385318,-0.18659472235423677
SMC02-T_GGATGTTTCTGGCGTG,SMC02,SMC02-T,Stromal 1,11323,0.0,0,0.866823608197781,0.14442617761526713,-0.03480405414629043,-0.026935988548779634,-0.07507100214763564,-0.11858360018841056,0.3146785439139134,0.31731878829133864,0.13331216761544973
SMC02-T_GGGACCTGTGCAGTAG,SMC02,SMC02-T,Myofibroblasts,2273,0.0,0,0.57116473579709,-0.002788752105021686,-0.478065910311986,-0.5415571994352631,-0.43656259653519613,-0.4941990602501603,0.10381600284262707,0.12221249157891553,-0.007717260856087468
SMC02-T_GGGCATCAGGCGCTCT,SMC02,SMC02-T,Myofibroblasts,2058,0.0,0,-0.0468774536128961,-0.3271481422380659,-0.7776504891867541,-0.7133460662713865,-0.8342622243324105,-0.747041426252487,-0.48884118411101796,-0.4158631776185597,-0.3184481051852222
SMC02-T_GGGTCTGTCATAACCG,SMC02,SMC02-T,Stromal 2,21781,0.0,1,0.379727240796949,-0.049204008672651914,0.007270294523736158,0.04020105695306528,0.02506166357934304,0.03430453915322243,0.7811954245136707,0.841992744540467,-0.052182296559531556
SMC02-T_GGTATTGCATGCGCAC,SMC02,SMC02-T,Stromal 2,11571,0.0,0,0.939516502503239,0.2915516620943029,-0.28718208289724223,-0.352125528382092,-0.3047523521723188,-0.34447883797246354,0.2339822543294806,0.18903868943452834,0.2742559090491478
SMC02-T_GGTGTTAAGTCACGCC,SMC02,SMC02-T,Myofibroblasts,11290,0.0,0,1.02819755313754,0.3172951945041923,0.09352425757524728,-0.08520267997079006,-0.0045861930263285736,-0.05241772003991659,0.17204740233719348,0.07153660267153207,0.29891778043341166
SMC02-T_GTAGTCAAGCTGAAAT,SMC02,SMC02-T,Stromal 2,14295,0.0,0,0.271607913972849,-0.11315494471866834,-0.19261557065254573,-0.19021875958708,-0.23325301760009357,-0.2305889716155307,0.5518307114118024,0.5856090057422133,-0.11344621848596745
SMC02-T_GTATTCTGTGCAACGA,SMC02,SMC02-T,Myofibroblasts,3594,0.0,0,0.161283741573818,-0.1258462870558887,0.21385394797033194,0.2589812882062865,-0.0340500002612873,0.036094766196816466,-0.09119690586077539,-0.10995142065426883,-0.12560431114515336
SMC02-T_GTCTCGTCAATGGAGC,SMC02,SMC02-T,Myofibroblasts,29304,0.0,1,0.494354004229635,0.04894282311005028,0.2734845250141712,0.3076837596983263,0.2394385951647193,0.25368220561595506,0.07035145941925676,0.02580384835600853,0.04184071876171256
SMC02-T_GTGCTTCTCTTGTTTG,SMC02,SMC02-T,Stromal 2,13159,0.0,0,0.424408173269594,0.039545467646237,-0.21741299604883,-0.2328834404669157,-0.2408522364056232,-0.2656549173298963,0.7822152529107896,0.8312500543454114,0.06211371715141445
SMC02-T_GTTACAGTCAACACCA,SMC02,SMC02-T,Myofibroblasts,25988,0.0,1,0.158178703881122,-0.1351154568490752,-0.029673747642307867,-0.02084537654569963,-0.031251035260074604,-0.012501177800342787,-0.09558995017095616,-0.09856168150025256,-0.13448402002265974
SMC02-T_TAAGAGATCGCCCTTA,SMC02,SMC02-T,Myofibroblasts,19537,0.0,0,0.62647644157855,0.08620062511283577,0.051882943081460436,0.008584240383309563,-0.1674000082575545,-0.20308804304100747,-0.13534466067427084,-0.19255456267034307,0.07753306689883481
SMC02-T_TATCAGGGTACAGACG,SMC02,SMC02-T,Myofibroblasts,15647,0.0,1,0.752804449328904,0.17622775102459026,0.0890078313496648,0.015300616803692609,-0.018207722324497844,-0.12769239725068557,-0.01825469081339083,-0.07681999671108583,0.1637775404613559
SMC02-T_TCAATCTCAATGGTCT,SMC02,SMC02-T,Myofibroblasts,11622,0.0,1,0.531829108372399,0.05746000256846871,0.08815685857315453,0.03855377362995613,0.09587246339235987,0.0988259751263053,0.06615083398003327,0.050343298123163335,0.050000033537004177
SMC02-T_TCGGTAATCTTCGGTC,SMC02,SMC02-T,Stromal 1,32836,0.0,1,0.443335341280875,0.03352525645638244,-0.16507019506463286,-0.08588680021873699,-0.12234765373892625,-0.0799646558954792,-0.10190368639795404,-0.057813629508018494,0.027070949026266066
SMC02-T_TGAGCCGAGAGTAAGG,SMC02,SMC02-T,Myofibroblasts,6100,1.45364654314938,1,0.3975723385298,-0.01569467523184262,-0.010171718800402418,-0.017158479475211805,-0.21700721359526626,-0.25596277307459087,-0.13389147794560383,-0.13818912085364846,-0.020080918305310884
SMC02-T_TGCCCTATCCGCATAA,SMC02,SMC02-T,Stromal 2,13144,0.0,0,0.453190035960788,-0.0050201492318720144,-0.11705734652505086,-0.11433756892092345,-0.2878958923808698,-0.2757978425902683,1.0268156383774782,1.0654708861866418,-0.009854901801137364
SMC02-T_TGTATTCCACGCATCG,SMC02,SMC02-T,Myofibroblasts,7132,0.0,1,0.778157525801981,0.18464329781566272,-0.07514821911677338,-0.2074565516370235,0.024434963904074108,-0.045254998734805645,0.14156557525214003,0.09087584386579692,0.17183949284944214
SMC02-T_TTCCCAGAGAGTGAGA,SMC02,SMC02-T,Myofibroblasts,8640,0.0,0,1.01620400148005,0.1884459786019043,-0.3301107037280287,-0.3585049665374,-0.6115639407415779,-0.6178871202607488,-0.22227357814186496,-0.24176075844203723,0.1754823971320601
SMC02-T_TTCCCAGCAGATCGGA,SMC02,SMC02-T,Myofibroblasts,6941,0.0,1,0.76114637009782,0.157114173388803,-0.029364484983581896,-0.18337996749252808,-0.14806090424559554,-0.28246107290303984,-0.057384338968825575,-0.133288716042743,0.14546705432287066
SMC02-T_TTCTACAGTTGGTTTG,SMC02,SMC02-T,Stromal 3,5270,0.0,0,0.510425423351646,-0.03736471169089016,-0.31535891823622647,-0.28372955376782066,-0.061539825337121684,-0.04138213454550782,-0.2378123190057905,-0.2172247095143094,-0.040840449030785
SMC02-T_TTCTTAGCATAGAAAC,SMC02,SMC02-T,Myofibroblasts,7364,0.0,1,0.665125034484571,0.14382762175968342,-0.11087315115241372,-0.11544298453301918,-0.09753024304399685,-0.13080172444325547,-0.1505572046888502,-0.17349482257576548,0.1599105687952843
SMC02-T_TTCTTAGTCTGCAGTA,SMC02,SMC02-T,Myofibroblasts,20907,0.671217166424175,1,0.316237231221452,-0.06923117189619102,-0.03361695798170962,0.0398673739727223,-0.1745938561139248,-0.1656927484721162,-0.13126448369339894,-0.09632777654949357,-0.07136798233670347
SMC03-T_AAATGCCTCGGATGGA,SMC03,SMC03-T,Stromal 3,10128,0.0,0,0.313884244246921,-0.1768254446225208,-0.30926593250538015,-0.27924746595232225,0.05269859341562402,0.06116115776172211,-0.10825817106585754,-0.11388560910435284,-0.17444148730142278
SMC03-T_AACACGTCAAGGACAC,SMC03,SMC03-T,Stromal 3,19312,0.0,0,0.577256606225316,0.039215185025935635,-0.22728616109459984,-0.21311217314768127,-0.09418498395885132,-0.02593719532583342,0.027826650087770664,0.06008485262008274,0.03252180496684643
SMC03-T_AAGCCGCGTCTCTTTA,SMC03,SMC03-T,Stromal 3,8843,0.0,0,0.592271339010412,0.04626013810762711,-0.2921622560492584,-0.32928734663419607,-0.2265836639063699,-0.20780100881360297,-0.0011600781428186518,-0.011753409399705775,0.039270751616534066
SMC03-T_ACACCCTAGATCCCAT,SMC03,SMC03-T,Stromal 3,16373,0.0,0,0.989366331389102,0.3431947050420077,-0.08731899724570008,-0.06760958266989668,-0.12546716904628794,-0.10909457938464055,0.04054910660182175,0.0010588089551995781,0.32372907624274744
SMC03-T_ACACCCTAGGCGCTCT,SMC03,SMC03-T,Stromal 3,24238,0.0,1,0.714381319516803,0.08737450360990408,-0.05969364965828706,-0.0849774233860577,-0.011524141690104591,-0.037094514492119465,-0.02613366010941957,-0.0054106717600541955,0.08959907961680609
SMC03-T_ACACCCTTCTGGAGCC,SMC03,SMC03-T,Myofibroblasts,5899,0.0,1,0.545580235847777,0.04769565814517831,0.23234545439481735,0.30485145402390784,0.18904793247276422,0.20241081350764564,-0.047031689082321367,-0.04705979131600436,0.04064595568612093
SMC03-T_ACAGCTAAGGAATGGA,SMC03,SMC03-T,Stromal 3,30270,0.0,0,0.536784724050574,-0.0012046994004202517,-0.3847165148401139,-0.30402880520900577,-0.3172658841524805,-0.29553737456715384,-0.13934609882141413,-0.10583600743728526,0.11537055432514734
SMC03-T_ACCAGTAAGACTGTAA,SMC03,SMC03-T,Stromal 3,9380,0.0,1,0.539974735419356,0.0034191950404068878,-0.07698332183823293,-0.07865546234860653,-0.1372692358432984,-0.168499409719262,-0.14674323695270639,-0.15013920638491127,-0.0017701518260130362
SMC03-T_ACGAGCCTCAAGGTAA,SMC03,SMC03-T,Myofibroblasts,8109,0.0,0,0.37237863016419,-0.07711321858917936,-0.211144691114599,-0.14512109043212926,-0.21606046217018549,-0.19583982094949068,-0.21281711914037404,-0.19119871504166547,-0.053469010135706735
SMC03-T_ACGAGGAGTTCCCGAG,SMC03,SMC03-T,Stromal 3,21587,0.0,0,0.697756407897149,0.11075049374056489,-0.1677715613658787,-0.11826113851104932,-0.1952373301040153,-0.13835949546029402,0.12748018194382127,0.1548575808568036,0.10105142844136522
SMC03-T_ACGCCAGAGAGCTTCT,SMC03,SMC03-T,Stromal 3,37500,0.0,0,1.07625695660073,0.44859154308378174,-0.2351602347643704,-0.25785191264003515,-0.3666073520268713,-0.36530000092678294,0.03802097761317303,0.015547332430587096,0.43218540037129105
SMC03-T_ACGCCAGGTTCCACGG,SMC03,SMC03-T,Stromal 3,3636,0.0,0,0.586929994450829,0.006833593830825728,-0.15549692648405933,-0.1641821959396688,-0.013595774199585525,-0.051380464547248775,0.09250498931658896,0.10728077862192603,0.0015007848303545924
SMC03-T_ACGCCAGTCAACGGGA,SMC03,SMC03-T,Myofibroblasts,21941,0.0,1,0.460577113425065,-0.028940797162552673,0.04703789672396165,0.09325687546941747,0.16231177984831893,0.19816649438770012,0.009842142031381005,0.06589650270693442,-0.03277048049103312
SMC03-T_ACGTCAAAGGGATGGG,SMC03,SMC03-T,Stromal 3,12175,0.0,1,0.597416287925915,0.036636758669230496,-0.17655405063866353,-0.10450185530978005,-0.07976761954475423,-0.03824803363098655,0.05330550309858824,0.08652764821753782,0.04904422551362204
SMC03-T_ACGTCAAAGTTAGGTA,SMC03,SMC03-T,Stromal 3,3171,0.0,0,0.510953549661749,-0.035935754830573215,-0.6171216806586908,-0.5000754940073665,-0.40349944559287054,-0.30495198989330335,-0.23415357807749196,-0.16943398529992384,-0.039471532374683045
SMC03-T_ACTATCTCATGGGAAC,SMC03,SMC03-T,Myofibroblasts,30274,0.0,1,0.415225970949454,-0.0370105527986756,0.13656135277385462,0.15189028778340577,0.34792351286516204,0.37763662537733134,-0.1098305108172721,-0.10005157416795983,-0.0314602180337142
SMC03-T_ACTGTCCTCGTGGACC,SMC03,SMC03-T,Stromal 3,20857,0.0,0,0.956274095616556,0.32817735377568424,0.17259836636901815,0.11493415790950744,0.18902532447471607,0.159702000500591,0.10468340535697183,0.07320752647869727,0.3093427061220678
SMC03-T_ACTTGTTGTGCAGGTA,SMC03,SMC03-T,Stromal 3,15329,0.0,0,0.923015827363351,0.24497831259903155,-0.2595876164126153,-0.23380802871613968,-0.34307531122954527,-0.2997754416320213,-0.09435117095708848,-0.07160183480557274,0.22963942297804757
SMC03-T_AGAATAGTCTTGCATT,SMC03,SMC03-T,Myofibroblasts,8512,0.0,1,0.24540734612926,-0.11108078573944799,-0.35012171440282647,-0.3073553267593791,-0.2574474783424212,-0.28761143748496854,-0.40933287778967303,-0.36253811655675666,-0.11145920904368914
SMC03-T_AGACGTTTCCGTTGCT,SMC03,SMC03-T,Stromal 3,13819,0.0,0,0.815343904316102,0.13829038346088246,-0.15564018263652615,-0.1178772853369393,0.0010109404292033644,0.019397911507376405,-0.10735879426785304,-0.09619506768512484,0.12743417993814005
SMC03-T_AGAGCTTCAGGAATGC,SMC03,SMC03-T,Myofibroblasts,15251,0.0,1,0.0297736027158516,-0.22705928223647215,-0.04556071180470136,-0.023853886054783332,-0.0804294088893399,-0.05001105017266994,-0.18181119106317822,-0.1767808049917221,-0.22256465946940976
SMC03-T_AGAGTGGAGGTACTCT,SMC03,SMC03-T,Myofibroblasts,5019,0.0,0,0.309832533735755,-0.08521577505100715,0.10252438793529053,0.21309137530624866,0.360405081921086,0.4251368203481963,0.06815440572406116,0.0957618125659578,-0.08668096351022479
SMC03-T_AGAGTGGGTTGATTGC,SMC03,SMC03-T,Stromal 3,4817,0.0,1,0.952303978257508,0.3979559538297747,-0.3839729025351758,-0.4528304572875907,-0.45899422299496984,-0.5141370461084122,-0.16665171910273402,-0.16526654879836475,0.37618943222430573
SMC03-T_AGCAGCCGTAGCGTAG,SMC03,SMC03-T,Stromal 3,12352,0.0,1,0.74182956341049,0.1581812265100317,0.38496374519427823,0.3805404545103268,0.2193308324382013,0.2480747289955616,0.07436578093390715,0.08466802984476089,0.1652764244036389
SMC03-T_AGCGGTCCAGCTCGCA,SMC03,SMC03-T,Myofibroblasts,17154,0.0,1,0.214673484857297,-0.10467838525379959,-0.10733126836581802,-0.09536005044355989,-0.030854186736883556,-0.02241966740206577,-0.136924578484736,-0.13587988001458784,-0.10532581698180747
SMC03-T_AGCGTCGGTGACTCAT,SMC03,SMC03-T,Myofibroblasts,7092,0.0,1,0.102860590507163,-0.18221390945019952,-0.3561836087658089,-0.3327849300623667,-0.34463609181040405,-0.36120254724004935,-0.40100155245316654,-0.3607257740462528,-0.17960354604390488
SMC03-T_AGGGAGTTCGGCGCAT,SMC03,SMC03-T,Stromal 3,6279,0.0,0,0.180846298407955,-0.14802417451548472,-0.28181393443112623,-0.26459678914965834,-0.04658812108183546,-0.04790550321448854,-0.25718617532892446,-0.2387248326695579,-0.14685035459384196
SMC03-T_ATCCACCCAATGACCT,SMC03,SMC03-T,Stromal 3,29430,0.0,1,0.867798800870501,0.19444372732061566,-0.15457826249339446,-0.13153786440493492,0.0026491309078980466,0.018109832175595815,-0.03237758753331084,0.007060184417402043,0.19765366854913094
SMC03-T_ATCCACCTCCCACTTG,SMC03,SMC03-T,Myofibroblasts,8748,0.0,1,0.493246962046321,0.04707439358983385,-0.04076545092524314,-0.020721156422684833,-0.1147048743251635,-0.1457112652444562,-0.30304557139936245,-0.33377383202314376,0.04005079468352204
SMC03-T_ATCCGAATCTCAAACG,SMC03,SMC03-T,Myofibroblasts,12687,0.0,1,0.386728005477896,-0.08311320082047084,0.16655087097053778,0.24563251570344152,0.2184751719005919,0.2422044936738107,-0.21360890418291092,-0.19374458570690717,-0.08466673273475304
SMC03-T_ATCTGCCCACACATGT,SMC03,SMC03-T,Myofibroblasts,5070,0.0,1,0.261022470798791,-0.12842297179853185,0.042362272093186576,0.09912108720802679,0.0351346102828274,0.04365852457839389,-0.19933728524728825,-0.1726008850861998,-0.12807273182297954
SMC03-T_ATGGGAGTCAACTCTT,SMC03,SMC03-T,Myofibroblasts,6578,0.0,1,0.0136380954648853,-0.22732076785739577,-0.31683533656772,-0.30923647709508856,-0.21083552994092983,-0.22901642265483238,-0.3086674766615033,-0.28807942949454574,-0.22281515829953827
SMC03-T_ATTATCCCAGCTGGCT,SMC03,SMC03-T,Myofibroblasts,15786,0.0,1,0.0978389890977604,-0.22062631734042315,-0.10840286026537722,-0.07383739199807368,-0.24211574422803764,-0.245575173617189,-0.1425231110108526,-0.10443517701590763,-0.20085816022728673
SMC03-T_CAACCTCCACTTCTGC,SMC03,SMC03-T,Myofibroblasts,8989,0.0,0,0.317985844311131,0.01324995152096738,0.27611993901355536,0.3431415907902325,0.3640857129357755,0.45270576624762876,-0.16774926585586447,-0.15290181137183134,0.007647547659565921
SMC03-T_CAACCTCGTAGGACAC,SMC03,SMC03-T,Stromal 3,33607,0.0,1,0.683604512489585,0.0661002009772091,-0.09835045165572391,-0.04466785250299769,-0.017872387115672534,-0.00024368432025576747,0.06694464858033156,0.09154723762151074,0.05827719839915883
SMC03-T_CAACCTCTCTACTATC,SMC03,SMC03-T,Myofibroblasts,5885,0.0,1,0.0518743341900885,-0.21888655049955114,-0.005910248324579122,0.029003390815199877,0.1973679248167544,0.29657989428486936,0.02480066975480632,0.07012504716129864,-0.21473531982227534
SMC03-T_CAACTAGAGTGCAAGC,SMC03,SMC03-T,Myofibroblasts,5831,0.0,1,0.372431009041806,0.032359553778772816,0.04595387704214271,0.0346167013957733,0.1941490826406041,0.1935075354264226,-0.17626622672143735,-0.1636028255609905,0.025954225452757683
SMC03-T_CACACCTAGTGGTAAT,SMC03,SMC03-T,Stromal 3,19741,0.0,1,1.29968429913088,0.4011215474129769,0.23821944084816746,0.19463715660272213,0.3588549384885297,0.32169860727045424,0.13953679823561718,0.10796029646607007,0.3792220176737599
SMC03-T_CACACTCGTGTGAATA,SMC03,SMC03-T,Stromal 3,22461,0.0,0,1.37210096541472,0.47223013085558224,-0.13769739775025114,-0.13549977095752228,-0.03226864672437006,-0.012457219753847566,-0.08188644251541087,-0.06698117663755136,0.4473428455095331
SMC03-T_CACAGGCCAAAGCAAT,SMC03,SMC03-T,Stromal 3,18199,0.0,0,0.808555011678134,0.20600640108776197,-0.07836321490455647,-0.0816586431025005,-0.13309732797954762,-0.15067897572420363,-0.017250285964263114,-0.030071816724889417,0.19230498674036073
SMC03-T_CACATAGCAGCCTATA,SMC03,SMC03-T,Myofibroblasts,14456,0.0,1,0.477053933483259,0.0018972229506624373,0.03740087402414302,0.045811884945667375,-0.0558617542051159,-0.0453759205018625,-0.14375474207397354,-0.11899474383167484,-0.0032281755086253673
SMC03-T_CACCACTCATTGGCGC,SMC03,SMC03-T,Myofibroblasts,3657,0.0,0,0.562470973365907,-0.015035883490845822,-0.07231864202007347,-0.023660149039110033,-0.03726610531840397,-0.008006358454220517,-0.1683940087494097,-0.13282984144547405,0.022287188082182108
SMC03-T_CACCAGGCAAGAGGCT,SMC03,SMC03-T,Stromal 3,9824,0.0,1,1.10184853078287,0.258564899904294,-0.05605858249906973,-0.08751553380059748,-0.08883965977708742,-0.13461399226291051,0.03144961617592918,0.01620821745189674,0.24265514527048385
SMC03-T_CACTCCAAGTTAACGA,SMC03,SMC03-T,Stromal 3,26383,0.0,1,0.588438852718714,0.07978851697816138,0.13230973871766913,0.16210996007501352,0.2055313528078247,0.23854616879983698,-0.10816168477268595,-0.09748998393907267,0.07139037507234
SMC03-T_CACTCCACACGGACAA,SMC03,SMC03-T,Myofibroblasts,1803,0.0,0,-0.261288356661063,-0.43990508171223236,-0.44074533028262003,-0.4014869717563071,-0.33424512570609854,-0.3265975836751073,-0.4584054858276719,-0.41346771112259695,-0.4264673581268607
SMC03-T_CAGAATCGTTACGCGC,SMC03,SMC03-T,Stromal 3,35532,0.0,1,0.862479170907551,0.16548451699782163,-0.0012936624223176315,0.0216172725393823,0.03724673334319068,0.06606491078990837,-0.04217358815826868,-0.030749510787427426,0.15348570282226665
SMC03-T_CAGCCGACATGCGCAC,SMC03,SMC03-T,Stromal 3,2682,0.0,0,0.736956295027232,0.0845683562945117,-0.5579917239291328,-0.5969675315952883,-0.5120019968979213,-0.5468248782116313,-0.1615538851995217,-0.10680550836464937,0.07596938080396973
SMC03-T_CAGCCGATCATGCAAC,SMC03,SMC03-T,Myofibroblasts,23575,0.0,1,0.264094763615254,-0.12785331367743774,0.09800433849307652,0.12401026890544993,0.12019683571760448,0.08719486837426937,-0.04534097893261596,0.0004999638589866021,-0.12752700891705746
SMC03-T_CAGGTGCCACAGAGGT,SMC03,SMC03-T,Stromal 3,9804,0.0,1,0.634871664118913,0.14975525981852816,-0.03723131960295901,-0.06309715006500483,-0.009722064515309674,-0.024068135335001836,0.026885350048542023,-0.0052109599990003246,0.13841733880176701
SMC03-T_CATATTCGTGGAAAGA,SMC03,SMC03-T,Stromal 3,30744,0.0,1,1.23223834905415,0.40777252646359174,0.03152203753742636,-0.022519598328849165,0.11747430192724782,0.09603148573186508,0.06712804217087595,0.032624426275929985,0.3855935438230884
SMC03-T_CATGACAAGACACGAC,SMC03,SMC03-T,Myofibroblasts,3486,0.0,0,0.07980017753401,-0.23856265128900608,-0.2508650860007928,-0.22112340080301937,-0.2361838580204212,-0.2360996714641535,-0.2918857374473622,-0.28018493503332137,-0.2335846936878036
SMC03-T_CATGGCGCAGTTCCCT,SMC03,SMC03-T,Myofibroblasts,20588,0.0,1,0.283656117414434,-0.06581931474634953,-0.06287524967254805,-0.03600453290372815,0.03845041021181993,0.03422799009320781,-0.20984800350117055,-0.20343978924348075,-0.0680994805292923
SMC03-T_CATTCGCGTATCTGCA,SMC03,SMC03-T,Stromal 3,22011,0.0,1,0.91950594435914,0.25288301884409103,0.020882473845148877,0.03969619912663248,0.033778375789181005,0.025301473821664967,-0.07698702049429382,-0.06885594926596454,0.2490759581452658
SMC03-T_CCACGGATCTTGTCAT,SMC03,SMC03-T,Stromal 3,15430,0.0,1,0.562028743184771,0.07017107296473625,-0.0921763000458631,-0.05468042563965044,-0.14053322402380256,-0.1215801366908086,0.022419410483225394,0.05025197338751134,0.06217702534519324
SMC03-T_CCACTACAGTGGGTTG,SMC03,SMC03-T,Stromal 3,15221,0.0,0,0.757439332605996,0.1538903593134723,-0.1128369517130207,-0.0960461681526972,0.05850327039631654,0.0859965774945395,0.040169448307470275,0.0610668913625619,0.14237869462045302
SMC03-T_CCAGCGAAGAGCTGCA,SMC03,SMC03-T,Stromal 3,15722,0.0,0,0.717684901917888,0.118646896607651,-0.4101805345871609,-0.4191137168254056,-0.41079606616582093,-0.442102732861734,-0.183854252648981,-0.1734658023013788,0.10861604967538048
SMC03-T_CCAGCGATCGGAAACG,SMC03,SMC03-T,Myofibroblasts,11509,0.0,1,0.484799003973939,0.009444831118902616,0.0936117499344507,0.04964723903685808,-0.09430890785036039,-0.11836138753177122,-0.09605372201063131,-0.1593129000900423,0.004002306265991275
SMC03-T_CCATTCGAGAGGGCTT,SMC03,SMC03-T,Myofibroblasts,13780,1.36168338525521,1,0.368467931051282,-0.015867088055401518,0.20178422027704668,0.21241769594390217,0.09059322328895938,0.09525577767297279,-0.17550066328166347,-0.1881181562100263,-0.020246086892585793
SMC03-T_CCATTCGTCTCTGCTG,SMC03,SMC03-T,Stromal 3,20095,0.0,1,1.16034992680711,0.3036788035216823,-0.13701323525295878,-0.1140249952923779,-0.2301334712027135,-0.24524032384113864,-0.06769076950455967,-0.0484593288425137,0.28587350671907436
SMC03-T_CCCAATCAGCTAACAA,SMC03,SMC03-T,Myofibroblasts,4506,0.0,0,0.0978628440194396,-0.21542023676202485,-0.059868906871700774,-0.020319333572576686,-0.24719080055246548,-0.23742262724527094,-0.1762789065508466,-0.17558055007282425,-0.2114146495190989
SMC03-T_CCCAATCAGCTTTGGT,SMC03,SMC03-T,Myofibroblasts,2402,0.0,0,0.432121408291684,-0.061755789002697715,-0.31067938768133824,-0.35108819276821324,-0.19872643281610644,-0.24572370166695395,-0.3404238289908359,-0.31159265558509264,-0.06420669116142418
SMC03-T_CCCAATCAGGATGGAA,SMC03,SMC03-T,Stromal 3,4958,0.0,0,0.647006494877317,0.0383947237574479,-0.27932213007339407,-0.2587726418292377,-0.3065467020686792,-0.3199141690897387,-0.21979950752697494,-0.20451369872864555,0.031735816860900205
SMC03-T_CCGGTAGCAAGCCATT,SMC03,SMC03-T,Myofibroblasts,30378,0.0,1,0.307527579821554,-0.06672934115570235,0.012728427286136287,0.0721270743169731,0.09301438353295267,0.0600840607400832,-0.1626216422913498,-0.13557298354366246,-0.05995725609847352
SMC03-T_CCGTACTTCCAGTATG,SMC03,SMC03-T,Myofibroblasts,33500,1.22025739809044,1,0.330106715607314,-0.07577015090276275,-0.02988823672414434,-0.018508747878779725,0.02231003606349838,0.04048915705535301,-0.11993171090358182,-0.08379701406640165,-0.06935787099186613
SMC03-T_CCGTTCAGTCCAGTTA,SMC03,SMC03-T,Myofibroblasts,24725,0.339645011131632,1,0.423601545661849,0.019996604865841698,-0.20456206597083684,-0.21105225125282276,-0.0609908793501708,-0.025518553288177002,-0.08821039123362616,-0.05973817059660659,0.014110728174823672
SMC03-T_CCTACCAAGGGTCTCC,SMC03,SMC03-T,Stromal 3,9242,0.0,1,1.26743248571768,0.2988894437521435,-0.30387948863968556,-0.36065062707880646,-0.27285132519140537,-0.30926190442297347,0.08473545512870738,0.08832156460951357,0.28128538055329766
SMC03-T_CCTTCCCGTAGAGTGC,SMC03,SMC03-T,Stromal 3,9569,0.0,0,0.787327239139908,0.22615739793042866,-0.34336714380021605,-0.31191357191106894,-0.24916708866628456,-0.21226983259670262,0.08047020874525371,0.11884519712013357,0.21160930304341957
SMC03-T_CCTTTCTGTCGGATCC,SMC03,SMC03-T,Stromal 3,14097,0.0,0,0.860855649209451,0.1846293967315241,-0.09367944511147785,-0.11964579635277027,-0.08741249374056957,-0.10296575755400714,-0.1736388621949836,-0.16011286483091466,0.18880864959053634
SMC03-T_CGAACATCACGCATCG,SMC03,SMC03-T,Myofibroblasts,22030,0.0,1,0.48947756561868,0.023991366243806846,0.05135787730770452,0.1345321562868066,0.12049074706678488,0.16416353879626408,-0.11512912570645935,-0.0557104910559514,0.0179376424360676
SMC03-T_CGAATGTAGCTAGCCC,SMC03,SMC03-T,Stromal 3,33344,0.0,1,0.84580450783198,0.2095661168395166,0.15135713837736722,0.04909716714627859,0.1682159845332368,0.09603916076120249,0.03860500609796298,0.024583215200725723,0.19571513460338616
SMC03-T_CGAATGTTCGGCATCG,SMC03,SMC03-T,Stromal 3,27049,0.0,1,1.02150524061549,0.3644810158007762,-0.05226287838755822,-0.055512636990808856,0.08020058987015972,0.05396710723898439,-0.03253890774457863,-0.051354284458519785,0.34412100419652564
SMC03-T_CGATCGGGTCAGGACA,SMC03,SMC03-T,Myofibroblasts,2589,0.0,0,0.200435916935395,-0.19891448715995802,-0.21704270675474283,-0.17365009610245868,-0.3820985622551976,-0.3367878261000611,-0.1408936181350758,-0.08296973047887578,-0.1956024188078752
SMC03-T_CGATTGAAGGGAAACA,SMC03,SMC03-T,Myofibroblasts,1056,0.0,0,-0.279932339983406,-0.436534182854781,-0.5859600068355093,-0.5538781158080915,-0.6545066577287353,-0.6612685639844385,-0.4438337811513951,-0.40352594563189675,-0.42323809367518467
SMC03-T_CGCTATCCACAGGTTT,SMC03,SMC03-T,Stromal 3,25421,0.0,1,0.975061728440031,0.25817192338505074,0.1096598568980639,0.1383180110374602,0.09185812910258466,0.09623967371014662,0.07546634143708568,0.10254900319611325,0.2422786803696962
SMC03-T_CGCTGGAGTAAGCACG,SMC03,SMC03-T,Myofibroblasts,12805,0.0,1,0.333970486006774,-0.039214537380949446,-0.16795086539445483,-0.10319060121276756,-0.09560036764727259,-0.02413642855880912,-0.15594005669025998,-0.1204288085374762,-0.042612550952354396
SMC03-T_CGCTGGATCACCAGGC,SMC03,SMC03-T,Stromal 3,20698,0.0,0,0.905766175650104,0.20695636073421492,-0.23287617456053897,-0.25108893255407855,-0.12816591255784948,-0.11976309674033939,-0.09974582050191728,-0.07047353435088606,0.3610842509993485
SMC03-T_CGCTTCAAGAGACTTA,SMC03,SMC03-T,Myofibroblasts,14432,0.0,1,0.296544068933073,-0.10817794199510102,-0.023443186945490996,0.032634050443359625,0.08745472623054318,0.09474458904438761,-0.27815239390260293,-0.23320227782515918,-0.10867833352389455
SMC03-T_CGGAGCTGTCTAGCGC,SMC03,SMC03-T,Stromal 3,22544,0.0,1,1.18619521722014,0.36509821308253887,0.02362595987031046,0.017873541974439855,0.02801888856124513,0.0010982108150803765,-0.04251771190840947,-0.0589769772527849,0.3447122688193907
SMC03-T_CGTCACTCACGGTTTA,SMC03,SMC03-T,Myofibroblasts,1563,0.0,0,-0.231786251862725,-0.381707592540535,-0.7582185628766916,-0.6881265238654323,-0.7410913362186782,-0.6766988104859064,-0.44765866516452085,-0.36983565644306293,-0.3707151416094363
SMC03-T_CGTCTACTCTTGCAAG,SMC03,SMC03-T,Stromal 3,5752,0.0,1,1.11470665574954,0.2717546010389924,-0.0018733517285816524,-0.07355636514995884,-0.015981559793711925,-0.10796873836756446,-0.07532208150154666,-0.10901833049514714,0.2552906572818756
SMC03-T_CGTGTCTAGCGTAATA,SMC03,SMC03-T,Stromal 3,3143,0.0,0,0.865160452066268,0.23196387089984982,-0.36247055430193337,-0.3896317640092315,-0.335979342612685,-0.3616894296435423,-0.1869446534075235,-0.15068701286526287,0.21717180656034404
SMC03-T_CGTGTCTCAAAGGCGT,SMC03,SMC03-T,Stromal 3,22097,0.0,0,0.967657763541429,0.2565946886969501,0.038860356292630335,-0.017924951968669164,0.044208774837304135,-0.003407504106330317,0.05008797747524161,0.04724696431966389,0.24076771604664185
SMC03-T_CGTTAGACAACACCTA,SMC03,SMC03-T,Stromal 1,6541,0.0,1,0.953806678995082,0.23504895337840967,-0.37662177164183586,-0.4122000033626469,-0.28719623938050803,-0.29028649563186393,-0.07165195945846407,-0.057456017022623734,0.2201272637246787
SMC03-T_CGTTCTGTCTCGCATC,SMC03,SMC03-T,Stromal 3,26577,0.0,0,1.02428640958592,0.28769216049419666,-0.2626293321159117,-0.20545975734457012,-0.31458775484364254,-0.25141979786459095,0.034688431828429823,0.06360976014505415,0.2705585713818192
SMC03-T_CGTTGGGCAAACAACA,SMC03,SMC03-T,Stromal 3,30491,0.0,1,0.795775831944177,0.1765338297108221,0.1974171819379173,0.17511281957452343,0.06623761469916421,0.04742922062097594,-0.011841858153868663,-0.0249741029651726,0.1640707586985864
SMC03-T_CGTTGGGCAGGTCTCG,SMC03,SMC03-T,Stromal 3,29344,0.0,1,1.06297282521802,0.2933150040018454,0.009630124217697553,-0.06895103664478151,0.0082248932853037,-0.026049503753351612,-0.024309418311244564,-0.04741588243666817,0.2852344101122698
SMC03-T_CTCCTAGAGAGACTTA,SMC03,SMC03-T,Stromal 3,9282,0.0,0,0.697898031222034,0.08264959949934692,-0.2386976856054092,-0.2749128641515243,-0.2909308793593426,-0.2841059487572936,-0.17511393043555712,-0.1792453912251136,0.07413124404221523
SMC03-T_CTCGAGGAGACACTAA,SMC03,SMC03-T,Myofibroblasts,22193,0.0,1,0.109470976118513,-0.16679103103907486,-0.01706069343894416,0.03539368727176291,-0.021090106021764934,0.013190442468797746,-0.16745543287772882,-0.12108153302003355,-0.164828687734088
SMC03-T_CTCGAGGTCAACGAAA,SMC03,SMC03-T,Myofibroblasts,3441,0.0,1,0.185275416432399,-0.24209501030609795,-0.06075246312788555,-0.01995327178297973,-0.20707123718528572,-0.2825469445697097,-0.3000540801569035,-0.29929577050840156,-0.2369686342587992
SMC03-T_CTCGTACCAGTAACGG,SMC03,SMC03-T,Myofibroblasts,3297,0.0,0,0.160405934811608,-0.1276612495186559,-0.09390519238469115,-0.05907651923224898,-0.21802310318667062,-0.2086195757742538,-0.20381880495023277,-0.22593630039859014,-0.12734301468091352
SMC03-T_CTCTAATAGGCATTGG,SMC03,SMC03-T,Myofibroblasts,19742,0.0,1,0.421399409366376,0.04493783950282816,0.009140453194829336,0.028491530667230196,0.024782802651019183,0.018314251468160195,-0.06326068153506831,-0.03934089576496797,0.038004011776642636
SMC03-T_CTGATCCAGCTATGCT,SMC03,SMC03-T,Myofibroblasts,9726,0.0,1,0.379071664911923,0.0007456619651955471,-0.11313757927594137,-0.15862110329837334,-0.0903644609284036,-0.11795167408363763,-0.3060318079433943,-0.3050995716277291,0.01806807142345845
SMC03-T_CTGATCCGTGGTCCGT,SMC03,SMC03-T,Stromal 3,20387,0.0,1,0.603177760281055,0.09898029370723586,0.06352621440927746,0.0473392905394842,0.08680769991680827,0.09733972061685352,-0.07154135755018184,-0.029521020501852034,0.10241834302785016
SMC03-T_CTGCCTAGTCGCTTCT,SMC03,SMC03-T,Myofibroblasts,1043,0.0,0,-0.0796400053448189,-0.36979224027967766,-0.6679656365696265,-0.6261834291423239,-0.6169247720010427,-0.601263721148635,-0.571147404767965,-0.5427582420846995,-0.35930043440155623
SMC03-T_CTGCGGATCGCTAGCG,SMC03,SMC03-T,Stromal 3,18143,0.0,0,0.966026621679065,0.20373474966669292,-0.34688015814338413,-0.343811525985962,-0.15339327778439132,-0.15461196637777394,-0.1197326883673668,-0.13239377850995343,0.19012878285799206
SMC03-T_CTGTTTACAAGCCCAC,SMC03,SMC03-T,Myofibroblasts,24245,0.0,1,0.741185188607722,0.13005364269606376,0.29128499292502447,0.37202728477806396,0.40117000687240184,0.4266549883096284,-0.1373414055689385,-0.13240491809213864,0.13048230637522304
SMC03-T_CTGTTTACACATTCGA,SMC03,SMC03-T,Myofibroblasts,24010,0.0,0,0.399965175509533,-0.08387953117939137,-0.15552744268420704,-0.08294233315192708,-0.15487844034155107,-0.1274627205525893,-0.24660801828691833,-0.1985074081841637,-0.07437167346219242
SMC03-T_CTTAGGAGTATGAAAC,SMC03,SMC03-T,Stromal 3,17952,0.0,1,1.03493856878435,0.28736915308451116,-0.029448588207668186,-0.03549410748045619,0.11208841269265632,0.1136028372877559,-0.00489043832609528,0.0029952155754846685,0.27024913571203646
SMC03-T_CTTGGCTAGGCCGAAT,SMC03,SMC03-T,Myofibroblasts,25030,0.0,1,0.245015061690652,-0.10257227921842091,0.0337346814601321,0.07225312026808174,0.1531177797326248,0.17418830451923747,-0.06488120934288753,0.00034143431660007027,-0.10330820279665479
SMC03-T_GAAATGACATTCCTGC,SMC03,SMC03-T,Myofibroblasts,18350,0.0,0,0.691552338082819,0.24610931432107463,0.14654451903259877,0.2005574479471983,0.14440002592698653,0.14733502585007702,-0.1303348610667806,-0.12807634306304594,0.24450201839462957
SMC03-T_GACACGCCATGCCACG,SMC03,SMC03-T,Myofibroblasts,18203,0.0,1,0.392984326489531,0.1597600130102875,-0.08526172181021194,-0.08992192635267246,-0.04395235700494781,-0.03864992936250082,-0.2071487593807672,-0.22094886732452057,0.14800172421236
SMC03-T_GACGCGTCACGGTAGA,SMC03,SMC03-T,Stromal 3,17889,0.0,0,0.784524731321355,0.18151630659224138,-0.241354245055771,-0.25767008175437406,-0.20923014681748286,-0.18103640462640067,-0.08453174606945954,-0.0924581468653153,0.16884388781187884
SMC03-T_GACGCGTGTCAAGCGA,SMC03,SMC03-T,Stromal 3,16684,0.0,0,0.493781760654424,0.04953231660877926,-0.41595749743282795,-0.34003557669135126,-0.35492002443239395,-0.3240754926187355,-0.054436285284004717,-0.004392628284061656,0.04240544362604117
SMC03-T_GACGGCTCATGCATGT,SMC03,SMC03-T,Stromal 3,32216,0.0,1,0.887759490258998,0.2340708440659862,-0.08316374536869782,-0.03698882925119705,-0.07925775061285466,-0.04105027106070761,0.09003826887591888,0.12330345881774145,0.21919025144218898
SMC03-T_GACTAACCATGTCCTC,SMC03,SMC03-T,Stromal 3,29787,0.0,1,0.726262599340765,0.12928426924177952,0.006086673708727622,0.02444512656855783,-0.03809632256399004,-0.04789671841142482,-0.04660921006120349,-0.02576599089867052,0.1350780204877633
SMC03-T_GATCGATGTAAATGTG,SMC03,SMC03-T,Myofibroblasts,3525,0.0,0,0.186976623440364,-0.2441630673088264,-0.5577377112088154,-0.52654686134036,-0.3780946223711481,-0.35907318564348445,-0.3883069107407018,-0.3565686428371598,-0.2389497981101525
SMC03-T_GATCGTAAGATGTTAG,SMC03,SMC03-T,Stromal 3,21601,0.0,1,1.08231716889249,0.2736375316438314,-0.1335330896260103,-0.22290738915638408,-0.20693394519882846,-0.2514016977727933,-0.1252286364422425,-0.13311135083546533,0.2570944731554189
SMC03-T_GCAATCACAGCTGGCT,SMC03,SMC03-T,Stromal 3,24453,0.0,1,0.733798475559384,0.10633939708860819,-0.007707649917930973,-0.012174506285568563,0.16027841447111296,0.16144217126244723,0.04558632895350456,0.07408519939464682,0.10768567883417386
SMC03-T_GCACATATCCGCGTTT,SMC03,SMC03-T,Stromal 3,16347,0.0,1,1.08271271980072,0.2855303498115717,-0.015625793306271032,-0.030067317835168868,-0.057055134639828184,-0.07085255473895474,-0.016321728143252823,-0.00825330501093584,0.26848759308081716
SMC03-T_GCACTCTAGGACATTA,SMC03,SMC03-T,Myofibroblasts,12682,0.0,1,0.036396281139655,-0.26082734893517273,0.04775907981152437,0.11355626569470255,0.12186257367507003,0.1269134719406666,-0.28397139283387285,-0.2638898713185507,-0.2549138998362322
SMC03-T_GCATACAGTCTCAACA,SMC03,SMC03-T,Stromal 3,15664,0.0,0,0.555008647634628,0.02307283664285614,-0.4767064434091313,-0.43994694750290364,-0.38327723600645075,-0.34981590591446865,-0.09329784736037254,-0.06689911717001129,0.03269706622642629
SMC03-T_GCATGATAGTGTCCCG,SMC03,SMC03-T,Myofibroblasts,22219,1.02971264063946,1,0.383434756956955,-0.014827787859790158,0.06117894976608911,0.06578978002298533,0.008364345080086164,-0.006774817485102388,-0.0715946025754276,-0.06863368096597054,-0.01925045477242029
SMC03-T_GCGCAGTTCTTGTCAT,SMC03,SMC03-T,Myofibroblasts,10362,0.0,0,0.354466809919251,-0.0696696615369435,-0.1312983641590999,-0.09427985190073164,-0.13485718548906092,-0.14669437463893448,-0.28724819160997866,-0.2725835757877897,-0.07178804804297055
SMC03-T_GCGCCAAGTAGGCATG,SMC03,SMC03-T,Stromal 3,19673,0.0,1,0.683116802293374,0.05846494205884243,-0.01689727061276077,0.014869909409842477,-0.058856334594287435,-0.053749268116472765,0.03694646522696865,0.06345988397541291,0.050962748679042866
SMC03-T_GCGCCAATCTGGTGTA,SMC03,SMC03-T,Myofibroblasts,22176,0.0,1,0.35789954233047,-0.0775790011281507,0.09085596252080737,0.12284510266944403,-0.02843587444524984,-0.02770562699541103,-0.018519101840885063,-0.0128104848020217,-0.06757481541766339
SMC03-T_GCGGGTTCAATGACCT,SMC03,SMC03-T,Stromal 3,35922,0.0,1,0.873292240636036,0.23245230253393712,-0.2601226149554535,-0.27206790677226356,-0.21102660077110846,-0.20098908700395463,-0.13413341168902423,-0.12906835379407686,0.21763971585686467
SMC03-T_GCTGCAGAGCCCAACC,SMC03,SMC03-T,Myofibroblasts,7249,0.0,1,0.335006374851918,-0.1451972600628148,-0.05651073188197856,-0.006070435047149658,0.04970573268982829,0.020765199650858723,-0.10037380096159483,-0.09831342355293386,-0.14414221805935146
SMC03-T_GCTGCAGGTATTAGCC,SMC03,SMC03-T,Stromal 3,8592,0.0,0,0.881564046493463,0.2164403713030512,-0.17582642606326512,-0.2333739830589876,-0.22932937323134772,-0.29770004913903947,-0.08390433890254874,-0.1265436942963039,0.20230055484576387
SMC03-T_GCTGCGAGTAAGGGCT,SMC03,SMC03-T,Myofibroblasts,12314,2.01445898282425,1,0.186636331363939,-0.1153869747200556,0.04053453078531489,0.11239308868421287,0.21262417149929597,0.2387872490988568,-0.23037482409885054,-0.1908717975458678,-0.11558446571418718
SMC03-T_GCTTCCAGTCTCTTTA,SMC03,SMC03-T,Stromal 3,5775,0.0,1,1.33125087799963,0.4256561205052493,0.018990279156334545,-0.02911898112151681,-0.006724034569093159,-0.02834207209390263,0.19580124624465642,0.15200701908153647,0.434556876144865
SMC03-T_GGAATAAAGCTAGCCC,SMC03,SMC03-T,Stromal 3,3003,0.0,1,0.521405310650379,0.05614859517663717,-0.046728143886644015,-0.04742827956996313,0.03293468985630541,-0.006533859427585159,-0.20562307983636857,-0.1678751362597241,0.048743727296089924
SMC03-T_GGAATAACACACATGT,SMC03,SMC03-T,Myofibroblasts,3694,0.0,1,0.33768458792085,-0.0335134118632005,-0.10388119400916052,-0.14961436113751517,-0.16925511680239316,-0.1917461618174647,-0.16921662202006893,-0.16351582013508853,-0.0371509685235865
SMC03-T_GGACAGATCTTGAGAC,SMC03,SMC03-T,Myofibroblasts,1875,0.0,1,0.0802732656291862,-0.22886099605902768,-0.05677204833803128,-0.10910674379911364,0.2830397886965348,0.2546720642076675,-0.08683112695028908,-0.05831228766371222,-0.22429067103051337
SMC03-T_GGACATTCATGCCCGA,SMC03,SMC03-T,Myofibroblasts,2832,0.0,0,0.134875057878128,-0.18645384317884842,0.0784203259616482,0.1737504434294817,0.012896595408721847,0.07005401908658272,-0.09018534759157583,-0.08091317581779817,-0.18366533129656015
SMC03-T_GGATGTTCAGCTTCGG,SMC03,SMC03-T,Stromal 3,34196,0.0,1,1.19318947535307,0.5412363080295587,0.0148989451783044,-0.08681042310668201,-0.06544992476891802,-0.08121961941076226,0.06956542769054833,0.03136361670296858,0.513449603474519
SMC03-T_GGCTCGACAGTCTTCC,SMC03,SMC03-T,Stromal 3,10404,0.0,0,0.81289272759248,0.25954570956201406,-0.3729861819622468,-0.3293998296849611,-0.38206154176471185,-0.36368803281423656,-0.058825443449773286,-0.043373622789102444,0.24359474443838375
SMC03-T_GGCTCGATCATACGGT,SMC03,SMC03-T,Myofibroblasts,17730,0.0,1,0.338661659470943,-0.05834333478522144,-0.03133844977662879,0.001747780388630018,-0.16245939717533028,-0.14284310539707887,-0.060269827307447,-0.05773301966050092,-0.060937617373253615
SMC03-T_GGGATGAGTCTGGAGA,SMC03,SMC03-T,Myofibroblasts,13505,0.0,1,0.354094613350268,-0.11966310397378709,-0.12726048760268152,-0.028376526585439356,0.13613922449246962,0.17477810153261172,-0.18001346497943527,-0.11136200432391728,-0.10229200772753283
SMC03-T_GTACGTATCAACACGT,SMC03,SMC03-T,Stromal 3,21997,0.0,1,0.619819235458215,0.049668241443373916,0.1327285739659731,0.053265354141774704,0.17929218019529872,0.15449638346340075,0.1038557540233198,0.0717842468224904,0.042535657333131846
SMC03-T_GTACTTTAGCTGTCTA,SMC03,SMC03-T,Stromal 3,22742,0.0,1,0.630616823745107,0.09177106649516836,0.06306354108691804,0.06974858675001576,0.09203834975867685,0.11211018896929725,0.10454429548821952,0.11830182651824811,0.09441373631467714
SMC03-T_GTACTTTCACTTCTGC,SMC03,SMC03-T,Stromal 3,23777,0.0,1,1.18699003168404,0.27946971900957196,-0.007133903837173569,0.026303156142736355,0.06633163913514237,0.033636637681791946,0.0349578456659066,0.040407163868932165,0.2626816106318426
SMC03-T_GTCACGGGTATTAGCC,SMC03,SMC03-T,Stromal 3,5240,0.0,1,0.611016068874912,0.015798145283234158,-0.12483984790742397,-0.14606060178541555,-0.012954651587167564,-0.03282653202497682,-0.20395097422756647,-0.20932148212895674,0.010088674457031576
SMC03-T_GTCATTTAGTATCGAA,SMC03,SMC03-T,Myofibroblasts,12011,0.0,1,0.211395919714779,-0.12840240881696605,0.05524591500965916,0.08309577369108433,0.19305277399110551,0.20077444560999094,-0.09692243298417644,-0.09333541489699308,-0.12805303283223585
SMC03-T_GTCATTTCATGCTGGC,SMC03,SMC03-T,Myofibroblasts,1702,0.0,0,-0.278834196453008,-0.4513660463292086,-0.72684601724756,-0.6660578388993333,-0.5752274121861068,-0.5279770465784295,-0.4647193911044221,-0.3889035266111879,-0.4374467696086699
SMC03-T_GTCGTAAGTCTTGATG,SMC03,SMC03-T,Myofibroblasts,26273,0.322531866977199,1,0.569464304516697,0.07034868132649806,0.10732723236540143,0.13365253122387136,0.19474286082371764,0.22766796612115794,-0.10788184231833407,-0.08696614836945253,0.07256379095884431
SMC03-T_GTGCAGCAGAGTTGGC,SMC03,SMC03-T,Myofibroblasts,6292,0.951395204590135,1,0.552254837511136,0.05817405431809133,-0.20321582356581883,-0.15902477902610127,-0.23557710436609935,-0.2019754306434892,-0.2765068971600972,-0.2693438577082227,0.0506840831122729
SMC03-T_GTGCGGTCACTTACGA,SMC03,SMC03-T,Stromal 3,6933,0.0,0,0.509197455175312,-0.03409958942875005,-0.2138424439317718,-0.22326627514529518,0.09110134183334148,0.08525266841617088,-0.10741434054155098,-0.10315797456047114,-0.03771251677965917
SMC03-T_GTGCGGTCAGTCAGCC,SMC03,SMC03-T,Stromal 3,15476,0.0,1,0.862012977549523,0.26713393640034555,-0.08409878376833334,-0.1414753303227083,-0.03322511707071443,-0.0527828359261675,0.07637132405254402,0.016573617552571435,0.2508641382162811
SMC03-T_GTGCTTCGTGAGGGTT,SMC03,SMC03-T,Myofibroblasts,16474,0.0,1,0.186472245884152,-0.17407977827742957,-0.10610501646843491,-0.04070173544672931,-0.06802219198066362,-0.03749844068011572,-0.1449236884321037,-0.10087970359360471,-0.1567845851683817
SMC03-T_TAAACCGTCTCACATT,SMC03,SMC03-T,Stromal 3,10213,0.0,0,0.780609069244547,0.16390865370467828,-0.1240866517229956,-0.06302997775421273,-0.1550603717641563,-0.13740058507510397,0.13411845842278317,0.17964230615864782,0.15197605227253266
SMC03-T_TAAGCGTTCTATGTGG,SMC03,SMC03-T,Myofibroblasts,9860,0.0,1,0.383976729659308,-0.02966931991671261,0.013390669637188619,0.07825357560068369,-0.10644454906257439,-0.11554246361172477,-0.15439446321443506,-0.12121916562318802,-0.03346839304543844
SMC03-T_TAAGTGCAGACCGGAT,SMC03,SMC03-T,Stromal 3,7229,0.0,1,0.736323862776614,0.08733555819969951,-0.010481839410352464,-0.01894956624998552,0.09696138416397937,0.10175701276247584,0.033383200435261974,0.002188505933565252,0.0786203137215446
SMC03-T_TAAGTGCTCATTCACT,SMC03,SMC03-T,Stromal 3,9798,0.0,1,0.932915260446539,0.24394216886803247,0.175892353316826,0.22165638916251226,0.25188357639601644,0.24190133803545735,0.06538727001139992,0.07121781610390719,0.2730455467430483
SMC03-T_TACCTTACATGGATGG,SMC03,SMC03-T,Stromal 3,11527,0.0,0,1.11529806276592,0.38353857212789816,-0.3211207917454291,-0.34700726608677607,-0.2390710551229933,-0.24523557072808577,0.010844139597917858,0.005536377342308269,0.36237782286284415
SMC03-T_TACGGTACATGCCACG,SMC03,SMC03-T,Stromal 3,21378,0.0,1,0.385714007329635,-0.08396664730747018,-0.14088798105260547,-0.09771634124946303,-0.18452036589840237,-0.14687897139337175,-0.13577802769692712,-0.09168186862953007,-0.08548432012565997
SMC03-T_TACTCATCAACACGCC,SMC03,SMC03-T,Stromal 3,17525,0.0,0,1.41464900123625,0.5246248505519409,-0.2394094030391805,-0.18093594413523267,-0.11412376602541427,-0.09442876049772252,-0.041711655651268206,-0.03860638465951471,0.49753610639512036
SMC03-T_TACTCATTCCATGAGT,SMC03,SMC03-T,Stromal 3,6751,0.0,0,0.62746166966912,0.06628316126175617,-0.13510355322944875,-0.1252557742522984,-0.08685415728511858,-0.0872638319554024,-0.03626272247025841,-0.04222227045718362,0.05845247127679216
SMC03-T_TACTTGTAGGAACTGC,SMC03,SMC03-T,Stromal 3,23650,0.0,1,1.17396453338979,0.39611826600147443,-0.01202574505337647,-0.03768105923039157,0.02016736312332202,0.028878703193609103,0.05188853336792243,0.03348502078477074,0.3855996073982796
SMC03-T_TACTTGTCACTCGACG,SMC03,SMC03-T,Stromal 3,14979,0.0,1,0.621649174247898,0.015100839711202864,-0.09753949739685168,-0.09311425582528478,-0.1250451645832889,-0.12875443159840827,-0.024641037075535246,-0.05276042745613,0.009420667438446974
SMC03-T_TAGCCGGTCTTGAGGT,SMC03,SMC03-T,Myofibroblasts,2058,0.0,0,0.53692969698325,0.021934172841148417,-0.025132683466891854,0.056602537631988525,0.005999838667256492,-0.016713848120944445,-0.11934118702223426,-0.06385941882343853,0.015966885730999858
SMC03-T_TATGCCCCATTTCAGG,SMC03,SMC03-T,Myofibroblasts,2263,0.0,0,0.0372679685206739,-0.25887608637608456,-0.3024808643955965,-0.21996973068794098,-0.22086430352409275,-0.16306574915557406,-0.29305938223474903,-0.2522368433720925,-0.19951497638175467
SMC03-T_TCAATCTGTCCGACGT,SMC03,SMC03-T,Stromal 3,22226,0.0,1,0.66231589566536,0.034445507067925575,-0.023697804488545776,0.021666462033441882,-0.015512439574362064,-0.06447922271611385,-0.08254538528915299,-0.04558513617581304,0.03972062577313485
SMC03-T_TCACAAGGTGCAGACA,SMC03,SMC03-T,Stromal 3,13309,0.0,1,0.82416172021243,0.1664052089806973,-0.01275518145032075,-0.015803242238556465,0.05715500206059339,0.006462894336775292,-0.14254834663711097,-0.17229986396782537,0.1543677102680467
SMC03-T_TCAGATGTCCTAAGTG,SMC03,SMC03-T,Stromal 3,16103,0.0,1,0.859839176911421,0.14865590540463464,-0.046708518639206886,-0.005668364056363338,-0.09395733217195588,-0.08426424237184746,-0.14031812164344284,-0.12023569529547411,0.13736417574980178
SMC03-T_TCAGGATTCCGTCAAA,SMC03,SMC03-T,Stromal 3,35003,0.0,1,1.65908561997354,0.5653789822326711,0.15967019712338604,0.055272231609617334,0.20179033420424033,0.14404893268392485,0.020322102105159213,-0.021421398712417987,0.544537990254217
SMC03-T_TCGGGACTCGTAGGTT,SMC03,SMC03-T,Myofibroblasts,14755,0.0,1,0.311828413701459,-0.03774373107508086,0.08296728060979928,0.09025756182239913,0.048556619741934905,-0.009054088077053081,-0.17527108945344624,-0.187163845493513,-0.041203543230766006
SMC03-T_TCGGTAACAAGTCTGT,SMC03,SMC03-T,Stromal 3,14379,0.0,0,0.993620940949523,0.2992502775271995,-0.04120300528807185,-0.08516045742832896,0.020206648793442136,0.003977853992986385,0.036898693270785245,0.019771041923805195,0.2983546665235728
SMC03-T_TCGGTAATCTAAGCCA,SMC03,SMC03-T,Stromal 3,19487,0.0,0,1.01350916254112,0.423145123692066,-0.15143562346929684,-0.16153182079248904,-0.1369699284966503,-0.1677651693827884,0.09699586971883516,0.0694649598273613,0.41344062289019595
SMC03-T_TCGTACCCAATCAGAA,SMC03,SMC03-T,Myofibroblasts,20257,0.0,0,0.168832115940011,-0.19237245684652998,-0.19818625764503162,-0.1533465800670589,-0.17743103534971572,-0.1339933456809715,-0.3121312122595938,-0.27137349971077024,-0.18933526371770046
SMC03-T_TCGTACCGTCAACTGT,SMC03,SMC03-T,Stromal 3,4612,0.0,0,0.489488917521494,0.04487978649047906,-0.295475569610693,-0.2909371892853481,-0.22183741461865755,-0.20873826274345086,-0.046927935434015175,-0.09869352430105209,0.037948397966493075
SMC03-T_TCGTACCGTGCGGTAA,SMC03,SMC03-T,Stromal 3,19526,0.0,1,0.975783441016654,0.19481023117540436,-0.12006339724460731,-0.10437177118231974,-0.13743998133102242,-0.13542006693260614,0.11554298471463353,0.1331543661215726,0.2039177521922383
SMC03-T_TCTATTGAGGCTAGAC,SMC03,SMC03-T,Myofibroblasts,13771,0.0,0,0.384331254850173,-0.09796190511827406,-0.03682980709234063,-0.0070336264808003495,-0.05864440972859762,-0.08928209660184938,-0.25063425184864746,-0.26890053635134414,-0.08159939847698733
SMC03-T_TCTGAGAAGACAAGCC,SMC03,SMC03-T,Stromal 3,17391,0.0,0,0.591823579725338,0.05120640388575562,-0.040664959195241025,-0.04439422636997045,0.09755072759806502,0.07384991907882829,0.023040616277017093,0.005113750433220583,0.05839852520710781
SMC03-T_TCTGAGATCACGAAGG,SMC03,SMC03-T,Myofibroblasts,22657,0.0,1,0.32188368420107,-0.07930302334001713,-0.04397768759149678,-0.0274152782086919,-0.047461633846087724,-0.058121667665884245,-0.23537645008611052,-0.2269162665176041,-0.0694360923679436
SMC03-T_TCTTTCCGTGCCTGGT,SMC03,SMC03-T,Myofibroblasts,2443,0.0,0,0.173185315305037,-0.1301470740551227,-0.15378970804871345,-0.18232028131804814,-0.07192653531151615,-0.10792379462441733,-0.36841486810069335,-0.3655483721810229,-0.12972439280828507
SMC03-T_TGACAACTCTCTTATG,SMC03,SMC03-T,Stromal 3,21546,0.0,1,1.12067179026195,0.3506906624197176,0.11159814276010255,0.04509289696153889,0.1391455939761838,0.11175564481595228,-0.0018624926329051193,-0.023016145940431776,0.3309100774281165
SMC03-T_TGAGCCGTCTGGGCCA,SMC03,SMC03-T,Myofibroblasts,3080,0.0,0,-0.159808152538898,-0.36981728053912155,-0.4491710389907263,-0.4775671218408317,-0.36975400921697393,-0.38659101265460943,-0.41648664435273725,-0.4144807783119819,-0.3593244225492587
SMC03-T_TGCACCTCATCCCACT,SMC03,SMC03-T,Myofibroblasts,5253,0.0,1,0.343466809732731,-0.08309819835254498,-0.13815286375430166,-0.10550688843174678,-0.12499184480735234,-0.12723493038914924,-0.3301501864665433,-0.36260758261470233,-0.08465236062262238
SMC03-T_TGCCAAATCCAGAAGG,SMC03,SMC03-T,Stromal 3,21321,0.0,1,0.693593653550682,0.06731617880429615,-0.0656962123300348,-0.04443396378035953,0.01960443119917597,0.02923995871530023,0.055538513629060045,0.030698789524681427,0.05944208472090609
SMC03-T_TGCGCAGGTGTTTGTG,SMC03,SMC03-T,Stromal 3,19889,0.0,1,0.981526793099349,0.2883773786097504,-0.005720549685956568,-0.0506509444165248,-0.09662681745783407,-0.12666560817769792,0.02555399297883636,0.022298079860561034,0.2712149988202488
SMC03-T_TGCGTGGAGTGAACAT,SMC03,SMC03-T,Myofibroblasts,8131,0.0,0,0.0760817163427738,-0.16623132125262105,-0.40248978077148906,-0.34330717946698025,-0.3939343877896971,-0.31732283688561863,-0.32734537963804444,-0.2669892364565064,-0.16429249516555242
SMC03-T_TGCTGCTCATGGGAAC,SMC03,SMC03-T,Stromal 3,14410,0.0,0,0.680687163240901,0.047779875578718226,-0.26527765332436076,-0.20820582907919477,-0.0840084489092839,-0.04955507258256508,0.05909035037222662,0.10267836512888179,0.05742228275337139
SMC03-T_TGGTTAGTCATCGATG,SMC03,SMC03-T,Stromal 3,32599,0.0,1,0.914611513150788,0.2393583839007637,0.04496624666665282,-0.02393597023697888,0.005194005347332176,-0.017911793317559155,-0.04313995967570104,-0.06346021684653619,0.23273059630281284
SMC03-T_TTAACTCCATCCCATC,SMC03,SMC03-T,Myofibroblasts,27630,0.0,1,0.187552884730222,-0.11757542652061634,0.141728155695054,0.17561800369038816,0.12550835554697076,0.11386051115601561,-0.21336830132885984,-0.1952976472237531,-0.11768096575842184
SMC03-T_TTCGAAGAGAGCTGCA,SMC03,SMC03-T,Myofibroblasts,8480,0.0,1,0.174837992473985,-0.1588888743957668,0.10432523477594463,0.15480677024802056,0.07797778606870953,0.095767158191911,-0.20365666515733066,-0.20195664031540647,-0.1572585544791542
SMC03-T_TTCTACACACATCCAA,SMC03,SMC03-T,Stromal 3,17088,0.0,1,0.574872361605197,-0.013961884323834326,-0.11188889429809487,-0.07873085438750865,-0.019312313345631545,-0.003915134239346222,-0.005817015116152011,-0.0047940926955026735,-0.01842093373797521
SMC03-T_TTTGCGCAGAGGGATA,SMC03,SMC03-T,Stromal 3,21559,0.0,1,0.456983028705833,0.017971845180319065,-0.021284175960689176,0.00346014880370803,-0.004793585829284726,0.005218864830080853,0.039230713209039286,0.06638789260212113,0.012171042425667538
SMC03-T_TTTGCGCGTACAGCAG,SMC03,SMC03-T,Stromal 3,16018,0.0,1,0.822556123615264,0.17147393317141554,-0.15578347260170444,-0.1637646031406958,-0.017026993217973078,0.014769101580388324,0.14237166654906774,0.15337068004643215,0.1592234628541129
SMC03-T_TTTGCGCGTACCCAAT,SMC03,SMC03-T,Myofibroblasts,6993,0.0,0,0.0770074376654022,-0.19441837955494984,-0.02497351853823175,0.03540169047873195,-0.12406566412169107,-0.10993402650536493,-0.18398795543532623,-0.13549192381255767,-0.19129522328711107
SMC03-T_TTTGCGCGTGGTTTCA,SMC03,SMC03-T,Stromal 3,15000,0.0,1,0.599180291614989,0.08043549786599581,-0.22581990306474725,-0.20962002564494203,-0.10410750518571965,-0.12110505909334089,-0.07205087684683109,-0.04911908613627448,0.08819124365554136
SMC04-T_ACATGGTGTAATTGGA,SMC04,SMC04-T,Myofibroblasts,25005,0.0,1,1.24029544295808,0.49644978333003165,-0.15562923110508342,-0.19765402806536636,-0.28360548374547184,-0.290748885751507,-0.2490404089814738,-0.2588016098036486,0.47054486552707286
SMC04-T_ACGGCCAGTCGAACAG,SMC04,SMC04-T,Myofibroblasts,7613,0.0,0,0.164461014986136,-0.18204446782341652,-0.015621837950786767,0.09029741907810293,-0.22305598626939618,-0.12944514373707217,-0.2589151442835205,-0.2236694103654693,-0.15287176970423771
SMC04-T_ACTTTCAAGGGTCGAT,SMC04,SMC04-T,Myofibroblasts,3384,0.0,1,0.461717938341463,-0.03950876878215033,-0.467478972935707,-0.504454708067564,-0.6490544997611825,-0.6302480647383735,-0.3718760326700775,-0.3688725022927803,-0.04289441968963927
SMC04-T_AGCATACCATTGCGGC,SMC04,SMC04-T,Stromal 3,12212,0.0,1,0.731682988430819,0.172296714885242,-0.011134769767522812,-0.03491274403726182,0.06689079282615258,0.021011532500906045,0.016796272757806277,-0.011074008748811833,0.16001167390769458
SMC04-T_AGCCTAAAGCCGCCTA,SMC04,SMC04-T,Stromal 2,6795,0.0,1,0.366985714932404,-0.07232144669417226,-0.18222939559467594,-0.17027849778987286,-0.13115199094600216,-0.13070698968286432,0.7777922883629799,0.820130155980587,-0.07432841365577794
SMC04-T_CACAAACTCTACTATC,SMC04,SMC04-T,Myofibroblasts,4789,0.0,0,0.502643222123108,0.006567522442262424,0.028592648402768737,-0.09774670004844666,-0.11782064578348618,-0.15096707928649605,0.045142631546447154,-0.04770823813536588,0.0012458929118989897
SMC04-T_CAGCATAAGAGATGAG,SMC04,SMC04-T,Myofibroblasts,12058,0.0,0,0.517649200610705,0.038175697797876704,0.09936889515695524,0.13034430832215926,-0.11663034413846171,-0.15167241881406585,0.14492475304164384,0.12766996069866068,0.062499674052751364
SMC04-T_CATCCACGTGCAGGTA,SMC04,SMC04-T,Myofibroblasts,1189,0.0,0,0.496093233845478,0.013870502462643281,-0.3968472722917795,-0.47428681233488934,-0.4645030386365798,-0.49430377265914927,-0.362635805026481,-0.37212259269812525,0.008242025032263844
SMC04-T_CCATGTCGTTCAACCA,SMC04,SMC04-T,Myofibroblasts,10197,0.0,0,0.331798687026739,-0.043355791045254784,0.24646657142712144,0.3413510612416558,0.31368032379113897,0.3095851372494254,-0.042757276641695124,-0.020500224302796757,-0.04657980236185699
SMC04-T_CCGGTAGTCAGCTCGG,SMC04,SMC04-T,Myofibroblasts,4277,0.0,0,0.0302647651300501,-0.23203613313339783,-0.22570151463150978,-0.20338818567191683,-0.031124291295299724,-0.04534848493545554,-0.20663820058107377,-0.2044365149210481,-0.22733239898411164
SMC04-T_CCTCAGTAGGCAAAGA,SMC04,SMC04-T,Stromal 2,9241,0.0,0,0.299647846424821,-0.06875783536713898,-0.2199381993114188,-0.16723975397237553,-0.18818599145327294,-0.15002528292148612,0.4181025982687348,0.4517244816702955,-0.07091453389710739
SMC04-T_CGAACATTCGTCACGG,SMC04,SMC04-T,Myofibroblasts,24381,0.0,1,0.777370672968549,0.12361749237109172,0.27559151038841095,0.170093655702658,0.05425269654666891,0.003481724191197129,0.15723703123236957,0.05385337783133282,0.1133777968773321
SMC04-T_CGAGCACAGAGGACGG,SMC04,SMC04-T,Myofibroblasts,22523,0.0,1,0.336348004486419,-0.11630221912147183,0.23241674208215304,0.312445880708898,0.15386946697016152,0.16968007940192556,-0.04088483256729026,-0.0206552332815002,-0.11646125446848508
SMC04-T_CGATGGCTCATTATCC,SMC04,SMC04-T,Stromal 2,6948,0.0,0,0.198924844828253,-0.16681638234213256,-0.32340320857355787,-0.27784709055431006,-0.14977310278585979,-0.09273947654075401,0.8182737515945183,0.9258521773359355,-0.16485297385634495
SMC04-T_CGGGTCAAGTTGAGAT,SMC04,SMC04-T,Myofibroblasts,23562,0.0,1,0.315085486598172,-0.06347757087726343,0.17226969834645184,0.1880990409451287,0.1775243068113923,0.14760221770509732,0.08108669710100481,0.09535059098921278,-0.04354963778760754
SMC04-T_CGTAGCGGTCTTTCAT,SMC04,SMC04-T,Myofibroblasts,1595,0.0,0,0.0517937061499621,-0.26007003132907447,-0.7985501985768882,-0.7404673470229637,-0.8039677780197592,-0.71251984789621,-0.5529599408570088,-0.4875253175111378,-0.254188402297617
SMC04-T_CGTCAGGTCAGTACGT,SMC04,SMC04-T,Myofibroblasts,8195,0.0,0,0.442928846921601,0.0342287682813772,0.0476931717284784,-0.03950052856036076,-0.3428724645351877,-0.36308410174624867,-0.03925525171584204,-0.10872508386040435,0.027744901530882892
SMC04-T_CGTCCATGTTCCACTC,SMC04,SMC04-T,Myofibroblasts,1542,0.0,0,-0.0429820679402779,-0.30341025499071467,-0.6885555281246803,-0.6688385002496766,-0.6965271799768112,-0.644844900556775,-0.5279395108944491,-0.48460738194339414,-0.295707608158348
SMC04-T_CGTTAGATCCTCATTA,SMC04,SMC04-T,Myofibroblasts,9628,0.0,1,0.264716903557017,-0.09144098826340939,-0.043204594384498744,-0.13106762179423395,-0.16700619527575922,-0.1914429333234249,0.2285080861692366,0.18005445886622456,-0.09264461314227401
SMC04-T_CTACCCATCGTCCAGG,SMC04,SMC04-T,Myofibroblasts,9804,0.0,1,0.315103869716486,-0.019325329856783674,0.20320447907326933,0.26895570330798807,0.1823905111927235,0.20139726565955857,0.02036129620514418,0.051296658200376176,-0.023559024416598955
SMC04-T_CTCACACTCTACTATC,SMC04,SMC04-T,Myofibroblasts,10680,0.0,0,0.268857598911094,0.1558075328112433,-0.06947937755066218,-0.03884173206212681,-0.32285852716019264,-0.2861040097791268,0.0584072740062287,0.06679745689034462,0.14421531460991427
SMC04-T_CTCTAATAGCCTATGT,SMC04,SMC04-T,Myofibroblasts,7443,0.0,0,0.710140064388998,0.17086769805469534,-0.24077486645962512,-0.3019142838240397,-0.4711777074072434,-0.46078842310884666,-0.10789067356994278,-0.11178217043771463,0.15864269980112045
SMC04-T_CTTAACTAGTTTAGGA,SMC04,SMC04-T,Stromal 2,4703,0.0,0,0.305964026910482,-0.15796976828980341,-0.1687229783559332,-0.09119159737374724,-0.09750524231669855,-0.08856972133697466,0.41332353533882843,0.484325593446984,-0.12027179287010882
SMC04-T_GCATGTAAGCCCAATT,SMC04,SMC04-T,Myofibroblasts,10932,0.0,0,0.82889409424883,0.24536089424509555,0.014910323395659881,-0.09875984910148673,-0.2972992035508042,-0.3335564683521773,-0.09269629783536258,-0.15837205547620267,0.23000592976503326
SMC04-T_GGAACTTTCTTCCTTC,SMC04,SMC04-T,Myofibroblasts,2422,0.0,0,0.406018956534055,0.02756017676897739,-0.2922327498696288,-0.37327251728714966,-0.6195447910196927,-0.653602329797523,-0.3514575932370989,-0.4059539566145224,0.021356502939172153
SMC04-T_GGACAGACAGCATGAG,SMC04,SMC04-T,Myofibroblasts,16544,0.0,1,0.314051699420665,-0.0727450286606,0.1942381789451655,0.2976256480622219,0.08575061333783883,0.1272244752049013,0.03116812117789921,0.07843426303828464,-0.07473419806059106
SMC04-T_GGCCGATAGACCCACC,SMC04,SMC04-T,Myofibroblasts,15924,0.0,0,0.630831394165917,0.07115165497535807,0.10207375278221253,0.09578531553469054,-0.002174495700366643,-0.027670650071529454,0.0048084122815022345,-0.02136493824860629,0.06311640643099901
SMC04-T_GTAACTGCATGCAACT,SMC04,SMC04-T,Myofibroblasts,1450,0.0,0,0.618078490526595,0.08772608894331936,-0.6380814459859109,-0.6088251685950814,-0.76485654635697,-0.7206844453548276,-0.3978988332968009,-0.3716818152981646,0.07899443561039052
SMC04-T_GTCCTCATCTTACCGC,SMC04,SMC04-T,Myofibroblasts,26557,0.0,1,0.483762383246986,-0.008299177161238173,0.22997494775573818,0.16244265968661484,0.004923910501280001,-0.053250935545927566,0.1913853527291825,0.1653934693950064,-0.0028730613578643116
SMC04-T_GTCTCGTAGCCACCTG,SMC04,SMC04-T,Myofibroblasts,22405,0.0,1,0.490250143639938,-0.006098271903108086,0.3018349088082204,0.22055410518787982,0.2071546216172223,0.18675804731631002,0.036044633192451374,-0.010389243022483938,-0.010887725200472759
SMC04-T_GTTAAGCCATGTCGAT,SMC04,SMC04-T,Myofibroblasts,31494,0.950732346406639,0,0.59608314119861,0.21774562521788635,-0.015228961555201712,-0.1009639071559011,-0.13201376947702612,-0.1552365138073625,-0.06167230700191698,-0.12262362715075997,0.20355096615913534
SMC04-T_GTTCATTCAATCTACG,SMC04,SMC04-T,Stromal 1,3421,0.0,0,0.164082994085639,-0.13991870497467748,-0.36596774724217096,-0.331557138482245,-0.30670412310532164,-0.3049145200571349,-0.3359955140634587,-0.294169762292329,-0.13908545100012748
SMC04-T_TACTTACCATGGTCAT,SMC04,SMC04-T,Myofibroblasts,14452,0.0,0,0.103702308688076,-0.19564963431146584,0.17271079446132087,0.29288002162626603,0.17508023844946327,0.2827128475656473,0.11738767785412309,0.16786560018218177,-0.19247474465049616
SMC04-T_TACTTGTTCAACGGGA,SMC04,SMC04-T,Myofibroblasts,16910,0.0,0,0.737649663077006,0.167217954976909,0.14534962061336454,0.17846577550943304,0.46446749406429577,0.45862035687233127,0.008586579090670536,0.02732422649860382,0.15514630727282092
SMC04-T_TAGACCAAGACCCACC,SMC04,SMC04-T,Myofibroblasts,31821,0.487669023324832,1,0.637641013096329,0.15244260288186764,0.19705092365264285,0.10331524476954122,0.004848607720769182,-0.04477838294710531,0.045477210426408995,-0.04787689451785648,0.1409917682910166
SMC04-T_TCGCGTTAGCTCTCGG,SMC04,SMC04-T,Myofibroblasts,17796,1.17794585618757,0,0.293194573935422,-0.07293970469516098,-0.0737853012598899,-0.06415390788872795,-0.2783600843264436,-0.258771542546361,-0.12757503529520411,-0.14310501145527643,-0.07492069442983434
SMC04-T_TGTTCCGCAAGTCATC,SMC04,SMC04-T,Myofibroblasts,17871,0.0,1,0.769923013880176,0.12273981181492113,0.2328845832249796,0.14693620922498224,-0.04897975941587772,-0.11619212899660301,0.01850662090276417,-0.029551612804917728,0.1125369936554544
SMC04-T_TTTGGTTGTCCCGACA,SMC04,SMC04-T,Stromal 2,3966,0.0,0,0.161352818043837,-0.17440537801175787,-0.28000324930311465,-0.21906290693980893,-0.18816573227926783,-0.14748967473590097,0.4812283074385241,0.6231287774794242,-0.1721231041617003
SMC04-T_TTTGGTTGTGGCCCTA,SMC04,SMC04-T,Myofibroblasts,10521,0.0,1,0.31060570872744,-0.04914123650329808,0.17628704614899293,0.239836813416332,0.08513160416742369,0.09074726945525685,0.1385992784249155,0.179673131423838,-0.052122161876285024
SMC06-T_AACCGCGTCAACACCA,SMC06,SMC06-T,Myofibroblasts,27460,0.0,1,0.253359204912176,-0.11603207659107029,0.03218408286267398,0.0994512301574393,0.2988757243265911,0.3203119195477907,-0.03712685429736188,0.039786838345667895,-0.09887055122927457
SMC06-T_AACTCCCGTATTCTCT,SMC06,SMC06-T,Myofibroblasts,4619,0.0,0,0.396398703314521,0.043088979055092,-0.11473715826108748,-0.17971954108556595,-0.03747308702797306,-0.10362648946601291,-0.22632626334303305,-0.3034105435013771,0.03623283454099623
SMC06-T_AAGGAGCCATCCCACT,SMC06,SMC06-T,Myofibroblasts,25852,0.0,1,0.166587655332899,-0.12760204385573926,0.07468284557428573,0.13443667447498273,0.13244571784043171,0.16783230201825824,-0.0994178065343907,-0.05942084920756957,-0.12728629665089256
SMC06-T_ACACCGGTCCTATTCA,SMC06,SMC06-T,Myofibroblasts,5429,0.0,1,0.215526270396412,-0.1680055615377792,-0.0822892639101768,-0.03229079995213485,-0.04260137205829426,-0.0249526615059653,-0.2037881934329083,-0.18145210795542774,-0.16599218753956946
SMC06-T_ACCAGTAGTCAGATAA,SMC06,SMC06-T,Myofibroblasts,9469,0.0,1,-0.0173482951469133,-0.3314281007797833,-0.21972839692987653,-0.16813527496259023,-0.13398356291902613,-0.07786492216075923,-0.07878232606147464,-0.020272468293414395,-0.28692286981254067
SMC06-T_AGAGCTTGTTGAGGTG,SMC06,SMC06-T,Myofibroblasts,24727,0.0,1,0.211342114461169,-0.09720132295695837,0.01675500781560431,0.0625447260170448,0.3389193154871464,0.3882387109793896,-0.1099058858658138,-0.03736535959384021,-0.09816291696634613
SMC06-T_AGAGCTTTCACAAACC,SMC06,SMC06-T,Myofibroblasts,19536,0.0,1,0.201337062216198,-0.1397535544575045,0.03018270430989012,0.08309975064220475,0.05083578807831628,0.05948550061276724,-0.039305917512453895,-0.0009760330492794952,-0.1389272395803147
SMC06-T_AGGCCGTGTTCTGTTT,SMC06,SMC06-T,Myofibroblasts,28208,0.0,1,0.445255999614666,-0.009933632504391042,0.24517277425763254,0.2612381877672927,0.17453255955776087,0.15537349163922806,-0.06839134637756568,-0.11399496994803057,-0.004950098693370819
SMC06-T_ATCGAGTGTCGGATCC,SMC06,SMC06-T,Myofibroblasts,16380,0.0,1,0.266994715843725,-0.11249634732998777,0.034959860089025935,0.06730061051685636,0.05798040588899535,0.07257755819794744,0.01351219603889867,0.06699422876186231,-0.11281529325647514
SMC06-T_ATCTACTGTATAATGG,SMC06,SMC06-T,Myofibroblasts,4091,0.0,0,0.0607720112476105,-0.25576772232000766,-0.2612553222332986,-0.235115457598756,-0.10966657940298319,-0.08452779383853425,-0.11885105881251787,-0.03576483261935851,-0.21089128454943665
SMC06-T_ATGTGTGAGCCAGGAT,SMC06,SMC06-T,Myofibroblasts,21149,0.0,0,0.226823462012532,-0.09936918002929081,0.11570609052492097,0.18636341178832325,0.2940087901922513,0.35012870442208854,-0.09711882653401087,-0.06312357144539847,-0.10023968760706797
SMC06-T_ATTATCCTCTACTCAT,SMC06,SMC06-T,Myofibroblasts,21419,0.0,1,0.771663388490556,0.14604957808593386,0.2167161538607764,0.1162356297803543,0.2090746963548721,0.1490223178380104,0.0916392323021826,0.050747315081603385,0.13486735798230692
SMC06-T_CAACCAACAGTCCTTC,SMC06,SMC06-T,Myofibroblasts,7686,0.0,1,0.0781502602812488,-0.18393189171655921,-0.22776673061592617,-0.18318071602786914,0.25773437467299176,0.35154555324021036,-0.12449868412590341,-0.0701954003313885,-0.18124934418142594
SMC06-T_CAACCAAGTAATTGGA,SMC06,SMC06-T,Myofibroblasts,19285,0.0,1,0.867949771039425,0.24284975021554714,0.2095217030514412,0.12202285358500553,0.003651857974806002,-0.019962641659604256,-0.010843093585419027,-0.0908077448277789,0.2276002959888272
SMC06-T_CAAGGCCTCGCCTGAG,SMC06,SMC06-T,Myofibroblasts,23330,0.0,1,0.320006203273587,-0.08453824771404789,0.0007903012161960408,0.00981247129781944,0.017786456889719988,0.030860842368024034,-0.08078588471796952,-0.053376027119948585,-0.0860319037084319
SMC06-T_CACACTCTCAGCATGT,SMC06,SMC06-T,Myofibroblasts,35800,0.0,1,0.464871341748745,0.002660875894913548,-0.05090795047771262,-0.010473589628662279,0.004093613390031518,0.00789094342698538,-0.250423726115964,-0.20039982347584823,-0.002496608822536068
SMC06-T_CACCACTCAAACTGCT,SMC06,SMC06-T,Myofibroblasts,22892,0.0,1,0.447013492021219,-0.0005975062836353716,0.15778559294282174,0.20490075466109486,0.22174781047720082,0.23922200275715008,0.1483486885302945,0.15312869049170438,-0.005618084186860243
SMC06-T_CACCTTGTCATTTGGG,SMC06,SMC06-T,Myofibroblasts,30151,0.0,1,0.55681025723079,0.0741522389948123,0.21835850203903961,0.234165534490674,0.2680404794839572,0.24615173323383166,0.0373139944907866,0.05522201574024032,0.06599091549165265
SMC06-T_CAGAATCAGTTGTAGA,SMC06,SMC06-T,Myofibroblasts,12943,0.0,1,0.301596106457347,-0.08159833827889279,0.1790193478975977,0.22956932081681927,-0.05363338419749421,-0.09022357572563165,-0.04864409311037315,-0.050564572916311376,-0.08321551987979592
SMC06-T_CATCGGGCACGACTCG,SMC06,SMC06-T,Myofibroblasts,25615,0.0,1,0.28099849888312,-0.0733017168138503,0.0737778147568508,0.11412119968771571,0.5685791417823306,0.6131009223849274,-0.05111701646329541,-0.0055513804340187245,-0.056988411817793586
SMC06-T_CATGCCTTCATAACCG,SMC06,SMC06-T,Myofibroblasts,1291,0.0,0,-0.221836628397762,-0.39319480463797063,-0.7555739469065959,-0.6655428365963262,-0.7214519416495245,-0.6661060554690139,-0.6023788733701957,-0.5427582420846995,-0.38171969773639153
SMC06-T_CCACTACCAGTTCCCT,SMC06,SMC06-T,Myofibroblasts,13958,0.0,1,0.66501111186916,0.2105724487224953,0.13484350063752534,0.0296190726349312,0.007941165675257086,-0.05252110754237185,-0.059350286228092096,-0.1481922716340598,0.19667918363413892
SMC06-T_CCATGTCGTCTCGTTC,SMC06,SMC06-T,Myofibroblasts,11021,0.0,1,0.182540056615192,-0.17833087789997654,-0.12687420775420127,-0.1170011876923282,0.21179208942993108,0.2104163148256322,-0.034265132542503504,0.0438754370326505,-0.1431030603732225
SMC06-T_CCATTCGAGCCACTAT,SMC06,SMC06-T,Myofibroblasts,17648,0.0,1,0.461923320056916,0.037882705284445956,0.3576153311118179,0.37658802406271785,0.4757194038176415,0.44288888707930263,0.06503776832434692,0.02542198633446413,0.04546578741875015
SMC06-T_CCATTCGTCTTGAGAC,SMC06,SMC06-T,Myofibroblasts,3319,0.0,1,0.415459163570535,-0.05989509250707271,0.1742243731812555,0.1580491865553507,0.2156460265419921,0.21816395950871845,-0.13715228038398844,-0.14918696380713406,-0.06242417519082542
SMC06-T_CCCATACCATGCAACT,SMC06,SMC06-T,Myofibroblasts,21268,0.0,1,0.314341444570107,-0.061994315027014205,0.0008437760050731654,0.03572263530023941,0.31664775569010906,0.35210059714222025,0.06879055971573843,0.139666800124242,-0.06443519508387863
SMC06-T_CCTAAAGAGAGCTTCT,SMC06,SMC06-T,Myofibroblasts,15081,0.0,1,0.487717822238627,0.045064113609362064,0.24790419330725408,0.23311877149020935,0.5234651044676346,0.5285821978847475,0.21542128591161025,0.21864103972911836,0.054237925408392396
SMC06-T_CCTACACTCAAACCGT,SMC06,SMC06-T,Myofibroblasts,1262,0.0,0,-0.0840611656133331,-0.2781695989369039,-0.5090330775294986,-0.49388279275196356,-0.4142849297851932,-0.4046599738473116,-0.558568793770514,-0.4937940354732906,-0.27152748387150405
SMC06-T_CCTTCGATCGCTGATA,SMC06,SMC06-T,Myofibroblasts,34070,0.0,1,0.466360043756912,0.011133149324450642,0.10661136264893778,0.14969718539178734,0.16023587306239168,0.1498083481240238,-0.029045367358546507,0.0032141262994093054,0.013771967266827133
SMC06-T_CGAGCCACAGCTGCTG,SMC06,SMC06-T,Myofibroblasts,9853,0.0,1,0.0712207070529836,-0.21940739434866005,-0.07829916914948737,-0.11053380493511923,-0.11069653513461199,-0.16355574334061942,-0.0920270752749945,-0.11485974850023493,-0.21523427947604357
SMC06-T_CGATGTACACATGACT,SMC06,SMC06-T,Myofibroblasts,30750,0.0,1,0.182528897329835,-0.16901232883857006,0.06098739514056099,0.16222603167208458,0.28458455989935566,0.32490673726207986,0.0032345111530862358,0.08144320577163906,-0.1669566536932683
SMC06-T_CGGGTCAGTCAGAGGT,SMC06,SMC06-T,Stromal 1,16353,0.0,1,0.76705089623372,0.1988388297164388,-0.04571172184481913,0.03916784521283173,0.16830935886091725,0.19878561251125362,-0.007752507023121182,0.0679811710382209,0.18543857383001752
SMC06-T_CTAGTGAAGGCACATG,SMC06,SMC06-T,Myofibroblasts,24623,0.0,1,0.442886850102064,-0.012884294875619704,0.0886409898877752,0.059232412178705375,0.22790098110479967,0.1866575052831755,-0.04351053241836397,-0.04225309425417115,-0.01738862115733263
SMC06-T_CTCACACTCGAATGCT,SMC06,SMC06-T,Myofibroblasts,30384,0.0,1,0.245326773377726,-0.11629392026939936,0.12739717802127862,0.1528508329888942,0.22714262006196137,0.23862814780887823,-0.005717543336121659,0.05784753024139825,-0.10744083909114369
SMC06-T_CTCGGGATCGCTTGTC,SMC06,SMC06-T,Myofibroblasts,26887,0.0,1,0.4190032159847,0.01339910606641257,0.016565567262622774,0.006230331185023959,0.21246141123072226,0.193145111246511,-0.03000362197819509,-0.038494717855663864,0.007790435207303332
SMC06-T_CTGCCTAGTCTAGCGC,SMC06,SMC06-T,Myofibroblasts,16251,0.0,1,0.308421876606769,-0.08496109861880541,-0.11380443273454297,-0.16177893966072943,-0.037332910588201214,-0.06332927032612092,-0.23567336240881367,-0.24896675812847474,-0.08643698776845171
SMC06-T_CTGCTGTGTCGTGGCT,SMC06,SMC06-T,Myofibroblasts,9126,0.0,1,0.432464730791578,-0.002877828877484589,0.27048434601260385,0.3705512717161782,0.409312494745364,0.46077044988267646,-0.0013641051653968661,0.0497080119107576,-0.007802594907018317
SMC06-T_GAAATGATCTGTACGA,SMC06,SMC06-T,Myofibroblasts,23160,0.0,1,0.439237681395407,-0.0063703354905571856,0.22900425119335022,0.23558037052578407,0.2532504072189521,0.2560256279620537,0.0008431794415963323,-0.0015613566645804574,-0.011148357544751727
SMC06-T_GAGTCCGAGCCCAACC,SMC06,SMC06-T,Myofibroblasts,35268,0.0,1,0.440022134964499,-0.08558618440905488,0.27138496264813844,0.31261886799842525,0.25499023845303764,0.2654204002819613,0.12454503059975411,0.1758134288713336,-0.03849196692482576
SMC06-T_GATCGATGTCCGTTAA,SMC06,SMC06-T,Myofibroblasts,3005,0.0,1,0.182730500211996,-0.2683837059762721,-0.13772087749473902,-0.10293913178327607,0.05066730979145789,0.0744904350749282,-0.10587769150733947,-0.06797760961686863,-0.262152762884008
SMC06-T_GATCGCGCATAGAAAC,SMC06,SMC06-T,Myofibroblasts,12264,0.0,1,-0.10425692914907,-0.308427441326019,-0.07770693150101876,-0.043221863304696434,0.1463222123720512,0.15779971576100865,-0.09103008398884221,-0.041822615265846255,-0.3005139883451101
SMC06-T_GCAATCAGTCGCCATG,SMC06,SMC06-T,Myofibroblasts,8925,0.0,1,-0.0650068826745702,-0.2861123623228387,-0.1938346173538237,-0.12342934473985578,-0.14389668671148165,-0.10944772234489751,-0.20459801342926529,-0.1436773427269038,-0.27913651770340797
SMC06-T_GCGGGTTTCATGTGGT,SMC06,SMC06-T,Myofibroblasts,12610,0.0,1,0.412455445070553,-0.03691314502308766,-0.0470571447744709,-0.07496086829810449,-0.17307070377864875,-0.22963728122534988,-0.1301176397718097,-0.10803782382213017,-0.040407855752385965
SMC06-T_GCTGCAGCAAGCGCTC,SMC06,SMC06-T,Myofibroblasts,16279,0.47889420751567,1,0.423587660343077,0.02378417134873177,0.1368407447043122,0.047859877847680234,0.08301953804128025,0.045182485739852105,-0.19044063428514882,-0.2590188017662834,0.017739153208852818
SMC06-T_GGACGTCCACGTAAGG,SMC06,SMC06-T,Myofibroblasts,29646,0.0,1,0.302924556106017,-0.10409899700020456,0.02013812775780656,0.06380382390329387,0.07813441537662733,0.06664457527357479,-0.05863919064010444,-0.058309965098605435,-0.10477077277248115
SMC06-T_GGCGACTAGCCTATGT,SMC06,SMC06-T,Myofibroblasts,17780,0.0,1,0.1899230568853,-0.15150046877955137,-0.4547925369186821,-0.46356563066791107,-0.42666124633266306,-0.4586959767241984,-0.28920091414995686,-0.27279868643073474,-0.15018058607370413
SMC06-T_GGCGTGTAGTGAAGTT,SMC06,SMC06-T,Myofibroblasts,15094,0.0,1,0.366213662711691,-0.032557703844647394,0.013817650593855247,-0.01139869529572202,-0.01796830563368846,-0.08222176728033742,0.0039683088366138305,-0.013049414699130199,-0.03623541630413227
SMC06-T_GTCACAACACTTCGAA,SMC06,SMC06-T,Myofibroblasts,8466,0.0,1,0.304123518994704,-0.11831001274843227,0.1317937514906255,0.21324626657907375,0.414804858364621,0.4811298873188884,0.06759000186759391,0.15973855486577926,-0.09368118486453254
SMC06-T_GTCATTTGTACCCAAT,SMC06,SMC06-T,Myofibroblasts,3209,0.0,0,0.0980086499459444,-0.18151996171984233,-0.2515184473322362,-0.24260903458769728,0.054309651559712936,0.11998859931563222,-0.09221643154558383,-0.06360387512866189,-0.17893875578120977
SMC06-T_GTGGGTCGTACAGACG,SMC06,SMC06-T,Myofibroblasts,22339,0.0,0,0.0729603744776964,-0.1486065088232097,0.13007276834045745,0.21615196603191336,0.16721243772427646,0.22513623765214932,0.01011744963103219,0.0685718126814155,-0.14740822107351126
SMC06-T_GTGTTAGCACTAGTAC,SMC06,SMC06-T,Myofibroblasts,11517,0.0,1,0.355902640565985,-0.07438206475170885,-0.10975317299907685,-0.10959092991017713,-0.17337088480743826,-0.19152967150994513,-0.10049790049854078,-0.1384480167837704,-0.07630245112266172
SMC06-T_GTTACAGAGAAAGTGG,SMC06,SMC06-T,Myofibroblasts,29127,0.0,1,0.314071406530143,-0.06773873809888437,0.10608702346834602,0.19160784649231086,0.35363027349599085,0.40567453433813655,0.004700027080252767,0.07839028457015315,-0.06058908148253916
SMC06-T_TAAGAGAGTCCAAGTT,SMC06,SMC06-T,Myofibroblasts,8257,0.0,1,0.317471959508279,-0.02244106518398774,-0.28157830413678014,-0.2994418869749075,-0.4419602508875256,-0.4803040811228891,-0.1701535561563153,-0.21405566581798827,-0.026543846494760832
SMC06-T_TAAGAGAGTTAAAGAC,SMC06,SMC06-T,Myofibroblasts,11738,0.0,1,0.287869180418227,-0.12489338923376381,0.06677497011058185,0.0880005689019837,-0.07831977456047827,-0.07367506618936394,0.06100010813557004,0.10968021216309246,-0.12469145104664714
SMC06-T_TACAGTGAGCTCCCAG,SMC06,SMC06-T,Myofibroblasts,11113,0.0,1,0.691157842089457,0.09302807718580752,0.3590690308079428,0.39335645626230936,0.6414536731887837,0.6397257185606069,0.26539972204911083,0.30596995590364234,0.08407365123764808
SMC06-T_TATCAGGCATCGGTTA,SMC06,SMC06-T,Myofibroblasts,1143,0.0,0,-0.329745269596313,-0.5225413630373383,-0.6709423402742464,-0.633940998373962,-0.6133975455043267,-0.629415117550728,-0.5249745324254036,-0.45624750808757897,-0.505631526791248
SMC06-T_TCTCATAAGTCGTACT,SMC06,SMC06-T,Myofibroblasts,29802,0.0,1,0.809638533776258,0.42362948960477587,0.19103500411408592,0.19121266870827572,-0.020902811159968983,-0.09918021970580138,-0.01844730816879555,-0.03088983744930695,0.40078424800876056
SMC06-T_TGACTAGGTTGCTCCT,SMC06,SMC06-T,Myofibroblasts,21827,0.0,1,0.185412413989947,-0.15870716035562127,0.011224462023499061,0.04364164977720598,0.045236536353940565,0.07882061037018376,0.06520241742071352,0.08965565509655897,-0.1451372077860752
SMC06-T_TGCACCTGTCCGTTAA,SMC06,SMC06-T,Stromal 3,44418,0.0,1,0.898751103019208,0.3076091672931063,-0.2978625775752019,-0.3255251370733831,-0.24819632741261502,-0.25962612154178843,-0.02249169632008201,-0.036714690222459684,0.36968401162063375
SMC06-T_TGGCTGGGTCTTCAAG,SMC06,SMC06-T,Myofibroblasts,3776,0.0,1,0.253327571961359,-0.1845634436365544,0.07172147697788112,0.13760783205308566,0.39980605043166756,0.4367792180977588,-0.262312045928679,-0.21232474647900637,-0.18185436030646332
SMC06-T_TGGTTCCCACGAGAGT,SMC06,SMC06-T,Myofibroblasts,26112,0.0,1,0.258562079435966,-0.12628179657877536,-0.06794986593518026,0.002906865996831074,0.07752197440143446,0.13690745318308473,-0.06895712535632284,-0.02300519329660079,-0.11575110370935011
SMC06-T_TGTGGTATCCCAGGTG,SMC06,SMC06-T,Myofibroblasts,30824,0.0,1,0.176523010671674,-0.16566974559815176,0.11332909431194468,0.19877376788999976,0.20669391510856092,0.24126804117546524,-0.04599285902161347,0.024436725325444164,-0.15485421483240583
SMC06-T_TGTGTTTGTGCACTTA,SMC06,SMC06-T,Myofibroblasts,12504,0.0,0,0.2037240202836,-0.13758996532609066,-0.5659968085130866,-0.48258619101309197,-0.6650703453591892,-0.5799586927128393,-0.3551468726051481,-0.30670966181684944,-0.1368545575552628
SMC06-T_TTATGCTGTTCACGGC,SMC06,SMC06-T,Myofibroblasts,6254,0.955117773295364,0,-0.0643093821251958,-0.29716295503455686,-0.41242088879249533,-0.39335380594541386,-0.26611113213762944,-0.26677082346882236,-0.44833560791846955,-0.42335690209532484,-0.28972279979698673
SMC06-T_TTCGAAGCAGCTGCTG,SMC06,SMC06-T,Myofibroblasts,27339,0.0,1,0.0549892431599115,-0.232617300020106,-0.11390416673859771,-0.12852336012008714,0.043479990071560046,0.018449263484758692,-0.16577190286234805,-0.17208760293091044,-0.2278891470940674
SMC06-T_TTCTACATCGTCCAGG,SMC06,SMC06-T,Myofibroblasts,28116,0.0,1,0.367328922370355,-0.06294371352710745,0.190480899038411,0.24233293209207904,0.034377227199967116,0.03533070023323214,0.039221327363415374,0.06313512531684383,-0.06534470289069064
SMC06-T_TTGGAACCAACTTGAC,SMC06,SMC06-T,Myofibroblasts,27978,0.0,1,0.0924118249205612,-0.2202577032639008,0.11186614375067305,0.20717365695617912,0.3330368175342375,0.3989482699611852,0.02154972800298741,0.10880528508740313,-0.21604886112593802
SMC07-T_AAAGATGCACGAGAGT,SMC07,SMC07-T,Stromal 2,4834,0.0,0,0.433614228435075,-0.049874064545228816,-0.4997278715350798,-0.5019635380041308,-0.45380459214579694,-0.4531499030674959,0.3154740042984486,0.3945455927182646,-0.05282419882401699
SMC07-T_AACCATGCATTATCTC,SMC07,SMC07-T,Myofibroblasts,22698,0.0,1,0.393773216476239,0.006720752622768806,0.11684196069836617,0.08396056085461523,0.041872035388891796,0.014348380505865397,0.28123917471813525,0.25934672077350757,0.0013926848495269522
SMC07-T_ACGTCAACATACGCCG,SMC07,SMC07-T,Stromal 1,7328,0.0,0,1.06687749036509,0.18369746516997876,-0.326405225207611,-0.39489178668435027,-0.26423358461078333,-0.35662703320037487,-0.06521725936939841,-0.0716510369497187,0.21262605419429412
SMC07-T_AGCTCTCAGCATCATC,SMC07,SMC07-T,Stromal 3,6990,0.0,0,0.515742194570005,0.03526248895203728,-0.2197854821902833,-0.23993509562640655,-0.19865737391673788,-0.21735318914748902,0.24931589866939344,0.2652280435842626,0.028735188559918592
SMC07-T_ATAGACCTCCCAGGTG,SMC07,SMC07-T,Stromal 2,3867,0.0,0,0.322787720996477,-0.07951273708685971,-0.5287043024994889,-0.5023718085594293,-0.5431808365546927,-0.4804206696707149,0.154343995844063,0.19331639014622745,-0.08121754898994911
SMC07-T_ATGCGATAGGAGTAGA,SMC07,SMC07-T,Myofibroblasts,1388,0.0,0,-0.0280843067018387,-0.18558388038358667,-0.3773114069992182,-0.2912094596682525,-0.4358476103872669,-0.3412713094852691,-0.18760207162091608,-0.10537228575524162,-0.18283192155992284
SMC07-T_CAAGAAAAGTTAAGTG,SMC07,SMC07-T,Stromal 2,5034,0.0,0,0.733698687669522,0.021156322096654197,-0.5340593803331865,-0.5245588861587571,-0.4214392483272419,-0.36782221530759057,-0.1355514451273178,-0.137378491461277,0.015221717790896152
SMC07-T_CACATTTTCAATCTCT,SMC07,SMC07-T,Stromal 1,6971,0.0,0,0.601482095366726,0.09285722668037603,-0.31333560626763773,-0.2419742904717057,-0.24117498267061857,-0.22922237061483916,0.14914775953481071,0.22786279732690137,0.08390997932488177
SMC07-T_CACCACTTCACATACG,SMC07,SMC07-T,Stromal 2,11898,0.0,0,0.545822831687909,-0.01808748549471299,-0.2646496396758879,-0.22866185051502613,-0.42710703934485816,-0.39306572209610496,0.48469304383585327,0.5353437182219589,-0.02237319032184216
SMC07-T_CACTCCATCAGGCCCA,SMC07,SMC07-T,Stromal 2,9293,0.0,0,0.58483461353919,0.11579397799479857,-0.026367192973895948,-0.08017554606606321,-0.16515300031371263,-0.17342331178139808,0.600556177998844,0.5644764032434014,0.10588300159247983
SMC07-T_CAGAGAGTCTTATCTG,SMC07,SMC07-T,Stromal 2,4746,0.0,0,0.3279552910487,-0.040489040625592075,-0.2890825229031699,-0.2831764215739762,-0.25309466327331503,-0.2758138853796693,0.5677661623609693,0.5801711928318528,-0.043833503640499434
SMC07-T_CAGCTGGAGCGATGAC,SMC07,SMC07-T,Myofibroblasts,28337,0.0,1,0.420115306630305,-0.04002984587037772,0.13070755237618423,0.16557356067251686,0.2580865398001838,0.24694454894661036,0.16926766617811825,0.16763807331924052,-0.043393602782563004
SMC07-T_CAGGTGCAGAACAACT,SMC07,SMC07-T,Stromal 2,3786,0.0,0,0.414126516704339,-0.11610336528208695,-0.39136385362671344,-0.3851574294995971,-0.2303600754512816,-0.18775830045342445,0.719886414706707,0.8358176754677997,-0.11627075583243571
SMC07-T_CCACTACGTTATCCGA,SMC07,SMC07-T,Myofibroblasts,3501,0.0,1,-0.0174852102228646,-0.290160795690067,-0.43526904271649464,-0.41900911163993,-0.4664265423138835,-0.45161197195912517,-0.28682457820365304,-0.23312107421019498,-0.28301484882831573
SMC07-T_CCCAGTTGTTCCATGA,SMC07,SMC07-T,Stromal 1,4649,0.0,0,0.53941631730907,-0.02821410033982574,-0.3550407868971554,-0.29658051061716567,-0.14480578732125612,-0.15579339775235154,-0.060937268090875525,-0.038353111375780666,-0.03207431714825269
SMC07-T_CCTCAGTTCTCAACTT,SMC07,SMC07-T,Myofibroblasts,1224,0.0,0,-0.201095354124371,-0.3688997875147483,-0.7646695706917315,-0.710315606216105,-0.8058949184356904,-0.747041426252487,-0.4691782696466697,-0.43875657346318747,-0.35844547965196
SMC07-T_CGAATGTTCCGCGCAA,SMC07,SMC07-T,Myofibroblasts,1265,0.0,0,0.616876850694174,-0.09839567517567623,-0.7568605958807225,-0.667080539028819,-0.742953568544923,-0.6429920277969782,-0.5491044144097127,-0.5152241148492869,-0.09930708631873131
SMC07-T_CGACTTCGTACTCTCC,SMC07,SMC07-T,Stromal 2,10366,0.0,0,0.667815849953889,0.09372747799901399,-0.041967579049571435,-0.08552171460284692,0.046720944325990825,0.02344719240398601,0.36833932595817664,0.3689503104371183,0.08474366546206434
SMC07-T_CGAGCCACAGGGAGAG,SMC07,SMC07-T,Stromal 1,3606,0.0,0,0.496058252373448,-0.09767567681704174,-0.5460907331078636,-0.5190054160065767,-0.459686175520931,-0.45428913433191387,-0.33080655140312093,-0.3020081915399607,-0.05655399205930093
SMC07-T_CGGTTAAAGTACTTGC,SMC07,SMC07-T,Stromal 2,1422,0.0,0,0.448298953216039,-0.10797571121273856,-0.5366280052658855,-0.45883258123223375,-0.6883621984826667,-0.6307982010550277,-0.06820013840731821,-0.002663781274767483,-0.042487733066082
SMC07-T_CGTGTAACAGCTGCTG,SMC07,SMC07-T,Myofibroblasts,6556,0.926367913004903,0,0.282782305285331,-0.11399353784100529,-0.3810314828986112,-0.3908965085383232,-0.147844525472242,-0.14736157954605514,-0.11068586024798845,-0.08941005389480029,-0.11424957660316419
SMC07-T_CGTGTAATCTTGCCGT,SMC07,SMC07-T,Stromal 2,3878,0.0,0,0.654603348568435,0.018795649945866643,-0.4856031641972308,-0.47596631471703693,-0.36290121504238676,-0.29929428357024523,0.16987033807917645,0.18459745110834347,0.012960233545603873
SMC07-T_CTACATTAGCTAACTC,SMC07,SMC07-T,Stromal 2,1820,0.0,0,0.245889482432678,-0.09223030741212138,-0.3867129937422519,-0.38510308378353353,-0.3344276214436609,-0.30104093756093536,0.31954670399427415,0.2993073758833549,-0.09340076762087204
SMC07-T_CTACGTCGTCTAGAGG,SMC07,SMC07-T,Myofibroblasts,2069,0.0,0,-0.11657517128828,-0.36711493531536116,-0.7900713630476777,-0.7606297811356987,-0.8342622243324105,-0.747041426252487,-0.47907760511887704,-0.43440417568473255,-0.3567356212424631
SMC07-T_CTAGCCTAGTGCCATT,SMC07,SMC07-T,Myofibroblasts,6502,0.0,0,0.633533922467568,0.0692031073236936,-0.4412178139829514,-0.48722582487616595,-0.5491688344247487,-0.5689104960061783,-0.21381880680197163,-0.2392183097846368,0.06124973052940449
SMC07-T_CTAGTGAAGATGTAAC,SMC07,SMC07-T,Stromal 2,13368,0.0,0,0.439095022703813,-0.023711861732105415,-0.20379264694543517,-0.21779095876689364,-0.21623516483802577,-0.1994710166743675,0.49387589916586877,0.5310463930315831,-0.027761248229932384
SMC07-T_CTCGAAAAGATCGGGT,SMC07,SMC07-T,Myofibroblasts,18172,0.0,0,0.185900032900648,-0.1827032020184816,-0.07867798349601501,-0.04210724526868633,-0.11193262086230882,-0.13326035942449127,0.40715087075766765,0.42050076162113864,-0.1800722801009146
SMC07-T_CTCGGGAGTCGTGGCT,SMC07,SMC07-T,Myofibroblasts,8132,0.0,1,-0.051505127371984,-0.2590989661321305,-0.4827048520899701,-0.5020425454145525,-0.3876793558747337,-0.3896338049062463,0.019016912501109273,0.0391840414965854,-0.2532581381593682
SMC07-T_CTGCGGAGTACATCCA,SMC07,SMC07-T,Stromal 2,7473,0.0,1,0.525520688981434,0.0296002614164823,0.02795674598642758,-0.10341531247264002,-0.11502913613708651,-0.1949157042558803,0.2883721639451228,0.2850951753118459,0.02331086974434492
SMC07-T_GAGCAGATCAATAAGG,SMC07,SMC07-T,Stromal 1,3372,0.0,0,1.02485210237724,0.1451919479622391,-0.21962259040803325,-0.18422129523099923,-0.43746971582271615,-0.4887665688645008,-0.19149737138497203,-0.15770072814296274,0.13404576273775903
SMC07-T_GAGGTGACAATACGCT,SMC07,SMC07-T,Stromal 2,3890,0.0,0,0.146687180432886,-0.14080593177819983,-0.5565568911177772,-0.45964651645683663,-0.610816494694778,-0.5449556890268659,0.008342523715997996,0.11404105959569706,-0.13993539936652705
SMC07-T_GAGTCCGGTTCCACGG,SMC07,SMC07-T,Myofibroblasts,5496,0.0,0,0.253885264915988,-0.1220674074107879,-0.22398649771906892,-0.17352932391733658,-0.29927556125485166,-0.2469510745343774,-0.17824570089578629,-0.18700398890411152,-0.12198420795572906
SMC07-T_GATCGCGAGGAGCGTT,SMC07,SMC07-T,Stromal 2,11556,0.0,1,0.417825384128726,-0.044272457968378275,-0.25494790350904273,-0.2965021376929632,-0.315319865181738,-0.3842667900892191,0.42966538353970174,0.4657131223117604,-0.047457953868042524
SMC07-T_GCAAACTCAATAGCAA,SMC07,SMC07-T,Stromal 2,7982,0.0,1,0.36652291790905,-0.051993743157046926,-0.40110600612373376,-0.3914029292262545,-0.2898461385725104,-0.2530521511771651,0.18236941007014953,0.18093825913965703,-0.054854815309288124
SMC07-T_GCAATCAGTACGCACC,SMC07,SMC07-T,Myofibroblasts,6502,0.0,0,0.221716351387959,-0.08327797076485136,-0.24203364035632574,-0.24095906273649279,-0.152405124401189,-0.12196183310372236,0.18571185228831477,0.17674170472138725,-0.08482457957222682
SMC07-T_GCAGCCACATGCGCAC,SMC07,SMC07-T,Myofibroblasts,6882,0.0,1,0.10118469196743,-0.15816593122782938,-0.19284592576952156,-0.16337250100403297,-0.15467454782421036,-0.11109957973970923,0.45736345405151185,0.4557761225630255,-0.1565659870745755
SMC07-T_GCAGTTATCGGGAGTA,SMC07,SMC07-T,Myofibroblasts,3835,0.0,1,0.0535658059956115,-0.2581474440041603,-0.1350228953346306,-0.1313705069535389,-0.20800199477496195,-0.2513038167340118,0.06574692294785851,0.07801903459955664,-0.2523465959527412
SMC07-T_GCCTCTACACCGGAAA,SMC07,SMC07-T,Myofibroblasts,24238,1.1193544989136,0,0.11260851834055,-0.16594155693197982,-0.6017056977713708,-0.5610675718720503,-0.5973254437273254,-0.5317420712997054,-0.3615458826485433,-0.3055325209217913,-0.16401490581636669
SMC07-T_GCGGGTTTCCGCAGTG,SMC07,SMC07-T,Stromal 1,2140,0.0,0,0.572329316564266,-0.07063050455364742,-0.4493173835228901,-0.4140113032445675,-0.580387299538267,-0.6623510924536128,-0.10648592167386883,-0.09712910921696355,-0.07270851950435077
SMC07-T_GCTCTGTAGGGCTCTC,SMC07,SMC07-T,Stromal 2,7967,0.0,1,0.391278540945285,-0.05266027683555557,-0.1846095334966572,-0.32209567098719316,-0.2983593159184164,-0.3622284457953863,0.3967026130933511,0.4154354261124835,-0.0554933433710527
SMC07-T_GCTGCTTCAAACTGCT,SMC07,SMC07-T,Stromal 2,7155,0.0,0,0.354240517520416,-0.05007323134167675,-0.3891422749040838,-0.3472834393586509,-0.4188625308761031,-0.40921845801477863,0.3056526554552348,0.3581454954055302,-0.053014997267672996
SMC07-T_GGAAAGCAGATACACA,SMC07,SMC07-T,Stromal 1,1837,0.0,0,0.576931880636762,-0.11688073618304834,-0.5801502177301718,-0.5853558324459123,-0.4941734914876977,-0.515661570395148,-0.14375041935004687,-0.0937004870351623,-0.11701546409049955
SMC07-T_GGAACTTGTAGGAGTC,SMC07,SMC07-T,Myofibroblasts,3640,0.0,0,0.133609217442335,-0.21618129605460062,-0.5286692822618144,-0.489791288608458,-0.6052817909845284,-0.5898776924194291,-0.36382713278657514,-0.2987192272263415,-0.212143731530474
SMC07-T_GGACATTTCGAGCCCA,SMC07,SMC07-T,Stromal 2,8018,0.0,0,0.428480035988712,0.0029763190173789076,-0.12133913194494587,-0.13958782466446482,-0.11408784267093454,-0.15896887696066567,0.4497559973283818,0.4443446977173581,-0.002194419612779337
SMC07-T_GGACGTCCAAACGTGG,SMC07,SMC07-T,Stromal 3,6878,0.0,0,0.504706491943315,0.03574028005006544,-0.4221932536599283,-0.45532004005934407,-0.49217366005237007,-0.515962129978593,-0.011673005689915857,0.020189598312272745,0.029192904401727084
SMC07-T_GGGTCTGTCTGCCCTA,SMC07,SMC07-T,Myofibroblasts,1459,0.0,0,-0.183081437471872,-0.3802157570362875,-0.7524917946786297,-0.689121309213522,-0.7894118940647767,-0.6959329103661138,-0.47802727277341645,-0.4037770414177109,-0.3692859882692329
SMC07-T_GTACGTAAGGATGCGT,SMC07,SMC07-T,Stromal 1,6536,0.0,1,0.0075286156208264,-0.23562077382219987,-0.2320131370251314,-0.2071519234223382,-0.2599668553008755,-0.2262007628789518,-0.26461627867906107,-0.24232993928222535,-0.23076642451792204
SMC07-T_GTAGTCAGTGCACTTA,SMC07,SMC07-T,Myofibroblasts,2340,0.0,0,-0.0722319244706053,-0.31530202328832,-0.4890726070318903,-0.44534026722355585,-0.46821056108693687,-0.42259704598853753,0.03490784999571348,0.12497757480424994,-0.30709972232580185
SMC07-T_GTGCGGTCATCACAAC,SMC07,SMC07-T,Stromal 2,21193,0.0,0,1.00355901415217,0.3284072313996914,-0.061393579171153206,-0.14985896316186592,-0.2146062956842575,-0.2353959993464699,0.6459284176094163,0.6204550395034911,0.32180654100228506
SMC07-T_GTTCTCGCATTACCTT,SMC07,SMC07-T,Myofibroblasts,9375,1.66139765136481,0,0.196452395739464,-0.15414612694529065,-0.272854069970092,-0.29228426007235925,-0.25016709432309986,-0.21037715326908024,0.1867534571572354,0.20760996902690215,-0.15271508213163926
SMC07-T_GTTTCTACAGATAATG,SMC07,SMC07-T,Myofibroblasts,1246,0.0,0,-0.297996977397461,-0.45103635905277834,-0.6906173554610233,-0.5879117882833248,-0.8041530888603659,-0.7127310160634129,-0.521139009296894,-0.45196074694395066,-0.4371309347388123
SMC07-T_TAAGAGATCGCCTGTT,SMC07,SMC07-T,Stromal 2,5392,0.0,0,0.749073363846609,0.16925586508423612,-0.3501734207811936,-0.42379842117065336,-0.2598617510936622,-0.3209509733891071,0.6070074573159218,0.5929358455188134,0.15709859090505027
SMC07-T_TACACGAAGGCCCTTG,SMC07,SMC07-T,Stromal 2,17715,0.0,0,0.294128349096354,-0.04995843446241659,-0.2285264288550433,-0.2559693362791,-0.34165529277631823,-0.3100939183604232,0.4141185304468596,0.3806038255858071,-0.03872790926394342
SMC07-T_TCAGCAAGTGCCTGCA,SMC07,SMC07-T,Stromal 2,5744,0.0,0,0.73592807101321,0.0764980001636503,-0.5577925919574134,-0.5689109496590568,-0.4393191917666367,-0.4606106717052848,-0.15871410565940958,-0.13156923099475748,0.068238115266842
SMC07-T_TCAGGATGTACTCAAC,SMC07,SMC07-T,Stromal 2,12490,0.0,0,0.387484098020578,-0.005858351411134528,-0.08119420984721913,-0.10694329009005209,-0.3599313486519517,-0.3740735433042742,0.6296588460669705,0.5837882405475658,-0.010657885401439266
SMC07-T_TCGCGAGGTATATGAG,SMC07,SMC07-T,Myofibroblasts,1546,0.0,0,-0.158684305268514,-0.37778029909455463,-0.7013443802692452,-0.6726758560029472,-0.7317713534041327,-0.6487610754232074,-0.4371319544158484,-0.383088660503135,-0.36695286049311904
SMC07-T_TCTCTAATCACCTTAT,SMC07,SMC07-T,Stromal 2,11499,0.0,0,0.5863114942048,0.07219304819182869,0.1306733340024948,0.06876938753738636,-0.05036325737529872,-0.07422329225512438,0.34743499442150716,0.37412141351138845,0.06411404362997088
SMC07-T_TGAGGGAGTACCAGTT,SMC07,SMC07-T,Myofibroblasts,29201,0.0,1,0.46372777277659,0.10675707029734265,0.09888394877352581,0.09441593682348001,-0.0010064865880626806,-0.024585372876635817,0.09240270950096219,0.10999972823569003,0.0972257958991187
SMC07-T_TGGCGCATCGTGGGAA,SMC07,SMC07-T,Myofibroblasts,17299,0.456201375118548,0,0.439175646776053,-0.013630557462180915,-0.146732691884497,-0.1103906084260926,-0.29801008861740025,-0.2715759420724109,0.44196853814156434,0.43666010380667797,-0.018103528173029924
SMC07-T_TTAGGACGTGCCTTGG,SMC07,SMC07-T,Stromal 2,14494,0.0,0,0.186809688549083,-0.09137508715911392,-0.2190231366311105,-0.21160158489989797,-0.2313949862466555,-0.23200664788939404,0.4937758016351022,0.46818974311737455,-0.07596112900421399
SMC07-T_TTCTACACACATCCAA,SMC07,SMC07-T,Myofibroblasts,22850,1.59710838592333,1,0.646915402140165,0.0678969762337051,-0.1317938851306633,-0.10351083657090984,-0.15005888924838937,-0.1373204730970915,0.1479262816474626,0.15753126882893198,0.05999847889697852
SMC07-T_TTGAACGCACGAAACG,SMC07,SMC07-T,Myofibroblasts,9632,0.0,1,0.117427567877363,-0.15569367223795047,-0.043140144999690204,-0.0045595917987023915,-0.21465233278137688,-0.2118203533640088,-0.0401397032957328,-0.02213531162808923,-0.15419760451284276
SMC07-T_TTGACTTCATGGAATA,SMC07,SMC07-T,Stromal 1,8670,0.0,1,0.167048789332665,-0.15507543725860223,-0.565136257102903,-0.4888445619584584,-0.5813002108159114,-0.5042733772722787,-0.47829121813962333,-0.40407203917994217,-0.1293080568063159
SMC07-T_TTGCGTCAGATATGCA,SMC07,SMC07-T,Stromal 1,5875,0.0,0,0.737309516122973,0.050960306707246786,-0.2081910161187454,-0.18002451065836883,-0.26953575242196726,-0.2891252629978712,0.12251953200290078,0.12557594118749393,0.04377343414053947
SMC07-T_TTTCCTCAGAATAGGG,SMC07,SMC07-T,Stromal 1,1446,0.0,0,0.752453212848266,0.025106842270153657,-0.5294517280191792,-0.5626965681227242,-0.48447051248988326,-0.497391146802625,0.06800827478107653,0.12947154080166537,0.0190062497218116
SMC07-T_TTTGGTTAGCTCTCGG,SMC07,SMC07-T,Stromal 2,5044,0.0,0,0.207785989945401,-0.1915762506000567,-0.3200344358551867,-0.26345148537217117,-0.5268415754318846,-0.477280143388482,0.4234421662202007,0.5045438036322594,-0.18857251151519663
SMC08-T_AAAGATGAGACCGGAT,SMC08,SMC08-T,Myofibroblasts,8845,0.0,1,0.101608633930206,-0.13629505629732944,-0.16132755708709665,-0.1817230413236269,-0.06322410301666478,-0.09328387608361799,-0.1033351553113837,-0.05497312633430257,-0.1356140564688865
SMC08-T_AAAGTAGGTATTCGTG,SMC08,SMC08-T,Myofibroblasts,2795,0.0,0,-0.091224893476072,-0.33483653847258865,-0.09541703321571861,-0.037357462978944544,0.010944757971684543,0.00976824517859969,-0.15486590307401985,-0.06922077107078889,-0.3258134595611516
SMC08-T_AAAGTAGGTCTCGTTC,SMC08,SMC08-T,Myofibroblasts,19541,0.0,1,0.129923367825668,-0.19529919252779923,0.17784320488952252,0.23101443781449302,0.3238840874579108,0.36899028776408455,-0.06801436723847139,-0.0349229064934394,-0.1921390273115214
SMC08-T_AACGTTGAGGTCATCT,SMC08,SMC08-T,Myofibroblasts,16812,0.0,0,0.262753206581554,-0.10354574395572408,0.01684823430770514,0.0468178102519454,0.1927117119562261,0.25102834108957023,-0.0983556034533601,-0.10032435120905146,-0.10424076565423933
SMC08-T_AACGTTGAGTGGTAAT,SMC08,SMC08-T,Myofibroblasts,17926,0.0,1,0.61799459050797,0.09245995889630235,0.18988699932601683,0.162316874430583,0.08993464812864455,0.10616677675699425,0.13591236928968053,0.12295286701444318,0.09757170229837173
SMC08-T_AACTCCCAGCGTAGTG,SMC08,SMC08-T,Myofibroblasts,15835,0.0,1,0.194942378576002,-0.15111192869708726,0.1081809734840098,0.13820475594299594,0.17478602827640669,0.18596338718956293,-0.10685139867035966,-0.1043305561384734,-0.14980837120478893
SMC08-T_AAGGCAGAGATATGCA,SMC08,SMC08-T,Myofibroblasts,15003,0.0,1,0.389312935954843,-0.04684481415244048,0.12863743648275125,0.1650723327155702,0.3966277286847483,0.41355646240286703,-0.059584042331890054,-0.024012261694845032,-0.04992222785949707
SMC08-T_ACACCGGGTATAGTAG,SMC08,SMC08-T,Myofibroblasts,5377,0.0,1,0.280521358020652,-0.1444854458401862,0.21721289238455344,0.27828814970647414,0.45847218301223247,0.5308493769099546,0.04060424542740772,0.08962633758783341,-0.1434603119973375
SMC08-T_ACACTGACACAGAGGT,SMC08,SMC08-T,Myofibroblasts,13601,0.0,1,0.403555317951369,-0.029208562304184102,0.24375336818701152,0.21154923141911264,0.08241437244400078,0.07361042090193477,-0.0010872933425401386,-0.03572031575090745,-0.03302699499646155
SMC08-T_ACATACGGTGCAACGA,SMC08,SMC08-T,Myofibroblasts,9646,0.0,1,0.306108216464988,-0.09629853708636865,0.07702744326421193,0.09302760515271163,0.10553288421764666,0.05972455571903739,-0.14197150531568026,-0.17762031099375555,-0.09729806327519297
SMC08-T_ACATCAGCACTTAAGC,SMC08,SMC08-T,Myofibroblasts,12917,0.0,1,0.536461877604481,0.06904325125689961,0.3775114380535955,0.38834234908586596,0.12239954524616502,0.0960175541749354,0.19672048377657408,0.15290461222038548,0.07925772015396662
SMC08-T_ACATGGTGTCGACTAT,SMC08,SMC08-T,Myofibroblasts,2705,0.0,0,-0.0379755208382969,-0.29503597350170213,-0.10571954095241975,-0.03692307723004643,-0.05947734324299559,-0.006278222036916156,-0.2681837416793171,-0.24576368393266904,-0.2876851872361007
SMC08-T_ACGAGCCCACACATGT,SMC08,SMC08-T,Myofibroblasts,19039,0.0,1,0.0919921315754463,-0.1907206730091977,-0.027573254263522674,-0.037556316794418704,-0.01117283523995049,0.01443221801242163,-0.005637334444020924,0.01171623021364212,-0.18775288256260902
SMC08-T_ACGATGTGTACCATCA,SMC08,SMC08-T,Myofibroblasts,31579,1.06470964503963,1,0.415295866621156,0.03722790852515844,0.25613015966147795,0.19546897725270287,0.08123116816717144,0.06378411833023609,-0.02996383501510871,-0.09985738887506372,0.03933227212489152
SMC08-T_ACGGAGAAGGTAAACT,SMC08,SMC08-T,Myofibroblasts,4925,0.0,1,0.0174570238581761,-0.21368943669490123,-0.11207752020991578,-0.09580789179336734,-0.21415738381293356,-0.17433323503233666,-0.05547707794528259,-0.021875832974910737,-0.20975657214387125
SMC08-T_ACGGAGACAGATGAGC,SMC08,SMC08-T,Myofibroblasts,4016,0.0,0,0.0697668424237306,-0.1962033508084061,-0.18681219478650968,-0.1744107754855621,-0.001907059428643207,0.009222661686498065,-0.18498929433132472,-0.17081326184903875,-0.1930051957484053
SMC08-T_ACGGGCTGTGACGGTA,SMC08,SMC08-T,Myofibroblasts,7307,0.0,0,0.210789561432351,-0.163662625362345,-0.1037440339521486,-0.1480811003868173,-0.03270992568256904,-0.031121244870646055,-0.08570287957003242,-0.1121299989959773,-0.16183172767402745
SMC08-T_ACTGAGTAGAGCCTAG,SMC08,SMC08-T,Myofibroblasts,18494,0.0,0,0.263243095042197,-0.022593771993885178,0.015865781807758828,0.09139057324642724,0.05493118326958953,0.0958143405313062,-0.01999550783320477,0.07081350535154343,-0.026690137052141568
SMC08-T_ACTTGTTCATCGACGC,SMC08,SMC08-T,Myofibroblasts,31783,0.0,1,0.588227973205721,0.060609435981237574,0.6369176119974606,0.7432116258991655,0.5730753247673642,0.5976455738973739,0.22566148613236453,0.2292722430847147,0.05301713781478275
SMC08-T_AGAGTGGTCTCATTCA,SMC08,SMC08-T,Myofibroblasts,18993,0.0,1,0.485085162288719,0.02183930146132122,0.5506535964656849,0.601358153652854,0.6373759792471418,0.6576660119516905,0.2697760737256,0.29107727671370787,0.0292745712174087
SMC08-T_AGATCTGTCAGAGACG,SMC08,SMC08-T,Myofibroblasts,12662,0.0,1,0.384934597785361,-0.01830848004146103,0.49642555249797904,0.5691962980086029,0.5634036321877217,0.6172651077599026,0.05864328891038895,0.06516333388931611,-0.022584899383432725
SMC08-T_AGCGGTCCATGCTAGT,SMC08,SMC08-T,Myofibroblasts,11849,0.0,1,0.09939969356343,-0.2095724646361512,0.10386484781546253,0.15775245687038433,0.05802006772434225,0.09228914547278437,-0.0947626377799009,-0.07430827814866514,-0.20581258210439643
SMC08-T_AGCGTATGTCCGTCAG,SMC08,SMC08-T,Stromal 1,24647,0.0,1,0.39592001365468,0.022754473203237643,-0.02826009166179871,-0.040803516147340214,0.013663284328519081,0.03599506772534792,-0.11295743074856307,-0.10413403703885919,0.01675271969132063
SMC08-T_AGGCCGTAGCTAAGAT,SMC08,SMC08-T,Stromal 1,5884,0.0,0,0.30750140820855,0.001499047200603966,0.041470034276040235,0.14087476108859226,-0.009731011199099677,0.025738029719092125,-0.029908704620442893,0.02037690086838077,-0.0036096211851519696
SMC08-T_AGGGTGAAGTGCCATT,SMC08,SMC08-T,Myofibroblasts,4693,0.0,0,-0.023169930729741,-0.2506884655245302,-0.21681244215186762,-0.16016814639655555,-0.06609496335517995,-0.0058979946296922,-0.27063695560944706,-0.23752769415869432,-0.2452010199302385
SMC08-T_AGGGTGATCCAAATGC,SMC08,SMC08-T,Myofibroblasts,9616,0.0,0,0.33879234263385,-0.01314790447226219,0.1981155135269676,0.20828582759855724,0.15324824542871543,0.1793393635212682,-0.10012076802943883,-0.09421697530676337,-0.01764115472050274
SMC08-T_ATAGACCGTTTGTTTC,SMC08,SMC08-T,Myofibroblasts,2422,0.0,0,-0.109144204524707,-0.3117057763922371,-0.08164654489682645,-0.06782105964858358,-0.1952770568278371,-0.156036694209243,-0.15919242116965746,-0.15471943292547674,-0.30365457824047876
SMC08-T_ATCATCTCATCACCCT,SMC08,SMC08-T,Myofibroblasts,30369,0.0,1,0.379362759846822,-0.0489137785472466,0.423992694830712,0.5386418292707786,0.5405697212269416,0.6138102687938616,0.09315078302629684,0.14147379763205262,-0.051904260977210494
SMC08-T_ATCCACCCATGTTGAC,SMC08,SMC08-T,Myofibroblasts,6684,0.0,1,0.10879792480169,-0.20745838333427774,0.009063710971754424,0.048827823705789516,-0.28002066054970637,-0.2631711481182381,-0.027428089552804045,-0.005187014534192927,-0.20378732774797984
SMC08-T_ATCCGAAGTAGCCTCG,SMC08,SMC08-T,Myofibroblasts,2571,0.0,0,-0.0674674053514589,-0.2580681723428139,-0.4862117807057743,-0.3813564428696182,-0.2821217301130599,-0.15648250180015036,-0.3711362085060069,-0.320713004908141,-0.2522706550334682
SMC08-T_ATCTACTTCAGATAAG,SMC08,SMC08-T,Myofibroblasts,8484,0.0,1,0.896640218188482,0.20082701714872792,-0.047174476467225016,-0.15260908034879986,-0.3589922386620726,-0.43022733883455744,-0.16709411112885725,-0.2453149907729205,0.18734322397523567
SMC08-T_ATTACTCCAGACGCCT,SMC08,SMC08-T,Myofibroblasts,3855,0.0,0,0.0271914485246198,-0.22147680815358303,-0.044216209048481316,-0.0014420550134850712,-0.16452123376787925,-0.14095229737807152,-0.0003256375068112424,0.015038102952873006,-0.21721674312109582
SMC08-T_ATTATCCGTCGGATCC,SMC08,SMC08-T,Stromal 2,12626,0.0,0,0.39622536063141,-0.00856291586043019,-0.20947552153042384,-0.24792547287737451,-0.38531988454336413,-0.35503632841675087,0.4609674003563429,0.47329373850541956,-0.013248812688999818
SMC08-T_ATTTCTGCACGGTAGA,SMC08,SMC08-T,Myofibroblasts,13548,0.0,1,0.352744064352195,0.09987550067078126,0.22407159931501563,0.2893257247420346,0.36129521093882466,0.4017993548105276,-0.021475625900845778,0.02754042262540144,0.09063336785350527
SMC08-T_ATTTCTGTCATGTGGT,SMC08,SMC08-T,Myofibroblasts,13912,0.0,1,0.495248282985987,-0.009945186786353588,0.6129263907823027,0.6955985251541544,0.5865066495476937,0.5961869527087655,0.15440060229677904,0.19673561594065497,0.0025837927931497075
SMC08-T_CAACTAGAGGCCCGTT,SMC08,SMC08-T,Myofibroblasts,18673,0.0,1,0.385486653163438,-0.02492587116399878,0.28175802289375235,0.3316458240605709,0.4615865705097664,0.5204145408798616,0.08673204881580253,0.10137909624506446,-0.028924248862166366
SMC08-T_CAAGGCCTCGAATGGG,SMC08,SMC08-T,Myofibroblasts,12257,0.0,1,0.31180080724054,-0.09072112206271604,0.3377773378576551,0.4102488043831616,0.41436366181896656,0.4645515495781289,0.16329934313942335,0.1807331889785607,-0.09195499342060139
SMC08-T_CACAAACAGATGTGGC,SMC08,SMC08-T,Myofibroblasts,14275,0.0,1,0.440908127647243,-0.02963119116203304,0.3206374499120046,0.37589690450965085,0.36480890963777746,0.3781783480771146,0.13995389272213765,0.173671409230241,-0.033431866339274814
SMC08-T_CACCAGGCAGGACCCT,SMC08,SMC08-T,Myofibroblasts,9742,0.0,1,0.226844463278745,-0.07627711773506905,0.0705598611990465,0.0971850538896056,0.1918873925294195,0.17417731894136862,-0.025451197102665902,-0.0004668924738379086,-0.07811788003109083
SMC08-T_CAGAATCCACCAACCG,SMC08,SMC08-T,Myofibroblasts,17679,0.0,1,0.53903450920386,0.02823933726585094,0.27033291437796186,0.2769096739499307,0.23822263460986468,0.2302412912249565,0.0478792190159622,0.030658060925848343,0.022007127280714883
SMC08-T_CAGATCAAGCGATATA,SMC08,SMC08-T,Myofibroblasts,13164,0.0,1,0.29299845751719,-0.11741333134603082,0.0705805546509064,0.004382028039999124,-0.009371540328601793,-0.04492021740825717,0.05065422550235924,0.031707107319551356,-0.09962496945650137
SMC08-T_CAGCATAGTCTAAAGA,SMC08,SMC08-T,Myofibroblasts,24135,0.0,0,0.459090944257219,-0.011789153901892797,0.06842022904251911,0.11020018119455838,0.2039134095670009,0.24162491053602722,-0.05653489455580711,-0.018232967090957303,-0.0163394945102329
SMC08-T_CATTATCTCGTTTGCC,SMC08,SMC08-T,Myofibroblasts,3629,0.0,1,0.197241616554439,-0.12825782657519244,-0.08844134137414549,-0.2003113064324347,0.0645978253866945,0.03849721743270408,-0.06589975821736611,-0.11782642736592713,-0.12791452547457038
SMC08-T_CCAATCCTCGGTCTAA,SMC08,SMC08-T,Myofibroblasts,13823,0.0,1,0.480987802196888,0.054438648859790544,0.3842759757725598,0.2797789719529314,0.05934107596320765,0.01242161147989506,0.1543790351011251,0.08601605694960146,0.06434760180090655
SMC08-T_CCACGGATCCTCGCAT,SMC08,SMC08-T,Myofibroblasts,10774,0.0,0,0.355459767509524,-0.013347726952480642,0.13084238128527542,0.16798034083189034,0.01642530943191021,0.031134105958910877,-0.042990068150194065,-0.021097967817502863,-0.017832581298191007
SMC08-T_CCATTCGAGCGACGTA,SMC08,SMC08-T,Myofibroblasts,6032,0.0,0,-0.0178930589931963,-0.3179537348547264,-0.3088099402660618,-0.3636464328936687,-0.266630350288992,-0.2842422057982794,-0.14356536010378285,-0.1675410469665247,-0.3096400174398382
SMC08-T_CCGGGATCAATCAGAA,SMC08,SMC08-T,Myofibroblasts,14304,0.0,1,0.120996310237659,-0.1838708257041218,0.13879247865050423,0.18864677096830634,0.23034861607819188,0.24118262373430785,-0.07893661490004314,-0.021895309077466237,-0.18119084396783044
SMC08-T_CCGTACTGTCAGCTAT,SMC08,SMC08-T,Myofibroblasts,21244,0.0,1,0.271839584637613,-0.10333209502788489,0.22392806236136809,0.2621517660938879,0.4354468257880974,0.4463469335605623,0.012398945780372933,0.01991553730057443,-0.10403609357210768
SMC08-T_CGACCTTCAATGTAAG,SMC08,SMC08-T,Myofibroblasts,15981,0.0,1,0.430278559751806,-0.01621789532190744,0.16789106520520028,0.1921479342300899,0.307128284611188,0.3021012485178924,0.09128187546310457,0.1126063783379162,-0.020582154357978024
SMC08-T_CGACCTTCATGGTTGT,SMC08,SMC08-T,Myofibroblasts,16217,0.0,1,0.467445187369342,0.08503767885594514,0.5414458360797393,0.5460995117780219,0.40833581242489403,0.3847425586163597,0.1931242210692481,0.20764693679178461,0.07641898393004883
SMC08-T_CGACTTCCATCGATTG,SMC08,SMC08-T,Myofibroblasts,10957,0.0,1,0.542241383178686,-0.004009962392350038,0.19410445206078145,0.10816920143690545,0.0831900688353926,0.015348522821008119,-0.08796126062715255,-0.15248850869538727,-0.008887159786805385
SMC08-T_CGATGGCCAGGCTCAC,SMC08,SMC08-T,Myofibroblasts,7386,0.0,0,0.111147718160254,-0.17705916951557524,-0.2371304936288875,-0.2895984484291658,-0.5104228523654901,-0.4936112794418668,-0.09060193410045222,-0.08911756426095963,-0.17466539182081944
SMC08-T_CGATGTAAGAGTAAGG,SMC08,SMC08-T,Myofibroblasts,12620,0.0,1,0.529263209602166,0.012588929207260279,0.04809941360798227,-0.010800340376146956,0.2084599396057085,0.21409587205799166,-0.0602696269897646,-0.022089864576564117,0.007014299392653238
SMC08-T_CGCCAAGAGTCGATAA,SMC08,SMC08-T,Myofibroblasts,7470,0.0,1,0.351551992175997,-0.032152960354691014,0.17480366557779514,0.1731576090281057,0.22730222291180066,0.22783780444500057,-0.11853009703029928,-0.15931850739152115,-0.03584767884316565
SMC08-T_CGCGGTACATATACCG,SMC08,SMC08-T,Myofibroblasts,6210,0.0,1,0.32612165943692,-0.014238409845060423,0.08239871333828386,0.07707488838946674,0.24390262291215511,0.23826958622436883,-0.00044025761124334836,-0.017968845871441503,-0.018685840539822057
SMC08-T_CGGACACTCCACGTTC,SMC08,SMC08-T,Myofibroblasts,4854,0.0,1,0.406779928625383,-0.05039862195323957,0.3528613644290943,0.34789843675566884,0.3457150539402299,0.3604157367223051,-0.07645063502223869,-0.07442939693436904,-0.05332671600480039
SMC08-T_CGGACTGGTTAGAACA,SMC08,SMC08-T,Myofibroblasts,17245,0.0,1,0.655436962797729,0.04643968268902155,0.4132134802401902,0.3515467015606147,0.3186954080165193,0.2683394515432071,0.11073238708961167,0.005665699792478014,0.03944275230795395
SMC08-T_CGGCTAGGTGACTACT,SMC08,SMC08-T,Myofibroblasts,14739,0.0,1,0.584083690875423,0.09103653444336694,0.20642036635770786,0.14753301111163525,0.20010855823413146,0.19579822016706647,-0.1121418800793196,-0.1552075980559868,0.0821657867616966
SMC08-T_CGGTTAAGTCCAGTTA,SMC08,SMC08-T,Myofibroblasts,17440,0.0,1,0.452599178723619,0.290749717716193,0.36426861257273324,0.3557599505818472,0.2737724321457196,0.312096891145027,0.09858847762409009,0.061539599650046406,0.27348765981297535
SMC08-T_CGTCCATTCCGTCATC,SMC08,SMC08-T,Myofibroblasts,20362,0.0,1,0.229494384827166,-0.06998637421546798,0.31550067092044926,0.3778420491257637,0.32636461303360303,0.34442118541229255,0.20749090688401148,0.27201860301634845,-0.05943608860007855
SMC08-T_CGTTGGGCATAGACTC,SMC08,SMC08-T,Myofibroblasts,1053,0.0,0,0.388389545882889,-0.10788397757303819,-0.015547091863593277,0.04277532747605952,-0.16544668802193233,-0.17412517358397328,-0.32723811386447205,-0.3393162456505439,-0.1083967205481369
SMC08-T_CTACATTCAGGGTTAG,SMC08,SMC08-T,Myofibroblasts,24350,0.0,1,0.55854820620362,0.07008202084781308,0.2005362277660443,0.15696180770855125,0.11627238679069038,0.10279148905862902,0.007941202152716487,-0.0862944125690881,0.06209171491385508
SMC08-T_CTCTACGAGCTATGCT,SMC08,SMC08-T,Myofibroblasts,10004,0.0,0,0.524025522231234,0.0538417402626293,0.1332613920070687,0.08121170049033515,-0.1758807484744763,-0.17364290460597637,-0.04710847021717774,-0.08510171025991439,0.046533799059141207
SMC08-T_CTCTACGGTTCCACAA,SMC08,SMC08-T,Myofibroblasts,15624,0.0,1,0.4845533057537,0.044249765918050944,0.45868576584117754,0.4926819569635682,0.3951600856926976,0.39009377065786094,0.09306723138219432,0.08754052300663555,0.03734484884668799
SMC08-T_CTGAAACCACAAGACG,SMC08,SMC08-T,Myofibroblasts,1764,0.0,1,-0.0981021867155312,-0.33491787580740556,-0.4368542014640205,-0.4061175848289234,-0.23533268561776804,-0.18826246660116108,-0.4707349516059223,-0.4316499849452692,-0.3258913793608922
SMC08-T_CTGCCTACAGATAATG,SMC08,SMC08-T,Stromal 1,10751,0.0,0,0.510356762666129,0.1209775631626447,0.000350617646828902,0.024115846923938613,-0.3381216090448125,-0.3559481212219527,-0.14055751664073843,-0.18733250262106166,0.11084878906419798
SMC08-T_CTGCGGACAAATCCGT,SMC08,SMC08-T,Myofibroblasts,13882,0.0,1,0.147002338908295,-0.14677758487104847,0.13109174077589142,0.05641002411863244,0.08236704869385884,0.0994466801368913,0.17465696472086403,0.13113401010632514,-0.1456561426655585
SMC08-T_CTTAACTCAGGACGTA,SMC08,SMC08-T,Myofibroblasts,2708,0.0,0,0.372963710314377,-0.13328455599318995,-0.4233470338643814,-0.3686650689782166,-0.416920718033703,-0.35815029192802517,-0.14605157210638647,-0.1275140347726205,-0.1327300477741646
SMC08-T_GAATAAGTCCATTCTA,SMC08,SMC08-T,Myofibroblasts,14155,0.0,1,0.434701340054717,-0.00697039268714817,0.15367368188667663,0.22071856657815417,0.21018727169353135,0.24709536741639293,-0.04245792713604475,-0.0008399765281116261,-0.01172320225409099
SMC08-T_GACTGCGAGAAGGGTA,SMC08,SMC08-T,Myofibroblasts,13278,0.0,1,0.327800619826333,-0.0755753869419558,0.3727920762624364,0.40752939988927145,0.2715028245643504,0.27873053541136256,0.1167485478089044,0.15425273835220757,-0.05966254638335785
SMC08-T_GAGTCCGCACATTAGC,SMC08,SMC08-T,Myofibroblasts,20692,0.0,1,0.470032544676305,0.04661428988829516,0.4325548478839349,0.42416517045803187,0.41439337252962344,0.41149636375349624,0.157150698355154,0.1592285807737533,0.039610023070283294
SMC08-T_GCAAACTAGGTCATCT,SMC08,SMC08-T,Myofibroblasts,2021,0.0,1,-0.0670514540462275,-0.32281306560821177,-0.24793660357518463,-0.21973252166971202,-0.14804895486378547,-0.13033699831210596,-0.3766378240365731,-0.3386422887444496,-0.31429517463225276
SMC08-T_GCAAACTCATAACCTG,SMC08,SMC08-T,Myofibroblasts,18025,0.441337285787211,1,0.485113491858107,0.055095196209374094,0.3568323023275149,0.3476551609431825,0.274232908377747,0.27653013910491797,0.1446360271914225,0.056042266330298254,0.04773458878963622
SMC08-T_GCACTCTTCTCAAACG,SMC08,SMC08-T,Myofibroblasts,1757,0.0,0,-0.21995271068161,-0.40377695222891735,-0.27430668210952863,-0.3177638247427417,-0.4192536825656283,-0.4448309209804202,-0.18431848836572548,-0.15703605343313778,-0.39185721727729844
SMC08-T_GCAGCCAGTGCCTGGT,SMC08,SMC08-T,Myofibroblasts,14532,0.0,1,0.64158406890182,0.10503918862199052,0.349718668079954,0.4059026197462184,0.15972147910494586,0.15990359793135592,0.10433888400071546,0.09887112935676294,0.11216661171251986
SMC08-T_GCAGCCATCGAATGCT,SMC08,SMC08-T,Myofibroblasts,11301,0.0,1,0.355802261213337,-0.006827231147326529,-0.016673987616110136,-0.0640818434866804,-0.01635857603075553,-0.009703509076390155,-0.07575688973853463,-0.11984771419973934,-0.011586055905018159
SMC08-T_GCGCAGTGTCTAGTGT,SMC08,SMC08-T,Myofibroblasts,10569,0.0,1,0.263552313514606,-0.09082301928285967,0.15506730423479967,0.20514142437179278,0.23884376216375705,0.25807123130923787,-0.03540816283539722,-0.033913158406229583,-0.09205260924494066
SMC08-T_GCGCCAAAGTATGACA,SMC08,SMC08-T,Myofibroblasts,13486,0.0,0,0.195597303869105,-0.1516596997614231,0.17642853869011207,0.21261627604140015,0.07673444064828205,0.09169329189543807,0.10930765204523739,0.129126387001837,-0.13276061703677938
SMC08-T_GCTCTGTTCTATCCCG,SMC08,SMC08-T,Stromal 2,13305,0.0,0,0.25790724793058,-0.05115156815174902,-0.15191966698181872,-0.11943764584820445,-0.23763136841280727,-0.1791523701273078,0.5252617482292025,0.5421267799594823,-0.054048025808414495
SMC08-T_GCTTGAAGTTACTGAC,SMC08,SMC08-T,Myofibroblasts,19553,0.0,1,0.446478389010477,0.0014079134878620767,0.37797804659574613,0.33761542122356775,0.21614239969271787,0.17429216556944127,0.0017013684699409887,-0.05458511824116987,-0.003696925750299662
SMC08-T_GGAACTTCACACGCTG,SMC08,SMC08-T,Myofibroblasts,1196,0.0,0,-0.122137719024769,-0.3995017762737055,-0.27637163526853736,-0.23031976355648623,-0.32653276143329485,-0.30806005269635556,-0.3948372618932473,-0.3859290469218703,-0.38776167056390215
SMC08-T_GGACAGAGTACACCGC,SMC08,SMC08-T,Myofibroblasts,11095,0.0,1,-0.0031502521533375,-0.26013772997988815,0.2099135275597551,0.33121487280217615,0.3669781906112116,0.4544140706055386,-0.07293482509098555,-0.03802108265021268,-0.25425325646730407
SMC08-T_GGACAGATCGAATGCT,SMC08,SMC08-T,Myofibroblasts,2143,0.0,0,0.0616092552255467,-0.23418476293680437,0.0469927934051268,0.09002734084681767,0.0007714583857426876,0.008968941867351532,-0.24690905378053063,-0.23667681716820774,-0.22939075022434988
SMC08-T_GGCCGATAGCTGCAAG,SMC08,SMC08-T,Myofibroblasts,14758,0.0,1,0.626200956217109,0.09679208936071709,0.11523005625290074,-0.022536199216208443,0.10289216787098165,0.04740530985060993,0.10328087496914362,0.013757393202360938,0.08767951164050262
SMC08-T_GGGAGATAGTCTCAAC,SMC08,SMC08-T,Myofibroblasts,15682,0.0,1,0.258981259167268,-0.05847017079787819,0.0782304365111857,0.07909173036857349,0.021158506941734528,0.021297901608916217,0.15171039508361567,0.16115410845069325,-0.0610591241416811
SMC08-T_GGGAGATCATCTACGA,SMC08,SMC08-T,Myofibroblasts,3768,0.0,0,0.344942670115284,-0.040238891760900355,-0.03755797810700475,-0.047305524530934125,-0.016111974053236902,-0.02923618430315062,-0.1240674739605502,-0.14481474538059796,-0.04359386523230737
SMC08-T_GGGATGACACGTTGGC,SMC08,SMC08-T,Myofibroblasts,7680,0.0,1,0.764411784336292,0.1570052519326278,0.7419557715861165,0.692601443427365,0.4481303256993391,0.38102761101584104,0.060395505867506326,-0.09567525176440968,0.1453627093984675
SMC08-T_GGGCACTAGACTTTCG,SMC08,SMC08-T,Myofibroblasts,10910,0.0,0,0.307193887377011,-0.055871747025664435,0.13023997615186536,0.1710402656619142,0.3046204788344247,0.2991046940171441,0.06946449013132798,0.06242729591972688,-0.05856987783888809
SMC08-T_GGGCATCGTGTGAATA,SMC08,SMC08-T,Myofibroblasts,5108,0.0,0,0.496574600160329,-0.08314491198970038,-0.6509680247732571,-0.6716241849268355,-0.6770587694280001,-0.6529940702887469,-0.45397939658478687,-0.42794585289324033,-0.05034679694085562
SMC08-T_GGGTCTGTCGTTACAG,SMC08,SMC08-T,Myofibroblasts,2321,0.0,1,-0.243438485753635,-0.42696226249334585,-0.3992253332113733,-0.34241014173844964,-0.24680918048383022,-0.19479092418454413,-0.3784352872716753,-0.29246835173929436,-0.41406835484154086
SMC08-T_GTACTTTAGCGGATCA,SMC08,SMC08-T,Myofibroblasts,14706,0.0,1,0.429538470250615,-0.016006525034052237,0.2377596570330919,0.2592319287132563,0.6732149865972449,0.7336471671411811,0.25483710038426677,0.3295731420245241,-0.020379665174654553
SMC08-T_GTACTTTTCCAAAGTC,SMC08,SMC08-T,Myofibroblasts,13522,0.0,1,0.453490180100794,0.05202095489948988,0.19696723333350857,0.22599840139197866,0.057287736130612235,0.08669873110430185,-0.030507328175008296,-0.05632969689938952,0.04478951728268832
SMC08-T_GTCACGGGTTCAGTAC,SMC08,SMC08-T,Myofibroblasts,1531,0.0,0,-0.173733458660724,-0.38918314356226147,-0.5544541740447891,-0.46427326903837485,-0.4787182688561021,-0.4076535594324733,-0.45958431072925265,-0.3831643191330573,-0.37787659384873734
SMC08-T_GTCGGGTGTTCGTTGA,SMC08,SMC08-T,Myofibroblasts,5824,0.0,1,1.03604286537146,0.1801930275467927,-0.5020338317417369,-0.46895708107366796,-0.580098031582881,-0.5184950355527013,-0.38027935482953723,-0.38859750935259985,0.16757620872632295
SMC08-T_GTCTTCGTCTCTAAGG,SMC08,SMC08-T,Myofibroblasts,29459,0.992241699231794,1,0.257693676405053,-0.09115798921700109,0.04418496312383486,-0.018132832900780004,-0.0479421999153434,-0.07408328163762425,-0.0034825392067432404,-0.03450019267552039,-0.09237350481210135
SMC08-T_GTGTGCGCATAGAAAC,SMC08,SMC08-T,Myofibroblasts,10107,0.0,1,-0.0202701036823537,-0.2793063323519993,0.05776023448501923,0.14442407587406839,0.17448613880088135,0.23936613246278707,-0.08002672626783973,-0.0780040929422659,-0.2726164553784022
SMC08-T_TAAGCGTCACGGTAAG,SMC08,SMC08-T,Myofibroblasts,6058,0.0,0,0.440243424226508,-0.029206626133568454,0.10898562094994954,0.19308134949788813,0.19835531160387457,0.22764299753620182,-0.013215326086470955,0.04508201243246303,-0.03302514017755244
SMC08-T_TACAGTGCAATACGCT,SMC08,SMC08-T,Myofibroblasts,18926,0.0,0,0.229608528943342,-0.10179310381869998,0.1755401391003813,0.1999480596221075,0.4189591811475705,0.44893819037391697,-0.028386724622626053,-0.0005542770904653213,-0.102561765859107
SMC08-T_TACAGTGGTTCTGAAC,SMC08,SMC08-T,Myofibroblasts,12532,0.0,1,0.287717410738562,-0.10842308724756565,0.3883971163565863,0.4490697801158559,0.27412908804621927,0.26521823227102326,0.1789714961949932,0.18303982422632328,-0.1089131785556674
SMC08-T_TACCTTAGTAACGCGA,SMC08,SMC08-T,Myofibroblasts,18811,0.0,1,0.321373628388429,-0.03888358425741133,0.24369872509672932,0.1348609251492634,0.2454359099002821,0.22407832743903233,0.0018739273869677593,-0.0622372027267428,-0.028791402474421413
SMC08-T_TAGAGCTGTTGCGTTA,SMC08,SMC08-T,Myofibroblasts,10901,0.0,1,0.469409808198649,0.0075626691411200325,0.2593456602332239,0.35726760121107826,0.14497084478486558,0.14823034167463003,-0.10210571218478053,-0.10375024527311325,0.002199226724249976
SMC08-T_TAGGCATTCTCCAACC,SMC08,SMC08-T,Myofibroblasts,3719,0.0,1,0.0560028360932843,-0.24529774165140433,-0.05105950153071662,0.01529815354634349,0.12867689252431905,0.15633927630044,-0.07973881842274415,-0.018205173664233264,-0.24003679706018513
SMC08-T_TAGTTGGCAGCTGTGC,SMC08,SMC08-T,Myofibroblasts,21268,0.0,1,0.419485183785439,-0.023512048303688828,0.19092733165895454,0.24935231444130584,0.21084206638743683,0.2522665000152449,0.07415674673883539,0.09749766114880057,-0.015362045250269546
SMC08-T_TATCTCATCATGCATG,SMC08,SMC08-T,Myofibroblasts,15387,0.500714234905659,1,0.280526657166571,-0.04883303919709042,0.30314042648462086,0.3490814472713349,0.4256463062365026,0.45211500511233976,-0.06689857424874054,-0.05400763986741795,-0.05182691403672475
SMC08-T_TATGCCCGTCCATGAT,SMC08,SMC08-T,Myofibroblasts,11434,0.0,1,0.360358982546633,-0.02934729021957569,0.1003414183018767,0.07950693427971224,-0.09662414623462424,-0.07720761261014052,-0.06629415457382014,-0.08287107292562723,-0.03315989400784509
SMC08-T_TATGCCCGTTCACCTC,SMC08,SMC08-T,Myofibroblasts,13746,0.0,1,0.313310308582027,-0.09149181105915391,0.010260699868050158,-0.032147904653556464,0.01873826923571071,-0.012704631486950918,-0.008917232068549646,-0.020767207854591747,-0.09269330052643263
SMC08-T_TATGCCCTCGCGGATC,SMC08,SMC08-T,Myofibroblasts,11364,0.0,1,0.353235409530405,-0.05127217646753579,0.08819002787373503,0.08768737915812469,0.0781991012128336,0.05709792857686447,0.007340295612812043,0.005106205274077023,-0.0541635665479077
SMC08-T_TCAACGAGTGTCAATC,SMC08,SMC08-T,Stromal 1,16310,0.0,1,0.410798964757501,-0.010791572304074898,0.11233271323904699,0.1381867402573911,0.2682963045009849,0.28577448438506486,-0.019444437952418077,-0.01846169995910981,-0.00023714436057704587
SMC08-T_TCAGATGCACCTCGTT,SMC08,SMC08-T,Myofibroblasts,2615,0.0,0,0.151805280407673,-0.11553777510855805,-0.18308799892511904,-0.1126178255895289,0.0346268002247932,0.0842540342100831,-0.23832516485923214,-0.16324267518870972,-0.11572892995191221
SMC08-T_TCAGGATCAAATACAG,SMC08,SMC08-T,Myofibroblasts,18664,0.0,1,0.43361448633879,0.03284187987446785,0.06696190236478436,0.027060539893260818,0.09872579502359945,0.11417037127322929,0.19807417667225788,0.22062575580442653,0.02641628574611259
SMC08-T_TCATTTGCAGCTGGCT,SMC08,SMC08-T,Myofibroblasts,5211,0.0,1,0.167270829943743,-0.1924210611502068,-0.10987132171891173,-0.059463936562945206,0.008656533396973903,0.04130771721518317,-0.3450154209607526,-0.365304591988816,-0.1893818258237438
SMC08-T_TCGAGGCTCGCAAGCC,SMC08,SMC08-T,Myofibroblasts,1309,0.0,0,-0.132552871902226,-0.29336594429128526,-0.5138949310901214,-0.4788926432772381,-0.2710683143564633,-0.22782533858404602,-0.4324554750009587,-0.3724433494841351,-0.2860853273202391
SMC08-T_TCGGTAAAGAATAGGG,SMC08,SMC08-T,Myofibroblasts,14969,0.0,1,0.385790698046724,0.0023953968397619433,0.3651003274515423,0.48315401224237753,0.3045426878831064,0.33907223574080786,-0.019980185459318914,-0.0031774067046011194,-0.0027509332955384454
SMC08-T_TCGTACCGTCATTAGC,SMC08,SMC08-T,Myofibroblasts,15944,0.0,1,0.478023557725365,0.009763602298079875,0.10958945538316454,0.09297913958023234,0.3097795890264061,0.3302164140785503,0.08520262062941727,0.07344034719554816,0.00430768369814428
SMC08-T_TCGTAGAAGGCGTACA,SMC08,SMC08-T,Myofibroblasts,5365,0.0,1,0.153932633098337,-0.20719663150151046,0.03286301274308745,0.07899191975593567,0.2799548768837537,0.324596224829208,-0.26204555820869774,-0.24935589713208817,-0.20353657389137925
SMC08-T_TCTCATACAAGCGCTC,SMC08,SMC08-T,Myofibroblasts,10783,0.0,0,0.374259850090022,-0.05307664354576876,-0.0773984722755089,-0.13957416047001395,-0.04063994672187433,-0.09881130536628324,0.049576944671571255,0.00023165486533852184,-0.055892215681677106
SMC08-T_TCTGGAATCAAACCGT,SMC08,SMC08-T,Myofibroblasts,15996,0.0,1,0.310184013632132,-0.07897997276628749,0.2234339888910858,0.3091910305183108,0.21605645340620255,0.2309091079460327,-0.14119538766773124,-0.11979620009660721,-0.08070716972486312
SMC08-T_TGACTAGTCTCAACTT,SMC08,SMC08-T,Myofibroblasts,4688,0.0,0,0.0267192940825919,-0.2785487777406448,0.10494702823498116,0.1990426246917284,-0.1824998435165201,-0.1626078999319742,-0.07820116728544235,-0.03131461590528488,-0.2718907307927348
SMC08-T_TGCCCATAGCAGATCG,SMC08,SMC08-T,Myofibroblasts,9328,0.0,1,0.527065308219451,0.04665602882507078,0.2539708009559889,0.29364016138744065,-0.04687378935667933,-0.0882523886339609,0.1044703153011046,0.04835380688309669,0.0396500082702196
SMC08-T_TGGCCAGGTCTTCAAG,SMC08,SMC08-T,Myofibroblasts,19052,0.0,1,0.665672272201912,0.11465608793425194,0.04682368805901651,-0.027799140141280255,-0.1834904858857341,-0.21865890220756545,0.05498138752422835,-0.0026664142222965464,0.10479292203867886
SMC08-T_TGGCGCAAGTGCCATT,SMC08,SMC08-T,Myofibroblasts,18445,0.0,1,0.17819943491001,-0.11244817392639163,0.19090475171937474,0.1941377678829268,0.20443549927095978,0.23388291574841322,0.17685289749581562,0.13203072591739543,-0.11276914394546707
SMC08-T_TGTATTCTCTTAGCCC,SMC08,SMC08-T,Myofibroblasts,14027,0.0,1,0.398377692419018,0.024799548367267114,0.10894116674245773,0.010728039375574486,-0.015884634501737903,-0.08336383097285274,0.017458581728370566,-0.005024615938172621,0.018711867327449703
SMC08-T_TTAGTTCCAACGCACC,SMC08,SMC08-T,Myofibroblasts,4132,0.0,0,0.105350832615759,-0.1289792778297213,0.044616627982076336,0.16040907709336863,0.1565550555075918,0.2591250370754752,-0.12208363664777655,-0.09458631382269019,-0.12860566365117787
SMC08-T_TTCTACAAGTGAAGTT,SMC08,SMC08-T,Myofibroblasts,14336,0.0,1,0.280832006967112,-0.16865224582388214,0.12028811463363925,0.2245555204543762,0.4830539460693087,0.5832636136301729,-0.1470349277516729,-0.10307373625828939,-0.1666117002170126
SMC08-T_TTGAACGTCCAGAAGG,SMC08,SMC08-T,Myofibroblasts,22940,0.0,1,0.616190440701826,0.05735105559589308,0.21612991590280922,0.29797545343455745,0.36398294593601926,0.3971087777821975,0.0736898415574902,0.11798400510759914,0.06975423032026581
SMC08-T_TTGTAGGAGAAACCTA,SMC08,SMC08-T,Myofibroblasts,12467,0.0,1,0.201678653945654,-0.13706938136499702,0.3835347604994871,0.46078931085947084,0.5973024025407373,0.6485228688391143,0.10625644788930291,0.18168426147278618,-0.13635584686984534
SMC10-T_AACTGGTTCCTGCTTG,SMC10,SMC10-T,Myofibroblasts,10642,0.0,1,0.421131197295316,-0.009632364716054055,-0.18786270511978098,-0.22136067538153062,-0.23437625203965878,-0.1969107946944098,-0.19419669548147603,-0.18818657082669876,-0.014273326718757133
SMC10-T_AATCGGTTCGAATCCA,SMC10,SMC10-T,Myofibroblasts,11522,0.0,1,0.396836725497021,-0.008252487419859358,0.28738360113300365,0.32166282858390066,0.28145371167148386,0.22701379694355933,-0.023796407917612478,-0.04747535091112642,-0.012951427460217676
SMC10-T_ACATGGTAGCTAACTC,SMC10,SMC10-T,Myofibroblasts,17939,0.0,1,0.777239094057567,0.17771574938996582,0.06991385534519748,0.08378557682537087,0.24448492735320207,0.24725480637578076,0.07323219147755912,0.08172856270171264,0.1652030178870098
SMC10-T_ACCAGTATCCGCATAA,SMC10,SMC10-T,Stromal 3,10562,0.0,0,0.460358088261458,-0.002517701290025,-0.1724019030950089,-0.18992410565260798,-0.10478852976265611,-0.14865680279340163,0.07695333416524687,0.10091926008462906,-0.007457598730796525
SMC10-T_ACGAGGATCTGTTTGT,SMC10,SMC10-T,Stromal 1,10136,0.0,1,0.536033018621947,0.031736589036881924,0.016766210147821134,0.06242190587629632,0.0031941107002666637,0.00405572883264963,-0.11252443986503702,-0.09833423942327499,0.02535743570002187
SMC10-T_ACGGGCTGTCCATGAT,SMC10,SMC10-T,Myofibroblasts,11845,0.98897454621258,1,0.729768473797569,0.025923661642560835,0.04266570780274211,0.10706921437437214,0.2127354950549043,0.29419987089931965,0.04064605408593228,0.07429540700772229,0.1054933221400285
SMC10-T_ACTGAGTCATGCAACT,SMC10,SMC10-T,Myofibroblasts,8786,0.0,0,0.461627856424744,-0.11552699232114512,0.28857492944415736,0.3779866608177743,0.31402913785102415,0.35940699331289117,-0.05676253422310478,-0.05847649127244949,-0.056074648312911264
SMC10-T_AGCCTAAAGAGCTGGT,SMC10,SMC10-T,Stromal 2,12700,0.0,0,0.830327013102649,0.17225848972335817,-0.1144850922057082,-0.16480054551871812,-0.23832681989154722,-0.2711421760844153,0.43883595798826336,0.3740141738863552,0.17837148199558353
SMC10-T_AGCGTATGTAGCTCCG,SMC10,SMC10-T,Myofibroblasts,5782,0.0,1,0.0746437522306815,-0.21619466148120792,-0.10539693035641495,-0.11633892648103761,-0.05024371562259538,-0.01830307836102885,-0.21595357146702315,-0.24819776968044394,-0.2121565353845348
SMC10-T_AGCTTGAAGGGTGTTG,SMC10,SMC10-T,Myofibroblasts,11212,0.0,1,0.50758708475621,-0.015875135760819704,0.07745512205233075,0.12451153698309166,-0.01600041028530318,-0.031943835534675176,-0.01664021121043908,-0.03179919908151907,-0.020253796459120864
SMC10-T_AGCTTGATCAGCACAT,SMC10,SMC10-T,Stromal 1,17781,0.446221862324736,1,0.557009883150759,0.05986342415736433,0.20216602075616924,0.26999548908959076,0.30783330307019,0.35450278387166734,0.045528730730477134,0.03882495584514211,0.05230247102552602
SMC10-T_AGGCCGTTCAGTTAGC,SMC10,SMC10-T,Stromal 2,15679,0.0,1,0.764785211202914,0.14420863539960824,0.12059464322745192,0.09218156430870295,-0.11444911991759223,-0.14160056091671766,0.17188265880471781,0.06522670458344852,0.1331037658290202
SMC10-T_AGGGTGACATCGGAAG,SMC10,SMC10-T,Stromal 1,12050,0.978232523430015,1,0.906939045445521,0.47427512510892067,-0.27100432489295395,-0.29490734600439306,-0.12007482714798985,-0.10284138401580412,-0.12647401450790072,-0.12064506915014456,0.44930191563458
SMC10-T_AGTGGGACACATCCGG,SMC10,SMC10-T,Myofibroblasts,9008,0.0,1,0.534712371771891,-0.0010017482073683488,0.18748604517658146,0.15446252207748773,0.18757670992339143,0.24110351507227087,0.20979804267224514,0.20322782340295176,-0.006005341155814524
SMC10-T_AGTGTCATCTTTAGGG,SMC10,SMC10-T,Stromal 1,2919,0.0,0,0.620897703925614,0.11693456110528164,-0.21415334909546133,-0.2237450560418571,-0.13254737823593374,-0.1439719078845756,-0.021087687344927535,-0.06608689646510517,0.10697566104285858
SMC10-T_AGTTGGTAGCCCTAAT,SMC10,SMC10-T,Stromal 1,3635,0.0,1,0.401069953028976,0.03940323333402997,-0.3276959333986956,-0.44410327229103663,-0.30453059147587236,-0.37927054152499107,-0.19739543391685738,-0.24062697072239483,0.032701952085525045
SMC10-T_ATAACGCCAGGTCGTC,SMC10,SMC10-T,Stromal 1,3536,0.0,1,0.62118602590507,0.015432252581312991,-0.08214620725080675,-0.05112087658447463,-0.12444039052162244,-0.1448368451579712,-0.29751406061021907,-0.270919064914479,0.051860317212192954
SMC10-T_ATCATGGCAAATACAG,SMC10,SMC10-T,Myofibroblasts,4082,0.0,0,0.0959111984206514,-0.14038822739466764,-0.2755834392595048,-0.1559744719870207,-0.29275474203180296,-0.17171272436200186,-0.26229972235466303,-0.24956111303147147,-0.13953524558734492
SMC10-T_ATCCGAAGTCGGCATC,SMC10,SMC10-T,Myofibroblasts,13149,0.0,1,0.814298920381433,0.16070133488494576,-0.43539421420012203,-0.4658425580255869,-0.5405819279959008,-0.5283514175477416,-0.3325132184122738,-0.3163522249635528,0.17819352923822002
SMC10-T_ATCTGCCAGCCACTAT,SMC10,SMC10-T,Myofibroblasts,13623,0.0,1,0.699471309667554,0.18780178584060386,0.08887800924974132,0.03256029901435462,0.09269701286542173,0.03555593518323676,-0.062269851761428935,-0.1473498164292644,0.1748652712935034
SMC10-T_ATCTGCCTCTATCGCC,SMC10,SMC10-T,Myofibroblasts,11123,0.0,1,0.832844427552546,0.005444528387957497,0.16466714342942043,0.15749831370464185,0.4931865028884946,0.42934640886825187,0.24330325208996473,0.24079940919490422,0.08940963885363411
SMC10-T_ATTACTCCATTAGGCT,SMC10,SMC10-T,Myofibroblasts,12545,0.0,1,0.580975822807916,0.052238717364768185,0.35424930187968573,0.33921339003959805,0.08378333682004287,0.09550475233862567,0.24690266153530072,0.2428005754509393,0.06356650309151962
SMC10-T_CAACTAGTCAGTTAGC,SMC10,SMC10-T,Myofibroblasts,14231,0.0,1,0.22478156940071,-0.122607350921291,0.24085208179182088,0.2646581271901818,0.294864057178362,0.30956489273866766,-0.006720296881700817,0.023216450784136266,-0.12250146476411018
SMC10-T_CAAGATCCAAGTACCT,SMC10,SMC10-T,Myofibroblasts,5535,0.0,1,0.263288261177609,-0.06618469635743582,0.10386192616151303,0.1503014004812008,0.2131136090931844,0.2322461488115233,-0.1844422319217732,-0.19517293440945008,-0.06844950997184555
SMC10-T_CAAGGCCGTCTACCTC,SMC10,SMC10-T,Myofibroblasts,1118,0.0,0,0.0646666768331272,-0.2542337470508197,-0.10279407724738121,-0.09467014670372009,-0.204114417108346,-0.1769175791116648,-0.28639220085583234,-0.24921924918889998,-0.24859734004786035
SMC10-T_CACACCTTCACCTTAT,SMC10,SMC10-T,Myofibroblasts,7751,0.0,1,0.334009499690219,-0.023799753682524488,0.37752808683684896,0.4289452175541622,0.4206446238926479,0.4266509103567101,-0.0063262411638310085,-0.0405381927595419,-0.02784544724125822
SMC10-T_CACATAGCACGGTGTC,SMC10,SMC10-T,Stromal 1,6402,0.0,0,0.231563478069471,-0.07480979159886933,-0.21201776456187613,-0.21838123848798072,-0.2937210719695087,-0.29387418742746463,-0.1201394851625848,-0.1329149809830329,-0.07671220625355496
SMC10-T_CACCAGGAGAGTAATC,SMC10,SMC10-T,Myofibroblasts,2657,0.0,0,0.564187404427732,-0.07035651206643435,-0.17152969417523364,-0.30882619357690577,-0.35276708478222085,-0.41991535955390263,-0.11900447348230764,-0.19967288716750986,-0.07244603930651641
SMC10-T_CACCAGGCATCTCCCA,SMC10,SMC10-T,Myofibroblasts,1091,0.0,0,-0.0019334448509793,-0.2671939151426941,-0.3374622645122664,-0.3517680517057093,-0.27382840436636185,-0.2890229154118272,-0.25767897657657923,-0.2446819055606337,-0.26101296326192486
SMC10-T_CAGGTGCCAGAGCCAA,SMC10,SMC10-T,Stromal 2,17859,0.0,0,0.519705362445875,0.02532963483891013,-0.10394539341938738,-0.10854876713781822,-0.09658205530093032,-0.08964432953575323,0.5541261923940558,0.5340537645361003,0.03330450575222054
SMC10-T_CAGGTGCGTGCACGAA,SMC10,SMC10-T,Myofibroblasts,14985,0.0,1,0.407402280678078,-0.0026095042397317136,0.2741436331095744,0.31581295340708115,0.2932936124199507,0.3179667538335157,0.15925804286410933,0.17589278663782512,0.008648207614652249
SMC10-T_CATATTCAGCTGCAAG,SMC10,SMC10-T,Myofibroblasts,6233,0.957188449501994,1,0.288909410240172,-0.11536232217035272,-0.16027847505934842,-0.041418538900183106,-0.11306318538073375,-0.04171907901763916,-0.3377714979021173,-0.26493651691605064,-0.1155608489859004
SMC10-T_CATCAAGAGACTACAA,SMC10,SMC10-T,Myofibroblasts,6012,0.0,1,0.199591846245289,-0.18072164081355654,-0.05554411932826042,-7.360737498213606e-05,-0.005178787194344462,-0.018937887234050176,0.20319901163640774,0.2822880433762775,-0.17817397777014607
SMC10-T_CATCCACTCCGCAAGC,SMC10,SMC10-T,Myofibroblasts,11199,0.0,1,0.179224583267884,-0.1373221151604268,0.01941256434181515,0.019911244284452463,-0.10817310632187493,-0.08575380039076473,-0.10595923317106147,-0.1126762767048443,-0.13659796159824028
SMC10-T_CCCTCCTAGCAGGTCA,SMC10,SMC10-T,Myofibroblasts,15754,0.0,0,0.498408864974781,0.050598014276801495,0.12216397745496764,0.1392246828664367,0.059783409710745423,0.09684308977840944,-0.03738364932176314,-0.09673376284977969,0.04342636408112129
SMC10-T_CCGGGATCACACATGT,SMC10,SMC10-T,Myofibroblasts,14050,0.0,0,0.275274961686201,-0.06011645638040806,0.09471728505414663,0.09542910115248184,-0.09560338868664539,-0.08103874244532266,0.17510504793179663,0.1085824595654712,-0.06263623806107946
SMC10-T_CCGTTCAAGAGACGAA,SMC10,SMC10-T,Myofibroblasts,4736,0.0,1,0.372717324657275,-0.048104110173881054,-0.38681396172971144,-0.3179741768938739,-0.4220981532137613,-0.3399139803422745,-0.3263634616607114,-0.3020516952171045,-0.05112861228339812
SMC10-T_CCTACACTCAACGCTA,SMC10,SMC10-T,Stromal 2,16183,0.0,0,0.730427221095613,0.1917949481070728,0.04491941163040774,-0.04581715394004544,-0.044624419885269384,-0.07650094895439526,0.3091251608964644,0.2713479351471452,0.1937887557105263
SMC10-T_CCTACACTCCTCAACC,SMC10,SMC10-T,Myofibroblasts,11965,0.0,1,0.354694137370737,-0.10068381120238387,0.15438755297539186,0.1338138036066439,0.018515212879497176,0.012729797858831495,-0.09743183663997211,-0.12410578237956062,-0.10149908217624957
SMC10-T_CCTACCATCATCGCTC,SMC10,SMC10-T,Myofibroblasts,1020,0.0,0,0.0240771109424524,-0.28258447432400363,-0.7914120235613414,-0.7668404426516556,-0.7444323058031044,-0.6993116748540901,-0.5390424257046298,-0.5060902471928036,-0.27575686029275925
SMC10-T_CGCGTTTCATGCCCGA,SMC10,SMC10-T,Stromal 1,6012,0.0,0,0.207356251498646,-0.07878377737902235,-0.6762061163935126,-0.6248531864001984,-0.7260952675525023,-0.6328000909713811,-0.46809968563580984,-0.41296699142960064,-0.08051921784126458
SMC10-T_CGCTTCACACGGTTTA,SMC10,SMC10-T,Stromal 2,15421,0.0,0,0.588509004323397,0.07813613190266647,0.11480450186384272,0.09987645919957175,-0.1458663637369719,-0.16239142117935212,0.8574878142460396,0.8493517497883124,0.06980741794119362
SMC10-T_CGGACACGTGCTAGCC,SMC10,SMC10-T,Stromal 1,3474,0.0,0,0.187774319222452,-0.16113027360028864,-0.41712044483544874,-0.475950786980187,-0.30110494247922787,-0.3145903153128402,-0.2757330232544949,-0.32390341855147303,-0.15940577724651128
SMC10-T_CGGAGCTTCTCGAGTA,SMC10,SMC10-T,Myofibroblasts,11135,0.0,1,0.138254291121294,-0.13681685851004563,-0.23789546699548253,-0.25945270624829503,-0.18874385899731091,-0.17023491105714508,-0.12671153898301876,-0.14463339298963546,-0.13611393421888351
SMC10-T_CGTCACTTCTGTACGA,SMC10,SMC10-T,Myofibroblasts,13930,0.0,1,0.413675004659391,0.0771700180985295,0.17316376645954287,0.2048441486024275,0.03867215416109075,0.04906588407276675,0.23696443756159982,0.20832911769256873,0.0688818971540372
SMC10-T_CGTGTCTGTCCGTCAG,SMC10,SMC10-T,Myofibroblasts,14737,0.0,1,0.58585882857263,0.11427571149052758,0.24234926930571699,0.2674394368262189,0.1476832475057062,0.13515076929226863,0.020794016240458738,0.0027896100545630733,0.10442852779847234
SMC10-T_CTACATTAGGCCCTCA,SMC10,SMC10-T,Stromal 1,11514,0.0,0,1.03835927727767,0.2241123277334529,-0.14676813633960425,-0.1494458018484094,-0.2783706889164691,-0.3056173101067543,-0.04042640920532377,-0.08322446482146488,0.2096501601656445
SMC10-T_CTACATTCAGGTCGTC,SMC10,SMC10-T,Myofibroblasts,2135,0.0,1,0.165720379105739,-0.15337749078804463,0.06227599114787822,0.025863693618192907,-0.021313212507841538,-0.07385293844827386,-0.01970237517043164,-0.07197702763711705,-0.1519787416112523
SMC10-T_CTAGTGACAGATCGGA,SMC10,SMC10-T,Myofibroblasts,9312,0.0,0,0.284644323046791,-0.13471164250452267,-0.09120652626971809,-0.025555958562507863,-0.001211977962936674,0.017965004887691764,-0.05048545481343018,-0.01716571897268295,-0.13409717266737414
SMC10-T_CTCTACGCAGATCGGA,SMC10,SMC10-T,Myofibroblasts,13326,0.0,0,0.466449385989128,0.02327447412372158,0.07292406905290423,0.05308377567860412,0.050045851361462654,0.04298985191772497,-0.09854711613764888,-0.17236332128591397,0.017250871833632973
SMC10-T_CTTAGGAGTCTAGCGC,SMC10,SMC10-T,Myofibroblasts,25586,0.0,1,0.559394738001652,0.026379294938554888,0.16972508553263485,0.2136346023620629,0.2793608981645571,0.34380001986540076,0.5324912729624071,0.5372868876685114,0.030577476003340313
SMC10-T_GACCAATAGATCGGGT,SMC10,SMC10-T,Myofibroblasts,2709,0.0,1,0.351711409532492,-0.07905606995745186,0.3744422974331038,0.3696675680396033,0.0766224237729092,0.05211955239606458,-0.270792771248441,-0.3126081087133464,-0.0807800695550542
SMC10-T_GACCAATGTGGACGAT,SMC10,SMC10-T,Stromal 1,4809,0.0,0,0.419936716476811,-0.031096794152338254,-0.8186346385247854,-0.7750217231308542,-0.8045741962839146,-0.7132108826623407,-0.5175314588766349,-0.4746159433442004,-0.03483588937200418
SMC10-T_GAGTCCGAGATCACGG,SMC10,SMC10-T,Stromal 1,12905,0.0,1,0.492029227894351,0.02751752049580478,0.1064153115968315,0.08106081496651579,0.11000031841994852,0.09040212788250904,-0.22947442194348888,-0.23662753236644407,0.021315638946384944
SMC10-T_GATCGATAGAGTACCG,SMC10,SMC10-T,Stromal 2,11545,0.0,0,0.18764819318664,-0.1424749316320869,-0.10299348994633373,-0.08360210088331525,-0.12109040776837846,-0.10966959353103194,0.601805828982278,0.660400909623679,-0.14153427317613312
SMC10-T_GATGAAAAGTCAAGCG,SMC10,SMC10-T,Stromal 2,12504,0.0,0,0.346487546253505,-0.01770547527836211,-0.13583702099870662,-0.2149909797419862,-0.08176122966925709,-0.13837591034555158,0.0600229675048276,-0.052383624367854174,-0.02200723095491779
SMC10-T_GATGCTAAGTCTCCTC,SMC10,SMC10-T,Myofibroblasts,19237,0.0,0,0.499115102500128,0.037006572493466366,0.2809183782688817,0.3054177548009448,0.18777961656451225,0.16172632141861804,0.5946218647062779,0.5710585487677771,0.03040599128027924
SMC10-T_GCAAACTGTATATCCG,SMC10,SMC10-T,Myofibroblasts,4634,0.0,0,0.151397377654116,-0.15222480747718037,-0.06266896773547846,0.01322142033633299,-0.028485075969781195,0.037068473218485366,-0.21975552071081964,-0.22258131530355005,-0.1508744903722731
SMC10-T_GCACATAAGAGACTTA,SMC10,SMC10-T,Myofibroblasts,10951,0.0,1,0.518634803054437,0.004306945247216183,0.23457479414206986,0.10580686168608869,0.28779193211574944,0.224446126541426,0.03966355802197205,-0.046025929643827325,-0.0009197020480612747
SMC10-T_GCACATAGTTTGACAC,SMC10,SMC10-T,Myofibroblasts,6650,1.7067965736649,1,0.218403953564959,-0.20873540933979184,-0.24770803690640902,-0.22076566326545505,-0.2595531360759419,-0.24213290608726268,-0.4177836139147219,-0.3838736946968471,-0.2050106971986404
SMC10-T_GCATACATCGGCCGAT,SMC10,SMC10-T,Myofibroblasts,16440,0.0,1,0.244421605082657,-0.0934882319058504,0.1281208745679077,0.09684368104832929,0.04969853368036601,0.014675868545160738,0.5269468725119767,0.4819020337479956,-0.09460583814427632
SMC10-T_GCTCTGTCAACACCTA,SMC10,SMC10-T,Stromal 1,16108,0.0,1,0.761253750996507,0.04916788392553204,0.2572890225113655,0.2398814791586341,0.25192874196764764,0.19456099300796903,-0.11530876151825252,-0.13880764693021774,0.09035427106090453
SMC10-T_GCTTCCAGTGATGTCT,SMC10,SMC10-T,Myofibroblasts,4973,0.0,1,0.50393810071558,0.04104867092284717,0.23869936156552285,0.16718133234293994,0.07154449790107961,0.00573596600876298,-0.021112265754000922,-0.10738323896520716,0.06919268459206869
SMC10-T_GCTTCCATCTGCCAGG,SMC10,SMC10-T,Myofibroblasts,8127,0.0,0,0.354949860549628,0.023997933407755273,0.2254170884891432,0.22909818962216377,-0.05316286822971033,-0.07847683928733648,0.027886435311091574,0.04007877593531328,0.017943933668757687
SMC10-T_GGACAGAAGAGTTGGC,SMC10,SMC10-T,Stromal 1,15194,0.0,1,0.747869086631119,0.16381871257500166,0.07626171453680121,0.1144188669518704,0.17080876542901507,0.16355389659834463,0.013453245377413145,0.020024267166359896,0.186095284939814
SMC10-T_GGACATTGTACTCTCC,SMC10,SMC10-T,Stromal 1,5235,1.06822856811517,0,0.545835663860493,0.07588427870691623,-0.6948050187558544,-0.6675436322282,-0.7147374434434638,-0.6362567025908205,-0.379171138844992,-0.3415725380182266,0.0676501804259371
SMC10-T_GGCAATTGTCGAGTTT,SMC10,SMC10-T,Myofibroblasts,8425,0.0,0,0.479528282868114,-0.13868505664561925,-0.02661948134096301,0.041555831890280656,0.17453985934963032,0.22532141641821973,-0.07611561843047017,-0.06812497403691797,-0.05496584894839956
SMC10-T_GGCGTGTCAGCTCGAC,SMC10,SMC10-T,Myofibroblasts,1424,0.0,0,0.311041901563373,-0.22103130064185775,0.1914380043745041,0.25617874722655226,-0.3653397424792757,-0.30268209392941275,-0.15016586960930572,-0.16270328576073928,-0.2167899544123842
SMC10-T_GGGACCTAGCTACCGC,SMC10,SMC10-T,Myofibroblasts,13068,0.0,0,0.589054566854511,-0.08924272478345716,0.23612925259405937,0.30206672830518516,0.4154747972877848,0.44212835513022836,0.04856499968047597,0.04252037214498748,-0.028936079006736018
SMC10-T_GGGACCTGTTAGGGTG,SMC10,SMC10-T,Myofibroblasts,2334,0.0,0,-0.0566680743688882,-0.27080530135712605,-0.6414030936299538,-0.6300355937422776,-0.7797407624976975,-0.7136538706200067,-0.27904996675880334,-0.2420180148061584,-0.26447261055978405
SMC10-T_GGGCACTCAATCTGCA,SMC10,SMC10-T,Stromal 1,12450,0.0,0,0.188606895365795,-0.1573703863592655,-0.1532852394240243,-0.09887815103298281,-0.12155312071649396,-0.07417954877018929,-0.18202644594405826,-0.13118894617347157,-0.1558038684609933
SMC10-T_GTCATTTTCCAACCAA,SMC10,SMC10-T,Stromal 1,5672,0.0,0,0.483139130205362,-0.012195379538624956,-0.21489690107350445,-0.1351216081075552,-0.0020709631926551157,0.05123571462409441,-0.3437821501964017,-0.28770578968174315,0.03064961383948807
SMC10-T_GTCGTAATCACTTACT,SMC10,SMC10-T,Myofibroblasts,11380,0.0,1,0.781158562898183,0.14480904980742357,0.03670262987725437,0.026852896862958626,-0.02072993976216079,-0.013721323707465862,-0.23457541285376798,-0.26079204231500625,0.13367895274070882
SMC10-T_GTGCAGCAGGGATACC,SMC10,SMC10-T,Myofibroblasts,4719,0.0,1,0.415655305729375,-0.048193394663956085,0.0014297541002837979,-0.04078705826910531,-0.09919552109679397,-0.1429633343982142,0.1490708874244439,0.16431290796574424,-0.05121414532431034
SMC10-T_GTTAAGCAGCACCGCT,SMC10,SMC10-T,Myofibroblasts,12317,0.0,1,0.358995706087939,-0.012381321938479678,0.21626231500080653,0.20953517189113105,0.38556220207591446,0.3910793345854726,-0.08331383176540073,-0.1080289892414037,0.0019206142428667605
SMC10-T_GTTAAGCAGCTGTCTA,SMC10,SMC10-T,Myofibroblasts,11327,0.0,1,0.362375115245665,-0.04213550333097054,0.07996839155652086,0.09510939949896277,0.050100907341254,0.06245397711389287,0.0566503118527563,0.0922478338374811,-0.0454107872406099
SMC10-T_GTTCATTTCTACCAGA,SMC10,SMC10-T,Myofibroblasts,18927,0.0,0,0.949035721413808,0.2954877981131798,-0.01786417371536396,0.0842830897422462,-0.4345416764215547,-0.3712871442007464,-0.29316375247742,-0.25531119853258133,0.2780266612016854
SMC10-T_TACGGATCATCCGGGT,SMC10,SMC10-T,Stromal 1,11374,0.0,1,0.307471472981844,-0.058773279512758576,-0.07994933076183863,-0.0047904747231613575,0.038614921837246845,0.08782089462633742,-0.14897515640447015,-0.13626872309867075,-0.06134949719627239
SMC10-T_TACTCATAGGAACTGC,SMC10,SMC10-T,Myofibroblasts,11959,0.0,1,0.393354037754763,-0.0689780820781986,0.16984366325243394,0.22844911330356832,0.2696420872698025,0.26704189441231796,-0.04005274106013147,-0.005905635479618521,-0.05187605574977498
SMC10-T_TACTCATTCCTAGTGA,SMC10,SMC10-T,Myofibroblasts,21429,0.0,0,0.540151856008785,0.0518866315904776,-0.12318341075490248,-0.09572678521309592,-0.04069370551424443,-0.05943513115824655,0.153422744290315,0.13951995744479492,0.04466083781018916
SMC10-T_TCAGATGTCAGTACGT,SMC10,SMC10-T,Myofibroblasts,16063,0.0,0,0.4891721175349,0.053002819173822276,0.11604535754541961,0.12914823449966384,0.2100399450151896,0.22869197543450567,0.050854214476911644,0.034160509091966294,0.04573012675557818
SMC10-T_TCATTACTCCCGGATG,SMC10,SMC10-T,Myofibroblasts,5170,0.0,1,0.178253714345501,-0.11507224195162978,0.21571444127024436,0.2142789398388165,-0.0321995416770176,-0.0019193123592886813,-0.05103839988771238,-0.08769627257305034,-0.11528295701166161
SMC10-T_TCTTCGGGTGTTAAGA,SMC10,SMC10-T,Myofibroblasts,4784,0.0,0,0.283139801890964,-0.012394850763181845,-0.19459242936299773,-0.14320485620963863,-0.19252629953137199,-0.2047238508740245,-0.14042545800146303,-0.10682247657986248,-0.01691974192356863
SMC10-T_TGAAAGAAGGGCTCTC,SMC10,SMC10-T,Stromal 1,4117,0.0,1,0.70094952483981,0.17194719447574594,-0.2625379045398868,-0.34395885794627956,-0.009682231031510294,-0.029261525373819264,-0.06026182794257214,-0.0632082338718807,0.15967683922968992
SMC10-T_TGACAACAGTTCCACA,SMC10,SMC10-T,Myofibroblasts,11945,0.0,0,0.332640330229438,-0.12338349737815167,-0.18001149921697013,-0.13700431567139743,-0.11449851734297616,-0.06029866003366404,-0.16169344069142091,-0.12456777770729625,-0.0838311891220197
SMC10-T_TGAGGGACAGACTCGC,SMC10,SMC10-T,Myofibroblasts,10681,0.0,1,0.226363428325128,-0.14716494268035157,0.006251594080228587,0.0496598829106405,0.01682242614749287,0.0289436720452423,-0.0074547574708336275,-0.02791174457353704,-0.1460272249366556
SMC10-T_TGATTTCCAATGCCAT,SMC10,SMC10-T,Myofibroblasts,10843,0.0,1,0.67954834001678,0.09265501878894213,0.18873913569984083,0.1872889286747611,0.3889983480473106,0.42024993403749755,0.007556959202415065,0.029829344153404234,0.08371626756334004
SMC10-T_TGCACCTTCTGTACGA,SMC10,SMC10-T,Myofibroblasts,26404,1.29503218070507,1,0.525567799619691,0.13115550262297979,-0.04201044339914711,-0.0995102666500138,-0.11318884265362,-0.1525124055874902,-0.10101773731018368,-0.14625371983822655,0.12059908400939293
SMC10-T_TGCCCATAGGATGGTC,SMC10,SMC10-T,Stromal 3,12057,0.0,0,0.405346234069756,-0.01856899186315244,-0.22411009667403237,-0.18016447208640052,-0.19285663272425227,-0.18547389054194438,-0.12255712041729375,-0.04900011753334719,-0.022834465330263145
SMC10-T_TGGCCAGGTGACGCCT,SMC10,SMC10-T,Stromal 3,8956,0.0,0,0.318495190744148,-0.08428825115276452,-0.19352347895084898,-0.15271063100137724,-0.16654857225259956,-0.17086932782170383,-0.25326242600812726,-0.23427173141390084,-0.0857924112043453
SMC10-T_TTCTCAATCATGGTCA,SMC10,SMC10-T,Myofibroblasts,7173,0.0,0,0.436569048625108,-0.01653196112040365,0.10979402091886316,0.003247521317950109,-0.13105375059329125,-0.17028745235658663,-0.03729595185110444,-0.1480325119022061,-0.02088302411452061
SMC10-T_TTGACTTAGGTGATTA,SMC10,SMC10-T,Myofibroblasts,7792,0.0,0,0.212443445744087,-0.15265746550275044,0.025639055876479466,0.07398932037602474,0.22196630749623386,0.234426858596677,0.37736190299650557,0.4564553014605361,-0.15128896948920578
SMC10-T_TTTGGTTCAGCAGTTT,SMC10,SMC10-T,Myofibroblasts,8748,0.0,0,0.135792201119211,-0.19749592608984626,0.040453671724820624,0.11452030608566796,-0.15775296022659357,-0.14343400347198165,0.20787263171453224,0.23562481714522138,-0.19424346114407068
SMC11-T_AAAGTAGGTTGTACAC,SMC11,SMC11-T,Stromal 2,6434,0.0,0,0.207925222973204,-0.12988194520993715,-0.3375459451475466,-0.2820125670263135,-0.18014508714823393,-0.10866765761314783,0.3362567489378546,0.4129810192019624,-0.12947040383054428
SMC11-T_AATCCAGCAGACGCTC,SMC11,SMC11-T,Stromal 2,2377,0.0,0,-0.0472686157802591,-0.3211497806110664,-0.36510125197926346,-0.36405013274492287,-0.4301343364070873,-0.44803422420870426,0.20332820258642498,0.2435048825600568,-0.31270177555935724
SMC11-T_ACAGCCGGTTAAGTAG,SMC11,SMC11-T,Stromal 2,8609,0.0,0,0.410316617899169,-0.016256431428094704,0.002222086217406453,-0.039291407640387375,-0.13552458739212278,-0.14595678569965584,0.21411030124872923,0.18258431983344695,-0.020619071300039774
SMC11-T_ACTGATGAGATGTTAG,SMC11,SMC11-T,Stromal 2,11924,0.0,0,0.76333281376146,0.17963213105931095,-0.1153457319668057,-0.1588078692964301,-0.12095596033091448,-0.15087238943940678,0.7712256770973143,0.7459986533093101,0.16703887931814715
SMC11-T_AGAGTGGGTATTCGTG,SMC11,SMC11-T,Stromal 2,3474,0.0,0,0.265602499442509,-0.0136617861786171,-0.32393205234286737,-0.3430316022983411,-0.3882176392160508,-0.4224061643228281,0.22224781826922768,0.20877947184969398,-0.018133444758523413
SMC11-T_AGGCCGTCAAACTGTC,SMC11,SMC11-T,Myofibroblasts,13302,0.0,1,0.220904804022192,-0.14561750321534642,-0.42239244972184603,-0.412667361201673,-0.4455179940833121,-0.41331565059548203,-0.24779531710634106,-0.23178479938822635,-0.14454480393656663
SMC11-T_ATCACGAGTACAAGTA,SMC11,SMC11-T,Myofibroblasts,7994,0.0,1,0.568862241879532,0.13298576915015778,0.21736140297345666,0.19971622225669464,0.34464811426302305,0.3548561847378868,0.1257053825318029,0.15503959593308322,0.12235244858164747
SMC11-T_ATTGGACGTTAGAACA,SMC11,SMC11-T,Myofibroblasts,17903,0.0,1,0.131436994627901,-0.18624040664157324,0.1675457190722227,0.22238907740428682,0.2404416535733914,0.2591767859926751,0.09502148089538279,0.10404543490970836,-0.16940399526986255
SMC11-T_CACAGTATCCTTAATC,SMC11,SMC11-T,Myofibroblasts,10469,0.0,1,0.531177116100474,0.03143207258274248,0.023962387320946674,0.022633303819996554,0.12007985077798367,0.1596653279523517,0.2790952643281535,0.28934658086475207,0.02506571405487988
SMC11-T_CACATTTGTCACAAGG,SMC11,SMC11-T,Stromal 2,7650,0.0,0,0.616883358475723,0.05414722488964336,-0.388314962722076,-0.38601812065249624,-0.14642489688204868,-0.13521757598446552,0.41579619774251786,0.44163993985720856,0.04682644819762526
SMC11-T_CACATTTTCGGTCTAA,SMC11,SMC11-T,Stromal 2,5704,0.0,0,0.334641104852816,-0.04664589951566437,-0.1977280023868899,-0.18686561849786015,-0.37974544561335016,-0.38129858672618866,0.6304794322503241,0.6570646527058938,-0.049731670980568694
SMC11-T_CGACCTTTCACTATTC,SMC11,SMC11-T,Myofibroblasts,7700,0.0,0,0.382993549021535,0.007723162653284115,0.07391115095542401,0.03412689413966202,0.06848898818906472,0.01711651128391887,0.07521390930602426,0.044365226082942064,0.002352976811533215
SMC11-T_CGAGAAGGTACCAGTT,SMC11,SMC11-T,Myofibroblasts,7445,0.0,0,0.352865894123635,0.005008470479464322,-0.10845915813531194,-0.0806400769549172,0.12114951546703066,0.10253009485990502,0.09088908692723827,0.11651958788142484,-0.00024765266590759535
SMC11-T_GACTAACTCTAACGGT,SMC11,SMC11-T,Stromal 2,5344,0.0,0,0.622725311589027,0.0713989481231884,-0.1934308403988882,-0.21942408946229192,-0.3114716414058087,-0.31408439074144806,0.38640583412427654,0.3642999490394312,0.06335330911043312
SMC11-T_GATTCAGGTCTTCTCG,SMC11,SMC11-T,Myofibroblasts,2958,2.0491530953547,0,-0.151463749348674,-0.38481194004743247,-0.7112815998950783,-0.6126080804118296,-0.8177278624201307,-0.7281999440733776,-0.4964229551585097,-0.4243369217304622,-0.37368905434713645
SMC11-T_GCATGATTCCCATTTA,SMC11,SMC11-T,Stromal 2,3958,0.0,0,0.0480007880957401,-0.2060069494570295,-0.4162495376504197,-0.40633307942530006,-0.49499749711581637,-0.4431964117427205,0.47669022604823114,0.5890632810399813,-0.2023968784874227
SMC11-T_GTACTCCGTACCAGTT,SMC11,SMC11-T,Stromal 2,6446,0.0,1,0.198665696532275,-0.2072051496065238,-0.15973653079233874,-0.10435087070232485,-0.09664046906329198,-0.08218829948888269,0.5375620561995005,0.6032997353111996,-0.2035447340928206
SMC11-T_GTCACGGAGGGTTTCT,SMC11,SMC11-T,Stromal 1,16521,0.0,0,0.504274002873435,0.020049101693490355,-0.23416935068992328,-0.2539801205303974,-0.17407227355074517,-0.16202568195673617,0.47977579992852715,0.4831120215794619,0.014161019253411464
SMC11-T_GTTTCTAGTATTCTCT,SMC11,SMC11-T,Myofibroblasts,1156,0.0,0,-0.0988521600428319,-0.3561342782586029,-0.7979819516138155,-0.7462122767436795,-0.8342622243324105,-0.747041426252487,-0.49747587811005745,-0.42551371797042736,-0.34621633633094673
SMC11-T_TACGGTATCTACCTGC,SMC11,SMC11-T,Stromal 2,20602,0.0,0,0.872044091679491,0.2803030558616707,-0.21226408790644943,-0.201193780819999,-0.3059970111377081,-0.26412108295792064,0.5868385374546051,0.6132163495701902,0.27601352740987006
SMC11-T_TGTATTCTCAGATAAG,SMC11,SMC11-T,Stromal 1,20190,0.0,1,0.678480958914551,0.15814893155179002,0.030088257659891888,0.0018307000353205494,-0.1266514967903685,-0.14477304215434678,-0.004686936559645753,-0.015483353528029778,0.1464583352521187
SMC11-T_TGTGGTAAGGCAGGTT,SMC11,SMC11-T,Myofibroblasts,3202,0.0,0,0.183594192244291,-0.16575145707547403,-0.4885677443722225,-0.4722983339210836,-0.36009444767723275,-0.3750385494772778,0.17739046967931485,0.17164146873880834,-0.16383279334878972
SMC14-T_AAACGGGTCACCACCT,SMC14,SMC14-T,Myofibroblasts,15329,0.0,1,0.485609534242711,0.03365024532142438,0.2886659014894038,0.26349140322063025,0.18525420927575656,0.19464865855352823,-0.1731651739462426,-0.19991495333173695,0.027190686258323053
SMC14-T_AAAGATGTCGCTGATA,SMC14,SMC14-T,Myofibroblasts,12895,0.574078906775751,1,0.216563038416047,-0.1292141237573927,0.22570543454921976,0.29832436698602466,0.264396326179255,0.3261339725753249,-0.12010188863465661,-0.10281466850463082,-0.12883064210289666
SMC14-T_AAAGTAGTCCGCGCAA,SMC14,SMC14-T,Myofibroblasts,37298,0.0,1,0.462627356122374,0.026859328069054243,0.26422986133518267,0.16447933649689686,0.18580339022208842,0.12037900031739196,0.04602585060423926,-0.020760613482664614,0.020685101663615525
SMC14-T_AAATGCCGTTCCGTCT,SMC14,SMC14-T,Myofibroblasts,17458,0.0,1,0.31459121862705,-0.05846860285096785,0.3452287673075892,0.3983663603345432,0.37488687011812416,0.41469228722501633,0.11472515505983641,0.10114359501749277,-0.06105762207489304
SMC14-T_AACCATGTCGGTTCGG,SMC14,SMC14-T,Myofibroblasts,21941,0.0,0,0.677273523577083,0.1543856328026506,-0.2806410188311521,-0.25434779905055355,-0.32124346947922294,-0.29231394685433937,-0.15545592224347946,-0.1689492920153391,0.14285315829916162
SMC14-T_AACTCCCTCAACACGT,SMC14,SMC14-T,Myofibroblasts,40545,0.0,1,0.667777612231922,0.113007176340672,0.3324411394198102,0.27167243913111344,0.34514319705206675,0.3238704361205617,-0.08958009028513181,-0.10724102716673822,0.110196384796951
SMC14-T_AACTGGTGTGGCCCTA,SMC14,SMC14-T,Myofibroblasts,3771,0.0,1,0.361178469872502,-0.1049382842652369,0.055170887320929646,0.10485611351706632,0.2811610672850998,0.28810661060865533,0.08256505719925228,0.11011629762018428,-0.06493159859370784
SMC14-T_AAGGTTCAGCTCTCGG,SMC14,SMC14-T,Myofibroblasts,13123,0.0,1,0.67857069594988,0.16914886853804714,0.2873840563341367,0.21871346664592262,0.19157769810408354,0.16031834714894377,0.09555117542806425,0.03814000075354296,0.1569960900120625
SMC14-T_AATCCAGTCGCTTGTC,SMC14,SMC14-T,Myofibroblasts,33436,0.0,1,0.54310375363947,0.057518610828801206,0.3950174796794142,0.3361674731642735,0.14880590118961978,0.1261463252892501,-0.024837871876202133,-0.04216364267117837,0.050056179265389925
SMC14-T_AATCGGTTCAGGTTCA,SMC14,SMC14-T,Stromal 1,6171,0.0,1,0.38048971168666,-0.009160436477446765,-0.2206846799758472,-0.20272230505716146,-0.26424276441031574,-0.2856025519932425,-0.22517960200968543,-0.20246227265280836,-0.013821227397738384
SMC14-T_ACCGTAATCAGCTTAG,SMC14,SMC14-T,Myofibroblasts,12163,0.0,1,0.657928900950481,0.07546460407933123,0.4941227657539884,0.5160355893270362,0.601030175935249,0.6086023292006102,0.03855762348853444,0.07375182457377806,0.06724813918606574
SMC14-T_ACGAGCCCAAGCTGTT,SMC14,SMC14-T,Myofibroblasts,9401,0.0,1,0.279216551067926,-0.07888715607195831,0.05868245779099513,0.08533783797628997,0.13748634410832,0.152995448148008,0.10024225029506181,0.13632180909900105,-0.08061825289164021
SMC14-T_ACGAGCCTCCATTCTA,SMC14,SMC14-T,Myofibroblasts,19277,0.0,1,0.621763593441804,0.09000597689954336,0.4960847853834988,0.5116925171758162,0.5206871743370988,0.533355163475282,0.11877921596169472,0.11200020497336108,0.08117852995500845
SMC14-T_ACGGGCTAGCAGCGTA,SMC14,SMC14-T,Myofibroblasts,4895,0.0,1,0.583621523629054,0.1325760521158053,0.3347674936284216,0.29651675677699285,-0.05717551434526638,-0.1437207424016886,0.07013354132834233,0.021966512983336167,0.1219599465487384
SMC14-T_AGAGTGGCAGGATTGG,SMC14,SMC14-T,Myofibroblasts,15289,0.0,1,0.653744511712281,0.15072189433206068,0.15195114644510405,0.11620905809104443,0.04656875468030268,-0.0037654641755791598,-0.14840269206385864,-0.18609006339136291,0.13934335841977297
SMC14-T_AGCGGTCGTAGTACCT,SMC14,SMC14-T,Myofibroblasts,10966,0.0,1,0.22196094999458,-0.09878122095802896,0.17584663974501344,0.1858340470892627,0.24339102588330244,0.20469447057003826,-0.059759966754599624,-0.08406152703306254,-0.0996764326984642
SMC14-T_AGCTCCTTCAACCAAC,SMC14,SMC14-T,Myofibroblasts,17220,0.0,1,0.668348989342871,0.08803829988628104,0.2939780147185511,0.2298967434241005,0.2227333475008835,0.2351035276850209,-0.04643384304485823,-0.08436437354368322,0.07929352844650504
SMC14-T_AGCTCCTTCTTGCCGT,SMC14,SMC14-T,Myofibroblasts,29787,0.0,1,0.610889860319244,0.1359528227864454,0.14119937715871372,0.10732839879205042,0.1444224840367441,0.13123240724996513,0.28093102566505734,0.25788294725558336,0.13436412013394117
SMC14-T_AGCTCTCGTGCTTCTC,SMC14,SMC14-T,Myofibroblasts,2638,0.0,0,-0.0885347749417607,-0.29296428956941034,-0.16063951609694227,-0.11982434969849703,-0.26859176561844594,-0.2480725561117017,-0.3628511929982587,-0.384837491635014,-0.28570054884718243
SMC14-T_AGCTTGATCAGGTAAA,SMC14,SMC14-T,Myofibroblasts,11366,0.0,1,0.466141735739903,-0.0010222080490437516,0.37405196185774947,0.4312510012944297,0.22254453329559493,0.24070387052068876,0.39526994722454173,0.4416757262804929,0.013968336317656921
SMC14-T_AGGCCGTCACATGTGT,SMC14,SMC14-T,Myofibroblasts,9159,0.0,1,0.410817767718918,-0.014982779522573477,0.21340618734913214,0.2551755059692191,0.40486495478116735,0.43887647024767346,0.23365637895308042,0.2846284659908098,-0.019398934180464816
SMC14-T_AGGGAGTAGCTAAGAT,SMC14,SMC14-T,Myofibroblasts,5805,0.0,0,0.929314109503288,0.25915605623863247,-0.3201396326933588,-0.35366465896368027,-0.3952745412837486,-0.3995167768105518,-0.2849654198477143,-0.314153975861914,0.24322146310337953
SMC14-T_AGGGATGAGGCACATG,SMC14,SMC14-T,Myofibroblasts,6981,0.0,0,0.431262500677372,0.017089288371304672,0.14424436394961512,0.22670175216910315,-0.04044790862470257,0.017992496100622556,-0.12189637689214004,-0.13678359371774337,0.011325567835519294
SMC14-T_AGTCTTTCATCAGTAC,SMC14,SMC14-T,Myofibroblasts,24417,0.801396994030928,1,0.532923271369723,0.03567562052947387,-0.0378803077952138,-0.07955799787873175,-0.18503347572357376,-0.2297447521326154,-0.09065857145347093,-0.1008273926727912,0.04000452131095553
SMC14-T_AGTGAGGTCCCTAACC,SMC14,SMC14-T,Myofibroblasts,9473,0.0,1,0.638224917061511,0.06275736569966141,0.24040391349366733,0.2812308365615403,0.20735567466032748,0.21622946425232775,0.16695108201942946,0.19057931558174246,0.05507481838537365
SMC14-T_AGTGTCAAGAGCTTCT,SMC14,SMC14-T,Myofibroblasts,19481,0.0,1,0.529097951514548,0.030835323346157868,0.07122455914243486,0.03485051868057514,-0.2671508582781677,-0.30119282963853544,-0.13640140494405242,-0.19375722753842745,0.03761773540818391
SMC14-T_AGTTGGTGTCTCTCTG,SMC14,SMC14-T,Stromal 2,20742,0.0,0,0.697278355863506,0.17834053396884547,-0.05246170971314518,-0.1017862137225343,-0.15783453555017404,-0.11280863460283293,0.6451908386165374,0.6136320859303369,0.17814832372481332
SMC14-T_ATCACGAGTTGAACTC,SMC14,SMC14-T,Myofibroblasts,15538,0.0,1,0.561873724286183,0.08099860624459229,0.2192747572018784,0.2502264954240584,0.3650102744981342,0.32321165523730044,0.2623687998244637,0.2939976977951386,0.08828891140698385
SMC14-T_ATCACGATCGCCGTGA,SMC14,SMC14-T,Myofibroblasts,25057,0.0,1,0.586204664496421,0.06409827958008177,0.3918409839424552,0.4029083484556617,0.1632882634781263,0.1468336621900414,0.040922279577506215,-0.0024509500054752126,0.05635939134644861
SMC14-T_ATCCGAAAGTAGCCGA,SMC14,SMC14-T,Myofibroblasts,9022,0.0,1,0.627836391870764,0.13731689484822646,0.19718052693927773,0.10474196380776603,-0.10323932044664208,-0.15920773079228956,0.14616603749363047,0.08207946989466162,0.12650159420836873
SMC14-T_ATTATCCCATGCCTAA,SMC14,SMC14-T,Myofibroblasts,19830,0.0,0,0.73361319370824,0.09944197520809739,0.04920465385123175,-0.058048597468835554,-0.15628955640583014,-0.19780347773502038,-0.10050029237019388,-0.14702662036699407,0.10315208684872179
SMC14-T_ATTGGTGGTAAGTTCC,SMC14,SMC14-T,Myofibroblasts,36496,0.0,1,0.464084334174203,0.03900806052332515,0.10330154758174809,0.05075230390378615,0.03680471844058864,0.02918732872362747,-0.05780858207297952,-0.05993572488865432,0.03232338317442967
SMC14-T_ATTGGTGGTGAAAGAG,SMC14,SMC14-T,Myofibroblasts,39647,0.0,1,0.787834297951411,0.19556280619285085,-0.02641589356092166,-0.09411023173299504,-0.03576863342325906,-0.06323734932947297,-0.1191430252045393,-0.12307358351262176,0.18230019835363917
SMC14-T_CACCAGGCACGAGAGT,SMC14,SMC14-T,Myofibroblasts,26314,0.0,1,0.51522468816407,0.10052838714041731,0.09598737892371659,0.04924798536500553,-0.12216752227775905,-0.16076229192143263,-0.036735379480217635,-0.0909891531090526,0.09125882211853475
SMC14-T_CACTCCATCGTTTGCC,SMC14,SMC14-T,Myofibroblasts,14131,0.0,1,0.762143181800125,0.1779768641940073,0.432421031353368,0.500741340858839,0.47150819465441973,0.42943674228479,0.055191070292341084,0.07819548089276342,0.19338644399237231
SMC14-T_CAGTCCTCATGCCTTC,SMC14,SMC14-T,Myofibroblasts,13097,0.0,0,0.615084479888494,0.1266834377883035,0.16265117223089448,0.04661477332162421,-0.12267704203496782,-0.17124687475260608,0.18194946983927174,0.13736748353523368,0.11631492105852656
SMC14-T_CATGACAGTGAACCTT,SMC14,SMC14-T,Myofibroblasts,14223,0.0,1,0.752640967634329,0.1667818423327908,0.17730551226330654,0.06137226337975845,0.1778900038108838,0.13414968552371098,0.27521481898270156,0.16253055781126022,0.15472851868937998
SMC14-T_CCACTACCAATACGCT,SMC14,SMC14-T,Myofibroblasts,15766,0.0,1,0.523059365693643,0.06500758867906897,0.1606167608952834,0.16996587616698136,-0.014615130960009992,-0.04712011304218322,-0.016850792126435983,0.004257313972886871,0.05723049418077249
SMC14-T_CCATGTCTCGCGTAGC,SMC14,SMC14-T,Myofibroblasts,1664,0.0,0,0.194622614412161,-0.08751036859068431,-0.035104933669980694,-0.07429548225751738,-0.04049302782027089,-0.08977031239936518,-0.1778800725152618,-0.2134203107041471,-0.08887914555663821
SMC14-T_CCATTCGAGTGACTCT,SMC14,SMC14-T,Myofibroblasts,17457,0.0,0,0.332767472839419,-0.016228286206330125,-0.07173310287714917,-0.07464062775735085,-0.1096683552925836,-0.09517777339706934,-0.12199950131930803,-0.10301180385491428,-0.02059210865061824
SMC14-T_CCCAATCCAGGGCATA,SMC14,SMC14-T,Myofibroblasts,23369,0.0,1,0.9362021078922,0.2201459340979917,0.2780872091308844,0.1040776804680141,-0.0047168194943544815,-0.03697076727917721,-0.012284614145755768,-0.11398825058165718,0.20585042172495058
SMC14-T_CCCATACAGGCACATG,SMC14,SMC14-T,Myofibroblasts,31418,0.0,1,0.416398032861177,-0.03771425020603234,0.2472688519985092,0.2986709980702982,0.23179662746510335,0.2280206058477593,-0.17740108888400227,-0.16209087503307007,-0.03242204040915024
SMC14-T_CCGGTAGGTACATCCA,SMC14,SMC14-T,Myofibroblasts,24609,0.0,1,0.399927424897664,-0.009092623122820729,-0.07693229275470485,-0.021306768809331626,-0.01553155162504741,-0.021798067314680234,-0.16293051410956602,-0.1462463904336533,-0.013756263343726887
SMC14-T_CCGTACTTCTTACCGC,SMC14,SMC14-T,Myofibroblasts,1094,0.0,0,0.204714561877082,-0.14160591362272962,-0.6838119464869402,-0.599532482827582,-0.8342622243324105,-0.747041426252487,-0.47233856971326627,-0.43132898974068024,-0.14070176852851354
SMC14-T_CCGTTCAAGTCTCAAC,SMC14,SMC14-T,Myofibroblasts,28281,0.0,1,0.649251552491731,0.11781876387172624,0.08090194949538124,0.055041093606410955,-0.019623265677720915,-0.013981879927044692,-0.06024442895462639,-0.1033662455923417,0.1078227124325618
SMC14-T_CCGTTCACAGGAATGC,SMC14,SMC14-T,Myofibroblasts,9870,0.0,1,0.524310863121292,0.023561075427814535,0.3532258119476883,0.31106171254125403,0.13100103252776424,0.13491258603455716,0.005507352752120871,-0.011726684517720166,0.01752543106612538
SMC14-T_CCTCTGAAGCTATGCT,SMC14,SMC14-T,Myofibroblasts,30762,0.0,1,0.456909114411523,0.0023358856662781093,0.13844734521901084,0.15229169694314962,-0.026121195225159124,-0.016943089577347734,0.0362258233522114,0.042641041909947115,0.013057702991861004
SMC14-T_CCTTACGTCAACTCTT,SMC14,SMC14-T,Myofibroblasts,18942,0.0,1,0.715936178449921,0.0810334852635207,0.06119325724953063,0.07164207753077967,-0.04032451160280604,-0.0059295740536262475,0.06566412321438915,0.10548543980454697,0.07258303376587749
SMC14-T_CCTTCGATCCAGGGCT,SMC14,SMC14-T,Myofibroblasts,12499,0.0,0,0.07599970462539,-0.17888977904722356,0.08167296878005169,0.15360931316163481,0.22691006297055555,0.28118974065711333,-0.011348879631412657,0.02970552400631063,-0.17641908498559178
SMC14-T_CCTTTCTAGAACAATC,SMC14,SMC14-T,Myofibroblasts,12501,0.0,1,0.233581238469321,-0.032881844249603,-0.39397556730070893,-0.4514825743872945,-0.4388058626530122,-0.4039338057817415,-0.15145175715810374,-0.12723553294644635,-0.036545937364341835
SMC14-T_CGAACATGTGAAATCA,SMC14,SMC14-T,Myofibroblasts,13646,0.0,1,0.0504076536793936,-0.21493685044544308,0.32841309852784084,0.40193276862591143,0.20755442819909706,0.24814960198899255,-0.14704516647677673,-0.11113364731564242,-0.21095157355195335
SMC14-T_CGACTTCCAAGCCTAT,SMC14,SMC14-T,Myofibroblasts,10913,0.0,1,0.717612677087066,0.1367384856240007,0.402226875707203,0.4084259155774262,0.46628376590658205,0.484057133584175,0.0517667188456184,0.027963910821606132,0.14655027463406073
SMC14-T_CGACTTCCAGGATCGA,SMC14,SMC14-T,Myofibroblasts,23245,0.35781432471187,1,0.595982494123484,0.15289814668919957,0.2657363717206659,0.2641175463625298,0.37992114367970853,0.40244114805597725,0.058670491333070555,0.03253553093356245,0.14142817160224214
SMC14-T_CGAGCCATCCCAACGG,SMC14,SMC14-T,Myofibroblasts,11351,0.0,1,0.428683781409671,-0.029484156176055733,0.20653499990739688,0.141941674610191,0.025046362180490882,-0.034455868133971855,-0.07193769277318528,-0.10356831013718072,-0.03329100929388479
SMC14-T_CGAGCCATCGCCTGTT,SMC14,SMC14-T,Myofibroblasts,37208,0.0,1,0.514165497095172,0.09772217930539658,-0.031043391627240544,0.016771581080719467,-0.045262225494929115,0.008976009706858286,-0.07922264806141979,-0.023809623345732688,0.0885705221757418
SMC14-T_CGCGTTTTCAGAGCTT,SMC14,SMC14-T,Myofibroblasts,19205,0.0,0,0.688442932911898,0.19562908180319427,-0.16180273872439047,-0.17154759437799816,-0.40533934676620575,-0.3718801406591178,-0.21373157148298463,-0.22927274519906324,0.19564142580605856
SMC14-T_CGCTGGAGTTAAGTAG,SMC14,SMC14-T,Myofibroblasts,5728,0.0,1,0.365674517834202,0.004810826052307037,0.2908498031296292,0.3190858007931128,0.2906050458550453,0.2938640015416367,-0.008218901329918912,-0.010765959936029771,0.03155849360618271
SMC14-T_CGGACACGTGCGAAAC,SMC14,SMC14-T,Myofibroblasts,18384,0.434344885020769,1,0.393775522596434,-0.07578722866284743,0.15548339415797774,0.1649920183983518,-0.08531715888149884,-0.07672545747008434,-0.008824025604285692,-0.007784686347140985,-0.07764857453333229
SMC14-T_CGGGTCATCGTGTAGT,SMC14,SMC14-T,Myofibroblasts,1297,0.0,0,0.124827087539745,-0.2318088642828036,-0.04820563794322768,-0.0029795820166061563,-0.40760845248112265,-0.34402644788023345,-0.16540615017476834,-0.19349915762158001,-0.22711467924488693
SMC14-T_CGTGAGCAGATCCCAT,SMC14,SMC14-T,Myofibroblasts,18032,0.0,0,0.266916631544814,-0.046329496930794495,0.12372220207804016,0.14601245194264664,0.02006840187942191,0.0552948531261537,0.6161032788063351,0.5813879498664071,-0.025789166663718575
SMC14-T_CGTGTAACATGCGCAC,SMC14,SMC14-T,Myofibroblasts,13488,0.0,1,0.359674762804888,-0.02653072132287841,0.14389787658060693,0.18936374206550238,0.32001212403672386,0.3522758776820156,0.15193415966473128,0.20913065750809276,-0.030461668342101473
SMC14-T_CGTTAGAGTGCTGTAT,SMC14,SMC14-T,Stromal 2,18902,0.0,0,0.286479452084529,-0.041478089575672096,-0.20032160589946624,-0.17893817581849672,-0.13047220122914913,-0.09760345332595238,0.5550589425979476,0.5819889923448072,-0.04478099591200467
SMC14-T_CTAACTTCACGCCAGT,SMC14,SMC14-T,Myofibroblasts,24592,0.0,1,0.335268152950868,-0.07652390282601118,0.01922808323359611,0.07224483781198902,0.11951270180621318,0.15725553917243731,0.024155080632159584,0.09629630376310909,-0.0783542960005648
SMC14-T_CTACCCATCAGGTAAA,SMC14,SMC14-T,Myofibroblasts,2681,0.0,1,0.0009183551093438,-0.22927092739560626,0.292450382241181,0.3854631654373029,0.1370437618116943,0.17761507214501845,-0.10368210822343826,-0.057450085440102744,-0.22468337836135335
SMC14-T_CTAGAGTTCGGTGTTA,SMC14,SMC14-T,Myofibroblasts,1971,0.0,1,0.463197435217235,-0.030640093168537868,0.1553811488711104,0.07325114636886411,0.5051860914242511,0.42446828252354335,0.3034007530071233,0.32903562674627584,-0.0343983775051702
SMC14-T_CTAGCCTGTGTAAGTA,SMC14,SMC14-T,Myofibroblasts,23350,0.0,1,0.511996037931272,0.14394361769224992,0.1681020241420792,0.14952236820557496,0.11524984023856874,0.11889279135611168,-0.007349158296557633,-0.06332038389244939,0.13284988331945002
SMC14-T_CTCACACTCTCGTTTA,SMC14,SMC14-T,Myofibroblasts,21062,0.0,0,0.145346099496841,-0.14704110453787603,0.10351441734071289,0.14876842069462304,0.0386732748723874,0.07156415063573784,-0.13421766059963328,-0.17003866179901012,-0.14590859007747733
SMC14-T_CTCAGAAGTTGATTGC,SMC14,SMC14-T,Myofibroblasts,3980,0.0,0,0.708436030680999,0.08734545838741357,0.09015453147834965,-0.026771812938244606,-0.18601751482418302,-0.19528505642530183,-0.03680082536057422,-0.10175991575507556,0.07862979793498497
SMC14-T_CTCATTAGTGGCCCTA,SMC14,SMC14-T,Myofibroblasts,9429,0.0,1,0.307901476314132,-0.02645359846779652,-0.3621357721941812,-0.44544593926246573,-0.6055784756887932,-0.5861394944232564,-0.1743901587630573,-0.172890365737326,-0.030387785943115458
SMC14-T_CTCCTAGGTATCGCAT,SMC14,SMC14-T,Myofibroblasts,1640,0.0,0,0.0693992806188664,-0.22058863027772882,-0.4067144164321374,-0.2995747791194334,-0.4527800476026474,-0.3829255392341766,-0.3132147355299247,-0.21957479391027898,-0.21636588364338674
SMC14-T_CTCGAAACACGCGAAA,SMC14,SMC14-T,Myofibroblasts,26819,0.0,1,0.571848095997749,0.1289057237200292,0.4876788817536162,0.42185807430253525,0.21385207591692404,0.21534141406503526,-0.017559692930234107,-0.08758489743751638,0.1184438336317764
SMC14-T_CTCGAAACACTCAGGC,SMC14,SMC14-T,Myofibroblasts,11421,0.0,1,0.227717324422084,-0.010362290875299981,0.012289699328569124,0.05745496717849519,-0.10452590021304786,-0.09878974987822044,-0.18784799992449974,-0.15755592313978603,-0.014972583711648188
SMC14-T_CTGAAGTCAAGCCGTC,SMC14,SMC14-T,Myofibroblasts,6814,0.0,1,0.187233809892402,-0.07350344477188692,0.08447102930548848,-0.002962615136511442,-0.044075618688093156,-0.06869427160208308,-0.1276721702398438,-0.19117885492742062,-0.07546074794871467
SMC14-T_CTGCCTAGTTCAGACT,SMC14,SMC14-T,Myofibroblasts,21674,0.0,0,0.725722723913369,0.23861964764236882,-0.3380805594865613,-0.29426821615410653,-0.3512204310248549,-0.3027666068505929,-0.3606932521650666,-0.33514770225566975,0.22354792881788327
SMC14-T_CTGTTTACAAGCCGTC,SMC14,SMC14-T,Myofibroblasts,19128,0.420546680717109,1,0.298448265777102,-0.07521116924768298,0.09919975617156858,0.10792090972067743,0.10647572525681889,0.11785651065495818,-0.14412554870175787,-0.13739769837873825,-0.06377535116195507
SMC14-T_CTTGGCTGTCGGCACT,SMC14,SMC14-T,Myofibroblasts,14436,0.0,1,0.242323571614035,-0.08103242835127994,0.2612148837604541,0.3087274211731444,0.24649374780710787,0.2751966636535863,0.14170381085162884,0.18958048298407126,-0.08267338768023402
SMC14-T_GAAACTCAGTGTGAAT,SMC14,SMC14-T,Myofibroblasts,16543,0.0,1,0.204199868541738,-0.10648108615842239,0.023845372752438546,0.009268225261532679,-0.06717822293998027,-0.03414964983456357,0.04462634719123966,0.05025839645634679,-0.10705277415094193
SMC14-T_GAAGCAGTCCCTTGTG,SMC14,SMC14-T,Myofibroblasts,9846,0.0,0,0.383022707242081,-0.030017030229301828,-0.4195830851498687,-0.4091621330973306,-0.564965981305862,-0.546410788197157,-0.26754254226719865,-0.2538171005435288,-0.03380149368102811
SMC14-T_GAATAAGCAGGGTTAG,SMC14,SMC14-T,Myofibroblasts,9545,0.0,1,0.36169041376355,-0.04281487073259134,0.2635843720173045,0.2796776632483049,0.22741045087471376,0.22252091383399053,-0.1369301850074216,-0.1286641794969054,-0.0460616097934231
SMC14-T_GAATGAATCCCTGACT,SMC14,SMC14-T,Myofibroblasts,9498,0.0,1,0.72279503409533,0.18168442456149742,0.04481099606776724,0.06407604607321866,0.38870232145549083,0.3876338258905466,-0.11780916185755479,-0.06163024288766524,0.169004942000914
SMC14-T_GACGCGTCAGTATCTG,SMC14,SMC14-T,Myofibroblasts,11991,0.0,0,0.314185913688058,-0.06041729546625886,-0.06332776001749599,-0.046483431306735774,-0.07568780408830059,-0.04528293303798798,-0.10714843690787491,-0.08480302036246833,-0.06292443684920543
SMC14-T_GACGCGTGTGAGGCTA,SMC14,SMC14-T,Myofibroblasts,19154,0.0,1,0.544925086423926,0.034548789001347724,0.26181571841315954,0.25189171288525913,0.2704413871527935,0.2760939360704533,0.15658018879200283,0.14368609733441295,0.02805147600211516
SMC14-T_GACGGCTTCCTGTACC,SMC14,SMC14-T,Myofibroblasts,11060,0.0,1,0.649033608396881,0.22818631548107715,-0.5048246207856097,-0.5529762874243827,-0.5994505879032065,-0.5484764934625737,-0.3640284634734455,-0.3670343240394312,0.2135529719574862
SMC14-T_GACGTGCAGTGACTCT,SMC14,SMC14-T,Myofibroblasts,9318,0.0,1,0.426042524622982,-0.030033317803029428,0.2876720383326162,0.2992097391610647,0.1541882108098694,0.16584764171911534,0.11348300395827544,0.06683212369680405,-0.03381709690291841
SMC14-T_GACTACATCGATAGAA,SMC14,SMC14-T,Myofibroblasts,10752,0.0,1,0.576363084110646,0.07574848690184585,0.44553830700793434,0.3814324027427086,0.5388125625381969,0.5330535809747702,0.16864098302627864,0.17180269316715352,0.06752009415889487
SMC14-T_GAGTCCGCACATCTTT,SMC14,SMC14-T,Myofibroblasts,18707,0.0,1,0.815347053340012,0.147211813874412,0.31421801890721734,0.2182455522848702,0.20619974095298318,0.19531788512371306,0.18608340934703224,0.09519795845536624,0.13598076033429438
SMC14-T_GAGTCCGTCCGCATCT,SMC14,SMC14-T,Myofibroblasts,24815,0.0,1,0.363479760870409,-0.0393370960332584,0.22251473882292605,0.26172816405845123,0.10339818145023726,0.08566049203719284,0.00803086278273871,0.0031052628751186764,-0.04272996008145709
SMC14-T_GATGCTAGTGCCTGGT,SMC14,SMC14-T,Myofibroblasts,21300,0.0,0,0.595481310663064,0.06859628736907453,0.05505536173527338,0.043664659078164796,-0.09764940753503114,-0.14624468226332304,0.006747146605170871,-0.02172662906403489,0.06066840721153412
SMC14-T_GCACTCTCAATTCCTT,SMC14,SMC14-T,Myofibroblasts,21623,0.0,1,0.896092410983993,0.20101014652959348,0.2775711359180586,0.21727485761114554,0.23988840701438638,0.1999703523334722,-0.09867141574229064,-0.1810747819569181,0.1875186588443002
SMC14-T_GCAGCCAGTTTGACTG,SMC14,SMC14-T,Myofibroblasts,21055,0.0,1,0.691963657842064,0.11168044913364084,0.038657194031972666,0.03730098038866389,-0.17786611810478628,-0.20357501926983512,-0.15941435785866098,-0.17563417603206985,0.10194231007842958
SMC14-T_GCATGATGTCCAAGTT,SMC14,SMC14-T,Stromal 1,9662,0.0,1,0.483221124359633,0.08638061658201511,0.023809117996799096,0.0743533124715635,0.23569840443681697,0.27449967426269556,-0.03540671068782869,-0.004194506575517795,0.0777054957012419
SMC14-T_GCATGCGGTCTAGTGT,SMC14,SMC14-T,Myofibroblasts,19534,0.0,1,0.358194487452697,-0.04814790793808929,0.35468924258436474,0.4272747869353469,0.6094307505658695,0.6734042271625164,0.1767200247286574,0.2231833633254556,-0.0380760389184501
SMC14-T_GCCTCTATCTATGTGG,SMC14,SMC14-T,Myofibroblasts,29458,0.0,1,0.475929438828568,0.03789979420406254,0.33456544458333937,0.378766614603015,0.48586392146060053,0.49531986267674105,0.1641201110066552,0.16870794710429277,0.03126168266690078
SMC14-T_GCGACCAAGTGGGCTA,SMC14,SMC14-T,Myofibroblasts,4011,0.0,0,0.452594621381304,-0.024032723289309887,-0.32762020170612605,-0.3213364122117438,-0.4944302800814716,-0.46432245765314545,-0.22179342845552846,-0.21562796296442258,-0.028068628209103056
SMC14-T_GCGCAACTCAGTTAGC,SMC14,SMC14-T,Myofibroblasts,2950,0.0,1,0.141941111687815,-0.14723757103804433,0.12304876258178633,0.1466897891425505,0.23444651956943205,0.2459033587297728,0.06372273603552266,0.09153133429148617,-0.1460968016826806
SMC14-T_GCTCCTACATCTGGTA,SMC14,SMC14-T,Myofibroblasts,27228,0.0,1,0.61119052388978,0.06813861260582742,0.31896259057886744,0.34232830129018643,0.36578297584640734,0.35448983311653137,0.08194971025896895,0.09551797916920965,0.06022996248035621
SMC14-T_GGAACTTAGGGCTTGA,SMC14,SMC14-T,Myofibroblasts,24848,0.338218480344219,1,0.439629402417898,0.11201660369375818,-0.2164669151807546,-0.19636431320502265,-0.2437182539000119,-0.18316272763145525,-0.09665249201812243,-0.02722142540356692,0.10226434049736552
SMC14-T_GGAGCAACACTTACGA,SMC14,SMC14-T,Myofibroblasts,3523,0.0,0,0.285027946892947,-0.14954934626196822,-0.08871694070724201,-0.16937720750617544,-0.22459022077370663,-0.2362650126911873,-0.10468835085630417,-0.19345705903628294,-0.14831144349383457
SMC14-T_GGGAGATCAAGGACAC,SMC14,SMC14-T,Myofibroblasts,14320,0.0,1,0.853742606853364,0.29203360274499446,0.19792026387793676,0.1419218953971456,0.25345334091356825,0.193433016278716,0.4562719479007156,0.47435773109250207,0.2747176000926675
SMC14-T_GGGAGATCACAGAGGT,SMC14,SMC14-T,Myofibroblasts,34479,0.625989146338517,1,0.472448557285909,0.09926244995777349,0.19496274211120848,0.263942285418147,0.2817741964102666,0.34673247982336336,-0.09232993272231206,-0.09464934978031499,0.09004607557381715
SMC14-T_GGGATGAGTTGAGTTC,SMC14,SMC14-T,Myofibroblasts,5153,0.0,0,0.374866999689119,-0.0327819003315087,-0.3900286131443418,-0.3818291562904672,-0.10490164080900806,-0.157426331452159,-0.1586237064317653,-0.1181412918602719,-0.03645019277053721
SMC14-T_GGGCACTGTCGAATCT,SMC14,SMC14-T,Myofibroblasts,15209,0.0,1,0.35150764346985,0.08449888858217093,-0.0677434966129688,-0.019922974022536923,-0.209761978051036,-0.16848365401545928,-0.016490108127656736,0.015341778187190786,0.07590283190307184
SMC14-T_GGGCATCGTCTGATTG,SMC14,SMC14-T,Myofibroblasts,10701,0.0,1,0.67216893961262,0.14831262737055095,0.33361743803240584,0.3835232795085531,0.2819623688345167,0.30439696232192653,0.21056734476434558,0.20891281186657792,0.13703532116252834
SMC14-T_GGGTCTGGTTTGCATG,SMC14,SMC14-T,Myofibroblasts,4478,0.0,0,1.06950053179726,0.3044957150786854,-0.11007163736361023,-0.2655445535599095,-0.27703074639549063,-0.43108625865952915,-0.1757196915777106,-0.28529008399037753,0.2866560942610773
SMC14-T_GTAACGTTCTGGTATG,SMC14,SMC14-T,Myofibroblasts,4685,0.0,1,0.341470445658024,0.002830180633617075,0.09210529977132623,0.12645867523714538,0.027027088222188914,0.022694044334943906,-0.08058459764640583,-0.10265074825900443,-0.0023344177283158825
SMC14-T_GTACGTAAGCGTAATA,SMC14,SMC14-T,Myofibroblasts,14755,0.856741438157546,1,0.37677093180176,0.03640719095506428,-0.12604112975413398,-0.09825969668014384,-0.39319429485773555,-0.3723155010578244,-0.1554065003598991,-0.13209141243030043,0.029831793840129336
SMC14-T_GTAGGCCTCCAGTATG,SMC14,SMC14-T,Myofibroblasts,15152,0.0,1,0.404426657753286,0.007582731724700384,0.22713871844759098,0.18447975120393606,0.050875914330613246,0.02503706392463903,-0.06078618972709304,-0.138925930375562,0.0022184463421336745
SMC14-T_GTCGGGTGTGCTAGCC,SMC14,SMC14-T,Myofibroblasts,5218,0.0,0,0.558075470047344,0.06099320446516861,0.17075195794506948,0.1036997456557867,-0.06857377077851977,-0.04103740157429562,0.030786005054649554,0.01745466195485171,0.053384781572498194
SMC14-T_GTCTTCGTCATTGCCC,SMC14,SMC14-T,Myofibroblasts,10144,0.0,0,0.289501640938946,-0.025901744027801772,-0.1239676218745964,-0.08552795566800164,-0.26092194148092246,-0.1909315711277169,-0.07905088531735696,-0.04979856259682599,-0.029859118664465032
SMC14-T_GTGAAGGAGTGAATTG,SMC14,SMC14-T,Myofibroblasts,11835,0.0,1,0.827122861375922,0.08153590973335922,0.34209954738616943,0.42198709434852366,0.4234138895396371,0.4540456662734234,0.18804573048102227,0.2262676972676726,0.33372036342610834
SMC14-T_GTGGGTCAGGGCTCTC,SMC14,SMC14-T,Myofibroblasts,15944,0.0,0,0.199461462193687,-0.11961765429658587,0.10434650094723519,0.16930283608323918,0.08843926436324813,0.14191737487305736,-0.20960157780270827,-0.21160425083602177,-0.11963738564464475
SMC14-T_GTTACAGAGTAATCCC,SMC14,SMC14-T,Myofibroblasts,11876,0.0,1,0.457557174710719,0.03915744781363429,0.48365272992119496,0.5400455844838444,0.5219569096569808,0.5339448918523484,0.28451961192645525,0.28902946579105715,0.03246649368783506
SMC14-T_GTTTCTATCATACGGT,SMC14,SMC14-T,Myofibroblasts,4529,0.0,0,0.925095663026056,0.20753612834960222,-0.1643041338847608,-0.17831444013409498,-0.5874643742429967,-0.5890071522011313,-0.2237534952006842,-0.1999451862538562,0.19377043974750183
SMC14-T_TACCTTAAGACGACGT,SMC14,SMC14-T,Myofibroblasts,14967,0.0,1,0.609646204394586,0.1076003267478786,0.45188514162235116,0.48362652180580107,0.5846959469193707,0.6095150557974743,0.16017366848689946,0.14002439209862666,0.09803362140635483
SMC14-T_TACGGTAGTCAGAGGT,SMC14,SMC14-T,Myofibroblasts,14232,0.0,0,0.596762171424215,0.16079798576078916,0.24266305022245768,0.24680332394271362,0.21065189254147057,0.22295261302226504,0.27381594808478105,0.18498779079493355,0.1489960846624204
SMC14-T_TACGGTATCACCATAG,SMC14,SMC14-T,Myofibroblasts,20149,0.0,1,0.51941744349065,0.06624146935677058,0.19791303816897682,0.1752497995181418,0.25896342540140815,0.2721601272824892,0.08818918241089896,0.0675844576648053,0.08025153824167341
SMC14-T_TAGCCGGGTGTCTGAT,SMC14,SMC14-T,Myofibroblasts,10536,0.0,1,0.459676338948571,0.05281746660342865,0.2856405675791356,0.2856661049058525,0.4746195934712887,0.4573639633870402,0.29493398399729476,0.3279044259996975,0.04555256210831033
SMC14-T_TATCTCACAAGCGAGT,SMC14,SMC14-T,Myofibroblasts,14989,0.0,1,0.515663158331052,0.0061271247748089465,0.2584789517033864,0.22989854705661944,0.232277247864677,0.21702356049574392,0.01912424746704729,-0.010267422896097687,0.0008239993481200282
SMC14-T_TATCTCACATGCAATC,SMC14,SMC14-T,Myofibroblasts,19254,0.0,1,0.532006383748076,0.09898228330635711,-0.06752402013718929,-0.09814603828325323,-0.17668257208484017,-0.21781290373981518,-0.01015263791931303,-0.02614642692839398,0.08977768063044347
SMC14-T_TCAATCTGTCTCTTAT,SMC14,SMC14-T,Myofibroblasts,8429,0.0,1,0.400170300792748,-0.011255114715088877,0.30233388888288515,0.33805285385105666,0.47373631022566437,0.4676626455038786,0.17091504331482085,0.20074601975433967,-0.015827893944723264
SMC14-T_TCAGGATCAATAGCGG,SMC14,SMC14-T,Myofibroblasts,10298,0.0,1,0.526350543888501,0.017309120627479593,0.05689100940160605,0.06990578747922327,0.18791419902474296,0.18880901325407418,0.044619156184949375,0.07341162132866243,0.011536163442275104
SMC14-T_TCGCGAGCAGGCGATA,SMC14,SMC14-T,Myofibroblasts,9740,0.0,0,0.662183105540554,0.14938390518032146,0.18329868826787082,0.10945055956338964,-0.11565385549804386,-0.13943851457605527,0.09331104904413223,-0.015192971247084,0.1380615872996194
SMC14-T_TCTCATAAGATCCGAG,SMC14,SMC14-T,Myofibroblasts,26432,0.0,1,0.440466431221943,0.07109591589521683,0.13338014004010784,0.07417646847188292,-0.12416733073887928,-0.126207695477967,0.019042343018870606,-0.013824094875770456,0.06306300932901497
SMC14-T_TCTCATAGTTTAGGAA,SMC14,SMC14-T,Myofibroblasts,21000,0.0,1,0.710336719314082,0.12339917442908413,0.4260912819442396,0.43705472068452256,0.34422972220547343,0.3406985956569051,0.06938811176897663,0.042033762934015076,0.11316865195809793
SMC14-T_TGACAACGTGCACCAC,SMC14,SMC14-T,Myofibroblasts,9980,0.0,1,0.0133480045602902,-0.2317199516681987,-0.19169759267599,-0.25827116621431057,-0.17921185974335793,-0.22667611918823663,-0.08262145350638189,-0.12166182666140445,-0.2270295024544251
SMC14-T_TGACTAGAGTAACCCT,SMC14,SMC14-T,Myofibroblasts,20300,0.0,1,0.61363062080106,0.07127398175693918,0.6171715638353205,0.6362959388416352,0.4967189252338543,0.523787043707142,0.1168525878143938,0.07733512525172795,0.06323359343184143
SMC14-T_TGCCAAAAGGCGCTCT,SMC14,SMC14-T,Myofibroblasts,1917,0.0,0,0.507735776363415,0.06309912610276226,-0.41743683845412977,-0.4860756644388525,-0.5998717627050926,-0.5795039598678433,-0.3150590428396275,-0.3395455952076351,0.05540221910767194
SMC14-T_TGGTTAGCATGAAGTA,SMC14,SMC14-T,Myofibroblasts,8217,0.0,1,0.778650182944777,0.1679110856269274,0.2532553521117994,0.16810850040396538,0.3162326218978483,0.26010537520051,0.41634226962924004,0.38687483865548583,0.1558103147862839
SMC14-T_TGTATTCAGGAGTCTG,SMC14,SMC14-T,Myofibroblasts,27754,0.0,1,0.416861078619098,-0.012947872983651203,0.16207565823379827,0.2033828457408562,0.3274006439011772,0.3795562632880065,-0.013591752916966614,0.015578160643139306,-0.017449527916287174
SMC14-T_TGTCCCATCGCGATCG,SMC14,SMC14-T,Myofibroblasts,12488,0.0,1,0.30425568872036,-0.10926512632061515,0.2613596092073285,0.1829966548375967,0.10876660285593599,0.06121025112089376,-0.09021676519983693,-0.16005756776122487,-0.10971983783573162
SMC14-T_TTAGGACGTGCGATAG,SMC14,SMC14-T,Myofibroblasts,17470,0.0,1,0.747290110295167,0.18186126230948343,0.40876938104249383,0.40390540884307974,0.22381941355498775,0.24559567891451162,0.007529029514836637,-0.013747823293156483,0.16917434959142164
SMC14-T_TTAGTTCTCTTGAGGT,SMC14,SMC14-T,Myofibroblasts,18825,0.0,0,0.298473590790139,-0.043818830230616425,0.0691025594287381,0.06161926196115773,-0.1416651539276449,-0.15286844596266747,0.04882846827569761,0.010192351218532113,-0.04702338611926226
SMC14-T_TTCGAAGAGAACTCGG,SMC14,SMC14-T,Myofibroblasts,3948,0.0,1,0.372349091537487,0.017257032981305792,-0.24015216261376532,-0.30858610243332096,-0.05699637165407137,-0.11642326986373858,0.0034020528197288512,-0.04002699106931686,0.011486264352663225
SMC14-T_TTGAACGGTAATCACC,SMC14,SMC14-T,Myofibroblasts,24723,0.0,1,0.990618507712997,0.2767932399813282,0.2623329788104308,0.17357816435850976,0.13253703214731827,0.05307419965487667,0.05166097732358857,-0.024077624060651837,0.26011758870562585
SMC14-T_TTGCGTCTCATTGCCC,SMC14,SMC14-T,Myofibroblasts,10732,0.0,0,0.493688195650275,0.024418253925416553,-0.45663040718633907,-0.46838894297891276,-0.442460690986137,-0.46356146158867106,-0.3482686600402782,-0.36428094392313676,0.03920381309605446
SMC14-T_TTGGAACTCTTGAGAC,SMC14,SMC14-T,Myofibroblasts,8116,0.0,1,0.694949665541256,0.07239964674635414,0.3404000903650814,0.31204742506691596,0.45645283618751836,0.39838723006636595,-0.049710241940460705,-0.09415112107115634,0.06431196157296165
SMC14-T_TTTGTCATCCTTTCTC,SMC14,SMC14-T,Myofibroblasts,16026,0.0,1,0.196579395739538,-0.1197690182659579,0.05544363409850975,0.11171736986171908,0.04639575396645434,0.08423582700536002,-0.11178013185333265,-0.06446497790953692,-0.1197823897833709
SMC15-T_AACCATGCATAACCTG,SMC15,SMC15-T,Stromal 2,5431,0.0,0,0.430138181845631,-0.022766365179497944,-0.4774793018111769,-0.42358442868401364,-0.6402970459692332,-0.5667559835453366,0.2711440601631215,0.3166072194190586,-0.02685547842323279
SMC15-T_AAGACCTGTTGTACAC,SMC15,SMC15-T,Myofibroblasts,3704,0.0,0,0.509158911252396,-0.0404589604259583,-0.647383783221701,-0.5929388925887462,-0.6768108762192483,-0.5991146153835363,-0.3922619721607158,-0.3590210275614963,-0.043804687314799855
SMC15-T_AAGCCGCCAGCGAACA,SMC15,SMC15-T,Myofibroblasts,9516,0.0,0,0.325572111040112,-0.04226944597209232,0.09097640444429553,0.1323096595886277,0.07165092427511605,0.0538834816841192,0.11790090073880397,0.16106747993651557,-0.04553910203966774
SMC15-T_AAGGAGCTCCTTCAAT,SMC15,SMC15-T,Myofibroblasts,3996,0.0,0,0.18424214683435,-0.20444745098224335,-0.187268600723117,-0.15400245931090378,-0.19903558813871777,-0.1993876508502073,-0.034042587641038395,-0.011655737634967356,-0.20090290515863596
SMC15-T_AAGGCAGCAATCACAC,SMC15,SMC15-T,Stromal 3,8861,0.0,1,0.611130269081986,0.1309879240661598,0.026217152915742933,-0.04113446816620303,-0.02644371678482513,-0.10903783865966075,-0.07546974412704768,-0.1322883558623931,0.12043854656840573
SMC15-T_AAGTCTGGTGGTCCGT,SMC15,SMC15-T,Stromal 1,16477,0.0,1,0.459141497004487,0.009770250977262071,0.053263830952346325,0.0545523519877617,0.163510975408919,0.13446472645845525,-0.029374597692175916,-0.05680029405390515,0.019338475117663376
SMC15-T_AATCGGTAGAGACGAA,SMC15,SMC15-T,Myofibroblasts,3779,0.0,0,-0.0085506193563687,-0.26449257467072784,-0.11107926846158747,-0.030147149068553272,-0.16334661978239917,-0.15936925158251164,-0.0483072609493607,0.02025350043002297,-0.25842512449046146
SMC15-T_ACACCAAGTCTCCACT,SMC15,SMC15-T,Myofibroblasts,4538,0.0,1,0.533930678066236,0.060862623236812,-0.04126361644427691,-0.009445386813817227,0.2669971998286795,0.22470428716651228,-0.12448245106559051,-0.07624032558763728,0.05325968695037505
SMC15-T_ACATACGAGCGCCTCA,SMC15,SMC15-T,Myofibroblasts,6548,0.0,1,1.53400585210483,0.512377447203586,-0.11975503034357514,-0.2745450549281952,-0.32736103102203684,-0.35152881300661626,-0.21121939277570498,-0.2617750110433382,0.4858032998261081
SMC15-T_ACATACGCAATGGAAT,SMC15,SMC15-T,Myofibroblasts,5983,0.0,1,0.472949412477904,0.07161778302887749,0.6708742849604816,0.710551884979373,0.7056329662398416,0.7022992904449619,0.5220553996629621,0.529335478397415,0.06356294927218568
SMC15-T_ACCAGTACATTACCTT,SMC15,SMC15-T,Myofibroblasts,2420,0.0,1,0.221997094883199,-0.15261746594976439,-0.009706407633362984,-0.02005916343229573,-0.06821290145114976,-0.07151487816211789,-0.11145131266430805,-0.10723015587119496,-0.15125065058970652
SMC15-T_ACCTTTAAGGACATTA,SMC15,SMC15-T,Myofibroblasts,1033,0.0,0,0.0990641604793026,-0.16365816566700997,-0.6734285768197508,-0.6025664977184156,-0.8098204304673233,-0.7191891495225041,-0.47021424699770775,-0.49002181563307257,-0.16182745536084936
SMC15-T_ACGAGGATCGACCAGC,SMC15,SMC15-T,Stromal 3,14602,0.0,1,0.782353812209812,0.09809142646886278,0.17291409083242928,0.14710570819585062,0.5142062002678915,0.4346669340982687,-0.08766337201783532,-0.08593537150060429,0.08892425475250773
SMC15-T_ACGGCCACAAAGGTGC,SMC15,SMC15-T,Myofibroblasts,16820,0.0,1,0.322385038019084,-0.000909006239421535,0.09994190943674469,0.10858759739458924,-0.06400842010518726,-0.05583443635598172,0.09345865389822346,0.07710708709543242,-0.005916495909210013
SMC15-T_ACTGCTCGTCCATCCT,SMC15,SMC15-T,Myofibroblasts,11896,0.0,1,0.485387505237453,0.009968269640873922,0.014160331561971379,0.06477188246279228,0.06604679103237482,0.051225841565187585,0.024797925853023404,0.02563268633230644,0.0045037515727537015
SMC15-T_AGAATAGTCCAGGGCT,SMC15,SMC15-T,Myofibroblasts,15325,0.0,1,0.421390572982378,0.04647875667075839,0.30245364658363466,0.317687588897193,0.36306935493663256,0.3186900488122605,0.1347910564981009,0.13767756039605422,0.03948018452575227
SMC15-T_AGACGTTGTGGCAAAC,SMC15,SMC15-T,Myofibroblasts,15381,0.0,1,0.411083088767222,-0.05459350492935954,0.252287209128999,0.24387349313261306,0.21252959979964153,0.16230306009826964,0.21432789046513406,0.2081232413649559,-0.05734534339368844
SMC15-T_AGACGTTTCTCAAACG,SMC15,SMC15-T,Myofibroblasts,8565,0.0,1,0.227475029868945,-0.09304306155740562,0.17225676851480134,0.17222798306767534,0.26019689537660806,0.23583288958599402,-0.0033034148184876693,-0.006262660990743076,-0.09417937243232082
SMC15-T_AGATCTGAGTGGAGTC,SMC15,SMC15-T,Myofibroblasts,7368,0.0,1,0.56771161174232,0.015865636515643513,0.2576112421799679,0.26658932392190143,0.2274676067944692,0.21152231868269833,0.015584797843506462,0.010018401636796839,0.010153329923373311
SMC15-T_AGCTCTCAGTCCGTAT,SMC15,SMC15-T,Myofibroblasts,16933,0.0,1,0.292233166360178,-0.08672489850013926,0.46511296350128795,0.4590299400251086,0.34834438073448837,0.32874443310009704,0.2574032949773889,0.28645569804836724,-0.05583405242685009
SMC15-T_AGGGATGTCTGACCTC,SMC15,SMC15-T,Myofibroblasts,1975,0.0,0,-0.048791993227896,-0.3100104152077907,-0.720802081482751,-0.6859687603101497,-0.8342622243324105,-0.747041426252487,-0.3970066245449217,-0.3520305969259318,-0.30203045071924434
SMC15-T_ATCATGGCATCTATGG,SMC15,SMC15-T,Myofibroblasts,2309,0.0,0,0.941640042520905,0.22344234018798984,0.05573177824215013,0.07178184299207316,0.12620817733054257,0.11964104324579239,0.18805024647399,0.140934059111511,0.20900832335738576
SMC15-T_ATCGAGTCACAACGCC,SMC15,SMC15-T,Myofibroblasts,21111,0.0,1,0.532301709363709,-0.0011309307362688216,0.2065711924663688,0.21920066086643533,0.10045188372688633,0.1152039541927881,0.06965671795861501,0.03397438300992636,-0.006129095847366236
SMC15-T_ATCTGCCTCCCAAGAT,SMC15,SMC15-T,Stromal 2,2729,0.0,0,0.166103894706299,-0.21607368862615867,-0.6423421382977703,-0.6729286592908021,-0.7620283785900956,-0.7169190837546836,-0.03239423823175266,0.018940463749801413,-0.21204064542255482
SMC15-T_ATGCGATCACAAGCCC,SMC15,SMC15-T,Stromal 1,10250,0.0,1,0.881484315627689,0.1722345113746103,-0.21217374041277384,-0.26656034422992936,-0.19220998893700997,-0.2778226643974005,-0.10248968442901969,-0.11586527655668119,0.15995208398994654
SMC15-T_ATTTCTGGTTCCACAA,SMC15,SMC15-T,Myofibroblasts,16518,0.0,1,0.490136838910859,0.02339075897869311,0.2254918456381681,0.22332700373741185,0.07716630081817204,0.07967744683197071,0.1937147339315791,0.13218031858696658,0.017362270770328387
SMC15-T_CAACCTCCACTGTCGG,SMC15,SMC15-T,Myofibroblasts,1832,0.0,0,-0.272457563857555,-0.4243888005843027,-0.6202543943512197,-0.5744546008546177,-0.6710755595063068,-0.6284343060972386,-0.4710548319314655,-0.4235782051787657,-0.41160302158413814
SMC15-T_CACAGTACAGGCTCAC,SMC15,SMC15-T,Stromal 2,1527,0.0,0,0.40064182758066,-0.14671734424732757,-0.5824409159926736,-0.6177277521389287,-0.6921569608456019,-0.6815027724518332,-0.2831473533260195,-0.33382482835475136,-0.14559843316048132
SMC15-T_CACATTTCACCATGTA,SMC15,SMC15-T,Myofibroblasts,23137,0.0,1,0.335534094237035,-0.09007654510634511,0.15683202662182097,0.2073293653566663,0.2941445480290876,0.26812261391734316,-0.05597559405784858,-0.04954069221720976,-0.09133749952962418
SMC15-T_CACATTTCACGAAATA,SMC15,SMC15-T,Myofibroblasts,26321,0.0,1,0.70545862822774,0.09878830750587217,0.458977674276625,0.4725761963735993,0.3481074405729543,0.3243927597122397,0.2505057039817697,0.2382243881111636,0.09979254539523806
SMC15-T_CACTCCACAGGCGATA,SMC15,SMC15-T,Myofibroblasts,23318,0.0,1,0.952040601832649,0.22846530359891945,0.5536477875477653,0.5377420630737594,0.34488588636170847,0.3350483180391927,0.10262056184246351,0.10181069798110162,0.22512463292404383
SMC15-T_CAGCCGAAGACACGAC,SMC15,SMC15-T,Myofibroblasts,28823,0.0,1,1.36549139303577,0.4263072054212292,-0.05349349739904306,-0.2910014404574545,-0.24977322201225527,-0.3351522788600346,0.1567376601460733,0.06600430331685964,0.4033494547572957
SMC15-T_CAGCCGACACCATCCT,SMC15,SMC15-T,Myofibroblasts,17944,0.0,1,0.527172890860563,0.08607143612186376,0.4451420787930945,0.46749671189705044,0.3516588215241019,0.3383722245953111,0.23922675994077797,0.21728796126211392,0.07740930601672716
SMC15-T_CAGTAACGTTCCCGAG,SMC15,SMC15-T,Myofibroblasts,6807,0.903843971828615,1,0.22809393676754,-0.1623593413091281,0.1753067467171623,0.1914823086387137,-0.07921837975404092,-0.10464511367730624,0.019241489077869215,0.007545287118238562,-0.16058320345497934
SMC15-T_CATATTCAGCTGAACG,SMC15,SMC15-T,Myofibroblasts,5809,0.0,1,0.601207480477783,0.1337415914402523,0.4006059728562832,0.4082591935265355,0.2899807072719749,0.3423702392813771,0.5875692813412139,0.5805479961721336,0.12307651363266241
SMC15-T_CATCGAAGTGACCAAG,SMC15,SMC15-T,Stromal 3,26889,0.0,1,0.893386433950441,0.24135695447330363,0.1757004001006788,0.14349221728923844,0.24273630402678129,0.18287602833710437,-0.03611397200116986,-0.04438734955209143,0.23618614969886603
SMC15-T_CATCGAAGTTCGCTAA,SMC15,SMC15-T,Stromal 2,4230,0.0,0,0.413116766742925,-0.12170974422540319,-0.46057618216478396,-0.4786144963851789,-0.4245654985175601,-0.3856433458453001,0.06480072668116343,0.15731907170265913,-0.12164157263527647
SMC15-T_CATCGAATCAGCTTAG,SMC15,SMC15-T,Myofibroblasts,2419,0.0,0,-0.114106522103528,-0.35620731159456465,-0.37742020189762115,-0.2657133155479664,-0.432288829313249,-0.3296344805248948,-0.28353956506440514,-0.20986128388082279,-0.34628630103934716
SMC15-T_CATGCCTTCAGCATGT,SMC15,SMC15-T,Myofibroblasts,1075,0.0,0,-0.193422135326364,-0.4001300170723545,-0.6269293162895708,-0.5562949340517928,-0.7987101125169773,-0.706528554648854,-0.5085521659568737,-0.4378930985051043,-0.3883635146903391
SMC15-T_CATTATCGTCTCCATC,SMC15,SMC15-T,Myofibroblasts,15018,0.0,1,0.690682923921187,0.14066451279805942,0.1256272602370199,0.03922666750121408,0.04322234826276497,-0.044298233204456264,-0.13864766156398936,-0.1924053613863447,0.12970855594182215
SMC15-T_CCACTACAGATAGGAG,SMC15,SMC15-T,Stromal 2,6640,0.0,0,0.904692793450462,0.2618013118606126,-0.5179549926245699,-0.5097425726764813,-0.5338535244215508,-0.49489836728330266,0.30786249896413403,0.3746183105689638,0.24575557353115884
SMC15-T_CCAGCGACAGTTCATG,SMC15,SMC15-T,Myofibroblasts,22897,0.0,1,0.730451042029617,0.18293626474118546,0.5520032699533491,0.64877489488004,0.5036802371270118,0.5181554589193141,0.36822019199791706,0.3971092781161561,0.17020418385372443
SMC15-T_CCCTCCTTCACGACTA,SMC15,SMC15-T,Myofibroblasts,8903,0.0,1,0.459048398546119,0.03436928320872156,0.12636655074905376,0.12934339936913514,-0.08440497357930456,-0.1215939300004826,0.2952948330264342,0.2911776995834182,0.027879512469683374
SMC15-T_CCTAAAGCAGTCGATT,SMC15,SMC15-T,Stromal 1,19678,0.0,0,0.641968345626727,0.17838597376095622,-0.425457597311054,-0.39499848249663666,-0.31438751771513906,-0.3125934095966608,-0.06546803157972662,-0.005230515603633488,0.16584508157014347
SMC15-T_CCTAGCTCACAAGCCC,SMC15,SMC15-T,Stromal 2,15062,0.0,1,0.36305795989487,-0.03038001308021577,-0.10905573775573653,-0.1480147148050913,-0.149129717857862,-0.17105634813738424,0.7229035874828696,0.7321971245657872,-0.034149225151651544
SMC15-T_CCTTACGTCTTTAGTC,SMC15,SMC15-T,Stromal 2,8230,0.0,0,0.448842598520712,0.01375908987890733,-0.3207750604012791,-0.29603297744945783,-0.5161118892078497,-0.5261467690038126,0.15212070322350452,0.13089697930742714,0.008135293649525201
SMC15-T_CCTTCCCAGGGTGTTG,SMC15,SMC15-T,Myofibroblasts,8964,0.0,0,0.428486280891241,-0.03761792705259531,0.0930442512985699,0.11938711782781089,0.04451458063926928,0.0367275032886239,0.01977182681623258,0.06344926444923177,-0.017347145742470666
SMC15-T_CCTTTCTAGCGTAGTG,SMC15,SMC15-T,Myofibroblasts,14188,0.0,1,0.457098130082259,0.0449944104705202,0.11404424356486724,0.10768736555899788,-0.06264996837482464,-0.0712003810222932,0.0147695431779874,-0.018877003933576976,0.03805820581291904
SMC15-T_CGAGCACTCGGCTTGG,SMC15,SMC15-T,Stromal 1,18564,0.0,1,0.514272482940665,0.06373681387815036,-0.13367119823981607,-0.0695332121217578,-0.1001497593432741,-0.12248772257657418,-0.11774170351655859,-0.05333892615402446,0.05601311327905214
SMC15-T_CGCTATCGTAGGCATG,SMC15,SMC15-T,Myofibroblasts,19748,0.0,1,0.484172242670228,-0.0004394894727227981,0.45642726432189956,0.39194957354310445,0.3335656387142229,0.2727667076274926,0.3085657777362748,0.3065792732817285,-0.005466706737750718
SMC15-T_CGCTTCATCTTGGGTA,SMC15,SMC15-T,Stromal 3,10688,0.0,0,0.854900758637357,0.22613237757366478,-0.054863721816515436,-0.05188246639218272,-0.040704974467505,-0.10875095515836809,-0.22690436028336225,-0.21289404087206898,0.21158533396214999
SMC15-T_CGGACACAGTAGATGT,SMC15,SMC15-T,Stromal 1,13862,0.0,0,0.148001162270781,-0.12116603532054446,-0.7080077133996754,-0.6547476880524944,-0.6945268356678437,-0.6055092856634495,-0.434302234571231,-0.3828152124496067,-0.12112070864238658
SMC15-T_CGTGTAACATACGCCG,SMC15,SMC15-T,Myofibroblasts,10728,0.0,1,0.220344215614035,-0.13273285837484555,0.2504581522804742,0.28361090358982727,0.2115344756415912,0.21511060268033383,0.34562639005874335,0.34232274057234036,-0.13220153072801957
SMC15-T_CTAATGGCAGGAATGC,SMC15,SMC15-T,Myofibroblasts,28905,0.0,1,0.555149920653024,0.06017963361125766,0.025153993077728212,0.0392471257960651,-0.0994203218772095,-0.05023842084026614,0.048400374305875675,0.08546515370116514,0.052605394367911236
SMC15-T_CTACGTCAGTACGTTC,SMC15,SMC15-T,Myofibroblasts,3299,0.0,0,0.0277359467297275,-0.25407158298695687,-0.16367638255564534,-0.21061815385047983,-0.34629661893966246,-0.3549520807817232,0.025339869213731665,0.030512128595043632,-0.24844198960012623
SMC15-T_CTCCTAGTCTATCGCC,SMC15,SMC15-T,Myofibroblasts,19452,0.0,1,0.5213479685268,0.035789161683632095,0.49138982369735534,0.445864796911071,0.3071209261079832,0.2829602498041336,0.009836812591866443,-0.07833576903623693,0.029239732185143884
SMC15-T_CTCTGGTCATTCTTAC,SMC15,SMC15-T,Myofibroblasts,1237,0.0,0,-0.292628648595256,-0.44081146928498094,-0.8390134545613308,-0.7652632237934485,-0.8342622243324105,-0.747041426252487,-0.5486443368227858,-0.48270199535524144,-0.4273356621881493
SMC15-T_CTGCTGTTCCACGACG,SMC15,SMC15-T,Myofibroblasts,16905,0.0,0,0.240093896242827,-0.12971819827757908,0.587732294398569,0.6917247338072828,0.5310592130776874,0.5818525068678482,0.17610972689856824,0.18905349138795452,-0.12931353702139453
SMC15-T_CTTACCGGTCCTCTTG,SMC15,SMC15-T,Stromal 3,10991,0.0,0,0.643053930293049,0.10990353391031947,0.04591974696828699,-0.004057017257209958,0.030281547000821755,-0.028513855105915736,0.015050771910893289,-0.017325120726052454,0.1002400551586091
SMC15-T_CTTGGCTAGTGCCATT,SMC15,SMC15-T,Myofibroblasts,2830,0.0,0,-0.0424421945314373,-0.25744341475594984,-0.4337011907933926,-0.39543768481873887,-0.5873369643730777,-0.5225733639022638,-0.3463618745145045,-0.29061428510090886,-0.25167214776538
SMC15-T_CTTTGCGGTCTCATCC,SMC15,SMC15-T,Stromal 2,4597,0.0,0,0.810267842721767,0.09927719356001992,-0.3705892549181471,-0.3771232662767899,-0.6333073531942708,-0.5722238279359285,0.11764422913915233,0.1240256559322862,0.0900601996969776
SMC15-T_GAACATCCAGGTGGAT,SMC15,SMC15-T,Myofibroblasts,18965,0.0,0,0.285174808692419,-0.08359476130684479,-0.1573545596923451,-0.15939703549644568,-0.07316296554303595,-0.09149656106912812,0.2682920346232621,0.300436266292544,-0.08512805958724573
SMC15-T_GAATGAAAGCGATCCC,SMC15,SMC15-T,Stromal 3,6935,0.0,0,0.429432697576462,-0.05071645120583605,-0.1893400177454614,-0.17922318813095733,-0.1419989702823971,-0.22147706532201103,-0.07752230627168166,-0.04072688292054569,-0.05363119108711972
SMC15-T_GAATGAATCCCAACGG,SMC15,SMC15-T,Myofibroblasts,14148,0.0,1,0.463806196874554,0.05293810861021803,0.18460093591153165,0.18539812468651046,0.24839527899760525,0.2181805298869433,0.17814646063764628,0.1777308498728363,0.06260318761425358
SMC15-T_GCACTCTAGGTTCCTA,SMC15,SMC15-T,Stromal 2,9880,0.0,0,0.657410110253982,0.08689940939739085,-0.38638419397614837,-0.368024552536975,-0.6146529987840486,-0.6055641545552685,0.17166987226197594,0.24229552719522926,0.07820249049916488
SMC15-T_GCACTCTGTCCGAATT,SMC15,SMC15-T,Myofibroblasts,25723,0.0,1,0.536262187123546,0.05495526221490939,0.28166646825871905,0.33627874635886856,0.16893843153719695,0.19832621749793722,0.09271281447849776,0.08794186597361284,0.05800332651598802
SMC15-T_GCGCAGTAGCGATATA,SMC15,SMC15-T,Myofibroblasts,13695,0.0,0,0.495188329109734,0.042940840909355564,0.15607010908139757,0.09312516308344174,-0.09791533069266957,-0.14012603544045327,0.05311619727627227,0.05232692246927934,0.03609092068709746
SMC15-T_GCGCAGTCAGACGCCT,SMC15,SMC15-T,Myofibroblasts,6486,0.0,1,0.771622902062317,0.14835571768906033,0.06980367538956356,-0.018240427280344616,-0.05028303269753043,-0.11744477649674166,-0.12468944115466193,-0.18370445116477854,0.13707660096345328
SMC15-T_GCGCGATTCATAAAGG,SMC15,SMC15-T,Myofibroblasts,14516,0.0,1,0.506815256082189,0.07162324968202595,0.4131717823673876,0.38858966424879504,0.2842093773034154,0.24804272519987683,0.09629931117309944,0.05290918627151233,0.0635681862340254
SMC15-T_GCTTGAATCCAGAGGA,SMC15,SMC15-T,Stromal 2,3583,0.0,0,1.09471471778301,0.32995388586596963,-0.42457886658875005,-0.45075576892122626,-0.4768115688799595,-0.47213744276831315,0.23102600378425497,0.26633237346130256,0.311044594006879
SMC15-T_GGAAAGCGTAATAGCA,SMC15,SMC15-T,Myofibroblasts,16606,0.0,1,0.476065717058259,0.025727469073771908,0.1584231472593181,0.09060937534199982,0.048295695182620266,-0.0071081960097301835,-0.023472655525333,-0.03490384896011914,0.019600799768975302
SMC15-T_GGACAAGGTGCCTTGG,SMC15,SMC15-T,Stromal 1,15014,0.0,0,0.512366251655573,-0.02544199193321299,-0.2725305224208123,-0.27894401513380795,-0.2308419409673661,-0.24631139849919045,0.0686237199722152,0.11711746587911073,0.011716318199364077
SMC15-T_GGACAGACACCCATGG,SMC15,SMC15-T,Myofibroblasts,8384,0.0,0,0.485527152822405,0.08067631063035183,-0.45822953060269356,-0.5052722087357102,-0.6272258541109611,-0.6396979433159495,-0.11742056443503028,-0.13797437943079893,0.07224086647023674
SMC15-T_GGAGCAAAGAATGTGT,SMC15,SMC15-T,Myofibroblasts,11218,0.0,1,0.335429843685712,-0.01138005992234276,0.29352707048279364,0.3287853815439498,0.189636693088984,0.2068656634452731,0.21264642398608358,0.19056978839285232,0.00424068164424736
SMC15-T_GGATGTTTCGTCTGCT,SMC15,SMC15-T,Myofibroblasts,19326,0.0,1,0.603577658802734,0.09054265285662391,0.41267087495866783,0.41123195159498876,0.4435399441352608,0.40854521431462015,0.4790436054138761,0.47212787827148156,0.09477853582498907
SMC15-T_GGCCGATAGGGTTCCC,SMC15,SMC15-T,Myofibroblasts,8128,0.0,1,0.104605411539165,-0.14738243333015003,0.18212309449302908,0.22094589998809303,0.24342179214771914,0.26178189635623333,0.04794429368094394,0.06843611054560718,-0.14623557732385747
SMC15-T_GGCTGGTCATCTACGA,SMC15,SMC15-T,Myofibroblasts,12033,0.0,1,0.578047690472467,0.06772975099125975,0.22849401694779492,0.1663921084709284,0.6255522894540003,0.5929357866475056,0.2954365116200949,0.2654146623085527,0.05983827992522416
SMC15-T_GGGAGATCATGCAATC,SMC15,SMC15-T,Myofibroblasts,15443,0.0,1,0.472163945247005,-0.013620051489979551,0.3803246341721744,0.42078579103619584,0.25335713426525497,0.26982319523948567,0.1738113914665423,0.17789466170703663,0.008222263024634673
SMC15-T_GGGCACTCAGTGGGAT,SMC15,SMC15-T,Myofibroblasts,11806,0.0,1,0.562252124063441,0.022888441177967348,0.24311177246272564,0.2106340679271919,0.2698014298720019,0.2635880925714277,-0.0506263413711598,-0.06632508451447768,0.016881058759549084
SMC15-T_GGGTCTGCAAGAAGAG,SMC15,SMC15-T,Myofibroblasts,10458,0.0,0,0.335063891395982,-0.03206792524443906,0.016395991858170957,0.08263893189226709,0.09619019613886366,0.1061804493412722,-0.12270545241864105,-0.16357146050123608,-0.0357662166367058
SMC15-T_GGGTCTGCAGATGGCA,SMC15,SMC15-T,Myofibroblasts,12364,0.0,1,0.510744744779435,0.06556979263724204,0.28118423913244384,0.2729395859670348,0.14132342429603545,0.08464097313929436,0.07844017861705077,0.06652052674223395,0.057769076123896264
SMC15-T_GGGTCTGTCTGTTTGT,SMC15,SMC15-T,Stromal 3,10068,0.0,1,0.678840346918259,0.10332455654350813,-0.09428965808510097,-0.08748582579343148,-0.009742456312500397,-0.05903614509504202,-0.180313700077271,-0.15548420069903574,0.11578669840422999
SMC15-T_GTAACGTAGGCTCAGA,SMC15,SMC15-T,Stromal 1,7021,0.0,0,0.720516475435175,0.10659566632341266,-0.30867891350989135,-0.3020336529717031,-0.2915685508229143,-0.3173818957212186,0.21786577500598994,0.22016132236184444,0.09707117360476561
SMC15-T_GTACGTACAGAGCCAA,SMC15,SMC15-T,Myofibroblasts,5105,0.0,1,0.322388178279224,-0.05052735543760814,-0.15875493172480135,-0.18421005312262512,-0.06275272548046647,-0.05327589073499968,0.021743353652326686,0.04310202098944608,-0.05345004051923752
SMC15-T_GTACTCCAGAAGGCCT,SMC15,SMC15-T,Myofibroblasts,15073,0.0,1,0.441887750439606,-0.04337194429612473,0.26227322301580286,0.31259863259179926,0.013160869004014803,-0.016833552094393,-0.010619678260072282,0.008380757611902321,-0.046595276904707196
SMC15-T_GTATCTTCATGTCCTC,SMC15,SMC15-T,Myofibroblasts,15001,0.0,1,0.341228386490692,-0.0825791654356739,0.1215098393672355,0.2275063814197826,0.12905188456500824,0.16901950283127642,0.19725607249297594,0.2630027754341855,-0.08415513581150219
SMC15-T_GTATCTTTCAGTTGAC,SMC15,SMC15-T,Stromal 3,11534,0.0,0,0.599121237136813,0.08101622879570514,0.31557030251667817,0.3778790578745851,0.06493067876340783,0.039322803251791834,-0.046314653190539075,-0.059452040915322656,0.07256650235973486
SMC15-T_GTGCAGCTCAAGGTAA,SMC15,SMC15-T,Myofibroblasts,9785,0.0,1,0.394848269877421,-0.08064415813995558,0.28780199878145846,0.37280683623763117,0.24861290353369347,0.27067590024062366,0.01851561834153376,0.0383862184251056,-0.05999898059027536
SMC15-T_GTTCATTGTCCGAACC,SMC15,SMC15-T,Stromal 2,5227,0.0,0,0.561903664714639,0.09089815595366976,-0.3598889694834242,-0.34665736101749467,-0.21449534260496803,-0.2561573762186738,0.010195265239790866,0.03209416875067879,0.0820332224942556
SMC15-T_TAAGTGCAGTGACTCT,SMC15,SMC15-T,Myofibroblasts,10880,0.0,1,0.36892052010312,-0.052334524544053955,0.24411334260842021,0.22894995341577182,0.15067319165231013,0.14492877884659655,0.14484306644452247,0.1302651840974303,-0.03453258280994512
SMC15-T_TACGGTAGTAGCTGCC,SMC15,SMC15-T,Myofibroblasts,33269,0.0,1,0.580826432687827,-0.01653277685277556,0.06496854936133842,0.06680136267095804,-0.10896523676014372,-0.10815891379837034,-0.091009720397721,-0.08619504970060114,-0.020883805572423114
SMC15-T_TACTCATAGAGAGCTC,SMC15,SMC15-T,Stromal 2,2928,0.0,1,0.47596896369217,0.0641583241685702,-0.0629810567717163,-0.12195037850519506,-0.18813005089759827,-0.23643424812444422,0.1730968987471179,0.1550149546826587,0.05641691305306779
SMC15-T_TACTCATAGGACATTA,SMC15,SMC15-T,Myofibroblasts,27286,1.36912441568044,1,0.433807975772848,0.06939556931651998,-0.07196324987679112,-0.027418614796748977,0.010917103602265825,0.02970831680956275,-0.10604254795532478,-0.0757941216668662,0.07132484954820961
SMC15-T_TACTCGCCATACTACG,SMC15,SMC15-T,Stromal 3,5934,0.0,0,0.565574089718375,0.05717424660300215,0.04963143313854781,0.12105257635958856,0.2811372449612055,0.2539988268372538,-0.182429491375622,-0.1464579420931199,0.049726284124708475
SMC15-T_TACTTACCATTCGACA,SMC15,SMC15-T,Myofibroblasts,11000,0.0,1,0.587371416344871,0.1227951506152749,0.29408926417937087,0.2896722813205021,0.37014242996965363,0.3373765670559044,0.2750268571470913,0.23884322844883976,0.11259000729612943
SMC15-T_TAGGCATCATTTGCTT,SMC15,SMC15-T,Stromal 1,5026,0.0,0,0.379528577897601,-0.0577319444631014,-0.47796005745209297,-0.4727782856604857,-0.4773192966014755,-0.506031296627466,-0.11019456101287352,-0.036516209878027436,-0.06035191572013022
SMC15-T_TAGTTGGCAGCTGTTA,SMC15,SMC15-T,Stromal 2,13082,0.0,1,0.510200820043749,0.03137229221235765,0.0994294175155917,0.08069830533207917,-0.26882945339442516,-0.2903424289164155,0.42036776766180994,0.4231805011191789,0.042826088098417814
SMC15-T_TAGTTGGTCGTAGATC,SMC15,SMC15-T,Myofibroblasts,8030,0.0,1,0.151224020539037,-0.1701180557802058,0.3821287277078598,0.43698690283089514,0.47703314326437457,0.4849806755109755,0.1302810540814933,0.16838704949135289,-0.16801592151970923
SMC15-T_TCAACGAAGATGGGTC,SMC15,SMC15-T,Stromal 2,6515,0.0,0,0.82744254992126,0.2158688693715815,-0.41021973023913344,-0.395269378747155,-0.4987672439358216,-0.46747233568105934,0.195318585595018,0.24872436554116362,0.20175306560049036
SMC15-T_TCCACACCATTTGCTT,SMC15,SMC15-T,Myofibroblasts,11141,0.0,1,0.345135824197005,-0.05623861407174876,0.25295724734968067,0.231010913485434,0.4045171017701529,0.3935135109999845,0.1580194410917006,0.14673741674598526,-0.05892133030320416
SMC15-T_TCCCGATCAATAGAGT,SMC15,SMC15-T,Myofibroblasts,1533,0.0,0,-0.185699467823329,-0.37851398024838745,-0.49247152145419804,-0.5353451538376692,-0.44759807530410434,-0.46424367252823917,-0.3670616450278383,-0.3783878904055147,-0.3676557147077152
SMC15-T_TCGAGGCGTTAAAGTG,SMC15,SMC15-T,Stromal 2,10952,0.0,1,0.443447173070568,-0.013905337554190243,-0.3261357343622616,-0.34456510323940254,-0.494222924417379,-0.48824735341030495,0.48703339860627526,0.5302044532754842,-0.018366762883022053
SMC15-T_TGACGGCCACAACGTT,SMC15,SMC15-T,Myofibroblasts,3623,0.0,1,0.0155752513753517,-0.22588130357070713,-0.07753723482506311,-0.09651151953673945,-0.0019672771402615675,-0.06509110136607359,-0.008083346329237285,-0.009147112334475798,-0.22143617570556762
SMC15-T_TGCACCTCAAACGTGG,SMC15,SMC15-T,Stromal 2,4408,0.0,0,0.496888761265662,0.02399215055629611,-0.49662276257627774,-0.5282396645535056,-0.41255543414237245,-0.41642790010502173,0.05199786649134598,0.036316703435252694,0.01793839379425059
SMC15-T_TGCACCTTCCCAGGTG,SMC15,SMC15-T,Myofibroblasts,17424,0.0,1,0.466249402968123,0.09953940181028947,0.22937883283676846,0.2815985812169568,0.29239543318292316,0.31166651281853053,0.3298733397730087,0.3814157426247702,0.09031139079387449
SMC15-T_TGCGGGTTCAGAAATG,SMC15,SMC15-T,Myofibroblasts,16831,0.0,1,0.276982736253885,-0.10642318657942508,0.21541659075918854,0.16345892862484948,0.2451532443567198,0.2430628325010455,0.062295288337688694,0.03513842779485618,-0.10699730732736468
SMC15-T_TGGCTGGTCCTTTCGG,SMC15,SMC15-T,Myofibroblasts,7919,0.0,0,0.0307932177805181,-0.22548143845051527,-0.10297252669246221,-0.023812740564164592,-0.2700569152984084,-0.23658691840462906,-0.14824556796566435,-0.13265676667146822,-0.22105311164084604
SMC15-T_TGGTTAGCAAGTTGTC,SMC15,SMC15-T,Myofibroblasts,13974,0.0,1,0.403997183579063,-0.03568418133950776,0.3516896378667075,0.39361216981963415,0.15098026430956563,0.14944479176991207,0.1942315673945766,0.20158197200473618,-0.039230529198368246
SMC15-T_TGTATTCGTAAAGTCA,SMC15,SMC15-T,Myofibroblasts,27193,0.0,1,0.343673173333124,-0.02715210974412529,0.24097884701070738,0.23590331029419492,0.2226127880074236,0.20499982158545144,0.19098838691256548,0.16630600697415718,-0.031056948006153107
SMC15-T_TGTGGTATCCTTTCGG,SMC15,SMC15-T,Myofibroblasts,8775,0.0,0,0.601811713075322,0.024620103788676493,-0.2947982966386694,-0.3052103017888418,-0.5151034361701838,-0.5302363051924595,-0.010250857080283917,-0.011115843320594114,0.018539962437035155
SMC15-T_TTAGTTCAGTGTACCT,SMC15,SMC15-T,Stromal 1,1947,0.0,0,0.430806254078404,-0.17368720738184557,-0.6424890965489405,-0.642648867422306,-0.5568469337624858,-0.5540444614192428,0.1260350227355957,0.15506817698478698,-0.17143510876833892
SMC15-T_TTGCCGTGTTATCACG,SMC15,SMC15-T,Myofibroblasts,7102,0.0,1,0.31788482420504,-0.02526572160422802,0.03691355108606572,-0.022031116049464155,0.07836261745162156,0.02278638817369938,0.19243787930984246,0.2407641264883911,-0.029249819872133872
SMC15-T_TTTACTGCAGGGCATA,SMC15,SMC15-T,Myofibroblasts,28688,0.0,1,0.326322585770488,-0.027366153732465023,0.24656757361536824,0.2669172899256476,0.28565596409784383,0.30084142609603287,0.18604809904569072,0.17598228888476597,-0.021789180114865303
SMC15-T_TTTATGCAGCGATCCC,SMC15,SMC15-T,Myofibroblasts,22765,0.0,1,0.429583235347005,0.044628092183796854,0.17784419071347435,0.2012353073464843,0.06784414459133939,0.05380301780695485,0.20445044317135685,0.21155686748816688,0.03770727905084794
SMC15-T_TTTGGTTCAGACAGGT,SMC15,SMC15-T,Myofibroblasts,18772,0.0,1,0.777766020655096,0.15930958097114375,-0.08327705578460377,-0.13262306019754672,-0.040838309582702965,-0.08854242331933143,-0.12120882927587158,-0.12515767738223077,0.14757021788914665
SMC17-T_AAAGATGCACTTGGAT,SMC17,SMC17-T,Myofibroblasts,3427,0.0,1,-0.0590352305613646,-0.2759814914928651,-0.5139738312893908,-0.5694496868768844,-0.5036066472530365,-0.5353911091941733,-0.3901354355982652,-0.3659917094251689,-0.26943131371502993
SMC17-T_AACACGTAGAGTCGGT,SMC17,SMC17-T,Myofibroblasts,18026,0.0,1,0.22896648078457,-0.12966859649883158,0.17333265694276412,0.10480917944777303,0.12209367284513249,0.0737606696351323,-0.12572926357388498,-0.18860573032323052,-0.1292660193509978
SMC17-T_AACTTTCCATTCTTAC,SMC17,SMC17-T,Myofibroblasts,3074,0.0,1,-0.0515269281477869,-0.2981956002318807,-0.7243246815490479,-0.7445003582936961,-0.6975979555626305,-0.6669127218598543,-0.5352233735354324,-0.49266225546598436,-0.2907120565406415
SMC17-T_ACAGCTAGTGGCCCTA,SMC17,SMC17-T,Myofibroblasts,20884,1.06998709886911,1,0.235085573452482,-0.10823420757068354,-0.0023102278212959668,-0.035540759029639206,-0.03959026264634972,-0.05185123999754703,-0.1931723908374184,-0.2227691011832041,-0.09633872185309394
SMC17-T_ACAGCTATCTTCAACT,SMC17,SMC17-T,Myofibroblasts,23143,0.0,0,0.492658686118288,0.02543386220605227,0.2108769810625485,0.17738139147802098,0.046572411684699506,0.03194993490158299,0.04237926688633467,0.019520663864472335,0.019319529324269093
SMC17-T_ACGAGGAAGTCATGCT,SMC17,SMC17-T,Myofibroblasts,5968,0.0,1,0.554237461030572,0.027379391339133707,0.3506693307842527,0.2769402325516794,0.26976643837228115,0.19094129010688426,0.05434301017146362,0.013326404287534602,0.05235834341464924
SMC17-T_ACGCAGCAGTGTCTCA,SMC17,SMC17-T,Myofibroblasts,35263,0.61559100447827,1,0.428452363972722,-0.010319997360439677,0.09560167930107943,0.12364123811627306,-0.003064957219271027,-0.02021464958873599,-0.25408932020593633,-0.2558258756447364,-0.0007008717653631162
SMC17-T_ACGGGTCTCGAGAACG,SMC17,SMC17-T,Myofibroblasts,11195,0.0,1,0.288545969009246,-0.08480166645491855,0.12160729978955825,0.09869347753502973,0.05345448946618304,0.006434581047573755,-0.07592986124126534,-0.08858188259250978,-0.08628425443498026
SMC17-T_ACTGATGCACGAAGCA,SMC17,SMC17-T,Myofibroblasts,27981,0.0,1,0.59893282245875,0.0832244409084843,0.11599605610803226,0.03671761268817979,0.06862475723503347,0.01793749353761763,-0.14022570015176347,-0.2012268003076315,0.07468193245096867
SMC17-T_ACTGATGGTCCTGCTT,SMC17,SMC17-T,Myofibroblasts,9305,0.0,0,0.301108421531671,-0.060575655735048806,-0.04416248953083948,-0.021433019397280564,-0.10551432447926122,-0.11019311635213536,-0.19759278942487743,-0.21802129745483398,-0.06307614332518909
SMC17-T_ACTGATGGTGACGGTA,SMC17,SMC17-T,Myofibroblasts,17045,0.776276484278754,1,0.394848246716124,0.0033062167645415714,-0.1473454181580063,-0.15535906785190468,-0.08751782223734321,-0.12482941068362358,-0.2338808834062595,-0.2753769236452439,-0.0018783831154974568
SMC17-T_ACTTACTCATTAACCG,SMC17,SMC17-T,Myofibroblasts,14056,0.0,1,0.503807553492492,-0.0017785870453767608,0.22386467506234742,0.22260560254316505,0.22748657428108307,0.19979604487415664,0.03224185509117026,0.015415924086290247,0.010271254316473208
SMC17-T_AGAGTGGGTTTCGCTC,SMC17,SMC17-T,Stromal 2,24935,0.0,1,0.322333419386418,-0.06680801214258138,-0.04753657213735337,-0.027998091834710866,-0.06391549846769207,-0.0736503434610461,0.4958339529994287,0.5238255451269009,-0.06904663601811944
SMC17-T_AGCAGCCAGGCTCATT,SMC17,SMC17-T,Myofibroblasts,16430,0.475390796567021,1,0.173180765880642,-0.11950856223375651,0.3592164431299482,0.4285440514909058,0.22649203978326857,0.2585724162500958,0.18718231320381165,0.1608960277893964,-0.10447425013329803
SMC17-T_AGCGTATCAGTATGCT,SMC17,SMC17-T,Myofibroblasts,15689,0.0,1,0.949401505293923,0.29468390294514074,0.27456038357804013,0.15283935367152457,0.1981533765412715,0.13822986458449862,0.024417921861535623,-0.032293594453264685,0.27725654314154713
SMC17-T_AGTGTCAGTTCGTCTC,SMC17,SMC17-T,Myofibroblasts,9972,0.0,0,0.471671139380628,-0.004672815100077474,0.056555400982651174,0.0030541238034280335,0.056609617755273164,0.1298649449031367,0.06442088578876697,0.062633798753514,-0.009522161540426627
SMC17-T_AGTTGGTCAACGCACC,SMC17,SMC17-T,Myofibroblasts,17163,0.0,1,0.426696914149351,-0.005849091140063186,0.21418739239476164,0.09291524758062712,0.06290124386206877,0.059435104897115815,0.10048923947309193,0.020306020624497358,-0.010649014217387728
SMC17-T_ATCCGAAAGCCGCCTA,SMC17,SMC17-T,Myofibroblasts,1178,0.0,0,-0.304650259113611,-0.46044296187985884,-0.7600472852283594,-0.7188175887596316,-0.7769284861124292,-0.7025309099360953,-0.5357606567050281,-0.46830258816480635,-0.4461423021529903
SMC17-T_ATGTGTGCAGCATGAG,SMC17,SMC17-T,Stromal 2,28838,0.0,0,0.768391236824021,0.265130835425991,-0.018286107127003525,-0.11827030818818546,-0.24721347973016755,-0.27219752738858727,0.5765181920442142,0.472820056054522,0.2583754032638957
SMC17-T_ATGTGTGGTGAAAGAG,SMC17,SMC17-T,Myofibroblasts,6862,0.0,1,0.790862036770018,0.24726847044535374,0.007929460962816161,-0.1365022751071104,-0.1039823670776523,-0.21937076140974843,-0.09791048882823242,-0.23222617498215506,0.23183335570477637
SMC17-T_ATTATCCGTGTTAAGA,SMC17,SMC17-T,Myofibroblasts,13341,0.0,1,0.495698434998314,0.10613288284328423,0.02169573599738734,-0.0967635346531141,0.014437629309083735,-0.0505262047788778,-0.008996538425746717,-0.05312763908330132,0.09662783480867618
SMC17-T_ATTGGACTCTGCTGTC,SMC17,SMC17-T,Myofibroblasts,8227,0.0,1,0.390150262833567,-0.056103914861747047,-0.10493792840564738,-0.15945221965269343,-0.3050558725942154,-0.3700815868065801,-0.1993815898110992,-0.24757086275254978,-0.05879229072387479
SMC17-T_CAACTAGCATAAAGGT,SMC17,SMC17-T,Myofibroblasts,23782,0.0,1,0.320558242291987,-0.05926516594920765,0.04365426762153071,0.06395182449927145,0.07730153353875313,0.11074672534054708,0.025311756722236935,0.019821122726973367,-0.06182071613539167
SMC17-T_CAACTAGTCTACTTAC,SMC17,SMC17-T,Myofibroblasts,26389,0.0,1,0.562866396186627,0.044161143843411355,0.11042419414283061,0.03424068608480256,-0.21152047968792673,-0.22260826068042322,-0.09356837343228491,-0.12177762941402548,0.047438159741523885
SMC17-T_CAAGTTGTCTATCCTA,SMC17,SMC17-T,Myofibroblasts,16275,0.0,1,0.557202847167716,0.06173865724224271,0.328310230803885,0.3568452220728121,0.1978588707897128,0.17792224511504173,0.023409501247500117,0.0319107915767852,0.07948743160657522
SMC17-T_CACAGGCGTCAGATAA,SMC17,SMC17-T,Myofibroblasts,2411,0.0,0,0.452698879400276,-0.031400327015210665,-0.6210140769883078,-0.6498690867205945,-0.8159219592201467,-0.7261420543803725,-0.32890923642798475,-0.32166397071936553,-0.035126668753243294
SMC17-T_CATCCACCATCGATGT,SMC17,SMC17-T,Myofibroblasts,13131,0.0,1,0.496923648199688,-0.01786010205876409,0.028079433062550972,0.009075264855310685,0.06483045388583322,0.04821331973382553,-0.11600404503314118,-0.1373528704047203,-0.022155360811773467
SMC17-T_CCAATCCAGACATAAC,SMC17,SMC17-T,Myofibroblasts,19844,0.0,1,0.579701708146302,0.1395290977762718,0.20718714860458004,0.12911652452766714,0.14769751033080475,0.10240157390403193,-0.01332556205360513,-0.09181071642567129,0.12862084743355504
SMC17-T_CCGGGATAGTGGTCCC,SMC17,SMC17-T,Myofibroblasts,1716,0.0,0,0.150109907496099,-0.08903052375178065,-0.09591971581079523,-0.17124577956955608,-0.2324537207581559,-0.24338589452726897,-0.4034514329151103,-0.4032341980758835,-0.09033542865214228
SMC17-T_CCGTGGAGTAGGACAC,SMC17,SMC17-T,Myofibroblasts,5326,0.0,1,0.505043573313335,-0.015455201121145174,0.01143772557986026,0.02384700217261547,0.10766030498305146,0.10874006325422331,-0.30596631357544346,-0.31390794778571407,-0.019851506132037698
SMC17-T_CGACTTCTCGCATGGC,SMC17,SMC17-T,Myofibroblasts,26048,0.0,1,0.564719214684581,0.10480827846351945,0.41156294896212114,0.42020252619485976,0.6107055524041002,0.5776952030895235,0.302073129275538,0.27894158859596835,0.09535888607512001
SMC17-T_CGAGCACTCCACGTTC,SMC17,SMC17-T,Myofibroblasts,17645,0.0,0,0.583636308785054,0.035864966513033496,0.05243269426864572,0.026973777934028654,-0.011981961026916052,-0.0603274418370051,-0.07259216865426615,-0.12364234845427906,0.043534776008053985
SMC17-T_CGAGCACTCGGAAATA,SMC17,SMC17-T,Myofibroblasts,20149,0.0,1,0.21928596145464,-0.12278688252952538,-0.07375981455326688,-0.033784908151662935,-0.05061588911529707,-0.03941318682979706,-0.12696948563189883,-0.07967174668960711,-0.12267345302746076
SMC17-T_CGATTGACATGGGAAC,SMC17,SMC17-T,Myofibroblasts,13218,0.0,1,0.374191332513388,-0.06082362091789643,0.11979637586758757,0.11094804166066574,-0.040108069939044665,-0.12291570788595912,-0.13489430010514825,-0.1418871795101201,-0.06331368980287504
SMC17-T_CGGAGCTAGTTCGCGC,SMC17,SMC17-T,Myofibroblasts,1020,0.0,0,-0.256525189420731,-0.41980682945761244,-0.756010077437576,-0.712142601972673,-0.7731972332207524,-0.747041426252487,-0.5522566248711787,-0.4867392584681511,-0.407213570252687
SMC17-T_CGGTTAACAAACTGTC,SMC17,SMC17-T,Myofibroblasts,28231,0.0,1,0.621041064432359,0.09379058301840958,0.32443317061062066,0.2139957107989708,0.11158570962748965,0.05023249736878761,0.022199714272037933,-0.03579013872453395,0.09440920165419078
SMC17-T_CGTCCATGTCGGATCC,SMC17,SMC17-T,Myofibroblasts,6864,0.0,0,0.625297800224861,0.07007836448151226,-0.5180767487606261,-0.5328242344123016,-0.6179336189026279,-0.5990911003657032,-0.45919796432319443,-0.45123490375631,0.062088212176390434
SMC17-T_CGTCTACTCTGCGTAA,SMC17,SMC17-T,Myofibroblasts,20682,0.0,1,0.898494639887002,0.22435563773666345,0.17438941199406127,0.02036496686817306,-0.06155662421061068,-0.12066008384491123,0.001934318264064036,-0.090935485744301,0.20988324705947645
SMC17-T_CTCACACGTCTTCTCG,SMC17,SMC17-T,Myofibroblasts,17471,1.3511555124393,1,0.505715792025044,0.0630427951712096,-0.5544992021608109,-0.5488075693024368,-0.6112478462104894,-0.5537487668699996,-0.3840407785322321,-0.353766051373061,0.05534825502198283
SMC17-T_CTCGAGGAGTTACCCA,SMC17,SMC17-T,Myofibroblasts,18568,0.0,1,0.324486832673811,-0.07193942518451397,0.20709243373308636,0.21299058628529766,0.1298098795838198,0.14993339168384326,-0.032720457779635725,-0.062018643470261904,-0.07396244347005487
SMC17-T_GAAACTCTCTTGTATC,SMC17,SMC17-T,Myofibroblasts,10074,0.0,1,0.307549628240849,-0.014549627834767626,0.15882260521531713,0.13192854031193546,0.11661032973123449,0.10033043257372323,-0.03408884792343566,-0.0700356636853779,-0.01898398214340711
SMC17-T_GAACCTAAGCTGCCCA,SMC17,SMC17-T,Myofibroblasts,27971,0.0,1,0.517511159407195,0.05126941241650728,0.43558863155087646,0.3599180148051279,0.4393948248150397,0.4183168892510409,-0.04990272161177065,-0.1225494809445295,0.05375155790888963
SMC17-T_GAATGAAAGGAGTTTA,SMC17,SMC17-T,Myofibroblasts,2138,0.0,0,0.0736515670321367,-0.25953026160009596,-0.2697405440124626,-0.25369458161748765,-0.3024268345527199,-0.34287603119344906,-0.26918080409890727,-0.22490788917331134,-0.25367131196901577
SMC17-T_GATCTAGGTGACTACT,SMC17,SMC17-T,Myofibroblasts,16541,0.0,1,1.01935347332363,0.29104296475027996,0.178486248349999,0.06420143732869225,-0.04068662803287485,-0.11372348041609363,-0.09832697713159416,-0.17795115387724603,0.29887500107131837
SMC17-T_GCATACACACTCAGGC,SMC17,SMC17-T,Myofibroblasts,25896,0.0,1,0.626151184697877,0.07902463157906343,0.08762231904405113,-0.0369633461416858,0.021769043647361045,-0.0594936816541608,0.05706488235216392,-0.06457448255489855,0.08100208474182281
SMC17-T_GCGCCAAAGGCTATCT,SMC17,SMC17-T,Myofibroblasts,14323,0.0,1,0.373428518560977,-0.10354922406310052,-0.05612222597060003,-0.05356420805427905,-0.06717423723573435,-0.10892165852385725,-0.22526421454293946,-0.20118969102006626,-0.10424409953861677
SMC17-T_GCTTGAAAGAAGCCCA,SMC17,SMC17-T,Myofibroblasts,19853,0.0,1,0.640575097851536,0.1609212909906841,0.09489961067328648,-0.036377069335885165,-0.21174054098676662,-0.22688491460542345,-0.05545612205015986,-0.13157347326769547,0.14911420900030298
SMC17-T_GGAACTTCAGATGGGT,SMC17,SMC17-T,Myofibroblasts,39684,0.0,1,0.355829842392224,-0.04065149455543673,0.19272735874567712,0.20118470926110338,0.12051745889024162,0.10135189016068051,-0.07579506212159207,-0.09422182221623028,-0.04398913177497247
SMC17-T_GGAGCAATCGAGAACG,SMC17,SMC17-T,Myofibroblasts,4540,0.0,0,0.978160047161086,0.2144296709938269,-0.30379120925707476,-0.3227698669837015,-0.5438025096545414,-0.5036930204477421,-0.26966651685928045,-0.2595380258034257,0.23724481682567036
SMC17-T_GGCGACTTCTCTGCTG,SMC17,SMC17-T,Myofibroblasts,23826,0.0,1,0.85382719866648,0.25515755167917203,0.33494271673749165,0.24578192761159365,0.22695405394485108,0.17676785025139188,0.050536913966980616,0.0008157400886856896,0.2393909629371737
SMC17-T_GGCTGGTGTAGCTTGT,SMC17,SMC17-T,Myofibroblasts,3747,0.0,0,0.203497538436534,-0.08722188067214008,-0.11322512804549567,-0.19461929198445344,-0.29138511609362094,-0.3491201638135799,-0.12964279800653458,-0.1401406623861369,-0.08860277897920929
SMC17-T_GGGAATGCACGTCTCT,SMC17,SMC17-T,Myofibroblasts,11456,0.0,0,0.457111153786762,0.03743355275180779,0.033160717095894625,-0.041143616295147054,-0.2992623821447356,-0.299013732973118,-0.14599766409710835,-0.2240097584969857,0.030815031191631526
SMC17-T_GGGATGAAGGATATAC,SMC17,SMC17-T,Myofibroblasts,23018,0.0,0,0.578215283159248,0.06779657552639644,0.10623540647318397,0.12040026015431689,-0.029733168590832883,-0.04474261513813724,-0.11055329493001888,-0.10092551861615742,0.059902296706783674
SMC17-T_GGGTCTGCACAGCGTC,SMC17,SMC17-T,Myofibroblasts,19311,0.0,0,0.356575279017614,-0.05826453005960375,-0.11068829678341138,-0.08672965750688823,-0.05595843985258621,-0.04099816522496038,-0.302986597407021,-0.2692290020558764,-0.047643979862645396
SMC17-T_GGTGCGTGTAGCGATG,SMC17,SMC17-T,Myofibroblasts,2701,0.0,0,0.428634336697911,-0.06821165833491505,-0.6429897817421932,-0.6673734449758763,-0.7275200350856295,-0.6508209329358366,-0.44861268863866205,-0.4265132934731596,-0.0703913054796828
SMC17-T_GTAACTGTCCTTTCGG,SMC17,SMC17-T,Myofibroblasts,1200,0.0,1,0.499937250927998,-0.08988314780422993,-0.599107666587343,-0.6468691607800926,-0.7282810142757942,-0.6877750315985014,-0.4136735190686427,-0.372161102207268,-0.09115222816457268
SMC17-T_GTACGTAGTGACTACT,SMC17,SMC17-T,Myofibroblasts,22041,0.0,0,0.277011538886076,-0.06836717536574916,0.1957490398757616,0.22132549094172513,0.16278476458118887,0.21097583715738946,0.07193054872515954,0.05943244165357421,-0.058689800396311186
SMC17-T_GTCATTTAGAGTGACC,SMC17,SMC17-T,Myofibroblasts,25502,0.0,1,0.932384424274092,0.24272946149045438,0.29997407249650176,0.2315382210128918,0.1607722305521673,0.13910242369355158,-0.025921664347774105,-0.10043002743931377,0.23796460379948134
SMC17-T_GTGAAGGAGCGTGTCC,SMC17,SMC17-T,Myofibroblasts,19741,0.0,1,0.238019863396142,-0.13208934094495417,-0.09497078798939379,-0.13564211657134498,-0.1844651900250845,-0.18043537545126193,-0.2867788471281528,-0.28989334689343677,-0.13158505184560262
SMC17-T_GTGAAGGAGTTGAGAT,SMC17,SMC17-T,Myofibroblasts,11805,0.0,1,0.90373783706486,0.2674088839670284,-0.31612020430668275,-0.26830284424671313,-0.47927920598232626,-0.45552787243193665,-0.25876656453076163,-0.2635165686993038,0.2511275333641958
SMC17-T_TACCTATCATCGACGC,SMC17,SMC17-T,Myofibroblasts,14522,0.0,1,0.0830720476310801,-0.18423886000783296,0.32325943892023395,0.36520080809004424,0.1634595791752241,0.16361285079010698,0.17250222806867802,0.18502506280646605,-0.18154341464533524
SMC17-T_TACGGTATCAAACCGT,SMC17,SMC17-T,Myofibroblasts,7400,0.0,1,0.500805108607353,0.046898866970941686,-0.06783016383343814,-0.19468412193946721,-0.14128185580579602,-0.18424303413823592,-0.09228663217080267,-0.12414839907604105,0.0813489308377274
SMC17-T_TAGACCAAGATGTGGC,SMC17,SMC17-T,Myofibroblasts,9252,0.0,0,0.0465333074154912,-0.2022323314909284,-0.09974869979516965,-0.11258641885105157,-0.20890088683488417,-0.1512515675709691,-0.10786554515361786,-0.11311100563582252,-0.19878085791485525
SMC17-T_TAGGCATTCGTGTAGT,SMC17,SMC17-T,Myofibroblasts,1535,0.0,0,0.286628949751179,-0.07756603893154022,-0.6815186606682077,-0.7207988157141499,-0.7674127808030771,-0.6708641533934793,-0.3528409762602103,-0.36022134554736757,-0.0793526448747691
SMC17-T_TCAACGAAGTACGTAA,SMC17,SMC17-T,Myofibroblasts,14380,0.0,0,1.04311036542665,0.3928991595544575,-0.3339324926871958,-0.3159899715640832,-0.510170295758515,-0.45000017997483877,-0.30415066900221926,-0.32119990372482465,0.3713451082966909
SMC17-T_TCAGCAACACCGTTGG,SMC17,SMC17-T,Myofibroblasts,2872,0.0,1,0.386953457398935,-0.054962311054400186,0.010004952778013386,-0.10544504761332418,-0.17030831988976927,-0.27631044197221133,-0.1217386455912339,-0.19633351511815014,-0.057698653463055104
SMC17-T_TCCCGATGTATAATGG,SMC17,SMC17-T,Myofibroblasts,6420,0.0,0,0.367688009902236,-0.043023184056214074,0.3477864708675414,0.4041867258890373,0.36023598219439085,0.4036844512447715,0.018402465119173653,-0.009267517705174054,-0.04626117045638942
SMC17-T_TGACGGCTCAGTCCCT,SMC17,SMC17-T,Myofibroblasts,5373,0.0,0,0.154348211632572,-0.19325958229928164,-0.04908660852483341,-0.15702499594630265,-0.19555168203553375,-0.20080481140419496,-0.21734390250946345,-0.2754005244549583,-0.19018511499176508
SMC17-T_TGCCCATAGGGATGGG,SMC17,SMC17-T,Myofibroblasts,15389,0.0,1,0.671176672115469,0.11023124590058599,0.08374660005983041,-0.06718842121886044,-0.12222449633539939,-0.17299520796121554,-0.062058230156176966,-0.14416879628072768,0.10055399773751988
SMC17-T_TGCGCAGCAGCGTTCG,SMC17,SMC17-T,Myofibroblasts,1626,0.0,0,0.297810164369269,-0.16461383072626695,-0.7941183487371523,-0.7669093252682104,-0.7826741214613525,-0.6882549834459327,-0.5810488295398261,-0.5189187813331099,-0.1627429664260199
SMC17-T_TTAGTTCTCCACGCAG,SMC17,SMC17-T,Myofibroblasts,26457,0.0,1,0.304768802312418,-0.06288091552427463,-0.07614199611909535,-0.09574907890907149,-0.1488797664523543,-0.15048000085178417,-0.2278353648162202,-0.27476457166759405,-0.06528454345940542
SMC17-T_TTCGAAGTCGGAAACG,SMC17,SMC17-T,Myofibroblasts,7697,0.0,1,0.883036179066358,0.268287688894034,0.2878404678206663,0.12639832155915295,0.02958388307264873,-0.06647409654633943,-0.05394092198265226,-0.16330146364429418,0.25196941371443643
SMC17-T_TTCTCCTCAGACGCCT,SMC17,SMC17-T,Myofibroblasts,25961,0.0,1,0.596058003092312,0.07162913363100144,0.3097899582579124,0.25276212205701487,0.17121084076257384,0.15400985801635786,-0.06349254368167175,-0.128260679017095,0.063573822958254
SMC17-T_TTCTTAGGTTGGTAAA,SMC17,SMC17-T,Myofibroblasts,9172,0.0,1,0.346965103420053,-0.06649225147996556,-0.2579622524505367,-0.2785935819875903,-0.45047676570865575,-0.4173085711203342,-0.18899186343738908,-0.1742802471799009,-0.04538934029826597
SMC17-T_TTGCGTCAGGTAGCCA,SMC17,SMC17-T,Myofibroblasts,12292,0.0,1,0.169489699739989,-0.1617970150617654,0.13075021943267512,0.17038521193331335,0.06431176342374208,0.06252279383845108,-0.1390379335927336,-0.1529320132206468,-0.16004450436086715
SMC17-T_TTTGCGCTCCAGTAGT,SMC17,SMC17-T,Myofibroblasts,29330,0.0,1,0.429568489181313,-0.03867470899498776,0.09514060327593162,0.080326207254718,0.1448565729114474,0.19262288328866625,-0.058737846816840925,-0.03941611928098342,-0.03280231253314419
SMC19-T_AACCATGTCTCAAACG,SMC19,SMC19-T,Stromal 2,6490,0.0,0,0.705900216188048,0.17860362709810337,-0.25155012277240046,-0.2868336225382802,-0.2848621989239235,-0.31312077977629593,0.2984883634667648,0.24172187912113527,0.16605358980909116
SMC19-T_ACACCGGTCAGCGATT,SMC19,SMC19-T,Stromal 2,21095,0.0,1,0.747022783716055,0.17683940812978044,0.11445472723975474,0.05150415312226226,-0.04830850457192912,-0.06410776089259618,0.5351924788010748,0.5064192458110697,0.1766542544306702
SMC19-T_ACGCCAGCATTACGAC,SMC19,SMC19-T,Stromal 1,6318,0.0,0,1.26214607888403,-0.0421092408758245,-0.37854010360648055,-0.34006904310649033,-0.34172886396682234,-0.371980496611836,0.15635379538136093,0.1998714040417005,0.2729454130216056
SMC19-T_AGAATAGGTACTCAAC,SMC19,SMC19-T,Stromal 2,11560,0.0,0,0.819303346391654,0.24624158606227292,-0.13420831719983597,-0.1935356912180418,-0.20255425404187063,-0.2360836899687731,0.37938239633252746,0.3485501315225573,0.230849617724346
SMC19-T_ATCATGGCATAACCTG,SMC19,SMC19-T,Stromal 1,6064,0.0,0,1.19040327109222,0.28342545134619923,-0.31914722562140346,-0.35935035620520756,-0.5694260114556825,-0.5415823733390763,0.09313200335753591,0.05025181481066872,0.2664711357274351
SMC19-T_ATGGGAGAGCACACAG,SMC19,SMC19-T,Stromal 2,2715,0.0,0,0.0877533471248472,-0.30669015075749995,-0.5578119880994972,-0.4291931785097936,-0.5249125737012649,-0.42407833057087524,0.02085772007703781,0.1311993378926726,-0.24994177258565647
SMC19-T_CAGCGACAGTACGCGA,SMC19,SMC19-T,Stromal 2,12207,0.0,0,1.18107750454891,0.36704009335095944,-0.12307139303611249,-0.10904054307356113,-0.17820298953019842,-0.18648623961002328,0.6103464665381532,0.5949949894757832,0.34657255747989446
SMC19-T_CATCAGACAAGTAATG,SMC19,SMC19-T,Stromal 2,4552,0.0,0,0.332270052831642,-0.0724902969147814,-0.39965875415435553,-0.33489094500816086,-0.4494994567441089,-0.42132202722132206,0.10964899361133576,0.13399455941775265,-0.03767717116269745
SMC19-T_CATTCGCGTGGCGAAT,SMC19,SMC19-T,Myofibroblasts,5095,0.0,1,0.431377243858351,-0.1824878955325275,-0.32730267046741685,-0.3054483736433634,-0.2436674313847812,-0.24941240926814634,0.30521298907697203,0.3804477429565261,-0.09992458896727122
SMC19-T_CGCTATCGTAACGTTC,SMC19,SMC19-T,Myofibroblasts,2703,0.0,1,0.178763370448551,-0.25394342648551654,-0.6092371393223198,-0.610489497824413,-0.572914012840816,-0.5517904832959175,-0.4544902651717788,-0.4286209982107667,-0.19976056379680873
SMC19-T_CGTAGCGCACATTAGC,SMC19,SMC19-T,Stromal 2,6749,0.0,0,0.531461021705594,0.11694620848682366,-0.25306789565603344,-0.2622159873021812,-0.25279022114617483,-0.2475995874508869,0.4282063617518074,0.36211428344249724,0.10698681903862152
SMC19-T_CGTGTCTAGGGCTTGA,SMC19,SMC19-T,Stromal 2,4582,0.0,1,1.07998659287589,0.02771539314600982,-0.22538101452649856,-0.21418963300018776,-0.08303877065072254,-0.06786748870860698,0.5773584358786282,0.6370619117337115,0.14757099090253606
SMC19-T_CTAGTGATCTCTTGAT,SMC19,SMC19-T,Stromal 2,17640,0.0,1,1.10996844460288,0.31040923888059824,0.2765724097511598,0.24353464651943707,-0.003735583351582897,-0.019518037001753964,0.4951841587200761,0.5102217914207893,0.3490744155573369
SMC19-T_CTCTAATCAGCATGAG,SMC19,SMC19-T,Stromal 2,5159,0.0,0,0.407418658891783,0.02980165544635894,-0.46343287549988954,-0.45609954142625014,-0.4442320528383158,-0.40694762541111124,0.12872653425131975,0.0941588429186274,0.02350380184019313
SMC19-T_GACGCGTTCCAAAGTC,SMC19,SMC19-T,Stromal 2,18748,0.0,1,0.934095935475911,0.11590690502341379,0.017249963360325415,-0.07206353318037056,-0.1551440372559413,-0.16365109045643272,0.9316349589118832,0.9581569139133481,0.168799046411359
SMC19-T_GACTAACGTAGAGTGC,SMC19,SMC19-T,Stromal 2,7246,0.0,0,0.325995885823506,-0.0442884389735889,-0.4190810091641484,-0.404962513414098,-0.30544744203893504,-0.2942641570644323,0.2663258619214359,0.2812320013256634,-0.005519347594064825
SMC19-T_GCTCCTATCGAGAGCA,SMC19,SMC19-T,Stromal 1,8023,0.0,0,0.707832932267758,0.18170252571437964,-0.30904859222699793,-0.3206789359768353,-0.32693892795288443,-0.35049499369897813,-0.0014963392756487193,0.002559353586505441,0.19465907127792095
SMC19-T_GGAACTTAGGGTGTTG,SMC19,SMC19-T,Stromal 2,6554,0.0,0,0.541788232957474,0.08001026902511194,-0.17973802096153402,-0.15164230429998984,-0.2968289724703194,-0.2729823744292696,0.4989800008111878,0.5282782663755557,0.07160280980639347
SMC19-T_GTTCGGGCAAGTTGTC,SMC19,SMC19-T,Stromal 2,11293,0.0,1,1.24986407534801,0.33869878769639816,0.10576059425971945,0.08543897697293176,0.0001910116751583255,-0.02428267051487468,0.4449767632311896,0.4614370211520616,0.3669105341517124
SMC19-T_TAGCCGGAGTCGAGTG,SMC19,SMC19-T,Stromal 1,2882,0.0,0,0.313483652716244,0.045977005522632806,-0.49049107905249206,-0.4311712927571157,-0.44323884764192056,-0.4507716802317043,-0.09967309605134161,-0.030189696041976705,0.038999515358640366
SMC19-T_TCACGAAAGAACAATC,SMC19,SMC19-T,Stromal 2,10008,0.0,0,0.870538129486212,0.24617474351339697,-0.22085732599834398,-0.2242827914973221,-0.10204307938336718,-0.1311752341124554,0.3147889221969404,0.28853758801432217,0.23078558368592703
SMC19-T_TGTGGTATCCGTAGGC,SMC19,SMC19-T,Stromal 2,7343,0.0,0,0.650307179882435,0.14369776709364696,-0.2074519114815915,-0.2798959931199689,-0.19549354211408265,-0.22553095065577086,0.22189953261496206,0.15504968005287298,0.13261436257793122
SMC19-T_TTAACTCAGCAGCGTA,SMC19,SMC19-T,Stromal 2,7369,0.0,0,0.834160362489572,0.21855779784617194,-0.27950424872984997,-0.2638946861233108,-0.31460168315287756,-0.31086044563630294,-0.0048403008693927215,-0.011629911961362642,0.2043290138870728
SMC19-T_TTCCCAGTCTGATACG,SMC19,SMC19-T,Stromal 1,9748,0.0,0,0.970433552791228,0.20362316895472377,-0.22388962768160794,-0.18507855283039645,-0.3692605345110808,-0.39204801274680123,0.046636885090878134,0.0833553952329299,0.21238505175071104
SMC20-T_AAACCTGCATTTCACT,SMC20,SMC20-T,Myofibroblasts,29023,0.0,1,0.512036772726843,0.023533316688579425,0.2606108988806301,0.3101700532999707,0.6219751888943114,0.6427094449592364,0.03324670999457962,0.05114564111127573,0.026877009928101252
SMC20-T_AAACGGGCACGAGGTA,SMC20,SMC20-T,Myofibroblasts,14433,0.0,1,0.592565874255268,0.02992710159078502,0.2222091535163321,0.15987388836219907,0.2409781501889799,0.18660875201647625,0.11167648310380938,0.09685748597771368,0.023623977138214753
SMC20-T_AAACGGGCAGGTGCCT,SMC20,SMC20-T,Myofibroblasts,14074,0.0,1,0.104695824890781,-0.18157601034628196,0.11874880440229056,0.17645352510962545,0.1322757430203563,0.14126079186234017,-0.13833131123530237,-0.14980896211722317,-0.1789924494233452
SMC20-T_AAAGATGTCCTCCTAG,SMC20,SMC20-T,Myofibroblasts,16340,0.0,1,0.529900993565752,0.014893787504549613,0.4115361435224815,0.381237064102074,0.4257256129509484,0.39550810628895494,0.08929503944359328,0.05006754144149668,0.009222314904342178
SMC20-T_AACTCTTGTGATGTGG,SMC20,SMC20-T,Myofibroblasts,11642,0.0,1,0.333058153995028,-0.10808521534904446,0.1632969801371195,0.20971558188519826,0.26774269760567315,0.29678141672250835,0.0008829098084549371,0.05326044946114587,-0.0769174324481615
SMC20-T_AACTCTTTCGAGAACG,SMC20,SMC20-T,Myofibroblasts,7563,1.2932063567582,1,0.489239054475014,0.008434577378386422,0.10571231013959825,0.019798691378105658,0.08059066372723984,0.07005123679558638,-0.12184860479687096,-0.18617323418764178,0.0030345001616312226
SMC20-T_AACTTTCAGGACCACA,SMC20,SMC20-T,Myofibroblasts,5609,0.0,1,0.718651422459776,0.17582822229974626,0.43203194743516493,0.2785262442761805,0.4053881080935196,0.4031590567251971,-0.02515073332347368,-0.11315817526158164,0.16339479865772383
SMC20-T_AAGGCAGTCATCGATG,SMC20,SMC20-T,Myofibroblasts,6065,0.0,0,0.397791935920036,-0.05595559533685446,-0.047746376571606616,0.030191041892621576,0.24870597023744972,0.31249836234505785,-0.033046449250296546,0.010617091112277087,-0.058650203111792816
SMC20-T_AAGGCAGTCGCCAAAT,SMC20,SMC20-T,Myofibroblasts,23742,0.0,1,0.517833998189177,0.02749139673419689,0.08580319258403413,0.03630066083789599,0.19158742917055377,0.15929613000345091,0.014061286398454716,-0.03193026476484888,0.03242476397201795
SMC20-T_AATCCAGAGAGGTTAT,SMC20,SMC20-T,Myofibroblasts,20793,0.0,1,0.440056825774185,-0.029165291684892094,-0.008460636936099629,0.015407929536261846,0.1402213683236647,0.11586378760795585,-0.07883056694837777,-0.054049435372957415,-0.0329855424704171
SMC20-T_AATCCAGAGGCGCTCT,SMC20,SMC20-T,Myofibroblasts,12386,0.0,1,0.672332112624831,0.06983485243185178,0.2666647086984345,0.1863384319741915,0.3687039673689525,0.3598087365349192,0.12461301927503786,0.11659263889579212,0.08060315751055834
SMC20-T_AATCGGTGTTACAGAA,SMC20,SMC20-T,Myofibroblasts,19910,0.0,1,0.558107001470336,0.13337682638513415,0.369015195559026,0.39421174180035184,0.3652499853918443,0.3810452702346929,0.2669621819924367,0.3000270297202994,0.12272707484036434
SMC20-T_AATCGGTTCATAGCAC,SMC20,SMC20-T,Myofibroblasts,8299,0.0,0,0.269254810738933,-0.12241166067848865,0.029274830737208227,0.06660997576829863,0.3073041407125337,0.32793631144734314,0.036398238178930786,0.11397465528810725,-0.12231399680041716
SMC20-T_ACACCAAAGTTTGCGT,SMC20,SMC20-T,Myofibroblasts,9494,0.0,1,0.347442703394506,-0.02147959968434614,0.05722052813032452,0.09750764017424933,0.2617212301310228,0.2925910615297251,-0.029747656536729714,-0.007042735376778771,-0.025622778705188205
SMC20-T_ACACCAACAACTGCTA,SMC20,SMC20-T,Myofibroblasts,22058,0.0,1,0.548100687228144,0.08652938884405191,0.34918460567310755,0.4109050184261145,0.6692695219107733,0.7000827579650768,0.09187232150058998,0.12756076319252743,0.08969088443437544
SMC20-T_ACACCAACATGTCTCC,SMC20,SMC20-T,Myofibroblasts,23624,0.0,0,0.651741376394252,0.10354477609916214,0.16983961225582325,0.16156766932775699,0.06848039015253284,0.0650072411504076,-0.026506958764634634,-0.06856792919776018,0.113576957126375
SMC20-T_ACACCCTGTTCGCGAC,SMC20,SMC20-T,Myofibroblasts,8712,0.0,1,0.380088944799079,-0.056620333147676366,0.2016342439289604,0.244439256354803,0.2895648097049217,0.3479189041915328,0.1340408144028563,0.16250948704340878,-0.05928701076249616
SMC20-T_ACACTGAGTTATCACG,SMC20,SMC20-T,Myofibroblasts,28231,0.303226039887633,1,0.726457845380684,0.18107631021555057,0.15741569694245652,0.1070106629759255,-0.014954100258420316,-0.05225034074338023,0.03473937360471801,-0.04253220697317053,0.1684223786779061
SMC20-T_ACAGCCGGTTAGAACA,SMC20,SMC20-T,Myofibroblasts,12323,0.0,1,0.341965827371511,-0.027249279619897145,-0.045037129665819964,-0.012320531532168388,0.22392237573691018,0.2422179696637444,0.07781349993065784,0.08388867895392811,-0.031150035114035385
SMC20-T_ACAGCTAAGTCAATAG,SMC20,SMC20-T,Myofibroblasts,11631,0.0,0,0.579569358432623,0.006109772299073245,0.25172898662276566,0.2736022255962669,0.1954841767200174,0.21911601460712074,-0.0014355125003739407,-0.0205739726915079,0.020461055411010228
SMC20-T_ACAGCTAGTCTTCTCG,SMC20,SMC20-T,Myofibroblasts,4777,0.0,0,0.0657525992119503,-0.21912030266238408,-0.2293197692999122,-0.1623037781157508,0.07868343580286113,0.10559050803787487,-0.055181101748817844,0.012389309353688184,-0.21495925046566153
SMC20-T_ACAGCTATCTTATCTG,SMC20,SMC20-T,Myofibroblasts,1124,0.0,0,-0.0030944609686794,-0.23942411839635225,-0.5769478693908575,-0.5106773718101222,-0.6894723339652529,-0.6379365219279777,-0.40039154440164565,-0.39250071846386964,-0.23440996469820247
SMC20-T_ACATACGAGACCTAGG,SMC20,SMC20-T,Myofibroblasts,12812,0.0,1,0.320851758696353,-0.07109644426555749,0.2980665896487023,0.29945101052886103,0.2933609494274216,0.30732329306734163,0.20965366524301077,0.21343828036504633,-0.07315488191744109
SMC20-T_ACATACGCACCCAGTG,SMC20,SMC20-T,Myofibroblasts,16255,0.0,1,0.701011875984786,0.11730505423130173,0.3102671407657314,0.288203626257799,0.36911535892179426,0.3605978103181304,-0.06810722782423621,-0.09774161358090008,0.1073305872308106
SMC20-T_ACATCAGTCACTCTTA,SMC20,SMC20-T,Myofibroblasts,18030,0.0,1,0.786993803465582,0.1263416008370226,0.4670401240071776,0.36781445429546805,0.31399483632828507,0.27717219947209193,0.04944414245454889,-0.050689257856677564,0.11598744700435831
SMC20-T_ACCGTAAAGATCCCGC,SMC20,SMC20-T,Myofibroblasts,7613,0.0,1,0.308591659317356,-0.06854387492006808,0.25045946065564545,0.24220235159666073,0.2849450805509577,0.2305918565496456,-0.08545817313225645,-0.10722835681894247,-0.07070956338478737
SMC20-T_ACCGTAACATCTACGA,SMC20,SMC20-T,Myofibroblasts,16446,0.0,1,0.458058322577897,-0.0311680546422538,0.23170345613010684,0.3097010951080337,0.38198908185586333,0.3717226525876931,0.19272543668354813,0.27671430713551887,-0.019857191050252996
SMC20-T_ACCTTTAGTGTGACGA,SMC20,SMC20-T,Myofibroblasts,11543,0.0,1,0.255459063979502,-0.10984128326373666,0.2601915047485001,0.3322500882715714,0.7153789751915908,0.8054313049759976,0.30111494813310474,0.33531636096098844,-0.11027178650393206
SMC20-T_ACCTTTATCGAACTGT,SMC20,SMC20-T,Myofibroblasts,22586,0.0,1,0.726083711873356,0.18835994759737923,0.3102447010424672,0.30962130518221276,0.32786684388256804,0.3219801142032063,0.17641133495459432,0.1392449749085833,0.1953005614150472
SMC20-T_ACCTTTATCGGTCCGA,SMC20,SMC20-T,Myofibroblasts,14175,0.0,1,0.269706703872103,-0.04469266488919394,0.15385076799905117,0.15696263549531378,0.15697954382215226,0.15783189817569976,0.008347273735623611,-0.0607041234479231,-0.04786050503588274
SMC20-T_ACGAGCCCAGGGATTG,SMC20,SMC20-T,Myofibroblasts,6815,0.0,1,0.223562656513312,-0.07686790384417563,0.1345762160490267,0.1723353924320602,0.2792095069961185,0.2835583460928742,-0.004348300736838657,0.015791122374289177,-0.07868384319443662
SMC20-T_ACGAGCCGTCCGCTGA,SMC20,SMC20-T,Myofibroblasts,15170,0.0,1,0.35850457681018,-0.06497823576067101,0.21572549679145522,0.2546404691912779,0.40837247643087593,0.40382432647395966,0.12415964136782445,0.1710529876544195,-0.06729374099679354
SMC20-T_ACGATACAGATTACCC,SMC20,SMC20-T,Myofibroblasts,13204,0.0,0,0.564354740966402,0.03730122191145232,0.21067288517892568,0.31063257021511476,0.34940239623585734,0.4282556230332269,0.11932166877545808,0.11057868091499104,0.04854751854133205
SMC20-T_ACGATACGTCCCGACA,SMC20,SMC20-T,Myofibroblasts,10423,0.0,1,0.56678816025221,0.020614469985542984,0.1886822435938354,0.24530186181286032,0.4047503618485465,0.4160012789070606,-0.02086201110658677,0.009882691729923381,0.036009601612786664
SMC20-T_ACGATGTGTCCGTTAA,SMC20,SMC20-T,Myofibroblasts,13025,0.0,1,0.2795089288521,-0.07346539544105007,0.08171092832879144,0.10215481234396376,0.16443129780949378,0.18485967052537342,0.11208997337441695,0.18157125010209926,-0.07542429732925751
SMC20-T_ACGCCAGGTAATAGCA,SMC20,SMC20-T,Myofibroblasts,14146,0.0,1,0.421515070620702,-0.012879071806214358,0.20042030780091502,0.19378029378755698,0.49870004893366093,0.4740333019642073,-0.04963864122615441,-0.002371233868796159,0.010529976400758038
SMC20-T_ACGGCCAGTGTTGAGG,SMC20,SMC20-T,Myofibroblasts,7190,0.0,0,0.321434497653837,-0.029206485422164724,0.06005758441015318,0.056716398387102455,0.045359039736189405,0.05389034291079571,-0.13312905979783912,-0.15903385921436197,-0.03302500537839256
SMC20-T_ACGGGCTGTATAGGGC,SMC20,SMC20-T,Myofibroblasts,9686,0.0,1,0.413132209200943,-0.03226494306306306,0.21258897871273208,0.1986720182637616,0.2846253912667839,0.25372894844690036,0.06413666152052189,0.04127945838605657,-0.03595495639572374
SMC20-T_ACGGGTCGTATAGTAG,SMC20,SMC20-T,Myofibroblasts,8242,0.0,1,0.400306871800561,-0.03028499071992803,0.16179336250132445,0.11382047713893216,0.07462114209727365,0.025774944227102192,-0.05670570366476711,-0.03495130552088513,-0.008891884644492334
SMC20-T_ACTGAGTCACTTGGAT,SMC20,SMC20-T,Myofibroblasts,13094,0.0,0,0.393148875060981,-0.05497625736487016,0.1968737083050061,0.2885916563795834,0.29267891758710757,0.2991548326992711,-0.006381898098870327,0.013886785945471596,-0.057712013794093575
SMC20-T_ACTGTCCTCACAATGC,SMC20,SMC20-T,Myofibroblasts,17298,0.0,1,0.573213150328107,0.05786077919918554,0.29473405914875317,0.25113538475480024,0.4760657596420877,0.4337402265518904,0.059859864588973945,0.03002816215157509,0.06483541896954148
SMC20-T_ACTTGTTAGAATAGGG,SMC20,SMC20-T,Myofibroblasts,11388,0.0,1,0.424239816459403,0.059768504973729715,0.311872344312011,0.29740294496097214,0.46408012467531523,0.46937124556753523,0.25748446324938223,0.23508610506268107,0.05221154004288446
SMC20-T_ACTTTCACAAGCGCTC,SMC20,SMC20-T,Myofibroblasts,12821,0.0,1,0.568850556192916,0.016742616058572343,0.17340133592429363,0.16227542313678964,0.16172524247489564,0.13534255702654982,-0.132778398025977,-0.14725863004432005,0.010993461586347147
SMC20-T_AGAATAGAGAGTAATC,SMC20,SMC20-T,Myofibroblasts,12542,0.0,1,0.312610420529994,-0.054200586621861974,0.0423176610576255,0.07601546459808582,0.293281529288815,0.25991363433557885,-0.03316574983886982,-0.020237530735047426,-0.0383972003312484
SMC20-T_AGAATAGAGGTGACCA,SMC20,SMC20-T,Myofibroblasts,1589,0.0,0,0.298577434561453,-0.1566660258298119,-0.28124079112039535,-0.26160468238337736,-0.3566524692031802,-0.4095856070865032,-0.483120462416034,-0.45876692458987234,-0.15512910291176885
SMC20-T_AGACGTTAGCTATGCT,SMC20,SMC20-T,Myofibroblasts,7699,0.0,1,0.39369916079513,-0.023017878709524348,0.24642329457767156,0.21915515912015263,0.2730544031578667,0.25750101530967756,0.1426810227726635,0.11194501598091687,-0.027096424157879932
SMC20-T_AGACGTTCACAGACAG,SMC20,SMC20-T,Myofibroblasts,2506,0.0,1,0.133639942486379,-0.19470980964404971,-0.019442667006229868,-0.022285426535257478,0.31904058656370154,0.3348487383404443,-0.07604313516303113,-0.06743692957303103,-0.19157440841448406
SMC20-T_AGAGCTTCACTGTCGG,SMC20,SMC20-T,Myofibroblasts,7289,0.0,1,0.589721826262622,0.11721088531378068,0.1838954132542071,0.15834146501814447,0.34283648912524045,0.2769681709103806,-0.11784762849933222,-0.11620793316294165,0.10724037499049631
SMC20-T_AGATCTGAGAGGTTGC,SMC20,SMC20-T,Myofibroblasts,13120,0.0,1,0.279681466593294,-0.0779025170200488,0.05218660987305398,0.1366530394681343,0.21345198997035053,0.24130324662668456,-0.10645986732683684,-0.0622439188115737,-0.07967498522846639
SMC20-T_AGCCTAAAGGTAGCTG,SMC20,SMC20-T,Myofibroblasts,21160,0.0,1,0.936822885552297,0.26208719754951043,0.28133769409388915,0.19265169198284063,0.10292496389652393,0.033153654076159,-0.021345574624444308,-0.10162111761815408,0.24602944721632145
SMC20-T_AGCGTATTCGCCTGTT,SMC20,SMC20-T,Myofibroblasts,16141,0.0,1,0.745214491131636,0.13460875524355,0.2820806389636531,0.14720196590372703,0.06360041361530216,-0.019903131045920903,0.11237198604564917,-0.020003883584457285,0.12390724198204003
SMC20-T_AGCTCTCCAGACAAGC,SMC20,SMC20-T,Myofibroblasts,10294,0.0,1,0.233067884534395,-0.07057569079558577,0.17925443450863265,0.1829584125065949,0.3484084525392676,0.3329277727103164,-0.008979036619788721,0.0004872563130715314,-0.07265600884536735
SMC20-T_AGGCCACAGAAGGACA,SMC20,SMC20-T,Myofibroblasts,8739,0.0,0,0.439695535727236,0.04319603171755086,-0.20128205342560399,-0.22363345633919646,0.13502761455518858,0.15814962125448292,0.1971469849838238,0.20398718758540996,0.03633538919242741
SMC20-T_AGGGATGGTTGTACAC,SMC20,SMC20-T,Myofibroblasts,13184,0.0,1,0.390105699228217,-0.0019020371857965202,0.3411245182042523,0.32973537485047083,0.35571274794258023,0.36181781824331644,0.06190168985018605,0.001510856081457699,-0.006867802866241511
SMC20-T_AGGGATGGTTTGACAC,SMC20,SMC20-T,Myofibroblasts,17107,0.0,1,0.729157505368115,0.1273190830589125,0.3984633503975917,0.2976138609029898,0.3659620176316524,0.32671594108606494,0.04731866180112487,0.029779587182051995,0.11692385854465621
SMC20-T_AGGTCATCAGAGCCAA,SMC20,SMC20-T,Myofibroblasts,9099,0.0,0,0.376728495573716,-0.037678865797556284,0.07501381094928602,0.0324711037186406,0.010881021561823329,0.015500718012971933,0.07546955550971784,0.05403250175363877,-0.04114140338507019
SMC20-T_AGGTCATCAGCATGAG,SMC20,SMC20-T,Myofibroblasts,28902,0.0,1,0.514636852484877,0.002002009615432798,0.13485215765861225,0.22342757333251761,0.1763184683454432,0.2300357489391815,-0.005061251003491251,0.029156908305252298,0.006284344753547877
SMC20-T_AGGTCCGAGAGGGATA,SMC20,SMC20-T,Myofibroblasts,12606,0.0,1,0.372966173109199,-0.0007609599349068543,0.17811516688201737,0.11467760238724067,0.09235688527969986,0.02224357687153442,-0.1221454576834252,-0.1930841768927434,-0.0057746700376581335
SMC20-T_AGGTCCGAGCTTCGCG,SMC20,SMC20-T,Myofibroblasts,3213,0.0,1,0.156267917527608,-0.1984613564420949,-0.2151767977190261,-0.2251948496190513,-0.3664230188849021,-0.3691401920866135,-0.18661384637418546,-0.25460209241684745,-0.19516832719580465
SMC20-T_AGGTCCGCAGTATAAG,SMC20,SMC20-T,Myofibroblasts,4510,0.0,1,0.323630526615312,-0.018807579076995973,0.01781440511041758,0.03875941655984739,0.25079790704256416,0.2880010525587686,-0.14376367667787954,-0.13451040466042125,-0.023063027871256116
SMC20-T_AGGTCCGGTATAGGTA,SMC20,SMC20-T,Myofibroblasts,10483,0.0,1,0.241801907281805,-0.14388708173901887,0.1576952975699488,0.16745754344979438,0.25473230234252253,0.2702123415439801,0.04714172960896241,0.05856653215254054,-0.14288708924495874
SMC20-T_AGTAGTCGTAGAGCTG,SMC20,SMC20-T,Myofibroblasts,13207,0.0,1,0.505192268615723,0.007872089139071474,0.17778522291277743,0.06238726469710833,0.2885373930912465,0.23666709901353475,-0.09824059009552003,-0.10847924947738648,0.002495645881951356
SMC20-T_AGTGTCAAGGTTCCTA,SMC20,SMC20-T,Myofibroblasts,9114,0.0,1,0.28786918328022,-0.06366181751435394,0.03736822510480273,0.051317328905187004,-0.0483133310300051,-0.018969803268826285,-0.010436676756331795,0.06352374246891807,-0.06603263444149819
SMC20-T_AGTGTCACATGCTAGT,SMC20,SMC20-T,Myofibroblasts,15178,0.0,1,0.568116154263173,0.054145507240798654,0.21248133776101227,0.1476628751175978,0.2833048217283676,0.25626833974058894,-0.025031996400732743,-0.12058586478233338,0.046824802718900084
SMC20-T_AGTTGGTGTACCAGTT,SMC20,SMC20-T,Myofibroblasts,22006,0.0,1,0.61174700622478,0.09357326499006727,0.4062595957395982,0.30751618079659415,0.1667303781652329,0.11834606307363787,0.04188823367616064,-0.04885389676646275,0.08459593199130867
SMC20-T_ATCACGAGTCAGAAGC,SMC20,SMC20-T,Myofibroblasts,20933,0.0,1,0.721044522652738,0.1329227824523849,0.28037900833546053,0.20462319463854883,0.38407483643719126,0.34156641364097595,-0.020665372138548837,-0.0760289754061138,0.14353455013415517
SMC20-T_ATCATGGGTACAGCAG,SMC20,SMC20-T,Myofibroblasts,4877,0.0,0,0.136869198164558,-0.22019263753961577,-0.5279708427890223,-0.5396983903355714,-0.35327035378740756,-0.3594437818541083,-0.04104580973324023,-0.04364594422719058,-0.18065837795744424
SMC20-T_ATCTGCCCAATCCGAT,SMC20,SMC20-T,Myofibroblasts,12607,0.0,1,0.530955893226729,0.04715528747545792,0.2993723753535626,0.26589351247360066,0.2894964822026312,0.25785278219751323,0.05500437748667441,0.051800812408328054,0.040128289666388796
SMC20-T_ATGGGAGAGAGAGCTC,SMC20,SMC20-T,Myofibroblasts,9001,0.0,1,0.415032713655174,-0.07781447395028775,0.09158194862895322,0.037099919009317715,0.15503131820136035,0.13279506746073103,-0.14952759917237257,-0.14968883973710678,-0.07959064144735076
SMC20-T_ATGGGAGGTAACGCGA,SMC20,SMC20-T,Myofibroblasts,12498,0.0,0,0.33955725448864,-0.0005256134093526686,0.09564093570224941,0.151532213510264,0.5062711811386885,0.5512624991148017,0.18395554964479646,0.23090543615467407,0.01307195469251826
SMC20-T_ATGTGTGGTAAACACA,SMC20,SMC20-T,Myofibroblasts,28662,0.0,1,0.81370383620704,0.22719217352405713,0.3588764577609848,0.2321607721060878,0.20094764171814433,0.1725853991716407,0.027122251140443903,-0.06398336273782393,0.2126006006709292
SMC20-T_ATTACTCAGGGCATGT,SMC20,SMC20-T,Myofibroblasts,3149,0.0,0,0.440019349274906,-0.07630334982419745,-0.16144020794605723,-0.19576459923168507,-0.0987137829010584,-0.12424973216514255,-0.08214685822788038,-0.06322854196324068,-0.0781430099316004
SMC20-T_ATTCTACTCATCTGTT,SMC20,SMC20-T,Myofibroblasts,10445,0.0,1,0.383094401891908,-0.03854160426642027,0.01347234858228464,0.005223604010009184,0.21118539904139708,0.22262967668127182,-0.16269797330084992,-0.17017457607914419,-0.04196789233843569
SMC20-T_ATTCTACTCTATGTGG,SMC20,SMC20-T,Myofibroblasts,2399,0.0,0,0.136794967552925,-0.1818574110634233,-0.5977608940887208,-0.5851306543662781,-0.5041929090357556,-0.4592016600072384,-0.4585967761121298,-0.3969902945791974,-0.17926202658094278
SMC20-T_ATTGGACGTGGCAAAC,SMC20,SMC20-T,Myofibroblasts,12202,0.0,1,0.333098635021907,-0.09174250973094451,0.24724185098038645,0.24646746353586999,0.39342067974182415,0.3965738138270586,0.09425113423310809,0.08942379130406634,-0.07397257949875183
SMC20-T_ATTTCTGTCTTCAACT,SMC20,SMC20-T,Myofibroblasts,9461,0.0,1,0.420354744259717,-0.005558204991342663,-0.014180638397359575,0.01183687498872509,-0.18500474168757472,-0.18229617314077481,0.3214382227363163,0.37533368503346165,0.012475694937654967
SMC20-T_CAACCAAGTTCCTCCA,SMC20,SMC20-T,Myofibroblasts,18340,0.0,1,0.738412451408795,0.10931082665430088,0.3861560022472689,0.35656821536661193,0.2763432704330403,0.2510160697017645,0.08038358884422403,0.07289388731998556,0.09967225156880978
SMC20-T_CAACCAAGTTCTGGTA,SMC20,SMC20-T,Myofibroblasts,11126,0.0,0,0.384649216454452,-0.06299181388315271,0.2090391587389975,0.31574637638177816,0.3676660939366842,0.4243007603772851,0.08997598506118122,0.14970092878622168,-0.06539078222337265
SMC20-T_CAACCTCAGATGTGGC,SMC20,SMC20-T,Myofibroblasts,18066,0.0,1,0.881865652266207,0.21076974798435053,0.3427402291218845,0.2935931283708026,0.35899864118166114,0.32152418008204114,0.1505967582723028,0.07225508551825495,0.1968681930110422
SMC20-T_CAACCTCAGGAATGGA,SMC20,SMC20-T,Myofibroblasts,17255,0.0,1,0.548953176621304,0.04768601383425688,0.45629433876530706,0.5028889355953874,0.5990261624054033,0.6073027339785598,0.21655898257403783,0.19332910109968746,0.04063671659834746
SMC20-T_CAACCTCAGGCTAGGT,SMC20,SMC20-T,Myofibroblasts,7933,0.0,1,0.531809201309745,-0.01682850847576271,0.17915999741122432,0.17476365456312168,0.205337114936235,0.20735229586446008,0.06899018440591662,0.044744225503767235,-0.021167111496965426
SMC20-T_CAACTAGGTCAATACC,SMC20,SMC20-T,Myofibroblasts,12031,0.0,1,0.499082304125261,0.039788153987549445,0.24755179942870625,0.1290751913698708,-0.07952424926369699,-0.11808544670253299,0.007116146699378365,-0.07190122122273726,0.03307069960234201
SMC20-T_CAAGAAAGTCAATACC,SMC20,SMC20-T,Myofibroblasts,12706,0.0,1,0.351413044770459,-0.0837761976862359,0.19467072848857817,0.2177350621943067,0.17801081810659747,0.1756114359338616,0.030626733708930643,0.01863455974003848,-0.0853018725893515
SMC20-T_CAAGAAATCAGATAAG,SMC20,SMC20-T,Myofibroblasts,11229,0.0,1,0.581208093646453,0.03555112338232759,0.24418869013993108,0.3179420937397858,0.43298130471981605,0.4850115661704263,0.26312991149331394,0.31792774296858733,0.061411730049005825
SMC20-T_CAAGTTGAGGGCTTGA,SMC20,SMC20-T,Stromal 2,9253,0.0,0,0.754650940925638,0.1927703296961753,-0.13384489243736072,-0.17305125327917134,-0.21550828982524725,-0.2504859222315772,0.477803884721116,0.5020181933746618,0.20283489060752533
SMC20-T_CAAGTTGTCTCTAGGA,SMC20,SMC20-T,Myofibroblasts,16862,0.0,1,0.418983369719559,-0.026192150037866412,0.19448486971193735,0.21458082532555592,0.08835812954574215,0.08429906127411266,0.04832954218513087,0.05729950280750499,-0.030137322741333676
SMC20-T_CACAAACCATACAGCT,SMC20,SMC20-T,Myofibroblasts,10834,0.0,1,0.273144596844657,-0.050852140379056596,0.02840223226088042,0.016033869327568426,0.018861305272700836,0.003678087058455445,-0.06514054228992838,-0.0689199521261103,-0.03304813672326693
SMC20-T_CACCAGGCACCTTGTC,SMC20,SMC20-T,Myofibroblasts,16974,0.0,1,0.676038509118153,0.13168983835432874,0.24934205755755323,0.26697114183604376,0.6182329456835073,0.6214819129253196,-0.08262929391655091,-0.07416381318505634,0.12111096865959278
SMC20-T_CACTCCAGTAAATGTG,SMC20,SMC20-T,Myofibroblasts,19092,0.0,1,0.697295749243591,0.10442444760956916,0.2585248816402021,0.18974191697439316,0.3137428737696906,0.32117686056542794,0.08398534481560713,-0.0025633544606320996,0.09499118256797436
SMC20-T_CAGAATCCAGCCTGTG,SMC20,SMC20-T,Myofibroblasts,1633,0.0,0,0.161979225273608,-0.2003587736470396,-0.6860835059422391,-0.7123388019106465,-0.696258125712677,-0.6542540294832961,-0.5122648798174372,-0.4701914658276912,-0.1969860209887769
SMC20-T_CAGAATCGTGTCCTCT,SMC20,SMC20-T,Myofibroblasts,9410,0.0,0,0.387786382494189,-0.09523689186429246,0.2001467226073146,0.3189635964383076,0.38492401326265263,0.4400503631941108,0.018910051803839836,0.09348893428550047,-0.09628102499522082
SMC20-T_CAGAGAGCAACGATCT,SMC20,SMC20-T,Myofibroblasts,7639,0.0,1,0.409962055192658,0.024282471440209633,0.24737777534340108,0.33910004649220443,0.40086070896715537,0.4418110111078551,-0.07235918797944721,-0.007287661380627576,0.018216516321697154
SMC20-T_CAGATCATCTAGAGTC,SMC20,SMC20-T,Myofibroblasts,11206,0.0,1,0.395168334759017,-0.03117380037152192,0.1727867387045099,0.17577194931303583,0.27545461073821903,0.24523404899031617,-0.089411009926545,-0.10040529896231258,-0.03490966003575996
SMC20-T_CAGCAGCGTCATCCCT,SMC20,SMC20-T,Myofibroblasts,15499,0.0,1,0.642898531805062,0.07825608223088477,0.19847980732744447,0.1926678638314692,0.2098112102141794,0.2162520466155784,0.004818103384030493,0.001515161114580491,0.06992232833965485
SMC20-T_CAGCATACAAAGCAAT,SMC20,SMC20-T,Myofibroblasts,13494,0.0,1,0.774732325869458,0.1744195365494019,0.33310643000034046,0.2930719466516521,0.1788899908412476,0.14314348293944848,0.18678238978119274,0.09189221883083092,0.16204530138428472
SMC20-T_CAGCTAATCGCCCTTA,SMC20,SMC20-T,Myofibroblasts,14174,0.0,1,0.333346279472044,-0.062032384650879784,0.25674054064616864,0.28961364397915396,0.3077656862382986,0.31386389150175936,0.05891301177049938,0.03653160780668259,-0.06447166514371623
SMC20-T_CAGTAACGTCAGGACA,SMC20,SMC20-T,Myofibroblasts,17364,0.0,1,0.596689654581519,0.04781983395744311,0.14389216126779056,0.12632469935683396,0.18166719349481317,0.1567924639729913,0.15819614325699052,0.1407367914038546,0.04076491402728217
SMC20-T_CAGTCCTCAGCGTCCA,SMC20,SMC20-T,Myofibroblasts,9102,0.741298872018096,0,0.391522471772852,0.03630307118669806,-0.19058065233295973,-0.18381124597451673,-0.23426152938710793,-0.1915113032080753,-0.23920972084528522,-0.2172323119990966,0.029732048851946573
SMC20-T_CAGTCCTCATATGCTG,SMC20,SMC20-T,Myofibroblasts,12126,0.0,1,0.449840961570137,0.00434135804116203,0.31331835515150913,0.2853270465076515,0.48729341284238864,0.44296757131814957,0.13975216958083606,0.11605647302725736,-0.0008867351698274372
SMC20-T_CATATGGAGCTTATCG,SMC20,SMC20-T,Stromal 1,14245,0.0,0,1.13564267501076,0.5260294314571902,0.044201500255291404,0.022555240313522518,-0.07483215271780382,-0.04316876966203021,-0.19113521897234023,-0.2509937557200079,0.4988816712959474
SMC20-T_CATCAAGGTTCAGCGC,SMC20,SMC20-T,Myofibroblasts,24099,0.0,1,0.473089215670074,0.04279667423556052,0.056907485856921694,0.07792117636332788,0.25810825694542455,0.27870524074709,-0.0038622818299030004,0.008914978648809826,0.03595281143657112
SMC20-T_CATCCACCAATCTGCA,SMC20,SMC20-T,Myofibroblasts,6751,0.0,1,0.345278872070068,-0.0745694805835292,0.1176756139065386,0.14002946200894145,0.2552699121285458,0.24806928444047308,-0.049546314697516594,0.0023109290967969335,-0.07648199233969971
SMC20-T_CATCGAAGTCCGTGAC,SMC20,SMC20-T,Myofibroblasts,9778,0.0,1,0.0502971025427753,-0.17485454727552438,0.08695492391802409,0.08873480783417685,0.24665135474001265,0.2808166899350147,0.14067489315731158,0.12805669330854846,-0.17255340076732537
SMC20-T_CATCGGGTCCGGCACA,SMC20,SMC20-T,Myofibroblasts,7440,0.0,1,0.288619763266471,-0.0749738913584958,0.13261484732059642,0.18485872625858132,0.22777501564016756,0.23790239362955787,0.049089620037365854,0.062104453815332174,-0.07686941106529797
SMC20-T_CATGGCGCACCAGCAC,SMC20,SMC20-T,Myofibroblasts,4897,0.0,1,0.429324320901747,-0.02253890591428468,0.09812209435871669,0.08160063896964236,0.18178669545723466,0.1592244803905487,-0.0809546244771857,-0.09496769554474775,-0.02663757627000328
SMC20-T_CATGGCGGTCTAGGTT,SMC20,SMC20-T,Myofibroblasts,13422,0.0,0,0.355423763844886,-0.019604481323703862,-0.04887582205844169,-0.052365095127464796,0.1296807844952053,0.12573304399847984,-0.16453891020072134,-0.1951222555602298,-0.0238264468302872
SMC20-T_CATTCGCGTGGCAAAC,SMC20,SMC20-T,Myofibroblasts,15515,0.0,0,0.805951745899564,0.17872306751904257,0.11207051352806846,0.028251197166377452,0.27857542967385784,0.26946363686908814,0.14359804407546395,0.047151363421888914,0.16616801172494888
SMC20-T_CCACCTATCTGGAGCC,SMC20,SMC20-T,Myofibroblasts,11529,0.0,1,0.231083953643021,-0.07627037210030514,-0.09010465306286909,-0.06007632613182068,0.23655949016006625,0.2550474970146667,-0.212015500664711,-0.16440500178757836,-0.07811141782635901
SMC20-T_CCACGGAGTTCCCGAG,SMC20,SMC20-T,Myofibroblasts,9873,0.0,0,0.188803852308034,-0.11811887673837573,-0.017155494873545,0.015085986168010206,0.07028606880874354,0.09962541606753718,0.03385065386169835,0.08148170253809761,-0.11820158193341825
SMC20-T_CCATTCGCAGTAACGG,SMC20,SMC20-T,Myofibroblasts,11265,0.0,1,0.592953729070668,0.08243613031676464,0.3078334225075586,0.2829053687249742,0.30241076948539336,0.32632770073101963,0.2339379210025072,0.24329016136334222,0.10626188077095176
SMC20-T_CCATTCGCATTCACTT,SMC20,SMC20-T,Myofibroblasts,7467,0.0,1,0.385410279931511,-0.002742606509280832,0.21251560665895136,0.27970180446963483,0.4543218528091603,0.46514028722290385,-0.020343037890760522,0.008596665806630079,-0.007673054150923961
SMC20-T_CCATTCGTCTTATCTG,SMC20,SMC20-T,Myofibroblasts,12431,0.0,1,0.354428762488517,-0.0318669063088141,0.10592041605589342,0.12796519733056788,0.10480851428203132,0.11672331998124719,0.048002241924405095,0.06618305635364617,-0.035573643874846586
SMC20-T_CCCAATCAGACGCAAC,SMC20,SMC20-T,Myofibroblasts,11289,0.0,1,0.475135944227146,0.016349185074336435,0.36615113387530557,0.3874089569307682,0.24182800584643774,0.27233126729206986,0.012123577218306692,-0.015839501075884874,0.010616561315734597
SMC20-T_CCCATACAGATAGCAT,SMC20,SMC20-T,Myofibroblasts,18679,0.0,1,0.610259873909064,0.044684431548312045,0.31931360442267387,0.1610460421751912,0.2161015198775092,0.18506031002589438,0.07404094193326799,0.02097767148824299,0.037761251215173416
SMC20-T_CCGGGATCACCTGGTG,SMC20,SMC20-T,Myofibroblasts,22668,0.0,1,0.417305123154254,0.008457104262912222,0.30710353973150556,0.2125534539383541,0.43778777015110365,0.38734003501879266,0.13952638502967984,0.05728373838698163,0.014631927651235787
SMC20-T_CCGGTAGGTCCAGTAT,SMC20,SMC20-T,Myofibroblasts,8599,0.0,1,0.0629133158769692,-0.2061508678945533,-0.13362989495080724,-0.07605214744363344,-0.03954678986991318,0.0004939656937494874,-0.18524738212949352,-0.12839625293717666,-0.20253474993177323
SMC20-T_CCGTTCAGTTGCTCCT,SMC20,SMC20-T,Myofibroblasts,10679,0.0,1,0.285361698947434,-0.0925497991898865,0.22479279333611532,0.25758303806367444,0.509721404036545,0.5305614492661038,-0.0682220227036037,-0.08896870021434392,-0.09370683537436132
SMC20-T_CCTAAAGCACAACGTT,SMC20,SMC20-T,Myofibroblasts,6767,0.0,1,0.537907424858436,0.08308986740252167,0.14587338946341555,0.16075707672209275,0.36181167119695823,0.35889978405781264,-0.08521292095905857,-0.06739184413762654,0.07455301329399608
SMC20-T_CCTAAAGCATTCTTAC,SMC20,SMC20-T,Myofibroblasts,11836,0.0,1,0.425964669428609,-0.028101302707861913,0.05348743760616195,-0.009399170328567668,-0.03467595189505694,-0.06564642601581507,-0.01065296565035456,-0.04289529852788238,-0.03196625891258987
SMC20-T_CCTAGCTCACCGAATT,SMC20,SMC20-T,Myofibroblasts,5348,0.0,1,0.334493168129119,-0.07148113374581985,-0.2454375458919272,-0.2980789288696719,0.02292016019322434,-0.055056970479876496,-0.1369945955119635,-0.12237843573093414,-0.07352340797416303
SMC20-T_CCTCAGTTCCGTAGTA,SMC20,SMC20-T,Myofibroblasts,11733,0.0,1,0.681881017269239,0.10388996380201557,0.34650739336657166,0.31212697352038515,0.36176610695274203,0.3730936175493827,0.13771096711096012,0.07931798196890776,0.09447915606325914
SMC20-T_CCTCTGACAGACGCTC,SMC20,SMC20-T,Myofibroblasts,27958,0.0,1,0.135741146459387,-0.12736751833571153,0.07314481365741515,0.11947163412483727,0.22523321709310523,0.28160489658110366,-0.04303358597190757,0.004689424747929854,-0.12706162514431135
SMC20-T_CCTCTGATCTGACCTC,SMC20,SMC20-T,Myofibroblasts,11179,0.0,1,0.321192234486614,-0.07509343535230871,0.1482048993360023,0.14870002547778735,0.35196476599809773,0.3251240808235178,-0.016266807364790064,-0.009001281243913315,-0.07698393220222798
SMC20-T_CCTTACGTCAAAGACA,SMC20,SMC20-T,Myofibroblasts,9972,0.0,1,0.600808922849841,0.051824611260375957,0.15902524374007265,0.13875240002327213,0.3490022742213225,0.30244357218197004,-0.08117827325079002,-0.09275369678130921,0.06660220851072994
SMC20-T_CCTTACGTCTCTGCTG,SMC20,SMC20-T,Myofibroblasts,13960,0.0,1,0.543403042662542,0.059658698972494324,0.2694632737536211,0.22449263671367634,0.34833276332641133,0.32462812734897745,0.1884823986574223,0.16872773284421247,0.05210634773917997
SMC20-T_CCTTCCCAGTACGACG,SMC20,SMC20-T,Myofibroblasts,6559,0.0,1,0.165601826394838,-0.1457566081856688,0.20062323709075547,0.2521719998430188,0.3301087029050199,0.3193170547398717,-0.06289535486384441,-0.05937173270127353,-0.1446780641602368
SMC20-T_CCTTCGAGTACTCGCG,SMC20,SMC20-T,Myofibroblasts,12554,0.0,1,0.473151189061232,0.008375410284650954,0.4248615470097153,0.43358052106824047,0.43266087477760656,0.44291544978528524,0.184923336890183,0.15850908935946575,0.002977819080237581
SMC20-T_CGAACATAGACTAAGT,SMC20,SMC20-T,Myofibroblasts,15478,0.0,1,0.327949107111146,-0.055006122723091064,0.01869175867272579,0.01944736153932243,0.24210270613013785,0.23864888912066817,0.09423889474649179,0.10774883286041372,-0.057740624305330404
SMC20-T_CGAATGTAGTCCCACG,SMC20,SMC20-T,Myofibroblasts,15145,0.0,1,0.499475973333248,0.03889583912269588,0.2469591267159855,0.23972764273923708,0.5565238909092637,0.5410878474737496,0.23064334445485943,0.21408291307880598,0.03221587695870079
SMC20-T_CGACCTTCACCGTTGG,SMC20,SMC20-T,Myofibroblasts,1661,0.0,0,0.0748310336913087,-0.22646050418220592,-0.728524961717883,-0.7105660431268739,-0.685445272420742,-0.6291399007273275,-0.5383600177733522,-0.4870958583319888,-0.22199104015691942
SMC20-T_CGATTGAGTACAAGTA,SMC20,SMC20-T,Myofibroblasts,10496,0.0,1,0.735329967181731,0.0534919591093632,-0.011492196833405986,0.021852641409722998,0.03220405441302597,0.049909844445633206,-0.003948215748134413,0.030401123972500072,0.046198714592987127
SMC20-T_CGATTGATCTGAAAGA,SMC20,SMC20-T,Myofibroblasts,4937,0.0,1,0.352484418808415,-0.024523391453712656,0.26296869520934263,0.277344352224978,0.5184911007479746,0.5363182717457761,0.03027415526540656,0.026961013411774353,0.006529641063774333
SMC20-T_CGCCAAGAGTTCGATC,SMC20,SMC20-T,Myofibroblasts,8142,0.0,1,0.382508615221891,-0.05535250001897415,0.4380332002682345,0.3989960204173879,0.5401320221016601,0.5451332791600116,0.15523408094519062,0.15390601552584593,-0.058072447933319234
SMC20-T_CGCCAAGTCCTGCTTG,SMC20,SMC20-T,Myofibroblasts,9957,0.0,1,0.382847826853705,-0.026691947606179798,0.07333385806093562,0.048016739719570045,0.23373086790896344,0.17572717795819912,-0.14885334466633043,-0.1697757563170265,0.013399002150076778
SMC20-T_CGCTGGAAGCCAGAAC,SMC20,SMC20-T,Myofibroblasts,2960,0.0,0,0.419855394271376,-0.04840811664696064,0.1018607419516359,0.11428320898515422,-0.05477068497210133,-0.0291485644357149,-0.1706432824072085,-0.24762297141201356,-0.05141984537525588
SMC20-T_CGCTGGAAGTGCAAGC,SMC20,SMC20-T,Myofibroblasts,6513,0.0,1,0.347302797725544,-0.12765702803766257,0.03900731882384541,0.061847219425367146,0.20101438439926322,0.16386237818487856,-0.08410351618536209,-0.1016464563415331,-0.09786898415034809
SMC20-T_CGCTGGATCTGAAAGA,SMC20,SMC20-T,Myofibroblasts,15468,0.0,1,0.837529999778516,0.13999551286300024,0.4257002074879651,0.4076269151324906,0.40874926954963986,0.39511813946761365,0.1817133907424776,0.13746482808800303,0.15535448915755548
SMC20-T_CGGACACTCATCACCC,SMC20,SMC20-T,Myofibroblasts,9430,0.0,1,0.284893958172652,-0.07752369211888627,0.3151130918947961,0.3249223761263349,0.4882374384727956,0.46482358198899904,0.04392574092275218,0.042323699155274556,-0.07931207733995774
SMC20-T_CGGAGCTAGTTCGATC,SMC20,SMC20-T,Myofibroblasts,1801,0.0,0,-0.0408463963653834,-0.3167212378527773,-0.31383264755678114,-0.23568471684688475,-0.19285215751971213,-0.17040179622207963,-0.2751027564469137,-0.20082660589148016,-0.3084593060262063
SMC20-T_CGGAGTCAGGATGCGT,SMC20,SMC20-T,Myofibroblasts,12201,0.0,1,0.426772602730035,0.060796090851031374,0.22449029510726734,0.19196904377966392,0.45063449564028757,0.4166093517181485,-0.06680769704674419,-0.09616989147137193,0.05319595004298857
SMC20-T_CGGGTCAAGGCTCTTA,SMC20,SMC20-T,Myofibroblasts,4672,0.0,0,0.378142030055355,-0.04185459088011269,0.2919868170758899,0.24328063591951277,-0.02745994074004037,0.003597290320105331,-0.002965476873673891,-0.0749191255253904,-0.04514167783390574
SMC20-T_CGGTTAAAGATGTGGC,SMC20,SMC20-T,Myofibroblasts,7661,0.0,1,0.401338885281731,0.02733664471133236,0.03298328246693222,-0.022849566053326536,0.27480732512717343,0.23476246986971344,0.21072837710380554,0.17767394360374003,0.02114236298478952
SMC20-T_CGTAGCGCAATGGAAT,SMC20,SMC20-T,Myofibroblasts,4938,0.0,0,0.275970173110465,-0.0522519474718393,0.006605933762478585,0.03026959765702486,-0.00879489797718671,-0.01694922374431477,-0.055585319666486034,-0.12277907597668031,-0.05510217070329089
SMC20-T_CGTCACTGTATGGTTC,SMC20,SMC20-T,Myofibroblasts,15736,0.0,1,0.30597374833134,-0.04631910417096183,0.273832558141071,0.2819143840815963,0.40339090101116776,0.38381998201962125,0.015295590146591789,-0.029033133212257835,-0.04941860653270239
SMC20-T_CGTCAGGAGAAGGACA,SMC20,SMC20-T,Myofibroblasts,7800,0.0,1,0.15945129724068,-0.1497350395738817,-0.0859528085482972,-0.08905906416475773,-0.15190585276910237,-0.2016608287082162,-0.10099206574653324,-0.103847657669993,-0.1484893345657517
SMC20-T_CGTCCATGTATTCGTG,SMC20,SMC20-T,Myofibroblasts,30799,0.0,1,0.539578592213885,0.09990004092258842,0.3856003466537412,0.4124802413691835,0.5362817556312194,0.5404385798502453,0.13703278072766567,0.1524126216002247,0.10650752766543076
SMC20-T_CGTCTACAGGCCCTTG,SMC20,SMC20-T,Myofibroblasts,18713,0.0,1,0.689617749243569,0.0976060741691311,0.1371189292083133,-0.01662911291847505,0.12298314423509399,0.09068421705431023,0.13545194397631444,0.06928689010879573,0.08845929540654629
SMC20-T_CGTCTACTCAACGAAA,SMC20,SMC20-T,Myofibroblasts,3125,0.0,1,0.156294025932707,-0.18713943558957494,-0.01765644337449755,0.04490922155176721,0.08039511057871337,0.03912763852019643,-0.3037535489389771,-0.23439116854878034,-0.18432211730347461
SMC20-T_CGTGTCTGTGCCTGGT,SMC20,SMC20-T,Myofibroblasts,2897,0.0,0,0.0774914255474151,-0.21216219207762102,-0.142316358201966,-0.08443604300661785,0.01253104954957962,0.0681323341505472,-0.07648713400489406,-0.0072290847406667825,-0.16099065883445138
SMC20-T_CGTTCTGCATCTCGCT,SMC20,SMC20-T,Myofibroblasts,7050,0.0,0,0.51087099927708,0.03468504053001341,0.05730367379681188,0.10040508796710794,0.11233703978359699,0.1123377380589413,-0.051530674413630836,-0.023067214734414046,0.028182002676635228
SMC20-T_CGTTGGGGTACCATCA,SMC20,SMC20-T,Myofibroblasts,10754,0.0,1,0.358288465834848,-0.04714404713983337,-0.00935522361411428,0.007892657752807548,0.285332920961082,0.3123506146894638,0.11032228130651148,0.17855220507172978,-0.05020888803229362
SMC20-T_CTAACTTAGTGTACCT,SMC20,SMC20-T,Myofibroblasts,2608,0.0,0,-0.126440543588669,-0.381598095670996,-0.27162235749087166,-0.19258340064254476,-0.3026781249791384,-0.26104630131361095,-0.17458474316487188,-0.10635584020877585,-0.3706102454487015
SMC20-T_CTAAGACCACTGTCGG,SMC20,SMC20-T,Myofibroblasts,5699,0.0,1,0.421591728373511,-0.013853146204430806,0.30911445556854716,0.42181438134937754,0.23216517938643086,0.2635926406743915,-0.1468103593901584,-0.10772928867269965,-0.018316764447118054
SMC20-T_CTAATGGAGTTCGCAT,SMC20,SMC20-T,Stromal 2,3087,0.0,1,0.133386062409297,-0.09901184038046681,-0.49057283465351376,-0.47374022452206144,-0.5438846177136412,-0.5472109993529874,0.18253715375536367,0.21894398971515544,-0.09989736222920298
SMC20-T_CTACATTGTCGAGTTT,SMC20,SMC20-T,Myofibroblasts,5354,0.0,1,0.46329392852437,-0.01786725089084684,0.048199319076363226,0.06595267197003633,0.057643442889865566,0.05337423034185587,-0.23380264415846844,-0.24515379040008958,-0.022162209272760303
SMC20-T_CTACATTTCGCCTGAG,SMC20,SMC20-T,Myofibroblasts,7749,0.0,1,0.181353777976448,-0.1281562405475007,0.2294101396252458,0.23825015400241062,0.3182208409570918,0.30650859066220215,0.0733430054234831,0.06882800328380921,-0.12781720776736988
SMC20-T_CTACGTCGTACAGACG,SMC20,SMC20-T,Myofibroblasts,10456,0.0,1,0.345765922226841,-0.0874578087312872,0.1340666099080854,0.14257609766976134,0.25450565089585675,0.2701465176461741,0.10216247442815649,0.09801410287618637,-0.08882879409469477
SMC20-T_CTCAGAAAGGGATACC,SMC20,SMC20-T,Myofibroblasts,9469,0.0,1,0.616233901661099,0.06721034410752748,0.3770339816466582,0.3720681627122004,0.49539292793796985,0.492851574753606,0.043257771157904676,0.04103682470672271,0.059340696860136107
SMC20-T_CTCCTAGTCGCGTAGC,SMC20,SMC20-T,Myofibroblasts,13272,0.0,1,0.78497363447707,0.12347579275241546,0.3355318472473597,0.4038792791799074,0.5901763781296964,0.6118575374400893,0.15536091155127474,0.17081132645116132,0.11324205102414645
SMC20-T_CTCGAAAAGGGTGTTG,SMC20,SMC20-T,Myofibroblasts,3294,0.0,1,0.445348641782028,0.02023675591733895,-0.06931246315338174,-0.12452605348534701,0.08906498290978525,0.12015468984582396,0.0389485817990805,0.030460235388839945,0.014340788846005913
SMC20-T_CTCGGAGTCCACGCAG,SMC20,SMC20-T,Myofibroblasts,12035,0.0,1,0.287709488326443,-0.05992460917485388,0.21005603319452126,0.21360615531845792,0.3663697011996897,0.39249464871665074,0.11106598303212147,0.15968181425705552,-0.06245245166248133
SMC20-T_CTCGTCAGTACCGTTA,SMC20,SMC20-T,Myofibroblasts,16852,0.0,1,0.397358071635106,-0.04812569373895888,0.3019983269587843,0.3259801403789713,0.36084843547634626,0.34648031359105264,0.06337796693765803,0.08636481798089603,-0.036392215249019075
SMC20-T_CTCTACGCAGACAAAT,SMC20,SMC20-T,Myofibroblasts,7539,0.0,1,0.213701344732838,-0.12398112354506004,-0.47020230835246646,-0.48583519846632534,-0.38829377682508937,-0.37717135355883646,-0.39870230324419315,-0.3377864984494141,-0.12381751584906538
SMC20-T_CTGAAGTAGAGAACAG,SMC20,SMC20-T,Myofibroblasts,5156,0.0,0,0.587427235951948,0.05753269982769301,-0.05291970811632215,0.00018540170134567633,-0.00016535932616311677,-0.024401376457061877,-0.14652002430275868,-0.11269987672567368,0.05006967628953837
SMC20-T_CTGAAGTGTGTAATGA,SMC20,SMC20-T,Myofibroblasts,10628,0.0,1,0.363491587726615,-0.007420645095407963,0.34093907353829367,0.39397127308496616,0.6522704350514984,0.6352366193219326,0.12633351409121563,0.17915487648809658,-0.012154536493936507
SMC20-T_CTGATAGAGGGTTTCT,SMC20,SMC20-T,Myofibroblasts,9304,0.0,1,0.474569788501534,0.030617843778281098,0.198933392116914,0.20206918581048164,0.4548178456619154,0.4550977991677301,0.055438539856358576,0.09886628117631463,0.024285696544723602
SMC20-T_CTGATCCCAGCGTAAG,SMC20,SMC20-T,Myofibroblasts,9297,0.0,1,0.213755167890979,-0.10906494622886703,0.019080349681328754,0.0664274794299428,0.08767205043410768,0.14439130201935768,0.18802253329440166,0.2539450060795335,-0.10952806867220823
SMC20-T_CTGCCTATCCTCAACC,SMC20,SMC20-T,Myofibroblasts,15541,0.0,1,0.492681976747556,0.040594802842589844,0.33427915654420776,0.3968971745656213,0.5306401659178605,0.5410952867052063,0.32448772599577513,0.3707989541485029,0.03384345564834711
SMC20-T_CTGCGGATCGAGAACG,SMC20,SMC20-T,Myofibroblasts,5895,0.0,0,0.434094923189473,0.01657068435298769,-0.02208842990957961,-0.10946684830435892,0.07217620548849203,-0.004444775193236595,-0.006953318966062445,-0.08826241510755875,0.010828753902005548
SMC20-T_CTGCTGTCACAGGAGT,SMC20,SMC20-T,Myofibroblasts,14449,0.0,1,0.645502376156775,0.0960034460907704,0.22599929565449758,0.14712694062419782,0.16970127057616732,0.13741126895589797,0.026110934277408217,-0.01369257305529626,0.08692400464240242
SMC20-T_CTGTGCTTCACCGTAA,SMC20,SMC20-T,Myofibroblasts,15178,0.0,1,0.329387800376126,-0.04845476639048572,0.07177293278949279,0.14551928440867015,0.2622943858387975,0.3200386946609374,-0.1073583437423957,-0.08584773671977661,-0.051464535045523604
SMC20-T_CTTCTCTTCAGCGACC,SMC20,SMC20-T,Myofibroblasts,3569,0.0,1,0.153266909651742,-0.13573269452899694,-0.18190126915519333,-0.1736304008106633,-0.4173189859305109,-0.3998724074904309,-0.1958491456743918,-0.17186906087924453,-0.13507532334628225
SMC20-T_CTTGGCTCATACAGCT,SMC20,SMC20-T,Myofibroblasts,27171,0.0,1,0.920335844003866,0.22333785242874893,0.24103055784136665,0.10952416203189187,0.10412707913438884,0.019240862971474957,0.1447211661621144,0.05400422837804345,0.20890822584012977
SMC20-T_GAAATGACATCGTCGG,SMC20,SMC20-T,Myofibroblasts,12284,0.0,1,0.5123944948739,0.04985647637658985,0.05278340559832904,0.0626633680630021,0.15597385335333494,0.1352919774173304,-0.005650083210907484,-0.000459487341782626,0.04271598323554039
SMC20-T_GAACCTAGTGCTCTTC,SMC20,SMC20-T,Myofibroblasts,29091,0.0,1,0.732913753667014,0.17543895781987853,0.17136886222668143,0.1950489854803536,0.16158960016482338,0.15973885965988385,-0.0014225200798950698,-0.05568385392646579,0.16302188982827073
SMC20-T_GAACGGAGTACTTCTT,SMC20,SMC20-T,Myofibroblasts,11022,0.645676232940119,1,0.549973031058892,0.03657088729373196,0.3474355236988287,0.320367257542363,0.20329863573032508,0.20913697244954121,0.2075560662699373,0.1698892343131935,0.029988612181374004
SMC20-T_GAAGCAGGTTGGTAAA,SMC20,SMC20-T,Myofibroblasts,19643,0.0,1,0.639640718209111,0.060908935980446506,0.24910112896135875,0.21659117609989353,0.3218942897356286,0.3242664027006127,-0.09308591171314842,-0.15075240608523874,0.05330405378041147
SMC20-T_GAAGCAGTCTGCTTGC,SMC20,SMC20-T,Myofibroblasts,9633,0.0,0,0.481202215776967,0.03905836192956358,0.15065432621204122,0.20743759962298522,0.34918747294922264,0.42223473859214505,0.18096776224280658,0.1888645646326682,0.032371571076204295
SMC20-T_GAATAAGGTCACACGC,SMC20,SMC20-T,Myofibroblasts,8701,0.0,1,0.739097391644361,0.1904236825117678,0.36556761716587505,0.29717025275501174,0.2458281858482075,0.21463121440218286,0.18368587674278963,0.10071369400795768,0.17737700423898817
SMC20-T_GAATGAAAGCACAGGT,SMC20,SMC20-T,Myofibroblasts,12263,0.0,1,0.54055603943239,0.09739380952362951,0.3822008692564405,0.38392956205075834,0.36425501033093555,0.3091034003056932,0.03831375249122319,0.01277758224922068,0.08825594944362881
SMC20-T_GACACGCGTTGGTAAA,SMC20,SMC20-T,Myofibroblasts,9340,0.0,1,0.2897712882177,-0.07119283820257376,0.07381708149285036,0.06029685774091177,0.44605651421814546,0.4746496055361836,-0.026682532304211668,-0.0039177749086828795,-0.05019101359638847
SMC20-T_GACTAACTCATGGTCA,SMC20,SMC20-T,Myofibroblasts,1344,0.0,0,0.0658655768079412,-0.22306745909481196,-0.34787140877879397,-0.2851490872662242,-0.266111357631732,-0.21368520845507466,-0.27908645358524825,-0.20797219232601277,-0.21874055998916386
SMC20-T_GACTGCGCAAGGACAC,SMC20,SMC20-T,Myofibroblasts,2741,0.0,0,0.0668413856785822,-0.24369567585292093,-0.07375661876736855,-0.062436102367028956,-0.10143532649594911,-0.08101153772237689,-0.1984018786173118,-0.17123995835290234,-0.1898313207911844
SMC20-T_GACTGCGGTTTGACTG,SMC20,SMC20-T,Myofibroblasts,2970,0.0,1,0.42359961364812,-0.06842282276371853,-0.23218428518395035,-0.3230766406873377,-0.16112589068254646,-0.1810335937974065,-0.21612643913218849,-0.25767993602682565,-0.07059359745349453
SMC20-T_GAGCAGATCTGGAGCC,SMC20,SMC20-T,Myofibroblasts,14243,0.0,1,0.364587301574256,-0.08074144759264432,0.18325217607982305,0.2052801686180074,0.3786571469842171,0.3776558904020592,0.13466528644295114,0.16088460151325254,-0.08239463300389402
SMC20-T_GAGGTGAAGTAACCCT,SMC20,SMC20-T,Myofibroblasts,10495,0.0,1,0.247865171322413,-0.11438254213058635,0.16380431926904285,0.19708684129958473,0.1316633007432125,0.1565626275314148,-0.09628099597206241,-0.10957149918026785,-0.09342185025956451
SMC20-T_GATCAGTCAGGAATGC,SMC20,SMC20-T,Myofibroblasts,11575,0.0,1,0.256680317769081,-0.1063537490309069,0.2848074764621501,0.3613380964209394,0.5409336333372154,0.6011025559070499,0.028145429884132586,0.05266612864592496,-0.08720633963576886
SMC20-T_GATCAGTGTATGAAAC,SMC20,SMC20-T,Myofibroblasts,11804,0.0,1,0.670315016027614,0.14066214373400598,0.31776002661458086,0.3141717893957365,0.2045186318989311,0.20450895725814408,0.07792070657014846,0.06797734349966049,0.12970628641827517
SMC20-T_GATGAAAGTCGTTGTA,SMC20,SMC20-T,Myofibroblasts,16368,0.0,1,0.361500384822035,-0.027180400068397847,0.1925744225404092,0.1888514970224805,0.042898957056886684,0.012841050177379403,-0.03587102788059335,-0.0384499835617402,-0.03108404966133858
SMC20-T_GATGAGGCATGTAGTC,SMC20,SMC20-T,Myofibroblasts,2056,0.0,0,0.0649143826842707,-0.1982443930842636,-0.34248180759652536,-0.34258244727261183,-0.29856368059254423,-0.34147314393762934,-0.330906496314626,-0.34678484455627556,-0.19496047994544527
SMC20-T_GATTCAGTCAAGCCTA,SMC20,SMC20-T,Myofibroblasts,12081,0.0,1,0.373021151162853,-0.09429089115573126,0.15520211141936632,0.20716186867254535,0.6230974507955264,0.6919505809715321,0.03831480210447855,0.08423121661711347,-0.09537477221559076
SMC20-T_GCAAACTTCCCTAACC,SMC20,SMC20-T,Myofibroblasts,8462,0.0,1,0.324622848986256,-0.02833611583500578,0.19899826215542094,0.22160628083639028,0.45472897748861996,0.4309185040724832,-0.037897059537078205,-0.07425325048320433,-0.03219120594195458
SMC20-T_GCAGCCATCAGAGCTT,SMC20,SMC20-T,Myofibroblasts,11493,0.0,1,0.260931056254605,-0.08589560339500997,0.08453684763944878,0.09290805636200963,0.2899947987681692,0.2955283112823963,0.048629377243158065,0.059094148403143185,-0.08733222763809305
SMC20-T_GCAGTTACAATCCAAC,SMC20,SMC20-T,Myofibroblasts,12026,0.0,0,0.360104471419903,-0.028876242219682848,0.3142986435025018,0.37265982758253813,0.330526721986885,0.3718473589870819,0.12037581739162928,0.1605904772055938,-0.032708637940720854
SMC20-T_GCATGCGAGACCCACC,SMC20,SMC20-T,Stromal 1,11152,0.0,1,0.125627334502529,-0.1183978436727142,0.13254968715090382,0.18772182894711634,0.23651894817736988,0.2883393642882448,-0.19524841214481153,-0.17594047811101465,-0.1184688275679946
SMC20-T_GCATGCGGTTCATGGT,SMC20,SMC20-T,Myofibroblasts,9602,0.0,1,0.36244526846094,-0.04747160669546901,0.15416645030586087,0.2075867952733505,0.2580789422654376,0.2843490281943665,0.18185295007730784,0.24098013797227075,-0.05052268458138995
SMC20-T_GCATGCGTCTTGTCAT,SMC20,SMC20-T,Myofibroblasts,3443,0.0,1,0.25541973647338,-0.08702819854257987,0.29744607260289163,0.37332400752276906,0.07342095452607894,0.09993507297233094,-0.12617093798410345,-0.1730270902023596,-0.08841723475425246
SMC20-T_GCATGTAAGCCTCGTG,SMC20,SMC20-T,Myofibroblasts,9498,0.0,1,0.573717034940183,0.03998832409515193,0.1178506371394104,-0.0010422081572980415,0.1439302257281177,0.06513575473150542,-0.0124320219221868,-0.09805267006158828,0.03326245920122171
SMC20-T_GCCAAATTCTGATACG,SMC20,SMC20-T,Myofibroblasts,4872,0.0,1,0.177792667326118,-0.237507133810013,0.2550957987883261,0.22869788387381448,0.3365306402651631,0.2975514808366465,-0.17404736852959582,-0.15775056262226667,-0.2325735256827178
SMC20-T_GCCTCTAAGTATTGGA,SMC20,SMC20-T,Myofibroblasts,11878,0.0,1,0.635963964738478,0.06841086505569126,0.29598307993491085,0.2378040808366566,0.3193925136738286,0.29683785487053005,0.1355643271125461,0.02801053996252663,0.06049077575165434
SMC20-T_GCGAGAAGTCACAAGG,SMC20,SMC20-T,Myofibroblasts,2629,0.0,1,0.3061459225549,-0.13642870156061754,0.024204395407316635,0.038389270443741866,0.22065961102441867,0.2633858342156854,-0.06460929583562047,-0.09643328058369019,-0.13574208638497762
SMC20-T_GCGCCAAAGATGTAAC,SMC20,SMC20-T,Myofibroblasts,10175,0.0,1,0.46272608162558,0.006908283764986615,0.206561004971059,0.15679437290059356,0.10441722926132534,0.08388188108801842,0.0052727293811346354,-0.03847073132500929,0.0015723365319877112
SMC20-T_GCGCCAAAGGACTGGT,SMC20,SMC20-T,Myofibroblasts,16150,0.0,1,0.605944792254876,0.09930338021857958,0.22604867049293326,0.10474353784797485,0.28987731329612054,0.23064097780788448,0.03969697748359881,-0.03814978143748115,0.10535102383773617
SMC20-T_GCGCCAAAGGGTTCCC,SMC20,SMC20-T,Myofibroblasts,8755,0.0,1,0.568739810813658,0.055201703788745296,0.18456865885123916,0.06762317340911889,0.21090578135787225,0.1125132048199343,-0.013599731586873531,-0.04218269542736166,0.047836621260630485
SMC20-T_GCGCCAATCATTTGGG,SMC20,SMC20-T,Myofibroblasts,27837,0.0,1,0.935755309595082,0.21915667669096014,0.19820546738955439,0.10896552167832851,0.24771731799202307,0.2226704864134622,0.04739095917657802,-0.028965636561898624,0.20490272975518925
SMC20-T_GCTGGGTTCCTAGGGC,SMC20,SMC20-T,Myofibroblasts,22464,1.17117585897046,1,0.209381717957357,-0.1616302101072251,-0.048945317310946326,-0.04221487154320973,0.18348612664837619,0.21709024704732868,-0.1440176080422182,-0.10969648822484647,-0.15988470801786214
SMC20-T_GCTTCCATCGTACGGC,SMC20,SMC20-T,Myofibroblasts,14960,0.0,1,0.505145331381199,0.033012091345562225,0.34231477702150537,0.37680654791070195,0.35058921157401435,0.3828673821029275,0.07694082824807418,0.1329180340994807,0.026579345474724007
SMC20-T_GGAAAGCGTCATGCAT,SMC20,SMC20-T,Myofibroblasts,2385,0.0,0,0.135120753931729,-0.1611863372586014,-0.18291780018076606,-0.18997972222363077,-0.1042288105402674,-0.07948913702438044,-0.20922911755348506,-0.25652241522774977,-0.15945948528892853
SMC20-T_GGACAAGCAAGTCTGT,SMC20,SMC20-T,Myofibroblasts,9513,0.0,1,0.268514034678225,-0.08119584837307532,0.16445985987630427,0.25583486313500053,0.38560155935927615,0.46116725720335233,0.10051484880478759,0.14896990981172112,-0.08282994131455902
SMC20-T_GGACAAGCACGACGAA,SMC20,SMC20-T,Myofibroblasts,6586,0.0,1,0.339734881101588,-0.09616334501882656,0.04012457068477358,0.06490850582627988,-0.004847170129342347,-0.03313612105151595,-0.08784655534515255,-0.11055440876413794,-0.09716855154662322
SMC20-T_GGACATTAGACAGACC,SMC20,SMC20-T,Myofibroblasts,13202,0.0,1,0.40837079196213,-0.060215333035509834,0.2094894417048413,0.0826762958952203,0.22658894041895258,0.22418030392551838,-0.0719169213191459,-0.11592525712707463,-0.06273096023487444
SMC20-T_GGACATTGTCTCATCC,SMC20,SMC20-T,Myofibroblasts,19882,0.0,1,0.616162046832268,0.1043469615836154,0.3227182460796772,0.19214392269439087,0.29573120074156595,0.22583689163763856,0.05363885027013327,-0.006008923185222289,0.0949169522573968
SMC20-T_GGACGTCCAACGCACC,SMC20,SMC20-T,Myofibroblasts,11054,0.0,1,0.675532677081995,0.20900811410198608,0.24845871116433824,0.22278901643869353,0.0413240901151748,0.050685033004536015,0.1816599814123229,0.1375564690460177,0.19518057735902922
SMC20-T_GGACGTCCACAGATTC,SMC20,SMC20-T,Myofibroblasts,11212,0.0,1,1.04325629092384,0.2813862502623938,0.24902459085747905,0.21774150035911943,0.2050979271987263,0.14179672725325407,0.016238832473754884,0.033262048135785496,0.2645176153614366
SMC20-T_GGATGTTCATATGCTG,SMC20,SMC20-T,Myofibroblasts,12424,0.0,1,0.480509456262297,0.021177442009119612,0.1936548044334869,0.23198239550721356,0.5626287743810336,0.5479464836656874,0.03924732830767569,0.032200292399262684,0.015241950312081505
SMC20-T_GGCAATTAGACCTAGG,SMC20,SMC20-T,Myofibroblasts,11978,0.0,1,0.172655976253892,-0.15571498500362954,0.14049994016104206,0.21625987747002665,0.3269486193288574,0.3759637343978813,0.16330835623176473,0.22929951487218633,-0.15421802178416558
SMC20-T_GGCCGATGTGAGTGAC,SMC20,SMC20-T,Myofibroblasts,1463,0.0,0,-0.0485642183764465,-0.26862266350929676,-0.632506116008272,-0.6406396503855543,-0.7960297609774434,-0.7200623499446137,-0.4117806829119984,-0.38505127947120105,-0.26238168018455266
SMC20-T_GGGAATGGTTCTGGTA,SMC20,SMC20-T,Myofibroblasts,13396,0.0,1,0.318734624648131,-0.056815612767087784,0.13088663272103485,0.16325613626892246,0.35019916752163244,0.37392543221628943,0.012790887410703458,-0.007041910728987526,-0.05947408535588188
SMC20-T_GGGAGATAGGGATACC,SMC20,SMC20-T,Myofibroblasts,12077,0.0,1,0.174247025255968,-0.14307710516936423,0.20430240861843435,0.3076795745504702,0.29558797960872857,0.3489784822734289,0.024006675246882398,0.05003649748464608,-0.14211114530428118
SMC20-T_GGGTCTGGTTAGGGTG,SMC20,SMC20-T,Myofibroblasts,11497,0.0,1,0.326705458303511,-0.07277578309897267,0.2608445504946368,0.2739773758846085,0.3323058960389118,0.29187061065851255,0.030101817375735234,0.011809560831855324,-0.07476366029567078
SMC20-T_GGTATTGTCCCATTAT,SMC20,SMC20-T,Myofibroblasts,10271,0.0,1,0.522207615459159,0.07783143942064621,0.21546516776541058,0.2036940800253211,0.20810366271785935,0.20060917434044356,0.1963947690631214,0.20198881398229038,0.06951552766430028
SMC20-T_GTACGTAGTTATTCTC,SMC20,SMC20-T,Myofibroblasts,3059,0.0,0,0.20525699946353,-0.1215432643044838,-0.08855798532616119,-0.09685224930687648,-0.356152595203769,-0.3751448810447094,0.003987230870284532,-0.013005440988961389,-0.07550742083714351
SMC20-T_GTACTCCAGGATGGTC,SMC20,SMC20-T,Myofibroblasts,9759,0.0,0,0.327581568336776,-0.04287840457012256,0.1885355831199915,0.14745554697086535,0.048802038702201476,0.06537730997255028,0.19039549364855415,0.13353702154229669,-0.04612247414198242
SMC20-T_GTACTCCCACCACGTG,SMC20,SMC20-T,Myofibroblasts,19668,0.0,1,0.466119478689762,0.0330629928625728,0.39206442813393755,0.4724098163069135,0.6683921986093212,0.7124418990042191,0.286446332892305,0.3186066847951973,0.026628108272532456
SMC20-T_GTACTTTGTGTCAATC,SMC20,SMC20-T,Stromal 2,14064,0.0,0,0.975719442289526,0.2589860442707217,0.03625570561698809,-0.1042631932125404,-0.010317152328028972,-0.03535235751160355,0.5240931314857382,0.44926687417661443,0.26007189736662417
SMC20-T_GTACTTTGTTCGTTGA,SMC20,SMC20-T,Myofibroblasts,14234,0.0,1,1.20546368495842,0.539248655125368,0.03104921160455869,-0.07427593943004202,-0.04467047539026457,-0.08618655897200454,0.01509677277583825,-0.0549347266116563,0.5284011635710212
SMC20-T_GTCATTTCACCGCTAG,SMC20,SMC20-T,Myofibroblasts,5558,0.0,1,0.623725892657979,0.05961154383329446,0.09914392225292264,0.0381798473436658,0.0030519832305762233,-0.10234907910574315,0.06334414278206073,-0.018527264191823847,0.05206117390834985
SMC20-T_GTCCTCATCTCGATGA,SMC20,SMC20-T,Myofibroblasts,6419,0.0,1,0.328408990827272,-0.05116169273918658,0.28863183526816416,0.3316164360177226,0.4487692961583332,0.4510303079042324,-0.09558098453440164,-0.08650348011185141,-0.054057724993018544
SMC20-T_GTCGGGTTCACCATAG,SMC20,SMC20-T,Myofibroblasts,5258,0.0,1,0.364689336988123,-0.05384787608330187,0.08809261100024593,0.11060481164150121,0.23762570785320536,0.26278078919926356,0.12016492627168956,0.1351636405376827,-0.05663104349074243
SMC20-T_GTCTCGTCACCAACCG,SMC20,SMC20-T,Myofibroblasts,18349,0.0,1,0.303130922258241,-0.039610195578190316,0.28281250305245725,0.3015963018122243,0.4121690162134414,0.4171990163970825,0.13502959722751065,0.1148011020877782,-0.042991584855593554
SMC20-T_GTCTCGTTCCGCATAA,SMC20,SMC20-T,Myofibroblasts,1386,0.0,1,0.139561279801703,-0.2792989230436975,-0.5008948992709724,-0.5370361754080144,-0.5079799949818727,-0.5506289655039477,-0.31659611926267023,-0.24249563068151475,-0.2726093573855753
SMC20-T_GTCTTCGGTCCTAGCG,SMC20,SMC20-T,Myofibroblasts,10166,0.0,1,0.428043321680096,-0.009088083693202128,0.29419682615873766,0.28698148169532056,0.33230537679806654,0.36117116485310846,0.315355977278791,0.3238650905954487,0.029770450807419142
SMC20-T_GTGAAGGGTGTTGGGA,SMC20,SMC20-T,Myofibroblasts,6248,0.0,0,0.281465540514385,-0.1379384862977946,0.03942834928023572,0.0015556393418370224,0.1551711684834136,0.18243480864695685,-0.08367807912199121,-0.10301354071673224,-0.13718843478865983
SMC20-T_GTGCAGCCACATTTCT,SMC20,SMC20-T,Myofibroblasts,9780,0.0,0,0.537166228252101,0.08123666510443416,0.17230358145826932,0.2090106268935814,0.48434628690687975,0.5001486987308708,-0.06236546549357866,-0.05335698171573527,0.07277767663868535
SMC20-T_GTGCATAAGAGAGCTC,SMC20,SMC20-T,Myofibroblasts,15583,0.0,1,0.546727683543983,0.042736455340657314,0.4043195152807297,0.40259826069743165,0.3905112854376131,0.40274740409019383,0.17395941979790988,0.14130133903201889,0.03589512274733612
SMC20-T_GTGCATAAGCACACAG,SMC20,SMC20-T,Myofibroblasts,14317,0.0,1,0.478083879856152,0.0538181032691347,0.1544440669976935,0.08429230095409765,0.25112585094282214,0.19891992620690618,-0.015291775586573702,-0.0072099414599292415,0.04651115521663377
SMC20-T_GTGCTTCGTACTCAAC,SMC20,SMC20-T,Myofibroblasts,13920,0.0,0,0.292064506613484,-0.09070662140699201,0.02161223422355798,0.06782986200414598,0.04310847113232071,0.0868881879276921,-0.06487821274878162,-0.06242456234553281,-0.09194110203612627
SMC20-T_GTTACAGAGTCGTTTG,SMC20,SMC20-T,Myofibroblasts,15092,0.0,1,0.467795096512111,0.03810608761156337,0.32029389631542454,0.27621130862985965,0.2532652590841967,0.21999770188487547,0.10388282079335401,0.0605378872845048,0.031459308284170484
SMC20-T_GTTACAGGTGCACTTA,SMC20,SMC20-T,Myofibroblasts,7716,0.0,1,0.570833328494589,0.012568159657938961,-0.020565504293736755,-0.0173267522236196,0.43014220307980267,0.4543151164990525,-0.027494286471291592,-0.026014932025881374,0.006994402513471471
SMC20-T_GTTACAGTCGCGTTTC,SMC20,SMC20-T,Myofibroblasts,3258,0.0,0,0.279411747222489,-0.06673587079306967,0.12128156507197692,0.18342318921917822,0.2650499121875179,0.2988680710279664,-0.2776560020289923,-0.2619400845731006,-0.06897752581774688
SMC20-T_GTTCGGGCACATTCGA,SMC20,SMC20-T,Myofibroblasts,5362,0.0,1,0.715216859234653,0.1379438066659005,0.2415968906039334,0.20690487796531581,0.36415392753421044,0.30958933279264805,-0.033737105689942835,-0.07563759711954524,0.1271021651933674
SMC20-T_GTTCTCGGTAGCCTCG,SMC20,SMC20-T,Myofibroblasts,19607,0.0,1,0.311227338987696,-0.06409227643815572,0.19791084139047152,0.20590690367503045,0.5174760126071621,0.4902673822199536,0.009823817602897945,0.03409129547722199,-0.06644500685589654
SMC20-T_GTTCTCGTCGACCAGC,SMC20,SMC20-T,Myofibroblasts,7066,0.0,0,0.500499615354039,-0.043641494072385524,0.14525783815592222,0.10878126046097861,0.020400630590524906,0.02397564284741705,0.07042936909159547,0.069656913639868,-0.018921530852485605
SMC20-T_TAAACCGCATGGATGG,SMC20,SMC20-T,Myofibroblasts,8386,0.0,1,0.458268255613484,0.03182266365834757,0.12744001947267322,0.040467949356974627,0.0486671975908839,-0.04656817993625652,0.06160017547050589,0.007258194126188755,0.02543989374075367
SMC20-T_TAAGTGCCAACTGCGC,SMC20,SMC20-T,Myofibroblasts,13147,0.0,1,0.818049239248072,0.16021861732332854,0.3523857771818127,0.23686251593980848,0.540746815027479,0.5353649064335365,0.10066215395927429,0.03035244100234088,0.14844105943661778
SMC20-T_TACCTTAAGTGCCATT,SMC20,SMC20-T,Myofibroblasts,20436,0.0,1,0.801599173166474,0.17803125911016474,0.1951345348426578,0.14809974121702155,0.3464407444152297,0.2958773229877616,0.12010595586739088,0.07328665002303965,0.17812283439639987
SMC20-T_TACCTTACACGGACAA,SMC20,SMC20-T,Myofibroblasts,12059,0.0,1,0.221753585777153,-0.1240577286828244,0.23905706713546296,0.25647590218520744,0.2979905680962363,0.28104735607671183,0.09767573026842193,0.1191515501588583,-0.12389090228356234
SMC20-T_TACGGATGTATAGGGC,SMC20,SMC20-T,Myofibroblasts,4208,0.0,0,0.288002263300856,-0.1236496323131417,0.10765830300064111,0.19679328581181968,0.1594315135319318,0.17230366386992987,-0.07926423018308063,-0.017269248471540564,-0.12349995282016882
SMC20-T_TACTCGCAGCCCAACC,SMC20,SMC20-T,Myofibroblasts,18415,0.0,1,0.440161767043525,-0.009321811960258504,0.2999351090200397,0.31574190669216035,0.6294040256464968,0.6251130896772064,0.1299455146452314,0.15069910504800432,-0.013975822398079043
SMC20-T_TACTCGCCATGCCCGA,SMC20,SMC20-T,Myofibroblasts,10339,0.0,1,0.454184891826103,-0.004322311630586914,0.040058117854047795,0.09172898703879427,-0.03148950611678313,-0.0008796664864517921,-0.1464434948235162,-0.06099098894525977,0.012246348728824939
SMC20-T_TACTTGTAGCCACTAT,SMC20,SMC20-T,Myofibroblasts,12930,0.0,1,0.409771789945441,-0.0050755691992347704,0.21558332135330657,0.2583453570742433,0.41312783793071095,0.4179114330300065,0.16504603836097215,0.21342231762759825,-0.00990799319844286
SMC20-T_TACTTGTAGTACTTGC,SMC20,SMC20-T,Myofibroblasts,5730,0.0,1,0.271849544512117,-0.08044268457186327,0.15720405467614837,0.23443156117346228,0.39560790990992467,0.42054649182530335,-0.05258913385240655,-0.02696505425607457,-0.08210842305121302
SMC20-T_TAGACCACAATTCCTT,SMC20,SMC20-T,Myofibroblasts,17317,0.0,1,0.544342694267856,0.004511942841896885,0.3559305116876352,0.3945031232632151,0.6063555040377744,0.5984126307763332,0.055485335737466814,0.08494800272233347,-0.0007233177976948875
SMC20-T_TAGGCATGTCCGCTGA,SMC20,SMC20-T,Myofibroblasts,6548,0.0,1,0.351136833476057,-0.07767880485768903,0.2127889459952712,0.21854516536724278,0.38000085813050366,0.40881357342004776,0.07921543191922338,0.10330393778927185,-0.07946067273679401
SMC20-T_TATTACCCATGAAGTA,SMC20,SMC20-T,Myofibroblasts,9731,0.0,1,0.358683517056819,-0.02840503009460997,0.03606361392125183,0.09363460397665821,0.3651853277899173,0.39205679808591687,-0.09627253677892057,-0.04776682010030045,-0.03225722464443255
SMC20-T_TATTACCTCAGCGATT,SMC20,SMC20-T,Myofibroblasts,13919,0.0,1,0.347072604204123,-0.0213576619137536,0.030836480536631176,0.04191724510817993,0.4220036654448023,0.4049741651776225,-0.1507116318533295,-0.11385142005541746,-0.02550596437033485
SMC20-T_TCAACGATCCGTTGCT,SMC20,SMC20-T,Myofibroblasts,9453,0.0,1,0.808329174543654,0.20858397397310718,0.10414858055015912,-0.045680260933117896,-0.019263845773375764,-0.09257858666742957,0.05975176998855252,-0.06652660447665874,0.19477425824396877
SMC20-T_TCAATCTAGTACGCGA,SMC20,SMC20-T,Myofibroblasts,20283,0.0,1,0.71971878280977,0.1648614733528934,0.3617017341407054,0.40234455420840076,0.616390678086033,0.6425423892864655,0.09003473833987588,0.11165452319033006,0.15288883748174714
SMC20-T_TCAGATGGTGGCAAAC,SMC20,SMC20-T,Myofibroblasts,4924,0.0,1,0.0400692836974167,-0.22503309309678643,0.023055268109452968,0.07307967071126147,0.12096302235993195,0.15539893198238555,-0.13446636764626754,-0.1451012777055011,-0.22062360432718983
SMC20-T_TCAGCTCTCTTTACAC,SMC20,SMC20-T,Myofibroblasts,10921,0.0,0,0.262168918251936,-0.10867870492827997,-0.0071783873955814205,0.07656199403288888,0.18599962420305427,0.2703324380482352,0.014869359841472224,0.059472823230659264,-0.10915805599769625
SMC20-T_TCAGGATGTGAGGCTA,SMC20,SMC20-T,Myofibroblasts,7442,0.0,1,0.151899441029625,-0.18305569029364147,0.208606938337337,0.2725884462138865,0.38046820366717116,0.41715498142984025,0.061726288026884985,0.08698053859612521,-0.18040995794434508
SMC20-T_TCAGGTAAGCGTCTAT,SMC20,SMC20-T,Myofibroblasts,28891,0.0,1,0.433506490459933,0.01627253447332534,0.31338107347374367,0.3932458571294641,0.4708764730591555,0.5545386721401714,0.0983211607917359,0.11929048681083848,0.01995836816994207
SMC20-T_TCATTTGAGACTAGGC,SMC20,SMC20-T,Myofibroblasts,10657,0.0,1,0.191670687230608,-0.15770305626159697,0.018015825987926552,-0.029160309673809424,0.1668984756747983,0.1630417552105216,0.0028780666817175716,0.002760504142326467,-0.1351579967416635
SMC20-T_TCCACACTCTGAGTGT,SMC20,SMC20-T,Myofibroblasts,13254,0.0,1,0.216544168473929,-0.12361184891574738,0.17066479253829742,0.23392818332081888,0.3871331329371932,0.40676100591609127,-0.013876323323500785,0.051074468037661386,-0.12346375696048015
SMC20-T_TCGAGGCAGGCCCTCA,SMC20,SMC20-T,Myofibroblasts,14751,0.0,1,0.584797823132733,0.10012631697514862,0.3316445685162836,0.31288730116879065,0.3483888990606885,0.3540375787374932,0.04519274226929012,-0.008245271181359011,0.09087364565768913
SMC20-T_TCGGTAAGTGTGAATA,SMC20,SMC20-T,Myofibroblasts,13050,0.0,0,0.810311621032128,0.1668060221300836,-0.04064599490173313,-0.02582611785292989,0.018407237711267507,0.008446925530903215,0.02794641868064278,0.029018959227730245,0.17277162770951995
SMC20-T_TCGGTAATCTACCAGA,SMC20,SMC20-T,Myofibroblasts,11865,0.0,1,0.67058795456601,0.06719283534115866,0.21886046785785226,0.17909351663618553,0.1757062705879917,0.15592277253609757,0.11778133013530781,0.08203646492432146,0.05932392375621976
SMC20-T_TCTATTGGTTGCCTCT,SMC20,SMC20-T,Myofibroblasts,11617,0.0,1,0.227462021797095,-0.14803614419999353,0.22935212876799763,0.27698871872683123,0.5711142252750543,0.6198475914899,0.13277282220752615,0.18917254064889516,-0.14686182135043024
SMC20-T_TCTCATATCGCATGGC,SMC20,SMC20-T,Myofibroblasts,8852,0.0,1,0.287469929933235,-0.10668351375416182,0.0943696035680418,0.14116663637957194,0.04091951564638591,0.0009588949425622474,-0.17897196921863054,-0.1365882413352237,-0.10724669638551584
SMC20-T_TCTTTCCGTCTAGCGC,SMC20,SMC20-T,Myofibroblasts,13578,0.0,0,0.639176398125927,0.10270569731661103,0.28473028449379667,0.19141858543564633,0.13822280957686658,0.09357685396491094,0.04025838437833284,-0.062044457652989556,0.09334464867388
SMC20-T_TGAAAGACAGTAAGAT,SMC20,SMC20-T,Myofibroblasts,21055,0.0,1,0.653937319976635,0.16617252406451785,0.3352993349639737,0.24616875844757732,0.414750533522943,0.3211914326069703,0.13912426296033356,0.05916241801836911,0.15414480202901765
SMC20-T_TGACAACTCGTGGTCG,SMC20,SMC20-T,Myofibroblasts,16186,0.0,1,0.486374097888746,0.056815185910907756,0.31448449293265535,0.37213786864062637,0.5468004093486436,0.5705917967959891,0.06002616850953353,0.10469782054424286,0.06462109445774254
SMC20-T_TGACGGCTCGATAGAA,SMC20,SMC20-T,Myofibroblasts,1856,0.0,0,0.314804948001342,-0.1362538560407988,-0.2337114682839233,-0.2080635313944119,-0.18154027871787548,-0.20223347652097082,-0.31778154420225246,-0.3420530394596212,-0.1355745873155714
SMC20-T_TGACTAGCACATAACC,SMC20,SMC20-T,Myofibroblasts,12327,0.0,1,0.462907651850132,-0.03393589932340802,0.1657426230043971,0.16387421269787522,0.363891188376013,0.3595655531091832,-0.04171723213634993,-0.028770295574384576,-0.037555704409835716
SMC20-T_TGATTTCAGAACAATC,SMC20,SMC20-T,Myofibroblasts,3568,0.0,0,0.352852303688566,-0.14928790840336628,0.17068404872540613,0.21033658196286456,0.2554896902768131,0.27355515350436055,0.035239503650288835,0.03964710665099761,-0.1480609904192075
SMC20-T_TGATTTCGTCACCTAA,SMC20,SMC20-T,Myofibroblasts,9771,0.0,1,0.159316716679682,-0.11348797836782117,-0.02176640881463049,0.02612902972245271,0.027034989510643846,0.03761537107747308,-0.05996919739746342,0.014584306816515676,-0.11376525912465167
SMC20-T_TGCCCTAAGTATCGAA,SMC20,SMC20-T,Myofibroblasts,23268,0.0,1,0.866653879338301,0.30182879690178915,0.30453756325688136,0.19637821933322744,0.2475643659352648,0.1615205178860315,-0.024571385401252067,-0.09811582711032209,0.2841012314697649
SMC20-T_TGCGCAGGTCTCACCT,SMC20,SMC20-T,Myofibroblasts,10550,0.0,1,0.168041614815965,-0.20701253510554107,0.3150044619390855,0.4381395620407491,0.6330733761115341,0.6980783399627652,0.15655955331105936,0.26295191233648973,-0.18243855745101176
SMC20-T_TGCGCAGGTTACGCGC,SMC20,SMC20-T,Myofibroblasts,10488,0.0,1,0.572276862328964,0.08791611856666573,-0.0040028873517425085,-0.027696989630008252,0.03305773049288867,-0.01981165753894074,0.08265081887182436,0.035469332775648905,0.07917648079578116
SMC20-T_TGCGCAGTCCGCATAA,SMC20,SMC20-T,Myofibroblasts,15469,0.0,1,0.537942668270874,0.05878066885889622,0.28231340147820966,0.3346830200653796,0.3679693751512285,0.3867594537021982,-0.02385600491573936,0.020089640687493717,0.05126520964716162
SMC20-T_TGCGGGTAGAAACCAT,SMC20,SMC20-T,Stromal 2,4848,0.0,1,0.333004024125402,-0.09069358774771293,-0.23841725879025702,-0.32912143701460306,-0.43145074090939395,-0.47612023197634273,0.253708303719759,0.2461469689712805,-0.09192861600959
SMC20-T_TGCGGGTTCGCACTCT,SMC20,SMC20-T,Myofibroblasts,15757,0.0,0,0.31031246032064,-0.07917666430340002,0.15181972802027452,0.22203240357339382,0.31565525343793693,0.3418745111110945,0.06486090314819624,0.06659169983776177,-0.08089559691167679
SMC20-T_TGCGTGGCACGGCGTT,SMC20,SMC20-T,Myofibroblasts,5007,0.0,1,0.186258249956743,-0.08341373197669,-0.010779127022441553,0.006039239466190338,-0.02153657939361066,-0.021597684989141865,-0.03807625715669833,-0.030469722344594843,-0.0849546365314672
SMC20-T_TGGCCAGTCACTTATC,SMC20,SMC20-T,Myofibroblasts,6980,0.0,1,0.39725526679603,-0.061860811079672555,0.31512952806922245,0.3577879809479161,0.551212160810068,0.573339020963325,0.23606828496252236,0.2991876290563275,-0.06430730054608914
SMC20-T_TGGCTGGAGAAACCTA,SMC20,SMC20-T,Myofibroblasts,20685,0.0,1,0.553450152380581,0.01659945481897969,0.24229777583434264,0.25659968631296626,0.1672663472934949,0.1820330388930648,-0.03352951117252049,-0.0761211476781789,0.01085631552488864
SMC20-T_TGGCTGGAGCAGATCG,SMC20,SMC20-T,Myofibroblasts,4634,0.0,1,0.530798240094236,0.008925723042665866,-0.11077356519063516,-0.20760065099088157,-0.12235078472187932,-0.14622305628172186,-0.15069228824424116,-0.17829857302062652,0.0035050094534619515
SMC20-T_TGGCTGGAGTAGGTGC,SMC20,SMC20-T,Myofibroblasts,13147,0.0,1,0.0820534115176178,-0.1843598592013382,0.19414368334549423,0.25572719145566225,0.25076728006254656,0.2973915540808162,0.03202980839108166,0.05672314066220732,-0.18165932983911337
SMC20-T_TGGGAAGCAGACTCGC,SMC20,SMC20-T,Myofibroblasts,13152,0.0,0,0.838123868044087,0.2595437231326574,0.33423433506063055,0.2109273758421584,0.3119675068526852,0.3050958767186764,0.2810261745201914,0.1486949286040138,0.24359284147244542
SMC20-T_TGGGAAGGTCACCTAA,SMC20,SMC20-T,Myofibroblasts,10541,0.0,1,0.582354327297626,0.04370960555643889,0.2570583632082811,0.22373642339711872,0.1602475755771964,0.15165918598731243,0.11549772000626514,0.08747142316663967,0.03682738429858905
SMC20-T_TGGTTAGGTCATATCG,SMC20,SMC20-T,Myofibroblasts,12149,0.0,1,0.247083085369705,-0.10839600601282559,0.2355835919781607,0.2617205757556892,0.32249717045651405,0.35435296469476335,0.07059607567069562,0.09120686508386451,-0.10888723518793322
SMC20-T_TGTATTCGTTCGAATC,SMC20,SMC20-T,Myofibroblasts,8376,0.0,1,0.535634884680546,0.051843432288845644,0.1367104054305094,0.10273591528941946,0.21912526091256615,0.2022179968027008,0.14972850227434384,0.07929965932579601,0.044619453605264425
SMC20-T_TGTGGTACAATCGAAA,SMC20,SMC20-T,Myofibroblasts,3229,0.0,1,0.155151663317044,-0.20034207571134494,-0.10203854350981359,-0.08398999264690934,0.4887917860202035,0.538213373053559,-0.1988897376840836,-0.1545972623369273,-0.196970024647019
SMC20-T_TGTTCCGAGCCTTGAT,SMC20,SMC20-T,Myofibroblasts,14541,0.0,1,0.810684683885789,0.18986386838450767,0.0949707243363468,0.00961678138956791,0.4344076841679991,0.3475489509129507,-0.069045257298766,-0.14297045180574058,0.17684071171371377
SMC20-T_TGTTCCGGTGAGTATA,SMC20,SMC20-T,Myofibroblasts,16487,0.0,1,0.43140713012187,-0.018754569372456325,0.36776736924158676,0.39207777653525516,0.47852152167838446,0.4801905912368797,-0.06790019924703397,-0.06551408969304141,-0.023012245465226535
SMC20-T_TTAACTCCACAACGTT,SMC20,SMC20-T,Myofibroblasts,15674,0.0,1,0.272408101544815,-0.05493253660633376,0.3591566715313464,0.48407420007193963,0.5491323087896619,0.5913706775321517,0.07513920476562098,0.1511846719419255,-0.05767013004221836
SMC20-T_TTAGGCATCCCAAGAT,SMC20,SMC20-T,Myofibroblasts,6347,0.0,1,0.282912721179262,-0.08699247794503574,0.11273437145888349,0.19317270706339582,0.2968198619022661,0.2957412401257559,0.012503408527884044,0.05932355374097824,-0.08838301502215136
SMC20-T_TTATGCTTCACTCTTA,SMC20,SMC20-T,Myofibroblasts,12296,0.0,1,0.476640812262051,0.01666606230693951,0.22508025351835756,0.1636507776452274,0.27722029446871305,0.2971975969497201,0.1164830917394475,0.07911310588174006,0.010920124378900569
SMC20-T_TTCGAAGAGGTGATTA,SMC20,SMC20-T,Myofibroblasts,11129,0.0,0,1.02199443061629,0.22059914135586536,0.1195251344874197,0.13915454678055716,0.15995042672266765,0.15327866886590802,0.08031686865969707,0.028217071470092326,0.20628458666106483
SMC20-T_TTCGGTCTCTACGAGT,SMC20,SMC20-T,Myofibroblasts,6510,0.0,1,0.775203981649481,0.16207688886737615,0.26702626163558085,0.31081269342997453,0.3548080987316005,0.35674311801098113,0.08259743820679816,0.13160127705949196,0.15022125234436087
SMC20-T_TTGAACGAGATGGGTC,SMC20,SMC20-T,Myofibroblasts,11054,0.0,1,0.507588263289869,0.00037556829486499755,0.13595972677730783,0.08380025093693559,0.04503498834614851,0.012739715361317922,-0.06342774131580403,-0.11701183060512824,-0.004685895094851486
SMC20-T_TTGACTTGTCTACCTC,SMC20,SMC20-T,Myofibroblasts,11264,0.0,1,0.371882051972193,-0.03669216782834969,0.13756480881450128,0.18421444978292395,0.3786291370586473,0.3964851011717042,0.05637222924514821,0.07505447605953497,-0.040196163313729424
SMC20-T_TTTCCTCAGGTAGCCA,SMC20,SMC20-T,Myofibroblasts,12381,0.0,1,0.523395851420184,0.08003768070780656,0.43646555723698466,0.45785592235170486,0.3521961275659197,0.34753405839897866,0.20806160004515398,0.13390743723687004,0.0903830095546461
SMC20-T_TTTCCTCCATCTATGG,SMC20,SMC20-T,Myofibroblasts,8836,0.0,1,0.489560835111693,0.050383695450268294,0.2577284503424046,0.2271741106651905,0.47587126520063194,0.41069569417037244,0.15571405652322268,0.11916264698785894,0.043221050247299574
SMC20-T_TTTGCGCTCAGTACGT,SMC20,SMC20-T,Myofibroblasts,8877,0.0,1,0.228925778978508,-0.1293497344217541,0.20248823719365255,0.19776377536174727,0.2968726520027433,0.3232457703629205,-0.011414488444202824,-0.012049838111681097,-0.12896055484018407
SMC20-T_TTTGTCAAGCTATGCT,SMC20,SMC20-T,Myofibroblasts,9639,0.0,1,0.632831450930254,0.12189000895197846,0.22065693875584674,0.21040226707643853,0.46717404929578915,0.47968831595553213,0.14700472080393842,0.15693286648567986,0.11172289679515637
SMC24-T_AACCGCGCAAGAAGAG,SMC24,SMC24-T,Myofibroblasts,12862,0.0,1,1.88491183671029,0.6174474900523037,0.3028906927425034,0.08883849585928567,-0.015194678089904542,-0.09778226251432369,0.1917425130542956,0.09815012146444882,0.6045079533668125
SMC24-T_ACAGCTAGTACACCGC,SMC24,SMC24-T,Myofibroblasts,23738,0.0,1,0.545345842509542,0.07726244351891964,0.08178030354522016,0.10608777924009212,0.2412345423458182,0.257384771567791,0.1015637045922248,0.11371480436886058,0.08010617258152415
SMC24-T_ACCTTTAGTAGGGACT,SMC24,SMC24-T,Stromal 1,13692,0.0,0,1.4023322363461,0.41600024584157946,-0.1144898856552888,-0.1525455812764604,-0.17273992708675107,-0.21602757706111947,0.022912466290750003,0.01991021703271305,0.42199845436741323
SMC24-T_ACGAGCCCAAGAAAGG,SMC24,SMC24-T,Myofibroblasts,14509,0.0,1,0.673172948821335,0.15765509708670147,0.32272071805687585,0.3593151587084299,0.1473638480909321,0.13048039838065242,0.038023295449583154,-0.03939064337926752,0.1459852501343028
SMC24-T_ACGAGGAAGTCGCCGT,SMC24,SMC24-T,Myofibroblasts,16967,0.0,1,0.561766271931444,0.060769350717269015,0.5588546282307681,0.5274601177448724,0.30589662046570865,0.32418539820152315,0.2212176171572585,0.1525457709151156,0.05317033344425825
SMC24-T_ACGAGGATCCGCTGTT,SMC24,SMC24-T,Myofibroblasts,18956,0.0,1,0.536323102976732,0.050788063539616894,0.21207814859416413,0.10374609424119316,0.13710331935815664,0.11377383170779361,0.05765452094768223,-0.05008512060431873,0.04360842808079319
SMC24-T_ATGTGTGTCTCATTCA,SMC24,SMC24-T,Myofibroblasts,4651,0.0,1,0.387948750711974,0.00800012086371058,0.20330080492612052,0.24100588157591296,0.2078924464936159,0.22044143860423288,0.07303584072934954,0.07348598517915782,0.0026182981223619286
SMC24-T_ATTCTACAGCCCTAAT,SMC24,SMC24-T,Myofibroblasts,17691,0.0,1,0.734719450649381,0.20235381535205402,0.44891302011983125,0.4767689141331286,0.2833586796608573,0.2892241382668185,0.3272133413310114,0.3346559326657478,0.1888058709935481
SMC24-T_CACATTTTCGCGTTTC,SMC24,SMC24-T,Myofibroblasts,10022,0.0,1,0.532953833504092,0.06321982296363435,0.42295378361999686,0.4816511626718793,0.5131349730001268,0.550589986914379,0.0860263033132804,0.11815560810706195,0.055517844671868724
SMC24-T_CATATGGAGAGTCGGT,SMC24,SMC24-T,Myofibroblasts,4952,0.0,0,0.466588481586691,0.03285359311848879,-0.0769239028497618,0.018222146099660455,-0.10399711590108214,-0.041363837782206925,-0.21770050031574148,-0.19841219037771224,0.026427506837023405
SMC24-T_CATGGCGAGAGTCGGT,SMC24,SMC24-T,Myofibroblasts,15637,0.0,0,0.642400267479818,0.13892436463777957,0.3854171797462112,0.3724517076071806,0.09017355397001517,0.1093393272482032,0.343309780641606,0.2889207947780104,0.12804152325046161
SMC24-T_CCCAATCCATTCACTT,SMC24,SMC24-T,Stromal 1,10333,0.0,0,1.53071215418932,0.5182122212595699,-0.12181404377428853,-0.1593139367859538,-0.05741391973379923,-0.15197156499638115,0.1315550798648282,0.14198316800243715,0.49139291530831114
SMC24-T_CGCTTCATCACGATGT,SMC24,SMC24-T,Myofibroblasts,17754,0.0,1,0.606716809218129,0.12049039830698778,0.40558914289030495,0.3992043769486794,0.517650308182501,0.5192642607617863,0.3376193434784287,0.3188264709185151,0.11038209332012329
SMC24-T_CGGACACTCGCGGATC,SMC24,SMC24-T,Myofibroblasts,28257,0.0,1,0.554971743306383,0.10088224702498369,0.3490738135819532,0.37079669923589725,0.36775396916331077,0.3743089703453142,0.34640654512239916,0.317996113906231,0.10119527169824147
SMC24-T_CTCTGGTTCGAATCCA,SMC24,SMC24-T,Myofibroblasts,16054,0.0,1,0.809329925627083,0.15575569085450025,0.29328525380934684,0.1742275451173688,0.1815227113036933,0.16928057280520714,0.20637992259703183,0.1275844197062885,0.14416565088664784
SMC24-T_CTGAAGTAGTACATGA,SMC24,SMC24-T,Myofibroblasts,20546,0.0,1,0.542798155519501,0.09657102232194391,0.3059668153576667,0.3397117521210642,0.4565717431702366,0.48912873480003327,0.20974502759544472,0.2149499608313336,0.08746773313277033
SMC24-T_CTGAAGTAGTTCGATC,SMC24,SMC24-T,Stromal 1,29084,0.0,1,0.599076640963542,0.03900542250720032,-0.15285314545415493,-0.17122445737079875,-0.250558833135482,-0.2683758295769262,-0.12899460279823918,-0.14220096772427068,0.04168199736844091
SMC24-T_GACCTGGCAGTAAGAT,SMC24,SMC24-T,Myofibroblasts,18694,0.0,1,0.360020099691846,-0.02405980807573845,0.24361739102370886,0.2757432927354807,0.3347071724164547,0.3504878539202172,0.05149464630766919,0.04727635948973544,-0.028094574979295125
SMC24-T_GACGTTAGTGTAAGTA,SMC24,SMC24-T,Myofibroblasts,13390,0.0,0,0.733924696551104,0.17928757362492515,0.34292455072685774,0.22212879552801207,0.04721270653666282,0.025078561070353486,0.14477027633080358,0.06516622491180897,0.1667087990868868
SMC24-T_GCACTCTGTCTCCACT,SMC24,SMC24-T,Myofibroblasts,21051,0.0,1,0.530752899752012,0.10663549201726391,0.3847796770658496,0.4060726076330444,0.30456665318402254,0.27825959434537867,0.31563940110959504,0.2925097163985757,0.0971093259501357
SMC24-T_GGACGTCAGGAGCGTT,SMC24,SMC24-T,Myofibroblasts,12231,0.0,1,0.425523383980938,0.024321862692503554,0.1392295000200369,0.15026651649940304,0.18864631637626764,0.20144289645344712,0.20434393482772928,0.21369394721353754,0.01825425247935688
SMC24-T_GTCAAGTAGCTCCCAG,SMC24,SMC24-T,Stromal 1,6733,0.0,1,0.650789579183375,0.13795410298431912,-0.004225809877852396,0.06977048838829122,-0.27996949394404586,-0.2551845422144546,-0.29423517446572844,-0.2647706217187292,0.1271120288933651
SMC24-T_GTGCGGTGTCTGCGGT,SMC24,SMC24-T,Stromal 2,5676,0.0,0,0.512471897145658,0.03824552254784003,-0.37989734805056025,-0.4054312575154188,-0.5256897610973339,-0.5145951809231625,0.39958301645360494,0.4120176703176078,0.03159288460967921
SMC24-T_TACTCGCTCTCATTCA,SMC24,SMC24-T,Myofibroblasts,23267,0.0,1,1.00711233554226,0.2746410358272362,0.5164780000851926,0.5418714788151768,0.6165349700877785,0.600025950519498,0.23497940473454562,0.19588905133526116,0.2693810409107128
SMC24-T_TACTTACAGCGCCTTG,SMC24,SMC24-T,Stromal 3,19333,0.0,1,0.610071734939576,0.08187210902963814,0.11326364318517093,0.15417632098286982,0.2558446588393833,0.238723203529019,0.15221837359039406,0.16195827573537827,0.0865922655534594
SMC24-T_TATTACCGTCGGATCC,SMC24,SMC24-T,Myofibroblasts,17291,0.0,1,0.816055721017202,0.23409012060514406,0.39364880244532713,0.3250333171156121,0.180512665903994,0.13805419063672078,0.08483322411775589,0.009217477721326492,0.21920871804272676
SMC24-T_TCTGGAAAGCTACCGC,SMC24,SMC24-T,Myofibroblasts,2200,0.0,0,0.0508731314223434,-0.241844542308204,-0.08646498270788971,-0.06798792176130342,0.11483401584686065,0.15619126949892487,0.09148251296658265,0.13863959566635245,-0.23672869012636297
SMC24-T_TGACAACTCCCTAACC,SMC24,SMC24-T,Myofibroblasts,16313,0.0,1,0.612574351873545,0.054787719279135526,0.2845385328163298,0.3377929920012631,0.4333998596257701,0.4309955439855193,0.07424923914827798,0.13567735618528198,0.06244248120474214
