cell,Sample,sample_origin,main_cell_type,nCount_RNA,nFeature_RNA,original_subtype,patient,SenMayo,Troph_MMPplus_source,Troph_MMPplus_purged,Troph_MMPminus_source,Troph_MMPminus_purged,Telocyte_CAF_source,Telocyte_CAF_purged,SenMayo_source_specific
p007t:AATAGAGCATCCGAAT,p007t,Tumor,Stromal,4181,1931,UC FBs,p007,0.2380552828769412,-0.12802596708607614,-0.17892630269932674,-0.22683692973449218,-0.22673704647350795,0.382882265040749,0.2998913771965924,0.2380552828769412
p007t:ACTCCCAAGAGCACTG,p007t,Tumor,Stromal,2547,1402,MyoFBs 1,p007,-0.05839576673481548,-0.3898772879370621,-0.33780721947550774,-0.50037093726652,-0.46072103074470233,-0.29684486138193233,-0.2610697630573722,-0.05839576673481548
p007t:AGAGCCCAGCTGAGCA,p007t,Tumor,Stromal,6470,2545,MyoFBs 1,p007,-0.12895481595606134,-0.37658720041568183,-0.3428754165950345,-0.5764808584080667,-0.5432785232226516,-0.33991132755028575,-0.3092028723043554,-0.12895481595606134
p007t:AGCCACGTCTGTCAGA,p007t,Tumor,Stromal,4652,2008,MyoFBs 1,p007,-0.11316099793246219,-0.3622558953962764,-0.33805814976008924,-0.46508119810296566,-0.4470710670358913,-0.34810404589301663,-0.31835943986387816,-0.11316099793246219
p007t:AGCCAGCCAAGCCCAC,p007t,Tumor,Stromal,6612,2495,CCL FBs,p007,0.17532826648012065,-0.23107097259893708,-0.1960529126226902,-0.45612375780450637,-0.4573808292503642,-0.14516589970965135,-0.14941148740403792,0.17532826648012065
p007t:AGCCAGCCATTGGCAT,p007t,Tumor,Stromal,4286,1855,MyoFBs 1,p007,0.0676613128172201,-0.36298108959038344,-0.3402236362851066,-0.5401034819209302,-0.5405415302077525,-0.23617295371858696,-0.2121994923142826,0.0676613128172201
p007t:AGGGCCTAGCTTCGTA,p007t,Tumor,Stromal,2487,1298,MyoFBs 1,p007,0.000549046126635451,-0.31077989570948544,-0.29732500734489137,-0.49003163649111375,-0.507398262186799,-0.2337661223191964,-0.20623324548496919,0.000549046126635451
p007t:AGGTCATAGTGCAAAT,p007t,Tumor,Stromal,4495,1875,UC FBs,p007,0.0939107310157596,-0.13329006450212733,-0.17225427516713376,-0.22520939701673937,-0.20656108994816624,0.29939131313248685,0.26056032338563134,0.0939107310157596
p007t:AGTGCCGTCCAAATGC,p007t,Tumor,Stromal,3005,1500,CAFs,p007,0.07760898530352534,-0.004732656159571239,-0.12221766999218522,-0.27988667375579174,-0.3422933572600054,0.24411389890470003,0.19393186358844533,0.07760898530352534
p007t:ATTCTACTCGAAGAAT,p007t,Tumor,Stromal,8863,3671,MyoFBs 1,p007,0.3221953292295598,-0.10905324508036886,-0.0021882414272645623,-0.4666471938241501,-0.4285008086887903,-0.14466267322239124,-0.09098378805553212,0.3221953292295598
p007t:CATACCCCAATACCCA,p007t,Tumor,Stromal,13380,3974,UC FBs,p007,0.284029100645791,-0.07056747072813463,-0.07078145171810941,-0.1738632751286638,-0.16363564371889414,0.537063412054589,0.5325686360983287,0.284029100645791
p007t:CGGGTGTCACTCCTTG,p007t,Tumor,Stromal,5847,2205,MyoFBs 1,p007,-0.12244571010140996,-0.3603260671453817,-0.3354340183843927,-0.5403110562082456,-0.4978878126414709,-0.27894972719644245,-0.2550719934351304,-0.12244571010140996
p007t:CTCCATGAGAGTGACC,p007t,Tumor,Stromal,2596,1372,CAFs,p007,-0.054590450273009766,-0.0216474250643229,-0.05129344956722201,-0.09688818025193652,-0.09696725517684637,0.2736621687286778,0.24947754574172637,-0.054590450273009766
p007t:CTCTGGTAGCTGGCCT,p007t,Tumor,Stromal,2937,1545,MyoFBs 1,p007,-0.17424097544464626,-0.5322010014586303,-0.5262863769582132,-0.5334590403363109,-0.5043843347622559,-0.3819294794609672,-0.3561643362045288,-0.17424097544464626
p007t:CTTCGGTTCAAGTTGC,p007t,Tumor,Stromal,13129,3841,CAFs,p007,0.08442974262135594,0.5591101472323038,0.567917436997338,0.4057927412665164,0.307148409433403,0.11304324810442172,-0.003762068730943343,0.08442974262135594
p007t:CTTGATTGTCGGTGTC,p007t,Tumor,Stromal,16633,3958,CAFs,p007,0.07491712301577393,0.5911112737138661,0.643095457244937,0.49337828771344255,0.47959375753998756,0.2428834884574539,0.286089864460861,0.07491712301577393
p007t:GAACGTTGTAGCGTAG,p007t,Tumor,Stromal,4329,2132,CAFs,p007,0.2695914535995638,0.515799061756353,0.4946456428889821,0.7689363355083125,0.7580900454763756,0.37237739500246547,0.2753102512920604,0.2695914535995638
p007t:GATGCTATCAGCCTCT,p007t,Tumor,Stromal,4675,1978,UC FBs,p007,-0.018822455255870233,-0.265470806661309,-0.2974250132172573,-0.2676492829864122,-0.29541482776403427,-0.08851976755418275,-0.05513299510759466,-0.018822455255870233
p007t:GCGTTTCCACACCTAA,p007t,Tumor,Stromal,9071,2941,MyoFBs 1,p007,0.218165631830823,-0.27406381589493584,-0.2809235188519446,-0.47208261862397194,-0.4418278826010782,-0.12627090090199522,-0.12150465004584368,0.218165631830823
p007t:GGGTCACAGGGTCAAC,p007t,Tumor,Stromal,5072,2392,MyoFBs 1,p007,-0.04047961582086588,-0.48036277134503635,-0.4459484069630867,-0.47246747137028344,-0.44834662861255714,-0.3786990702152252,-0.35255387881222894,-0.04047961582086588
p007t:GGGTCTGCATAAGCGG,p007t,Tumor,Stromal,989,652,MyoFBs 2,p007,-0.3903250927268936,-0.4441616312429613,-0.4026836297679238,-0.457856252713471,-0.3888715788895308,-0.3421087421868977,-0.3116588063099805,-0.3903250927268936
p007t:GTATTTCTCGTGCACG,p007t,Tumor,Stromal,4124,1732,MyoFBs 1,p007,-0.08354022298334983,-0.45103245388184277,-0.410895100726587,-0.5565781218512934,-0.5234146436113257,-0.23378171575696846,-0.2365742515115177,-0.08354022298334983
p007t:GTGCTGGAGCTGGTGA,p007t,Tumor,Stromal,2797,1576,UC FBs,p007,0.22364164497539923,-0.14716110416516967,-0.15830097829059855,-0.1991138369301144,-0.17834402092320975,0.37364369850409657,0.3238531158250921,0.22364164497539923
p007t:GTTGCGGAGACTACCT,p007t,Tumor,Stromal,10917,2912,CB FBs,p007,0.2424555825551547,0.315469556578378,0.24401048338608589,0.2358488142490387,0.17790247300683065,0.0078393760039226,-0.09433544283075368,0.2424555825551547
p007t:TAATTCCTCGCACGAC,p007t,Tumor,Stromal,4303,1840,MyoFBs 1,p007,-0.14893783298892932,-0.4150024005116857,-0.3827286915535607,-0.5806566094029315,-0.5539624119653951,-0.2927136487082431,-0.2564525253632489,-0.14893783298892932
p007t:TACGGGCGTCAACACT,p007t,Tumor,Stromal,12545,3332,CAFs,p007,0.0580106549651215,0.4295684646301884,0.32966485775144,0.07280411378347448,0.03237927367174348,0.9719186988316084,0.9529352452825097,0.0580106549651215
p007t:TCCGTGTTCGCCCAGA,p007t,Tumor,Stromal,3307,1623,CB FBs,p007,0.21019794272356912,0.20186951459974659,0.1920647138684261,0.208465183952025,0.17756086527261622,0.06653275709403189,0.006413758502287023,0.21019794272356912
p007t:TGCTTCGAGCTTAAGA,p007t,Tumor,Stromal,5583,2052,CB FBs,p007,0.10393419120003257,0.07569563563685028,-0.015539656506805884,-0.0035877838274654076,-0.04817227326160253,-0.05336314400559977,-0.1104281088885139,0.10393419120003257
p007t:TGGGATTCACAGCATT,p007t,Tumor,Stromal,2364,1212,MyoFBs 1,p007,-0.19492346502579094,-0.5229388556766267,-0.4968320199447434,-0.5975928144643501,-0.5602018108028312,-0.37529582663586264,-0.34875025363529427,-0.19492346502579094
p007t:TGTGAGTGTGTGAATA,p007t,Tumor,Stromal,1200,737,CCL FBs,p007,-0.05437299501346914,0.18007764300065382,0.24609134060035392,-0.37917179469855467,-0.37928328290581703,-0.18076013393307988,-0.18618880900390009,-0.05437299501346914
p007t:TTCAATCTCAGGACAG,p007t,Tumor,Stromal,9101,3262,CAFs,p007,0.03420328495925978,0.4085973581793357,0.4169047433065205,0.44462236264074334,0.4467235882008492,0.3507162993675784,0.3102177713723744,0.03420328495925978
p007t:TTGAACGGTGTCCATA,p007t,Tumor,Stromal,1584,912,CAFs,p007,-0.09010174705467203,-0.09518774454386866,-0.1478957660132792,-0.01698318853670237,-0.045181255094533745,0.07961776350673876,-0.006623749171986299,-0.09010174705467203
p007t:TTGTGTTCAGAGATTA,p007t,Tumor,Stromal,11879,3044,CB FBs,p007,0.22402746455841943,0.2589675659047706,0.23178099313887154,0.14993936112340617,0.09979212162799614,-0.06218241943340552,-0.06748018361189786,0.22402746455841943
p007t:TTGTGTTGTCGATGCC,p007t,Tumor,Stromal,3703,1604,CB FBs,p007,-0.027078654519037196,0.24383069318244044,0.22079939888108793,0.08746576217972503,0.05555916473616001,-0.026081593883664985,-0.06137270243728862,-0.027078654519037196
p007t:TTTGACTGTTAAACAG,p007t,Tumor,Stromal,7003,2474,MyoFBs 1,p007,0.07389264609337899,-0.12110507777150796,-0.04259076114834809,-0.4480961405349021,-0.4102057474123877,-0.16903229042103415,-0.1444058754864861,0.07389264609337899
p008t:AAAGAACTCCCGAACG,p008t,Tumor,Stromal,6381,2474,MyoFBs 2,p008,-0.12289203714840767,-0.13992977195552417,-0.09319461191572793,-0.24504053775145082,-0.21899590008827144,-0.15596504446707274,-0.10361585003488204,-0.12289203714840767
p008t:AACGGGACATCCTTGC,p008t,Tumor,Stromal,6517,2520,CAFs,p008,-0.0877822012428129,0.41474086323714987,0.4382867831736803,0.5566961931786976,0.6038192232507605,0.033515102754494076,0.022746345384375137,-0.0877822012428129
p008t:AACTTCTTCGTCTACC,p008t,Tumor,Stromal,8083,2769,CAFs,p008,-0.022326887928341563,0.29504136414248117,0.31599222169053265,0.40909805741845345,0.36872087453686914,0.24267534339114238,0.2207347102901515,-0.022326887928341563
p008t:AAGACAAAGAAGCGGG,p008t,Tumor,Stromal,8605,2677,CAFs,p008,0.28862035663373636,0.28795607426032727,0.3063103128678915,0.27398559310454496,0.21293388424051363,0.07655130201264432,0.08941776138894698,0.28862035663373636
p008t:AAGACTCAGGCAGCTA,p008t,Tumor,Stromal,6496,2258,UC FBs,p008,0.1015296564192364,-0.007502093226933966,-0.06565950692790311,-0.00601481129097567,-0.028033417473759686,0.23848182653125963,0.2020743429660797,0.1015296564192364
p008t:AAGATAGTCGGATACT,p008t,Tumor,Stromal,23634,4673,CB FBs,p008,0.017592917180113625,0.3221316712395269,0.37790638308336094,0.6025999912954106,0.652484213976666,0.0464368011606367,0.050836747446480916,0.017592917180113625
p008t:AAGGAATGTAAGTCAA,p008t,Tumor,Stromal,8839,2589,MyoFBs 2,p008,-0.16717923546961524,-0.3016317218390046,-0.2692509299916465,-0.3561568052831049,-0.2945361597636758,-0.2308924547935787,-0.18735824981156518,-0.16717923546961524
p008t:AAGTTCGGTTAGAAGT,p008t,Tumor,Stromal,12252,3231,CAFs,p008,0.17921229795013605,0.5358270240605486,0.40800186133057603,0.3532513010562683,0.25788241122351135,0.3061529742259728,0.19543094240567263,0.17921229795013605
p008t:AATGAAGTCCCAGGAC,p008t,Tumor,Stromal,7770,2631,MyoFBs 2,p008,-0.0400759271599287,-0.22765938405479705,-0.25025280228838687,-0.38520715461701766,-0.3864189489463041,-0.3290593750382725,-0.31672206459676516,-0.0400759271599287
p008t:AATGGAACACTAGAGG,p008t,Tumor,Stromal,2635,1364,MyoFBs 1,p008,-0.10839962746882648,-0.4831350116553355,-0.475271474206593,-0.6120201892846701,-0.5760073751037897,-0.359385642566179,-0.33096828320447136,-0.10839962746882648
p008t:AATGGCTAGTGGTGGT,p008t,Tumor,Stromal,8184,2519,CCL FBs,p008,0.210135243865743,-0.011613063656782009,-0.03908045152656552,-0.17162766733339854,-0.21584984781437141,0.3197315562712519,0.2270868436378591,0.210135243865743
p008t:ACAACCACAGTATTCG,p008t,Tumor,Stromal,8764,2878,MyoFBs 2,p008,-0.08767006784808218,-0.02971288706271016,0.003348948433995247,-0.10723537577278151,-0.06538714687231668,-0.03712904778750319,-0.007839034585391773,-0.08767006784808218
p008t:ACCAACACACCCATAA,p008t,Tumor,Stromal,5032,2266,MyoFBs 2,p008,-0.0444788993908125,-0.3771372378936836,-0.3433259188583711,-0.399139155614741,-0.3288025908865208,-0.1904282740856472,-0.1421335772556417,-0.0444788993908125
p008t:ACCTGAAAGTGCTAGG,p008t,Tumor,Stromal,6188,1927,MyoFBs 2,p008,-0.01836915743913044,-0.08638047769057508,-0.03885344170579096,-0.3987476276215974,-0.36834111508472045,-0.13579339910494653,-0.11373352504828398,-0.01836915743913044
p008t:ACCTGAATCCGAACGC,p008t,Tumor,Stromal,18734,4346,CAFs,p008,0.1897487216547393,0.5916381982364216,0.5718096748176145,0.6444298375055802,0.6132634380225872,0.4568239773966764,0.36234177390442174,0.1897487216547393
p008t:ACGTAACTCTACCCAC,p008t,Tumor,Stromal,7267,2541,CAFs,p008,0.1060624991527252,0.14110791972097086,0.09118496190483977,0.19782549468800426,0.1041140777145534,0.23693679406454687,0.22483210554894278,0.1060624991527252
p008t:ACTCTCGGTAGTGGCA,p008t,Tumor,Stromal,14672,4011,UC FBs,p008,0.2777388249769023,-0.16283343458662228,-0.18923354884836732,-0.21451849277530396,-0.2481366690508155,-0.0058235892339756614,0.010922829894458546,0.2777388249769023
p008t:ACTGATGAGTAGTGCG,p008t,Tumor,Stromal,9146,3104,MyoFBs 2,p008,-0.10846697588108088,-0.30581643424776134,-0.3018216615224757,-0.2534052458192621,-0.20427362265628438,-0.2423776828144726,-0.20019468112903482,-0.10846697588108088
p008t:ACTTCCGCAACCGATT,p008t,Tumor,Stromal,9266,2935,MyoFBs 2,p008,-0.1296744237800962,-0.3384896576100466,-0.3495065349994636,-0.36834525370172094,-0.3468370140465193,-0.18103327908013997,-0.13163328872007482,-0.1296744237800962
p008t:ACTTCGCCACAGCATT,p008t,Tumor,Stromal,13601,3739,CB FBs,p008,0.05797760740837507,0.3736621464070465,0.40228665278225045,0.7097778485954872,0.7103045700486142,0.15683519557902686,0.15725410247550292,0.05797760740837507
p008t:AGAAATGTCGCATTGA,p008t,Tumor,Stromal,5749,2133,CAFs,p008,0.09738741909856335,0.4122365461472346,0.33286722667697,0.4194841083063155,0.3521098436484503,0.26341788917779924,0.20202785581350327,0.09738741909856335
p008t:AGAACCTAGACCGCCT,p008t,Tumor,Stromal,3980,1856,MyoFBs 1,p008,-0.11717485018858784,-0.5381888810317127,-0.5150576600032609,-0.4708272741005129,-0.44072459490839827,-0.3980505601355904,-0.37418201460557826,-0.11717485018858784
p008t:AGAAGTAAGAAGAGCA,p008t,Tumor,Stromal,12124,3389,CAFs,p008,0.13218395530425928,0.4988582398438332,0.4811332839563852,0.6960598161177975,0.6542742086877656,0.17937818204886036,0.10551019560764818,0.13218395530425928
p008t:AGAAGTAAGGTACAAT,p008t,Tumor,Stromal,6137,2297,MyoFBs 1,p008,-0.02112294298907121,-0.3367547578349405,-0.36346617886206,-0.4823614441010417,-0.4538174205741217,-0.27030575502859916,-0.28460085120271233,-0.02112294298907121
p008t:AGACAAATCCGGTTCT,p008t,Tumor,Stromal,2792,1580,CB FBs,p008,-0.17521102631693347,0.08524037015681364,0.12015637464639617,0.5319187362127158,0.5573914031129937,0.051857633888721465,0.0644443128915394,-0.17521102631693347
p008t:AGACAGGGTTCAAACC,p008t,Tumor,Stromal,4046,1748,CAFs,p008,0.018147150185285954,0.1316079267737817,0.1953697489892564,0.12210964225232601,0.17755960356877293,-0.037172638350411465,0.029152133271974676,0.018147150185285954
p008t:AGATCCAAGGATATGT,p008t,Tumor,Stromal,9266,2476,MyoFBs 1,p008,0.010566927709110212,-0.17798970145534496,-0.1462567516761582,-0.38178931868026905,-0.3742116886288534,-0.11043590809169569,-0.1180537108112784,0.010566927709110212
p008t:AGATCGTTCGCAAGAG,p008t,Tumor,Stromal,3387,1506,MyoFBs 2,p008,-0.0963510079799514,-0.24860672819979338,-0.20529408153237366,-0.45662855212481657,-0.3975203500757384,-0.26514304107741304,-0.25230359487673815,-0.0963510079799514
p008t:AGCATCACAAGGTCGA,p008t,Tumor,Stromal,4978,1862,CAFs,p008,-0.13503470464625902,0.1154876136201985,0.1332522093704561,0.03620195153112314,0.036534231156110764,-0.14019511185194317,-0.12224524564602796,-0.13503470464625902
p008t:AGCGCTGAGGCCTGCT,p008t,Tumor,Stromal,16161,3951,CAFs,p008,0.20254577588486045,0.385684061890506,0.3159943785654699,0.5043172981110117,0.45019103174888375,0.3236840787490732,0.28247061838560245,0.20254577588486045
p008t:AGCTTCCGTAAGATCA,p008t,Tumor,Stromal,3046,1370,MyoFBs 1,p008,0.34170598657638357,-0.4483431235754064,-0.4761739240777565,-0.4183639735268543,-0.40628935711804864,-0.40092889472450083,-0.43423722625217015,0.34170598657638357
p008t:AGGAAATCAGACAAGC,p008t,Tumor,Stromal,9791,2800,CAFs,p008,0.18590811773186974,-0.009449465086265487,0.03160802347630989,0.024759721847213045,0.03967483497636263,-0.12802231782361082,-0.10477680073064917,0.18590811773186974
p008t:AGGAATAAGTGTAGTA,p008t,Tumor,Stromal,7822,2505,MyoFBs 1,p008,0.2528420425624701,-0.29299818975280745,-0.33981566739881913,-0.5131606372947596,-0.48240299990703894,-0.18463636134800157,-0.24085203584502726,0.2528420425624701
p008t:AGGCATTAGCATTGTC,p008t,Tumor,Stromal,17759,4245,CAFs,p008,-0.034572062595224565,0.46452140427261057,0.5181669713702144,0.5017826426845539,0.5459137537874021,0.30057778679275593,0.324561931105221,-0.034572062595224565
p008t:AGGCTGCTCCGAGGCT,p008t,Tumor,Stromal,10314,3160,MyoFBs 2,p008,-0.05453478849672696,-0.2049821162102174,-0.20820112108457378,-0.23274602677330983,-0.18731214400640753,-0.1670862814313487,-0.12520980694714715,-0.05453478849672696
p008t:AGGGTTTGTGCGAACA,p008t,Tumor,Stromal,6376,1876,MyoFBs 1,p008,-0.15742868890887812,-0.33606566268266463,-0.3022879993588459,-0.5982325517249351,-0.5882398013978504,-0.2812192330234929,-0.24360582548029283,-0.15742868890887812
p008t:AGGTCATAGAGTCCGA,p008t,Tumor,Stromal,2076,1225,MyoFBs 2,p008,-0.039315415415586086,-0.40351054612167025,-0.354100625598576,-0.08159987164699302,-0.022556123605301213,-0.27873952482876024,-0.24083438690970926,-0.039315415415586086
p008t:AGTACCACAGTCTTCC,p008t,Tumor,Stromal,11943,3859,CAFs,p008,-0.005500385251811199,0.428993607206004,0.4413768923500689,0.5868030047823428,0.5830027957793412,0.2598373397302471,0.25002281454336994,-0.005500385251811199
p008t:AGTACCACATAGGTAA,p008t,Tumor,Stromal,8215,2469,MyoFBs 1,p008,-0.09108155446225091,-0.43081557480808425,-0.39985251285862633,-0.45809865149916434,-0.4286174410304358,-0.34474702814691943,-0.31460747885353424,-0.09108155446225091
p008t:AGTACTGCACGTTCGG,p008t,Tumor,Stromal,4267,1544,MyoFBs 2,p008,-0.15051604967498988,-0.19516376086643764,-0.14227396040791418,-0.1429138447405124,-0.10812000583770663,-0.1940872291985311,-0.18208415543331818,-0.15051604967498988
p008t:AGTAGCTAGCCGTCGT,p008t,Tumor,Stromal,1770,922,CAFs,p008,-0.23791397496927202,0.031440431138082425,0.029161616887261228,0.059197544975548376,0.03698119599112244,-0.11647676276533227,-0.11390229025307824,-0.23791397496927202
p008t:AGTAGCTTCCATAGAC,p008t,Tumor,Stromal,12216,3495,CAFs,p008,-0.017489178563680565,0.3221112204078889,0.38109119209778924,0.42336596204538124,0.44728364808441595,-0.08183577433228492,-0.05967383520568118,-0.017489178563680565
p008t:ATAGAGAGTCAAACGG,p008t,Tumor,Stromal,11705,3175,CB FBs,p008,0.08909767542622592,0.04356717189051667,0.04625164917329463,0.19579368749899523,0.1720400359481573,-0.04528360733468281,-0.0343467564048136,0.08909767542622592
p008t:ATAGGCTAGAGTGGCT,p008t,Tumor,Stromal,5417,2014,MyoFBs 1,p008,-0.09146837494744543,-0.47086845193894544,-0.434601537428978,-0.4591130948036301,-0.4305345065198665,-0.27749999557670796,-0.23944903068682727,-0.09146837494744543
p008t:ATCATTCAGCACCCAC,p008t,Tumor,Stromal,5316,2305,CAFs,p008,0.12052654064864966,0.75132289772131,0.7937865889653927,0.8004263830133619,0.7936848473984228,0.3052425720189747,0.2396270611706902,0.12052654064864966
p008t:ATCATTCGTTGTTGTG,p008t,Tumor,Stromal,32626,4943,CB FBs,p008,0.0029529737177909467,0.15770079693947064,0.15079089704469392,0.35266359887865123,0.32722682566490285,0.0687935184540325,0.07260893706561011,0.0029529737177909467
p008t:ATCCGTCTCCAAGCTA,p008t,Tumor,Stromal,2511,1397,MyoFBs 2,p008,-0.15857980514696815,-0.42462174313104883,-0.4299838542029625,-0.3626318486521439,-0.3096701607627924,-0.38517339182527444,-0.3894448222482906,-0.15857980514696815
p008t:ATCCTATAGAGTGGCT,p008t,Tumor,Stromal,5974,2223,MyoFBs 2,p008,-0.17070276914327814,-0.23718837321716912,-0.17999718383681484,-0.4343446500941503,-0.39858985070658975,-0.25034116522261973,-0.20909504382049335,-0.17070276914327814
p008t:ATCCTATTCCACTGGG,p008t,Tumor,Stromal,6109,2362,MyoFBs 1,p008,-0.10833600576836289,-0.46397616271385733,-0.43838727726351195,-0.5784217226936729,-0.5333489804842704,-0.33944667724794464,-0.3274962697616395,-0.10833600576836289
p008t:ATCGCCTGTCTCCCTA,p008t,Tumor,Stromal,12810,3703,MyoFBs 2,p008,-0.0850157101818344,-0.14323043939182345,-0.10436452700324901,-0.30338878224470783,-0.26693515022566844,-0.004542493820190429,0.06562111833516289,-0.0850157101818344
p008t:ATCGTAGTCCGATCTC,p008t,Tumor,Stromal,4726,1796,MyoFBs 1,p008,-0.11514342612211119,-0.36898182841892146,-0.3795896833081071,-0.4621031485802057,-0.4148130847444368,-0.24306619700632598,-0.23233915847890518,-0.11514342612211119
p008t:ATCGTCCTCAACGCTA,p008t,Tumor,Stromal,4719,2368,CAFs,p008,0.006590226426181432,0.511619679705829,0.5917492471635342,0.7658801970585268,0.8308815062912398,0.2424193556371488,0.290133360729498,0.006590226426181432
p008t:ATCTTCACAGTCTTCC,p008t,Tumor,Stromal,7391,2721,MyoFBs 1,p008,-0.09851996999299317,-0.44932178947694446,-0.43021202023799826,-0.4693758147863709,-0.4260145561812922,-0.3493950174827325,-0.3404097317772753,-0.09851996999299317
p008t:ATGGGAGCAATTGTGC,p008t,Tumor,Stromal,5308,2018,MyoFBs 2,p008,-0.22487041262681023,-0.465279916833554,-0.4479998607733628,-0.5180082481582554,-0.4898297148215216,-0.312350612918013,-0.2783997206565212,-0.22487041262681023
p008t:ATGGGTTGTACAGTTC,p008t,Tumor,Stromal,2725,1417,MyoFBs 1,p008,-0.08833627804721657,-0.413363122514316,-0.38498472476877815,-0.4755383847775508,-0.44052682219203126,-0.17392929251256742,-0.12369353902690551,-0.08833627804721657
p008t:ATTCGTTCAATAGGGC,p008t,Tumor,Stromal,8632,2792,MyoFBs 1,p008,0.012396551701321937,-0.5282542069195485,-0.5127248403320952,-0.5979575650880531,-0.5647928152493266,-0.40033433413819264,-0.3767344679026043,0.012396551701321937
p008t:ATTCTACGTGCCGGTT,p008t,Tumor,Stromal,1148,823,MyoFBs 2,p008,-0.2728998314981398,-0.42120013271971624,-0.3925932052477104,-0.3122907797900998,-0.2561585909232151,-0.4297439107769414,-0.409603994734147,-0.2728998314981398
p008t:ATTTACCTCAGACCTA,p008t,Tumor,Stromal,2549,984,MyoFBs 1,p008,-0.24667299620545746,-0.3993760139814445,-0.3949159869878757,-0.4771977686608324,-0.464096337816743,-0.27806534578925685,-0.26515588444821975,-0.24667299620545746
p008t:CAACCTCCAACCGCTG,p008t,Tumor,Stromal,22931,4756,CB FBs,p008,0.008545966557504838,0.26729633910011275,0.2928237680164052,0.562104708160813,0.5427565504116586,0.04408430506132151,0.06471065942417173,0.008545966557504838
p008t:CAAGGGAGTCCCACGA,p008t,Tumor,Stromal,15304,3696,MyoFBs 2,p008,-0.171322651305481,-0.2081334883613246,-0.1854443630975921,-0.3085044515604267,-0.24427290065863796,-0.19578324183821677,-0.14811854121439597,-0.171322651305481
p008t:CAAGGGATCGCGCTGA,p008t,Tumor,Stromal,3132,1456,CAFs,p008,-0.16607058705075792,0.06644583541937933,0.12272094447938044,0.0100602139243666,0.03716053614436194,0.15225551997948633,0.2207354449940955,-0.16607058705075792
p008t:CAATGACGTGGATACG,p008t,Tumor,Stromal,13283,3576,MyoFBs 2,p008,-0.10981271857101667,-0.2827542177496516,-0.24827543750587033,-0.42007980434870235,-0.38337134968402775,-0.16978877806349804,-0.1190659052308868,-0.10981271857101667
p008t:CACACAAAGGAGCTGT,p008t,Tumor,Stromal,9095,3223,CAFs,p008,0.3398881969940767,0.3543178860136137,0.3055442090078098,0.15969606427171704,0.10575097029335624,0.27823525927960874,0.24181848098249997,0.3398881969940767
p008t:CACAGGCCAAGGTCTT,p008t,Tumor,Stromal,5227,2280,MyoFBs 2,p008,-0.18472938249377827,-0.29551094831252583,-0.30064451367389866,-0.2886504501826605,-0.2661158880652037,-0.1687272998063188,-0.11787954717874527,-0.18472938249377827
p008t:CACAGGCTCAACGAGG,p008t,Tumor,Stromal,11970,3429,CAFs,p008,-0.027598907909633822,0.3502602231669791,0.3393187829543178,0.6571599357590383,0.6706203395544097,0.10888118390974245,0.09393333889105741,-0.027598907909633822
p008t:CACAGGCTCGCGTGAC,p008t,Tumor,Stromal,4374,2047,MyoFBs 2,p008,-0.11215411201772983,-0.3746976945929381,-0.36793585112545546,-0.3714156572764017,-0.32902406684534496,-0.183910744441183,-0.13484927941771113,-0.11215411201772983
p008t:CAGAGCCAGAGCACTG,p008t,Tumor,Stromal,7815,3145,CB FBs,p008,0.1321428590699246,0.3685784150219085,0.42427618315488824,0.713881882192681,0.743812823949685,-0.04085259882635192,-0.05767747275531292,0.1321428590699246
p008t:CAGATCAGTAGCGATG,p008t,Tumor,Stromal,14044,4164,CAFs,p008,0.11110163427758635,0.7647462255720582,0.8258091000976359,0.8442306340272937,0.9020059414554474,0.5203464153565859,0.5137106466819258,0.11110163427758635
p008t:CAGCAATTCTAGACCA,p008t,Tumor,Stromal,1136,791,MyoFBs 1,p008,-0.12916808885832629,-0.5339724551506189,-0.5100185168770756,-0.4776473473377374,-0.4449322409927845,-0.4612147776704085,-0.44477731655625735,-0.12916808885832629
p008t:CAGCCAGAGGAACATT,p008t,Tumor,Stromal,12636,3773,CAFs,p008,0.16404804837350784,0.8084258664808027,0.8149402389791226,0.7911749027137246,0.7535912631036237,0.27382421244524024,0.2153309925514109,0.16404804837350784
p008t:CAGGGCTGTCAAAGAT,p008t,Tumor,Stromal,7024,2242,MyoFBs 1,p008,-0.02414725554224692,-0.3266460796323966,-0.31218020122770856,-0.5756617998514248,-0.547851849217401,-0.21568567113656748,-0.24440517447450583,-0.02414725554224692
p008t:CATAAGCAGAGTCAAT,p008t,Tumor,Stromal,11581,3458,CAFs,p008,-0.07189402830574596,0.1478091874825103,0.15240394065111149,0.284100701842381,0.279268212010001,0.17472597195913916,0.21743131709449431,-0.07189402830574596
p008t:CATACCCGTCAATGGG,p008t,Tumor,Stromal,7391,2543,MyoFBs 2,p008,-0.10409053888890826,-0.2454561951513193,-0.211233117776673,-0.3786804179508923,-0.3557155032555551,-0.2621040086997183,-0.22224175123607412,-0.10409053888890826
p008t:CATCAAGAGAGTAACT,p008t,Tumor,Stromal,13699,3463,MyoFBs 2,p008,-0.13547606217233757,-0.30455553390047685,-0.30066051764595436,-0.39363750302213796,-0.36326230416984057,-0.15726215932518245,-0.11038604623035472,-0.13547606217233757
p008t:CATCGTCCATGACAAA,p008t,Tumor,Stromal,14855,3874,CAFs,p008,0.1483663409752281,0.498679605331652,0.4813099495793988,0.4192875930849387,0.37885009480077164,0.3478147285549264,0.3588649222079445,0.1483663409752281
p008t:CATGCTCTCCGTTTCG,p008t,Tumor,Stromal,3533,1549,MyoFBs 1,p008,-0.16490661584886543,-0.5282899246988247,-0.5253533214875837,-0.5164672964233525,-0.4906214131692121,-0.4049540701665376,-0.38189770228722514,-0.16490661584886543
p008t:CATTCATAGTCGAAAT,p008t,Tumor,Stromal,11540,3160,UC FBs,p008,0.20751844207641848,0.0443925475321558,0.0069929394507553515,-0.11388900729694537,-0.14648004941815554,0.5211476823805195,0.5690055349293877,0.20751844207641848
p008t:CCAATGAAGGCCACTC,p008t,Tumor,Stromal,6803,2597,CAFs,p008,-0.030201978295257215,0.27793458579298186,0.2867333242079107,0.27796961770069845,0.29177043279416337,0.18288971552331196,0.1269813685075325,-0.030201978295257215
p008t:CCAATTTGTCACCTTC,p008t,Tumor,Stromal,23667,4885,CB FBs,p008,0.07482814249631606,0.24017481984836714,0.2631727995850691,0.38396116186465534,0.41136929418805035,0.052512339737854505,0.06769351437687873,0.07482814249631606
p008t:CCACGTTAGCTGTCCG,p008t,Tumor,Stromal,3650,1447,MyoFBs 1,p008,-0.16251095093525292,-0.39987389439222765,-0.3772975035556933,-0.48872341398073704,-0.44601235625355745,-0.26300056168907565,-0.22324378104770884,-0.16251095093525292
p008t:CCACTTGTCATTCCTA,p008t,Tumor,Stromal,8042,2912,MyoFBs 2,p008,-0.08993677526973841,-0.20942786579229394,-0.23243601892779514,-0.1912678737877583,-0.13593438865486965,-0.16192043831473904,-0.1734015966162962,-0.08993677526973841
p008t:CCATAAGGTGGACTGA,p008t,Tumor,Stromal,28657,4400,MyoFBs 1,p008,0.19271661823190617,-0.17944323317128785,-0.2799197166431241,-0.4914899227798593,-0.46611661823509737,-0.11874945642132508,-0.17141286003239015,0.19271661823190617
p008t:CCCATTGAGCTCTGTA,p008t,Tumor,Stromal,6804,2164,MyoFBs 1,p008,-0.047134392772262036,-0.3003446630734418,-0.2965406230310114,-0.5480909511370926,-0.49169716546528563,-0.16758864176900765,-0.15473597786005805,-0.047134392772262036
p008t:CCCGAAGTCGCGATCG,p008t,Tumor,Stromal,22500,4532,CAFs,p008,0.12170435114061101,0.4371248304235692,0.4334325274316276,0.5876285906272883,0.559329078424462,0.3585524575858328,0.3440506194416872,0.12170435114061101
p008t:CCCTCAACAAATCCCA,p008t,Tumor,Stromal,19543,4294,CAFs,p008,0.09887519576831867,0.47500939226272154,0.507341085955864,0.37534273149711744,0.3131164181544337,0.3806249525201948,0.3528505017652231,0.09887519576831867
p008t:CCCTTAGGTAGATTGA,p008t,Tumor,Stromal,11939,3406,CAFs,p008,-0.11526956326499778,0.20102360797095664,0.18862192148751603,0.1806585356136974,0.1592179928841286,0.040524881470360256,0.0668059512753697,-0.11526956326499778
p008t:CCTAACCCATAGATGA,p008t,Tumor,Stromal,16408,3902,CAFs,p008,0.25268577003296006,0.06127298326820743,0.007497730869345549,-0.04472673380253266,-0.0003870165971822517,0.05799291761297928,0.006585118875784032,0.25268577003296006
p008t:CCTCCAAAGTGCCAGA,p008t,Tumor,Stromal,6815,2658,MyoFBs 2,p008,-0.07446279585884329,-0.21103215844807577,-0.16598711839718064,-0.19148592417109378,-0.1357854615333815,-0.16776690949734888,-0.11680616977460244,-0.07446279585884329
p008t:CCTCCTCCACAACATC,p008t,Tumor,Stromal,6831,2423,CAFs,p008,0.011774431203344935,0.33772485148237674,0.34735991651328596,0.5407157763078505,0.5628242844412493,0.19937076631345246,0.1649928738089169,0.011774431203344935
p008t:CCTCTCCAGAGTCCGA,p008t,Tumor,Stromal,5632,2006,MyoFBs 1,p008,-0.06983733753951495,-0.36003153124938203,-0.3169994035326853,-0.4224326062035196,-0.375845106578497,-0.2448181390762329,-0.21725922928136937,-0.06983733753951495
p008t:CCTCTCCTCCGCGGAT,p008t,Tumor,Stromal,4503,1942,UC FBs,p008,1.025937281156841,0.3728689071627296,0.2291504381815108,0.2630660029850444,0.21679089071099147,0.28648919918035204,0.24940860008492188,1.025937281156841
p008t:CGAGGAATCGTAGCCG,p008t,Tumor,Stromal,10045,2831,CAFs,p008,0.023568129428384595,0.2665636307198782,0.2442198052729775,0.33375664014483286,0.30767583627210454,-0.11198800617926999,-0.09639965265112764,0.023568129428384595
p008t:CGAGTGCAGGGCAGAG,p008t,Tumor,Stromal,11514,3299,CAFs,p008,0.2348775999261099,0.4343847251967622,0.4598071040534528,0.8310180510589092,0.8595999004996143,0.3851799527281209,0.40609937222564924,0.2348775999261099
p008t:CGCATAATCCTCTAAT,p008t,Tumor,Stromal,12802,3341,UC FBs,p008,0.19571776010030717,0.04685880009046927,0.0027862466053991783,-0.046614328883968444,-0.07249207201218882,0.6789902156905124,0.6119836172636818,0.19571776010030717
p008t:CGGAGAACATAATCGC,p008t,Tumor,Stromal,19258,4240,CB FBs,p008,0.022615703729618537,0.1873770244229509,0.20847435356912816,0.31746499142514506,0.2817935552989501,0.09505343741100085,0.11800735581885366,0.022615703729618537
p008t:CGGTCAGGTAACACCT,p008t,Tumor,Stromal,8526,2689,CAFs,p008,-0.04240737656098709,0.4192756735755378,0.3781390069435896,0.3249832974860863,0.2564072754060806,0.03775236524249378,0.0039293434690026675,-0.04240737656098709
p008t:CGTAGTAGTTTCCATT,p008t,Tumor,Stromal,8187,2089,MyoFBs 1,p008,-0.012408099382331497,-0.32336208604428235,-0.3613714868339097,-0.579817030882957,-0.5575872480349485,-0.2557030914645446,-0.2711084676139495,-0.012408099382331497
p008t:CGTGCTTGTACGTTCA,p008t,Tumor,Stromal,24126,4774,CB FBs,p008,0.20783700851168027,0.4691537467534749,0.4520111837447053,0.7363773138043755,0.6813658875207481,0.15581409711096633,0.15910073413020548,0.20783700851168027
p008t:CTACGGGAGCCTGGAA,p008t,Tumor,Stromal,6033,2325,MyoFBs 2,p008,-0.17468040093387427,-0.22668067464719013,-0.19939703085437055,-0.3408080420399807,-0.269750272508624,-0.2743121238131272,-0.2358861151863547,-0.17468040093387427
p008t:CTATAGGGTGGATACG,p008t,Tumor,Stromal,14297,3641,CAFs,p008,0.0980491832617605,0.5819749728377376,0.6488962478299694,0.8691357481008282,0.9062003978896279,0.25142856522610313,0.2713363584350137,0.0980491832617605
p008t:CTCAGGGAGGATTTAG,p008t,Tumor,Stromal,2829,1165,MyoFBs 1,p008,-0.035562780309926,-0.32266487135570876,-0.3020338385206897,-0.5172793000784456,-0.5181475880360881,-0.26664221153447504,-0.2273138602866846,-0.035562780309926
p008t:CTCCCAACAATGCAGG,p008t,Tumor,Stromal,11481,3497,CAFs,p008,0.014743816728393236,0.4693609249531006,0.5272707104137758,0.5717556674641614,0.6347725000232458,0.38365298714488744,0.394923539558316,0.014743816728393236
p008t:CTCTCAGAGATTGTGA,p008t,Tumor,Stromal,12382,3421,CAFs,p008,-0.02187159454874825,0.40000014440797993,0.36787553795289657,0.44597583623336895,0.4308211416395944,0.33548749294131996,0.32157122651662895,-0.02187159454874825
p008t:CTCTGGTCAGGTGAGT,p008t,Tumor,Stromal,27027,4983,CB FBs,p008,0.13761068019493108,0.35788018199168525,0.3464726817697605,0.5287555651311592,0.5309981281576721,0.010090457929886486,-0.0073821584666695665,0.13761068019493108
p008t:CTGCATCCAACCAACT,p008t,Tumor,Stromal,3945,1684,CAFs,p008,-0.10115498497167177,0.1361124099669408,0.15131394719568694,0.26689002001468015,0.29922713313338367,-0.07241874243083753,-0.1111262833370882,-0.10115498497167177
p008t:CTGGACGGTCTGATCA,p008t,Tumor,Stromal,7789,2605,CAFs,p008,-0.08655810914933681,0.3198944304366501,0.3733741110417901,0.2297772933177802,0.26570219867104705,0.16272811889648436,0.23470756621921765,-0.08655810914933681
p008t:CTGTACCTCTCTGCTG,p008t,Tumor,Stromal,7146,2346,MyoFBs 2,p008,-0.22820509836208402,-0.3587653941797967,-0.3400097317630198,-0.4724742294270165,-0.4418698597786038,-0.30590122742088216,-0.300006018754314,-0.22820509836208402
p008t:CTGTAGATCGCTAGCG,p008t,Tumor,Stromal,17155,4001,CB FBs,p008,0.10139252637561999,0.29666553498530873,0.22981222882503416,0.5900963785088792,0.5267290388515522,0.04770315007159585,0.042898009454502777,0.10139252637561999
p008t:CTGTGAAAGGTGCGAT,p008t,Tumor,Stromal,14756,3794,CAFs,p008,-0.06283185493789221,0.3565298044787986,0.4172423154842563,0.4352446668306176,0.4345918240588765,0.18779584604658578,0.21683654890340917,-0.06283185493789221
p008t:CTGTGGGTCCGAGCTG,p008t,Tumor,Stromal,24451,4687,CB FBs,p008,0.020542714009551627,0.23668122929235808,0.2819857431189498,0.21925893884653472,0.20735161436036728,0.05622773677000384,0.07608578525798615,0.020542714009551627
p008t:CTTAGGACAGGAATCG,p008t,Tumor,Stromal,1443,871,MyoFBs 1,p008,-0.21872479596028202,-0.5297476031190279,-0.5049693034734668,-0.5650777271663656,-0.5467893154641916,-0.36511035341965525,-0.33736648945247427,-0.21872479596028202
p008t:CTTAGGATCCAGTGTA,p008t,Tumor,Stromal,23950,4967,CAFs,p008,0.10449954909844357,0.34720608346848464,0.4134623909641693,0.5212103510655615,0.5570227951461146,0.26882487092363205,0.30286518576390603,0.10449954909844357
p008t:GAAATGATCCCGTTCA,p008t,Tumor,Stromal,12548,3345,CAFs,p008,0.0804407727300075,0.36783357258239874,0.3712878915163257,0.4514947872304795,0.4449595862263164,0.1701605785442026,0.1583404300843968,0.0804407727300075
p008t:GAACACTTCATTCGGA,p008t,Tumor,Stromal,11839,3143,MyoFBs 1,p008,-0.10348228391325265,-0.22009994706367048,-0.22709749213124558,-0.45063149609736036,-0.4056408330798149,-0.1962047931395079,-0.20553041275809794,-0.10348228391325265
p008t:GAACTGTCACCAGTTA,p008t,Tumor,Stromal,19655,4367,CAFs,p008,0.025840139539356818,0.3932059622281801,0.4260836833187879,0.6110080166741236,0.6417838445239223,0.1499408499190682,0.1750002648900537,0.025840139539356818
p008t:GAATAGAGTAGTGCGA,p008t,Tumor,Stromal,15434,3673,MyoFBs 2,p008,-0.08271946741692852,-0.22279375802953633,-0.21365484254570996,-0.30857524669215997,-0.2830552168320431,-0.1837012447808918,-0.15106053212109735,-0.08271946741692852
p008t:GACCTTCGTGTCACAT,p008t,Tumor,Stromal,8849,2428,CB FBs,p008,0.0318259664794855,0.12110999241775396,0.11825759109200501,0.1193776108628633,0.10006767987858417,0.2884124235103005,0.3009955364115098,0.0318259664794855
p008t:GACTCTCGTCAAGTTC,p008t,Tumor,Stromal,13714,4057,MyoFBs 2,p008,-0.06977936266022816,-0.35420620935607927,-0.32824191278437287,-0.3425737110973925,-0.292122179620661,-0.2683568204311948,-0.22923018787713612,-0.06977936266022816
p008t:GACTTCCTCTCAACGA,p008t,Tumor,Stromal,12341,3640,CAFs,p008,0.03305824173679739,0.28887961326851225,0.26496997785686355,0.645007541289135,0.6003514947586281,0.031644070707261565,0.02272251214393798,0.03305824173679739
p008t:GAGAGGTTCACAACCA,p008t,Tumor,Stromal,6381,2255,CAFs,p008,0.274387851390138,0.38037124397803324,0.34533012313086814,0.2982452486793758,0.24441740082490238,0.4755437864284766,0.38779485690243104,0.274387851390138
p008t:GAGATGGCACGTTGGC,p008t,Tumor,Stromal,9825,3254,CAFs,p008,0.17767416577165326,0.5529139954881857,0.6284872316073898,0.7092380979079373,0.7503792240695898,0.47223027054416505,0.5313989255796461,0.17767416577165326
p008t:GAGATGGGTTGGCCTG,p008t,Tumor,Stromal,13893,3786,CB FBs,p008,-0.07846417596661731,0.13991378685008088,0.1672597504121524,0.2912235250708419,0.27263351631767746,0.00419842061635695,0.0032248854637145995,-0.07846417596661731
p008t:GAGGCAAGTGCCCGTA,p008t,Tumor,Stromal,1592,872,MyoFBs 1,p008,-0.2493191735590236,-0.5513760869448282,-0.530817979265277,-0.5654510870119747,-0.5333242387792398,-0.3771277666091919,-0.35079771595842696,-0.2493191735590236
p008t:GAGTCATTCATTCTTG,p008t,Tumor,Stromal,12861,3550,CAFs,p008,0.04395399781826295,0.2965582373043598,0.3117680518189445,0.33664183400343267,0.32735836371606175,0.30374694129354074,0.3191972025177058,0.04395399781826295
p008t:GAGTTACTCCAGTGTA,p008t,Tumor,Stromal,24826,4949,CAFs,p008,0.10322452696211833,0.3560787004665757,0.4027631441131234,0.5879531749049012,0.6385077981408253,0.3138983601998342,0.3637289928381934,0.10322452696211833
p008t:GAGTTTGGTGCTTATG,p008t,Tumor,Stromal,23266,4348,CB FBs,p008,0.038900559094097266,0.20155403253679371,0.2336587594685758,0.2370478133385887,0.23231977354301964,0.048181899519343124,0.06221194543382701,0.038900559094097266
p008t:GATCCCTGTTGTAAAG,p008t,Tumor,Stromal,5731,2064,MyoFBs 2,p008,-0.2007855271365036,-0.4262494435723947,-0.3932751413525605,-0.5409909288341902,-0.5060268085190031,-0.31860212111159375,-0.28538670040228786,-0.2007855271365036
p008t:GCAGCTGTCAATCAGC,p008t,Tumor,Stromal,7186,2936,MyoFBs 1,p008,-0.10759842848372564,-0.40939278242995547,-0.39555666452591737,-0.47262328203615483,-0.4224862599485489,-0.19632268291162816,-0.17150207260514008,-0.10759842848372564
p008t:GCAGCTGTCAGTCACA,p008t,Tumor,Stromal,21107,4441,CB FBs,p008,0.1642890696397476,0.3099772130728376,0.3009124900237089,0.30392617371161373,0.2660735213565965,0.10280178237314287,0.04226830515133984,0.1642890696397476
p008t:GCCGATGTCAACTACG,p008t,Tumor,Stromal,6158,2221,CAFs,p008,0.53920314928288,0.32106659131846865,0.21517454623812582,0.35668864249422844,0.22950759313480798,-0.06819514502820216,-0.12050234706086271,0.53920314928288
p008t:GCCGATGTCCGAGGCT,p008t,Tumor,Stromal,4969,2147,CAFs,p008,0.09957105761165158,0.04865093068789919,0.009431307947990008,0.5095950724671081,0.5154017675234828,0.08678495918743705,0.12945185658138464,0.09957105761165158
p008t:GCCGTGATCCTCTCGA,p008t,Tumor,Stromal,14222,3514,CAFs,p008,0.06807504377017419,0.2511145119764367,0.22825679473760652,0.6370450598472843,0.6608152214091184,0.0027873702739414415,0.03200345968498903,0.06807504377017419
p008t:GCGAGAATCGTAATGC,p008t,Tumor,Stromal,1494,912,MyoFBs 1,p008,-0.22172512409783768,-0.5766867250964349,-0.5610672785196362,-0.5575405677818522,-0.537142014000998,-0.44024706906393957,-0.4213428187019685,-0.22172512409783768
p008t:GCTACCTTCTACTGAG,p008t,Tumor,Stromal,3784,1488,CB FBs,p008,0.13232754471532085,0.09420808800020997,0.14404404599492143,0.29044218125696086,0.29853129516853844,0.1706533948841848,0.23026689702973646,0.13232754471532085
p008t:GCTCAAACATCCTCAC,p008t,Tumor,Stromal,2970,1457,MyoFBs 2,p008,-0.2756942080235795,-0.33546839852114113,-0.32281005409796065,-0.4854439008904963,-0.4438246238197005,-0.3524604348759902,-0.3232283451977898,-0.2756942080235795
p008t:GCTTTCGCAAGGGTCA,p008t,Tumor,Stromal,7642,2900,MyoFBs 2,p008,-0.05663540067249223,-0.27532535933946467,-0.24450374546846965,-0.26124982465514723,-0.23002228389905635,-0.2204231446510867,-0.19188962534946555,-0.05663540067249223
p008t:GGAACCCGTGAGTCAG,p008t,Tumor,Stromal,9932,2820,MyoFBs 1,p008,0.006417940223687573,-0.2534970714121449,-0.237726818497588,-0.4298276768199035,-0.3951537859474504,-0.11308202869013737,-0.09364235085599562,0.006417940223687573
p008t:GGAGGATTCTTCGGTC,p008t,Tumor,Stromal,14761,3812,UC FBs,p008,0.3351649766657175,0.07993690677139224,0.07260393105992456,-0.12260272263606288,-0.18031332143690698,0.6411363673837561,0.5948966485612532,0.3351649766657175
p008t:GGATCTAAGTACCGGA,p008t,Tumor,Stromal,15362,3989,CAFs,p008,0.13225633831972486,0.1715899263413585,0.1487996061218948,0.2982704685050614,0.25051836097656294,0.2205453695435273,0.24210928739870297,0.13225633831972486
p008t:GGCTTTCTCGCCGAAC,p008t,Tumor,Stromal,21794,4619,CAFs,p008,0.2091405677605061,0.2714528730329202,0.31111416493247196,0.3103638772985765,0.27329503255354803,0.23378358024515603,0.23641923126928946,0.2091405677605061
p008t:GGGACTCGTATCCCTC,p008t,Tumor,Stromal,8802,3008,CAFs,p008,-0.09847059979904116,0.534650844502814,0.6074505234818633,0.6257264855868963,0.6766172697724298,0.29287513286659594,0.3139781244975679,-0.09847059979904116
p008t:GGGATGAAGCAGCCTC,p008t,Tumor,Stromal,7875,2469,CB FBs,p008,0.06324421297432038,-0.07194619333105427,-0.030344555517885743,0.04409705235489777,0.04341334654668043,-0.09029054390756708,-0.0431101662271163,0.06324421297432038
p008t:GGGTGAACAATACCCA,p008t,Tumor,Stromal,21762,4340,CB FBs,p008,0.20265143495379834,0.36516921241216516,0.30104621577008467,0.3834092867541678,0.33214732480430326,0.21194962432215872,0.14688593469669714,0.20265143495379834
p008t:GGTGTTAGTTATAGCC,p008t,Tumor,Stromal,6023,2185,MyoFBs 2,p008,-0.05486920015200188,-0.24237115515814145,-0.26727402521433624,-0.44208619158182827,-0.40738147124648094,-0.29320267762400604,-0.29645464255967563,-0.05486920015200188
p008t:GGTTCTCTCCTTGACC,p008t,Tumor,Stromal,2193,1313,MyoFBs 1,p008,-0.07016849821727526,-0.5015079225318468,-0.47121944130829924,-0.5766436649030264,-0.547514287516648,-0.38068322617756695,-0.41302854366162245,-0.07016849821727526
p008t:GTAAGTCTCCTAGCCT,p008t,Tumor,Stromal,5203,2186,MyoFBs 2,p008,-0.18852735782989807,-0.37645546765047677,-0.33955773720290605,-0.35519942207908145,-0.2718905393294124,-0.2066319609943189,-0.160243580271216,-0.18852735782989807
p008t:GTAGCTAAGGCTGGAT,p008t,Tumor,Stromal,18279,3931,CAFs,p008,0.36395258479343173,0.28634385891942954,0.11422528126617758,0.013428938175950731,-0.06832797034795202,0.5352587825177532,0.4500194936990738,0.36395258479343173
p008t:GTAGGAGGTTGGAGGT,p008t,Tumor,Stromal,11317,3370,CAFs,p008,0.03579748667809263,0.6135450971255801,0.708015103370133,0.6165653841227902,0.6497930270987887,0.05580865294721566,0.11392980736187276,0.03579748667809263
p008t:GTAGTACGTATCCCAA,p008t,Tumor,Stromal,23086,4819,CAFs,p008,0.01942161699397522,0.3498301401506273,0.4085692440318625,0.22239605639586035,0.2858394148521299,0.2936018967608872,0.33546753090751524,0.01942161699397522
p008t:GTATTTCAGTACGTCT,p008t,Tumor,Stromal,16486,4166,CAFs,p008,0.0364600914742863,0.604103808015661,0.6571066466432701,0.709489985473682,0.7011373761369911,0.38291807006064216,0.3730350591680583,0.0364600914742863
p008t:GTCACTCAGACCAACG,p008t,Tumor,Stromal,10275,3190,CB FBs,p008,0.03950460889098937,-0.16683990557735062,-0.18559095213507734,0.23390155547887695,0.19451197067838769,-0.12180529950480712,-0.11379806022433674,0.03950460889098937
p008t:GTCCACTAGAATCCCT,p008t,Tumor,Stromal,7592,2480,CB FBs,p008,0.03873107680364659,0.19682911362460986,0.16749995411941554,0.34761776735207867,0.30384624530669563,-0.13440620814891238,-0.17088143976733966,0.03873107680364659
p008t:GTCGCGAAGCTATCCA,p008t,Tumor,Stromal,10343,3041,CB FBs,p008,-0.0009443305040660657,0.24344211092636903,0.2747701878500421,0.3781684208471252,0.3952030121500409,-0.0641450463156951,-0.03508935658370747,-0.0009443305040660657
p008t:GTCTACCGTACGACAG,p008t,Tumor,Stromal,7322,2584,CAFs,p008,-0.1934962252710472,0.30717947630553827,0.2756976536134394,0.4453466895074413,0.40542521666692094,0.2936696327830616,0.3311002918902565,-0.1934962252710472
p008t:GTCTACCTCGGAAACG,p008t,Tumor,Stromal,12389,3331,CAFs,p008,0.23062560986319,0.48179847211101834,0.4697658867552513,0.4398353876812117,0.4120987260410952,0.4191362849583751,0.3384316878283725,0.23062560986319
p008t:GTCTTTAAGGATTACA,p008t,Tumor,Stromal,13428,3563,CAFs,p008,0.09285952255391237,0.43496633547225166,0.5171221473776713,0.496338897574769,0.49442206063242844,0.21502828209807998,0.23926082205246477,0.09285952255391237
p008t:GTGAGCCGTAGAGCTG,p008t,Tumor,Stromal,3585,1610,MyoFBs 1,p008,-0.17441268485823744,-0.48410050198435783,-0.46693433230606524,-0.5225219905224382,-0.47230019671625867,-0.32805826256149695,-0.29595532908159145,-0.17441268485823744
p008t:GTGCACGTCGTAGAGG,p008t,Tumor,Stromal,9997,2943,CAFs,p008,0.04917202901356576,0.23551549857520326,0.20225213654339314,0.5480089359441582,0.5166657229149064,0.05826332445599531,0.05839310010128161,0.04917202901356576
p008t:GTTATGGGTCAGTCGC,p008t,Tumor,Stromal,28050,4851,CAFs,p008,0.04072163945978932,0.39154081200059426,0.4452772796687829,0.33295931954564034,0.36001596494231286,0.13038052367536646,0.1668392013101017,0.04072163945978932
p008t:GTTGCTCCAAGATCCT,p008t,Tumor,Stromal,4108,2077,CAFs,p008,0.1358684384051645,0.642134752580706,0.6265498647784314,0.9277539881212371,0.856168235890394,0.40193314960128385,0.35893017544465905,0.1358684384051645
p008t:GTTGTCCAGGTGCCTC,p008t,Tumor,Stromal,13257,3983,CAFs,p008,0.02010794609719724,0.2806889351495371,0.30028502334181856,0.540777920384188,0.5728606570425422,0.2045091627263709,0.190142357962973,0.02010794609719724
p008t:GTTTACTTCCATACAG,p008t,Tumor,Stromal,4681,1833,CAFs,p008,-0.12696462135614925,0.2970535314965005,0.29465876783176165,0.2918162241730155,0.23301576311851657,0.20970296326436494,0.21983860310386208,-0.12696462135614925
p008t:GTTTGGAAGAGCAAGA,p008t,Tumor,Stromal,22534,4379,CB FBs,p008,-0.07504559966751881,0.20642253224338805,0.2513589296580815,0.42758580456886974,0.4345297557843286,0.09242298375619085,0.08236365011509728,-0.07504559966751881
p008t:TAACGACAGATGTAGT,p008t,Tumor,Stromal,2800,1205,MyoFBs 1,p008,-0.03593245838164238,-0.5143778216930068,-0.4866005403057831,-0.5602218091335832,-0.5282603258830171,-0.43975621461868286,-0.4207942166749169,-0.03593245838164238
p008t:TAAGCCAAGGTGCTTT,p008t,Tumor,Stromal,10054,2961,CAFs,p008,-0.08848152404422299,0.5034825575290894,0.5928792791759095,0.4786343782836077,0.5186535068895928,0.1609075427055359,0.1711605313946219,-0.08848152404422299
p008t:TAATTCCAGACAGTCG,p008t,Tumor,Stromal,9477,3049,MyoFBs 1,p008,-0.03198037593903249,-0.330355379274305,-0.32144709140425776,-0.46460966575814755,-0.42804931286115977,-0.1851479051928771,-0.14634887541041655,-0.03198037593903249
p008t:TAATTCCCACAGTCCG,p008t,Tumor,Stromal,5177,1927,MyoFBs 2,p008,-0.18635604390057556,-0.23942212627402373,-0.24141380895020031,-0.30089517018510675,-0.26504444085104867,-0.142117354940427,-0.09857938907602254,-0.18635604390057556
p008t:TAATTCCGTGAACCGA,p008t,Tumor,Stromal,8563,2521,UC FBs,p008,0.09224730942463666,-0.11420401539273407,-0.12773293261302682,-0.2756416215656363,-0.29464416608734184,0.4843222334196693,0.44573533131795773,0.09224730942463666
p008t:TACACCCGTGAGTTTC,p008t,Tumor,Stromal,18434,4431,CB FBs,p008,0.036363037368446066,0.20422860945822024,0.21580433050488554,0.2981943079289429,0.3071322021139569,0.11490560526910581,0.14925402280162361,0.036363037368446066
p008t:TACGGTAAGAAGTGTT,p008t,Tumor,Stromal,6749,2366,CAFs,p008,-0.005098118626496248,0.47587504374737644,0.5682436932877797,0.7962710447989556,0.8559769765842099,0.035188493838435725,0.07728929791380378,-0.005098118626496248
p008t:TAGTGCACACCGTCTT,p008t,Tumor,Stromal,19476,4403,CB FBs,p008,0.037956137112096736,0.2715121287702849,0.27551741202549285,0.4822472928778496,0.47429021419334594,0.049328042395216855,0.053025381929953305,0.037956137112096736
p008t:TATATCCAGGCTTAGG,p008t,Tumor,Stromal,17582,4130,CAFs,p008,-0.03082870401180627,0.4418172326167019,0.507510481538569,0.5757068009733469,0.61766534012764,0.03668438792228699,0.018819398038527543,-0.03082870401180627
p008t:TATCTTGCACCAATTG,p008t,Tumor,Stromal,17518,4349,MyoFBs 2,p008,-0.1145987483068255,0.08212232767670814,0.14078277290412566,-0.08126919340979004,-0.06381731103499268,0.04519164797506834,0.10195425100186292,-0.1145987483068255
p008t:TATGTTCAGTTATGGA,p008t,Tumor,Stromal,6518,2361,MyoFBs 2,p008,-0.08036396420446404,-0.24283536958831306,-0.21295411768937256,-0.36449430040939124,-0.3314683743384342,-0.24470923041042528,-0.21742894228766946,-0.08036396420446404
p008t:TATTCCAAGACATCAA,p008t,Tumor,Stromal,14953,3874,CB FBs,p008,0.1892858909018207,0.34748687062944683,0.3428142605485713,0.538722829323034,0.5182202088451663,0.040174483272590135,-0.06207971397568198,0.1892858909018207
p008t:TCAAGTGAGTGTTCAC,p008t,Tumor,Stromal,8004,2801,CB FBs,p008,0.04415134396077248,0.32419658973052795,0.3102176009972648,0.643628283993018,0.6041607825128839,-0.07174238974326536,-0.11030594781041145,0.04415134396077248
p008t:TCACGCTTCCTTGACC,p008t,Tumor,Stromal,8975,3052,MyoFBs 2,p008,-0.09364681504666805,-0.3128406102103846,-0.28987035691374685,-0.29077011915084156,-0.281266790900994,-0.2359412492890107,-0.19300102012998918,-0.09364681504666805
p008t:TCACTATTCCCGAGTG,p008t,Tumor,Stromal,12100,3330,MyoFBs 2,p008,-0.1864505545481255,-0.3216710673379047,-0.2940143367230165,-0.4307564423913706,-0.3650910531950378,-0.18173047182591337,-0.13241250414182157,-0.1864505545481255
p008t:TCAGCAAGTAATCAAG,p008t,Tumor,Stromal,4586,1938,MyoFBs 2,p008,0.055937065775587894,-0.14843093451796746,-0.13869736570774055,-0.2635526994661409,-0.2481984715302323,-0.29772410361390367,-0.2958985945757698,0.055937065775587894
p008t:TCATATCTCCCTTGTG,p008t,Tumor,Stromal,17869,4212,CAFs,p008,0.04336746138308132,0.4480219297491166,0.5139823706320873,0.31865936137346207,0.3365306849022894,0.3617867434495374,0.414565868500401,0.04336746138308132
p008t:TCATCATTCGCTACGG,p008t,Tumor,Stromal,7997,2786,MyoFBs 2,p008,-0.0705921245706186,-0.31617832484141906,-0.30800706834146163,-0.4156165061024379,-0.40971577553035216,-0.22494352346188143,-0.19644735784215087,-0.0705921245706186
p008t:TCATGCCTCGTAGTGT,p008t,Tumor,Stromal,2144,964,MyoFBs 1,p008,-0.20407937411545662,-0.40494493858850733,-0.3558148995223569,-0.5937885991012564,-0.5437712294244489,-0.31568435932460587,-0.28212567252271314,-0.20407937411545662
p008t:TCATGGACAGCTACCG,p008t,Tumor,Stromal,4385,1451,MyoFBs 1,p008,0.06623268509773832,-0.3927236381842166,-0.389724686378386,-0.6190830964062896,-0.6010318896624931,-0.29031231936655544,-0.2704530070809757,0.06623268509773832
p008t:TCATTTGTCGGAACTT,p008t,Tumor,Stromal,5006,1922,MyoFBs 2,p008,-0.19966050587071663,-0.35432278463731004,-0.3557383602530491,-0.4613723744239126,-0.4602753014065499,-0.16992439313938743,-0.1192174750215867,-0.19966050587071663
p008t:TCCACGTTCCCAGGAC,p008t,Tumor,Stromal,5790,1921,UC FBs,p008,-0.02431403994233462,-0.08187562158825445,-0.034741292730337235,-0.22930476917143988,-0.2212720453565897,0.0033650835877970645,0.04049301848692052,-0.02431403994233462
p008t:TCCCACACAAAGGGCT,p008t,Tumor,Stromal,7685,2663,MyoFBs 2,p008,-0.030050682051009255,-0.3899890895248676,-0.3666260350586438,-0.4268064873711187,-0.3534892881505711,-0.22763642700094927,-0.2145685760413899,-0.030050682051009255
p008t:TCCGAAATCAGCTTCC,p008t,Tumor,Stromal,17795,4689,UC FBs,p008,-0.025053033539861963,-0.48152912932695174,-0.4518122603071899,-0.5971470057812273,-0.5518602613619593,-0.14075081748397728,-0.09628202415564481,-0.025053033539861963
p008t:TCCGGGATCGAAGCCC,p008t,Tumor,Stromal,3820,1974,CAFs,p008,-0.20816385860375144,0.39297684107203873,0.4421369476107562,0.39254276750951395,0.4195818491280079,-0.0783728130553898,-0.08495303374879501,-0.20816385860375144
p008t:TCCTAATGTCTGCGCA,p008t,Tumor,Stromal,12997,3960,CAFs,p008,-0.007084528343719349,0.15473074770095396,0.11842437633653967,0.5368685202711091,0.5132510279586842,-0.042015329944460014,-0.05031599897672148,-0.007084528343719349
p008t:TCCTCGACAAGACGAC,p008t,Tumor,Stromal,27659,4712,CB FBs,p008,0.234013944962307,0.32985168657436664,0.3740495424263361,0.3754585473132985,0.3657832611352205,0.09984521261955562,0.10439893559497945,0.234013944962307
p008t:TCGAACAAGAGCACTG,p008t,Tumor,Stromal,4777,1788,CB FBs,p008,-0.07287018997758105,0.10206816094566365,0.1322947937722613,0.2575937209992993,0.26722813917453897,0.029542210854982074,0.03738764524459839,-0.07287018997758105
p008t:TCGACCTGTAAGTAGT,p008t,Tumor,Stromal,10450,3102,CAFs,p008,0.12687002050510623,0.33446964902841314,0.33124583132746743,0.23584915507508783,0.16805322641550108,0.3291972761875705,0.3028400199378238,0.12687002050510623
p008t:TCGCTCACAAGGCTTT,p008t,Tumor,Stromal,7596,2403,MyoFBs 2,p008,-0.10813261918200735,-0.2617225021275939,-0.20709445690963327,-0.3340303727558681,-0.293573510161666,0.004608457182583056,0.04481910344432382,-0.10813261918200735
p008t:TCGGGTGTCGCCACTT,p008t,Tumor,Stromal,1971,1209,CAFs,p008,-0.10553858700420773,0.31362210738719726,0.3756646705655063,0.5986610457149087,0.6184711718801842,0.0031341850757598878,0.04073013558107264,-0.10553858700420773
p008t:TCGTGCTAGAAACTGT,p008t,Tumor,Stromal,8777,2665,CAFs,p008,-0.04179026804080135,0.17735295948021265,0.15139689114762517,0.25958746323856163,0.22010202318170044,0.2161275982072479,0.2061859378043343,-0.04179026804080135
p008t:TCTAACTAGTGCGACA,p008t,Tumor,Stromal,3876,1963,CAFs,p008,0.26218680203320427,0.5682529220927734,0.5523275890183158,0.8604823982590163,0.8727926163999147,0.2235806622003254,0.2271916077417486,0.26218680203320427
p008t:TCTATACAGAGGATCC,p008t,Tumor,Stromal,11727,3190,CAFs,p008,-0.03453928810593329,0.4081166307536923,0.4484480479505004,0.45975738855040804,0.47967702323614164,0.25414058668048756,0.3069288545671631,-0.03453928810593329
p008t:TCTATACTCACGACTA,p008t,Tumor,Stromal,8038,2611,MyoFBs 2,p008,-0.12292505849741008,-0.17820186738152893,-0.16625179541183682,-0.18217288755944797,-0.17454314881632493,-0.2060564372100328,-0.15960034780642565,-0.12292505849741008
p008t:TCTGTCGAGAATTCAG,p008t,Tumor,Stromal,4907,1831,MyoFBs 2,p008,-0.19996767236213936,-0.43445656942773836,-0.4154132730895426,-0.5354511486746523,-0.4916380068373888,-0.2985590050095006,-0.26298557064112493,-0.19996767236213936
p008t:TCTTGCGAGATGGTCG,p008t,Tumor,Stromal,15382,3725,CAFs,p008,0.18426126251487354,0.1326840416509278,0.20521641422699138,0.07720687658506997,0.10726692510205646,0.030723141682775398,0.0809587554896579,0.18426126251487354
p008t:TGAACGTTCGCGATCG,p008t,Tumor,Stromal,7215,2222,MyoFBs 1,p008,-0.020148929045127148,-0.37543564084537173,-0.35694056994667867,-0.5924037858387645,-0.572839419075916,-0.17782180521048999,-0.1949827740297598,-0.020148929045127148
p008t:TGACCCTCATTCATCT,p008t,Tumor,Stromal,2770,1320,MyoFBs 2,p008,-0.04647976535846267,-0.2752300165593624,-0.23142509116995624,-0.35545789997796623,-0.27218508391186247,-0.32412458940556177,-0.2915588708484874,-0.04647976535846267
p008t:TGACCCTGTATTGCCA,p008t,Tumor,Stromal,12454,3521,CB FBs,p008,0.04965554332241146,0.5747159273952854,0.619893552508296,0.6721818091404833,0.7200421639068355,0.001701518550123039,-0.04283185078598121,0.04965554332241146
p008t:TGAGTCAGTAAGGTCG,p008t,Tumor,Stromal,7533,2512,MyoFBs 2,p008,-0.0012272969868622329,-0.16598282526342237,-0.12339407587196768,-0.38468065561384573,-0.3458649011025595,-0.12165593755872627,-0.08166123207877664,-0.0012272969868622329
p008t:TGATCAGCAGGGTCTC,p008t,Tumor,Stromal,6150,2184,CB FBs,p008,0.026109321108251288,0.22352618123499715,0.2268517129123211,0.40798840694585625,0.3922342000485853,0.05521406892098878,0.0861493978430243,0.026109321108251288
p008t:TGCAGATAGCAGGTCA,p008t,Tumor,Stromal,5702,2134,MyoFBs 2,p008,-0.221140352420901,-0.4354114014731378,-0.43153976440066244,-0.49958237329003763,-0.45610277415361516,-0.28006858010041086,-0.2423198016250835,-0.221140352420901
p008t:TGCATGAGTTCCGTTC,p008t,Tumor,Stromal,26086,4623,CB FBs,p008,0.04913736087384454,0.27597028445167354,0.30988158974455804,0.4006639005549784,0.3900597639176128,-0.015286311311157126,0.024057609456426956,0.04913736087384454
p008t:TGCTTCGAGGCGTCCT,p008t,Tumor,Stromal,7065,2460,CAFs,p008,-0.03788918568834401,0.674065932840565,0.7629607278944516,0.7903268771360115,0.8525947889443054,0.22524397828077014,0.21330898737206178,-0.03788918568834401
p008t:TGGAGGATCTGCTTAT,p008t,Tumor,Stromal,11651,3242,CB FBs,p008,0.12385119383403084,0.3048268269595443,0.28973606892111825,0.4510142940419669,0.45431287508717805,0.1592014367054952,0.13278839809491355,0.12385119383403084
p008t:TGGGATTAGTATGACA,p008t,Tumor,Stromal,1871,1300,UC FBs,p008,-0.09095925481565166,0.030509747640818964,0.0926654506929037,0.24835463742516478,0.3257030810900899,0.09000648699308697,0.12402143075185663,-0.09095925481565166
p008t:TGGGATTTCCAAGCAT,p008t,Tumor,Stromal,7117,2562,MyoFBs 2,p008,-0.12706748863453404,-0.1753196884326789,-0.1316726379459951,-0.22617311692055392,-0.19278147825321487,-0.16709119803027103,-0.11605096284080954,-0.12706748863453404
p008t:TGGTAGTTCGCCTTGT,p008t,Tumor,Stromal,13520,3379,CAFs,p008,-0.01952503358520437,0.33751210251024794,0.3295474138746901,0.3239987620665711,0.2593920152461113,0.10138070948029819,0.10352271194843685,-0.01952503358520437
p008t:TGTAAGCTCGACGACC,p008t,Tumor,Stromal,1319,736,CAFs,p008,-0.1977221190341209,-0.08251741528511047,-0.1160092764511341,0.08825983905366488,0.08288895780610483,-0.15511768985735744,-0.18387917026000863,-0.1977221190341209
p008t:TGTACAGGTGACAACG,p008t,Tumor,Stromal,10618,3019,CAFs,p008,0.2156371334567666,0.16169916527887465,0.1824558538231408,0.0801768822866321,0.07943481968466712,-0.038704042215096324,0.018120716424549328,0.2156371334567666
p008t:TGTCAGAAGTGCACAG,p008t,Tumor,Stromal,2867,1235,MyoFBs 2,p008,-0.14122494306872813,-0.2597970594556964,-0.20096228144517758,-0.28261312500250585,-0.22227552316563073,-0.25696731390137423,-0.21650073940263076,-0.14122494306872813
p008t:TGTGAGTCATGGGCAA,p008t,Tumor,Stromal,20014,4287,CAFs,p008,0.1370199034317282,0.523501696162477,0.4476509086770664,0.4581088097766042,0.38424724160671925,0.4013839070930293,0.3237164793864769,0.1370199034317282
p008t:TGTTCTACAGCTATAC,p008t,Tumor,Stromal,13369,3706,CAFs,p008,0.06718507759796921,0.42616315740570476,0.41003317184030735,0.5765684171964661,0.5905525428161762,0.1364904294798371,0.11059792357332567,0.06718507759796921
p008t:TTACCGCAGATGTTAG,p008t,Tumor,Stromal,7718,2623,MyoFBs 1,p008,-0.0026679560133631816,-0.17226147047263018,-0.18212384607915472,-0.4640775554034175,-0.41284592683578647,-0.09578711641462226,-0.10259742070646848,-0.0026679560133631816
p008t:TTACGTTGTGACTCGC,p008t,Tumor,Stromal,5643,2113,MyoFBs 2,p008,-0.11690183091712625,-0.4254728643109604,-0.41541011767779906,-0.40216706069756525,-0.35668936319822486,-0.24992784606783014,-0.20863309888278736,-0.11690183091712625
p008t:TTCAATCAGTGCCCGT,p008t,Tumor,Stromal,7944,2950,CAFs,p008,-0.031521369065893326,0.4133902649794306,0.483039779815732,0.6460201852023602,0.6905208402421585,0.3255887613484734,0.4070193888509975,-0.031521369065893326
p008t:TTCAATCTCCATTTGT,p008t,Tumor,Stromal,18972,4252,CAFs,p008,0.24118819530530458,0.4360859045682817,0.3519187455133694,0.37622680838162803,0.349333222587268,0.1803463930950353,0.1502139268552556,0.24118819530530458
p008t:TTCAATCTCGGTTCAA,p008t,Tumor,Stromal,4276,1898,MyoFBs 2,p008,-0.10657549162575028,-0.44428748021624526,-0.4256865041466748,-0.5808671964522527,-0.5365831657031248,-0.33463684681214784,-0.30330786442055424,-0.10657549162575028
p008t:TTCCACGAGCGTGTTT,p008t,Tumor,Stromal,5349,1790,MyoFBs 1,p008,0.022974747216753792,-0.12835748387234552,-0.14098520740503218,-0.3893266177679203,-0.3675782202721335,-0.04910797037576374,-0.06589008429471184,0.022974747216753792
p008t:TTCCTAATCTTTCAGT,p008t,Tumor,Stromal,11278,3605,CAFs,p008,-0.012124239973593177,0.5063590931002887,0.5199714870896281,0.590830829203585,0.613102845760972,0.26513065682282966,0.263788098296808,-0.012124239973593177
p008t:TTCGCTGTCTGCCTGT,p008t,Tumor,Stromal,5229,1647,MyoFBs 1,p008,-0.010325648903585317,-0.08102269858425977,-0.08703030164285404,-0.4527146560044921,-0.4365921307268531,-0.09540261422332964,-0.10619423371904037,-0.010325648903585317
p008t:TTCTGTAGTAAGGCCA,p008t,Tumor,Stromal,6787,2592,CAFs,p008,0.27374738565923873,0.330619146477203,0.2788693225238381,0.12008862402670238,0.13756988275536272,-0.021997116035536717,-0.018763928465983445,0.27374738565923873
p008t:TTGATGGGTGCTCGTG,p008t,Tumor,Stromal,11528,3365,CAFs,p008,0.02856928043132811,0.46505409863074215,0.4133974679450436,0.6155925877392292,0.5943665310393932,0.4352997592699371,0.3830966375658617,0.02856928043132811
p008t:TTGCATTCACACGTGC,p008t,Tumor,Stromal,13035,3448,MyoFBs 1,p008,-0.06423934075262464,-0.3702230650494445,-0.33075876452210473,-0.5121819026369069,-0.4732591203782101,-0.22629130398364444,-0.1932629768681877,-0.06423934075262464
p008t:TTGGGATAGGTTCCGC,p008t,Tumor,Stromal,4374,1857,CAFs,p008,-0.06626499074985061,0.19241126818696455,0.184036287524533,0.2340414261217324,0.26289538105646537,0.10880192847628342,0.07987530389252831,-0.06626499074985061
p008t:TTGGGCGTCGAGTCTA,p008t,Tumor,Stromal,2996,1387,MyoFBs 2,p008,-0.2652539566093892,-0.22336745376185496,-0.20235141957315003,-0.37612367003243796,-0.3279582628503788,-0.23725844245207936,-0.19447317719459534,-0.2652539566093892
p008t:TTGGGTAAGGTCATAA,p008t,Tumor,Stromal,23401,4766,CB FBs,p008,0.19610255561960993,0.22784870327806708,0.23814793707939183,0.32011376344955206,0.3427799728287514,-0.008827463400207068,0.00638309355606051,0.19610255561960993
p008t:TTTACCACAAGTTCCA,p008t,Tumor,Stromal,13360,3165,MyoFBs 1,p008,-0.08956630456081607,-0.34224242851974407,-0.30133625571956724,-0.48386743746469824,-0.4565708554718037,-0.3022425602925451,-0.2758925927035949,-0.08956630456081607
p008t:TTTACCATCAACGCTA,p008t,Tumor,Stromal,5456,1870,MyoFBs 1,p008,-0.02521218395416151,-0.1047608701854336,-0.1897955084355866,-0.43272475092386714,-0.4315225979269937,-0.054389172792434694,-0.07879731795367073,-0.02521218395416151
p008t:TTTACTGAGTAAGACT,p008t,Tumor,Stromal,7546,2559,CAFs,p008,0.06986972787662556,0.34363624873590104,0.3179351505028402,0.27127958225960636,0.21438307592342065,0.13773272225731298,0.0991723565494313,0.06986972787662556
p008t:TTTAGTCCATCCTCAC,p008t,Tumor,Stromal,3680,1130,MyoFBs 1,p008,-0.09312409917382818,-0.2758894063228247,-0.3308271699380584,-0.5336452080126928,-0.47523573725376017,-0.19355995811914142,-0.22827748621211333,-0.09312409917382818
p008t:TTTAGTCCATGGAAGC,p008t,Tumor,Stromal,19503,4522,CAFs,p008,0.05502661193410555,0.34027071404555925,0.36612838339742,0.5653156049701632,0.5873235889905414,0.30953087951791913,0.3026033126256045,0.05502661193410555
p008t:TTTATGCTCTCTAAGG,p008t,Tumor,Stromal,17205,4470,CAFs,p008,0.055368169537631046,0.5376337123844697,0.5794036256649145,0.6019345784407794,0.6643433538806993,0.3165876397176793,0.33078548890702864,0.055368169537631046
p008t:TTTCACACACCGGCTA,p008t,Tumor,Stromal,4975,1976,MyoFBs 2,p008,-0.0419422246254327,-0.2808910124003887,-0.25848835861174074,-0.40155000581729167,-0.3627383931604929,-0.22316500607289766,-0.2043406283154207,-0.0419422246254327
p009t1:ATGCCTCGTACGAGCA,p009t1,Tumor,Stromal,8811,2729,CAFs,p009,-0.12755883102746388,0.2331821311037151,0.29947598360297156,0.26446083669873827,0.30997097001649265,0.05191520377993584,0.030159762194928,-0.12755883102746388
p009t1:CGAAGGATCGCGCCAA,p009t1,Tumor,Stromal,3252,1626,CCL FBs,p009,0.00387053992272469,-0.3492568432524496,-0.3703035489633316,-0.3033604012916283,-0.33202252545675565,-0.16021580131430374,-0.13093386011965136,0.00387053992272469
p009t1:GCCAGTGCAGGCCTGT,p009t1,Tumor,Stromal,7535,3062,MyoFBs 1,p009,-0.0650680560553283,-0.4348021635823712,-0.4177098390078399,-0.42294025451553113,-0.379395232384288,-0.3806037469914085,-0.36654483079910277,-0.0650680560553283
p009t1:GGGATGATCCTGGGTG,p009t1,Tumor,Stromal,1694,1038,UC FBs,p009,-0.08412838625934041,-0.24584300519556415,-0.21515668683299205,-0.28610481131745846,-0.26285677585144374,-0.3144232273101807,-0.30683765165946064,-0.08412838625934041
p009t1:TATTCCACATACATCG,p009t1,Tumor,Stromal,14368,4237,CAFs,p009,0.04796761530859951,0.8660182979109944,0.8560816181778181,0.6858557246397344,0.7493261249172826,0.16953916886919423,0.1127316981115762,0.04796761530859951
p009t1:TGGGATTCACTAGGCC,p009t1,Tumor,Stromal,1969,1115,CAFs,p009,-0.13788933931081965,-0.25333363714875007,-0.32529578221643846,-0.40384252567072304,-0.4255229968490989,-0.19129098465568142,-0.2370111125357011,-0.13788933931081965
p009t1:TGTTTGTCACTCTCGT,p009t1,Tumor,Stromal,1547,926,UC FBs,p009,-0.174060228525808,0.46340349080915355,0.4651433920896635,0.49302336147853304,0.5252406979196294,-0.16111489722603245,-0.23184297119869907,-0.174060228525808
p009t2:AACAAGAAGCAAGGAA,p009t2,Tumor,Stromal,6467,2331,CCL FBs,p009,0.03756023770230904,-0.15606532207861237,-0.19854861307071475,-0.03218861071069782,-0.1011983354868324,0.02926854440256169,0.03800427698913743,0.03756023770230904
p009t2:ACACCAACACGCTATA,p009t2,Tumor,Stromal,12563,3619,UC FBs,p009,-0.014800153974966522,0.12608343397020078,0.08966780884373116,0.0792070084859674,0.0749130962459847,0.6953897296598083,0.6679758512798477,-0.014800153974966522
p009t2:AGACTCAGTAACTGCT,p009t2,Tumor,Stromal,12557,3648,CAFs,p009,0.1903456445423919,0.7379845995075849,0.7127910067395467,0.5892360825502172,0.6172389998893439,0.27195135135713683,0.25135650424747247,0.1903456445423919
p009t2:ATCCTATAGACCGCCT,p009t2,Tumor,Stromal,3974,1839,UC FBs,p009,-0.165292507952504,-0.24065993019208617,-0.20632566429856347,-0.32544703941260067,-0.3093879043536131,-0.29221246634659015,-0.2733376893927069,-0.165292507952504
p009t2:ATCGCCTAGTTGGCGA,p009t2,Tumor,Stromal,2935,1443,CCL FBs,p009,0.033826419430082307,-0.26277027473005715,-0.28417312985331544,-0.18565901969464457,-0.2272113791212093,-0.153077797709327,-0.15776579997995321,0.033826419430082307
p009t2:ATGAGGGGTCTCGCGA,p009t2,Tumor,Stromal,6423,2328,CAFs,p009,-0.22536476721104823,0.36311792863570913,0.43407461896720456,0.3664818964518455,0.38305479331418524,-0.03136519184826236,-0.022948003242559294,-0.22536476721104823
p009t2:CACTGTCAGCACTAGG,p009t2,Tumor,Stromal,6138,2560,MyoFBs 1,p009,-0.0634958733918897,-0.3725088759496504,-0.34827271585420866,-0.48897957368468753,-0.45102218928378685,-0.2446779662449109,-0.2027655861395247,-0.0634958733918897
p009t2:CCACAAAAGGATATGT,p009t2,Tumor,Stromal,1815,1059,CAFs,p009,-0.0639619389058728,0.021461473207692712,-0.10220041716607606,0.01581109984188664,-0.03905522398823916,0.47528971653235585,0.47104260886416716,-0.0639619389058728
p009t2:GAGACTTAGGTTCTTG,p009t2,Tumor,Stromal,10461,3608,UC FBs,p009,0.039441927973377075,0.3091778607696903,0.2769484317339048,0.22026258532185944,0.1735479421047277,0.44529128796175904,0.43274014741182326,0.039441927973377075
p009t2:GAGTGTTCAGGAAGTC,p009t2,Tumor,Stromal,3358,1735,MyoFBs 1,p009,-0.05763464208626956,-0.3930517580284148,-0.3617021971177764,-0.5815954618155956,-0.5298767241454402,-0.23314475354395414,-0.20926717309390797,-0.05763464208626956
p009t2:GCTTCACCAACCACGC,p009t2,Tumor,Stromal,18532,4645,MyoFBs 1,p009,-0.059716836957816495,-0.3465857562342925,-0.33024075957832905,-0.3643793175092005,-0.3064678847941375,-0.2588633628267991,-0.23892898717347313,-0.059716836957816495
p009t2:GGCTGTGTCATGCCCT,p009t2,Tumor,Stromal,4434,2103,UC FBs,p009,0.22967256291916496,-0.05688365218134559,-0.11543452962324387,-0.06120044422544995,-0.09683679793636467,-0.02458831099303145,-0.0417799315031837,0.22967256291916496
p009t2:GGGCCATTCTTAGCAG,p009t2,Tumor,Stromal,6334,2631,MyoFBs 1,p009,-0.08890550848292678,-0.4979278357813553,-0.46694080104551666,-0.4415920369935279,-0.3942307264132555,-0.3241120818414186,-0.2915448918062098,-0.08890550848292678
p009t2:GTGCAGCTCGATCCCT,p009t2,Tumor,Stromal,3695,1746,CAFs,p009,-0.10498135076149513,0.7515271824454337,0.862329194993746,0.6918141800073945,0.7970645173864309,0.03360575240620069,-0.026006492193076103,-0.10498135076149513
p009t2:TAAGTCGTCCATGCAA,p009t2,Tumor,Stromal,5641,2601,MyoFBs 1,p009,-0.05205292225276169,-0.39592359891655493,-0.34503329845099917,-0.5348028661873268,-0.4765549291271803,-0.3211002014185253,-0.2881786725100349,-0.05205292225276169
p009t2:TAGAGTCAGACCAAAT,p009t2,Tumor,Stromal,941,613,UC FBs,p009,0.08891469165029232,-0.28126573205298305,-0.3560805379799226,-0.41574861649043704,-0.45905771219106606,-0.09408833651166214,-0.16210432631127975,0.08891469165029232
p009t2:TAGGTACAGTCTGGAG,p009t2,Tumor,Stromal,3615,1760,CAFs,p009,-0.10908976446412373,-0.06018589246942072,-0.07227394230118613,-0.04169108110422991,-0.05656958406054696,-0.041592069362339223,-0.04619696210412418,-0.10908976446412373
p009t2:TCGCAGGTCAGACTGT,p009t2,Tumor,Stromal,8637,2859,UC FBs,p009,0.14732203171833566,0.1740009821191126,0.14157042270753442,0.16534415740823868,0.1215735026093763,0.20881374697936209,0.2051756178631502,0.14732203171833566
p009t2:TGGGCTGGTCACCACG,p009t2,Tumor,Stromal,10151,3510,CAFs,p009,-0.17455573781932654,0.21212439588746246,0.2426074892282486,0.09852726955194863,0.1281597354384356,-0.15419016402018698,-0.16714813761851366,-0.17455573781932654
p009t2:TGGGCTGTCATTCTTG,p009t2,Tumor,Stromal,9411,2859,CAFs,p009,-0.012281197433670362,0.5715243625834736,0.6319155144255336,0.33525656417667943,0.36795199883636087,-0.016641244792232387,-0.036356745375429884,-0.012281197433670362
p012t:AACGGGAGTTGGCCTG,p012t,Tumor,Stromal,4577,2253,UC FBs,p012,0.08857123591332582,0.01867830745723783,-0.015411625638967606,-0.02259451470204762,0.007654643509277078,0.4087563262174004,0.40114543771042543,0.08857123591332582
p012t:AATCACGTCTCACCCA,p012t,Tumor,Stromal,5414,2411,MyoFBs 1,p012,-0.1790483436106067,-0.4574522880115071,-0.4185675854181371,-0.4723109215954129,-0.42771141811512237,-0.3780206777547535,-0.35179567547405466,-0.1790483436106067
p012t:ACATCGACAACAGATA,p012t,Tumor,Stromal,2709,1412,CCL FBs,p012,0.06430657381159172,-0.2947450145622905,-0.33189384357594864,-0.1029688430836006,-0.17387855841323388,0.06376344169441023,0.08565449679599088,0.06430657381159172
p012t:AGAGAATGTGGTAACG,p012t,Tumor,Stromal,2279,1207,CCL FBs,p012,-0.09192074897388618,-0.38085304535165126,-0.39924164298104076,-0.2952565585776251,-0.3207762818350348,0.10810013084035171,0.19151581648518057,-0.09192074897388618
p012t:AGTCATGGTGGTCTAT,p012t,Tumor,Stromal,4365,1912,CCL FBs,p012,0.057622249417921954,-0.30259010446619017,-0.29828967017734925,-0.29490683957630276,-0.31529413042373433,-0.10391426745213961,-0.10640992837793686,0.057622249417921954
p012t:ATACCGATCTTTGCTA,p012t,Tumor,Stromal,14768,4291,UC FBs,p012,0.16294142651257285,0.02908394400182427,0.001973425106304448,0.11407755684031516,0.1451131637143188,0.6106374887259383,0.6091138217379065,0.16294142651257285
p012t:ATGCCTCTCAACACCA,p012t,Tumor,Stromal,3342,1707,MyoFBs 1,p012,-0.10720541351066347,-0.4452305785095205,-0.42411433369284723,-0.6060289055565182,-0.5881063410535802,-0.37094685152957313,-0.36333152721909917,-0.10720541351066347
p012t:CACATGAGTCTCTCCA,p012t,Tumor,Stromal,5900,2481,CCL FBs,p012,0.03162460372244057,-0.24803950607168432,-0.23952365812005066,-0.31895356031362804,-0.3027791723847216,-0.057292035574975766,-0.022852730619556765,0.03162460372244057
p012t:CACGGGTTCTGCGAGC,p012t,Tumor,Stromal,2360,1250,UC FBs,p012,-0.008388942630406012,-0.3061181436844018,-0.34638722449904535,-0.32275290692187086,-0.3121659197346416,0.27303909628014816,0.2948713484932395,-0.008388942630406012
p012t:CAGCCAGGTCTGTCAA,p012t,Tumor,Stromal,8406,3046,CCL FBs,p012,0.3988358242796701,-0.15359290689229965,-0.145292535242511,-0.18891512287058393,-0.20395731063949507,-0.06094905577207867,-0.0650313815649818,0.3988358242796701
p012t:CATTGTTGTACCTGTA,p012t,Tumor,Stromal,930,634,CCL FBs,p012,0.08413518955440898,-0.23802921198764626,-0.313131531836783,-0.1350162606306222,-0.1725295153987962,-0.19825540341828998,-0.25105544574120464,0.08413518955440898
p012t:CCAATGAAGGTAAGAG,p012t,Tumor,Stromal,8130,2950,UC FBs,p012,0.582827108601729,-0.2975734377669513,-0.2841577862968623,-0.3731209037027189,-0.3854842432882897,-0.06370086760113114,-0.03465310497318997,0.582827108601729
p012t:CCAATTTGTGTCCTAA,p012t,Tumor,Stromal,2559,1212,CCL FBs,p012,0.038937437070304885,-0.2982051913075301,-0.34068623466826065,-0.2909856714612367,-0.3287927718876406,0.016640809099925193,0.019531617182142594,0.038937437070304885
p012t:CCCGAAGTCCATAGGT,p012t,Tumor,Stromal,5802,2462,UC FBs,p012,0.00986480809290681,-0.21655841893991645,-0.2519339914547234,-0.04181213699737374,-0.06903349547538647,0.40391434682042976,0.4342198620824253,0.00986480809290681
p012t:CCCGGAAGTGAGCAGT,p012t,Tumor,Stromal,5478,2491,MyoFBs 1,p012,-0.1845721009988011,-0.444020007870027,-0.4153936133697266,-0.5315842446776069,-0.5055203788675541,-0.34885608224492326,-0.31919995108071497,-0.1845721009988011
p012t:CCTCACACAGAAGCGT,p012t,Tumor,Stromal,5054,2175,UC FBs,p012,0.0889013164202895,-0.013152269836591214,-0.020814214810365585,0.03689198026775706,0.004459670181711053,0.6292180935018941,0.6009044214206584,0.0889013164202895
p012t:CGGAATTGTGGTTCTA,p012t,Tumor,Stromal,1930,1089,MyoFBs 1,p012,-0.2247399197270473,-0.43629690145655553,-0.39328431855978035,-0.5663440548339669,-0.5378552621533704,-0.3328074138415487,-0.3012632040416493,-0.2247399197270473
p012t:CTAAGTGTCTTCTTCC,p012t,Tumor,Stromal,7224,2911,UC FBs,p012,0.173631909597469,-0.2208823270297476,-0.24018938412390103,-0.3442238418727505,-0.3265036775102449,0.11351647345643294,0.0931397977997275,0.173631909597469
p012t:CTACGGGAGGATTTCC,p012t,Tumor,Stromal,7071,2748,UC FBs,p012,0.10517549387326366,-0.009700171844273502,-0.08880725275815987,-0.10622502415326937,-0.09835442688402742,0.4290776756248976,0.45606646029388204,0.10517549387326366
p012t:CTGCCTAGTATCGAGG,p012t,Tumor,Stromal,14479,3943,CB FBs,p012,0.1456293228098698,0.038732564742011685,0.036136383758630694,0.23423857718459046,0.18767138177983808,-0.11486848490802866,-0.14640390000799122,0.1456293228098698
p012t:CTTCCTTCAAGTATAG,p012t,Tumor,Stromal,3186,1735,UC FBs,p012,-0.12102704838310417,-0.2847233143235956,-0.2719374307226844,-0.30159223543442026,-0.2614151477640451,-0.011368141989958913,0.04420479553587296,-0.12102704838310417
p012t:GAATCGTAGCGGACAT,p012t,Tumor,Stromal,5795,2597,UC FBs,p012,0.08693897282998812,-0.01991858485401893,-0.008898432843568848,0.0613702509020056,0.08515191156157227,0.6300921189157587,0.6570582063759074,0.08693897282998812
p012t:GACTCAACAGTTGGTT,p012t,Tumor,Stromal,8806,3033,CCL FBs,p012,0.24450258861639,-0.007466734900158279,-0.02925071838061984,0.1310708558529007,0.053309099878682646,-0.021979541684451855,-0.06574136982945834,0.24450258861639
p012t:GAGTCATAGTATGAGT,p012t,Tumor,Stromal,8753,3088,CCL FBs,p012,0.16120307118092714,-0.0814091752150229,-0.07740262373373276,-0.08469030968084627,-0.10728742667408876,0.10369259550383217,0.09050573767984614,0.16120307118092714
p012t:GCTTTCGTCACACCCT,p012t,Tumor,Stromal,7796,2908,CCL FBs,p012,0.3214215625469622,-0.12601983336712785,-0.1671475774733486,-0.025780275407038172,-0.07033355163713527,0.13287521536020855,0.11056081071934279,0.3214215625469622
p012t:GGCAGTCGTAACTAAG,p012t,Tumor,Stromal,3796,1743,MyoFBs 1,p012,-0.1681946166709327,-0.5016270496749452,-0.4713618127720022,-0.6122917433326341,-0.5782760339247626,-0.4242846024663825,-0.40350241485764,-0.1681946166709327
p012t:GGGTCACAGACGCTCC,p012t,Tumor,Stromal,10384,3394,CB FBs,p012,0.04906437676726726,0.14586038340111168,0.18897489222084604,0.17619939855470948,0.1139732177347638,0.10464664085915214,0.1280842909041573,0.04906437676726726
p012t:GGTAATCAGAGTCCGA,p012t,Tumor,Stromal,7347,2544,CB FBs,p012,0.09981943163693997,-0.16846839140872566,-0.19245817371439644,0.0018105876384949197,-0.057615876024545626,-0.0488157193911703,-0.05601420718080857,0.09981943163693997
p012t:GGTCTGGCAGACCAGA,p012t,Tumor,Stromal,12294,3705,CCL FBs,p012,0.13024550682881422,-0.1441416553060087,-0.19871913869410934,-0.048874463733969906,-0.09213875381405963,0.08906480070007475,0.03457343543277067,0.13024550682881422
p012t:GTCAAACCAACTGAAA,p012t,Tumor,Stromal,5201,2198,CCL FBs,p012,0.16295545299847922,-0.20554246472156779,-0.21476255311835102,-0.18395336497841136,-0.23871714250336207,0.03436010072105809,0.027406528066186344,0.16295545299847922
p012t:GTCTAGATCTTTACAC,p012t,Tumor,Stromal,10544,3594,CCL FBs,p012,0.4823634211513165,-0.24404742695125087,-0.25162853251733797,-0.21175906528737776,-0.19915390352523604,-0.09406684461588923,-0.09075212317573673,0.4823634211513165
p012t:GTTAGACGTTTACGAC,p012t,Tumor,Stromal,2244,1070,CCL FBs,p012,-0.06696784806748231,-0.41611685166705625,-0.43527179165947727,-0.3468282687791376,-0.37093588112052095,-0.09233702374132056,-0.1200264325913261,-0.06696784806748231
p012t:GTTAGACTCGGAGCAA,p012t,Tumor,Stromal,11707,3799,CCL FBs,p012,0.24364722393281563,-0.06952679297193048,-0.09277489249844377,-0.054023810056494356,-0.09491038984120932,0.16867889712907766,0.16541533625739463,0.24364722393281563
p012t:TAGACCAGTAGCTGCC,p012t,Tumor,Stromal,14319,3936,UC FBs,p012,0.16597157963878362,-0.0973109978308179,-0.11007773237893494,0.0862151268983678,0.11537215912844552,0.7153975864774302,0.7533006578683853,0.16597157963878362
p012t:TAGGTACGTACGATTC,p012t,Tumor,Stromal,7555,2923,CCL FBs,p012,0.04720732860528586,-0.05544145592507355,-0.1427273465570335,0.07089562533537344,0.011315227789414484,0.07897675142280365,0.015336054684046438,0.04720732860528586
p012t:TAGGTTGTCGTGCACG,p012t,Tumor,Stromal,12520,4092,CCL FBs,p012,0.05326647481374573,0.09435644910471248,0.05763492035032136,0.14996354270498363,0.088389263120155,0.20066312704186298,0.19327294366050732,0.05326647481374573
p012t:TCAGCAACAAGTGTCT,p012t,Tumor,Stromal,7112,2811,UC FBs,p012,0.018175533694917697,-0.028827490627157445,-0.06798057485280967,-0.0334787551617744,-0.0546824844597384,0.504831315969166,0.4664680558092454,0.018175533694917697
p012t:TCGTAGATCGTAACCA,p012t,Tumor,Stromal,7212,2561,CB FBs,p012,-0.0002346458730467579,-0.06250012283954694,-0.07167609892331245,-0.0031545688113083646,-0.05739962359413851,-0.12982018056668734,-0.14347658402779523,-0.0002346458730467579
p012t:TCTCCGATCTTTACAC,p012t,Tumor,Stromal,3020,1512,MyoFBs 1,p012,-0.09796237432512275,-0.26195342496645696,-0.2243137344172815,-0.4315119166003198,-0.3839101197934428,-0.28247163107520656,-0.2655271982445436,-0.09796237432512275
p012t:TGATGGTAGTGCACTT,p012t,Tumor,Stromal,3918,1882,CB FBs,p012,0.0033609449144518166,-0.006459231127281578,-0.018649717111413073,-0.2637983806127188,-0.3179786093533039,0.0846549074116506,0.05450600920354619,0.0033609449144518166
p012t:TTCGATTGTCCAAAGG,p012t,Tumor,Stromal,2574,1449,MyoFBs 1,p012,-0.08818849591178853,-0.4294865363258488,-0.4120688817304809,-0.5759083019683555,-0.5439090485316377,-0.2524608795580111,-0.21146413631298963,-0.08818849591178853
p012t:TTCGCTGGTTCGGTCG,p012t,Tumor,Stromal,3993,1940,MyoFBs 1,p012,-0.17686510661192106,-0.4917415473990294,-0.4595474320032248,-0.5277087610138922,-0.48875331575440806,-0.3265953308657596,-0.2943202877745909,-0.17686510661192106
p012t:TTGTTTGTCGAGTCCG,p012t,Tumor,Stromal,2400,1250,CB FBs,p012,-0.04273838102163976,-0.12518012789743288,-0.2177292958083676,-0.13913029759209983,-0.2160621263779873,-0.08230663537979126,-0.11957036081482382,-0.04273838102163976
p012t:TTTATGCTCCTCGCAT,p012t,Tumor,Stromal,10991,3487,UC FBs,p012,0.09735323194610446,0.010707264309939074,-0.045178318805083995,-0.02238496134475786,-0.02119986699937388,0.5360316462814808,0.5122996490667848,0.09735323194610446
p012t:TTTCCTCGTATTCTCT,p012t,Tumor,Stromal,9703,3508,CB FBs,p012,0.32703943083291515,-0.033238224362080196,-0.02348324258970778,-0.10688057857356509,-0.13861265423339467,-0.006851476450499735,-0.003843415156006813,0.32703943083291515
p013t:AAGGAATGTCACTAGT,p013t,Tumor,Stromal,7397,2646,CCL FBs,p013,0.31351483799517155,-0.3241336200842444,-0.31181632595636494,-0.45571438002647185,-0.4644553776570531,-0.06751397471678884,-0.038650756022509405,0.31351483799517155
p013t:ACCTGTCCATTGTACG,p013t,Tumor,Stromal,5096,2093,CCL FBs,p013,0.13994310407392813,-0.09664782197499762,-0.07674721019660555,-0.16592142160753814,-0.21475250005375507,0.23544096727120248,0.2662333988091525,0.13994310407392813
p013t:ACTTATCTCCAGCACG,p013t,Tumor,Stromal,8573,3016,MyoFBs 2,p013,-0.16444208430485768,-0.15730467813127502,-0.1449282973459581,-0.34361742469197026,-0.3411595831776774,-0.20159127163259608,-0.18398068284287172,-0.16444208430485768
p013t:AGCGCCAGTAGGAAAG,p013t,Tumor,Stromal,4112,1790,CAFs,p013,-0.077888082092007,0.07287197917395709,0.06269786752215246,0.020477322671486407,0.035483446838550786,-0.12328027988734998,-0.13186309372677524,-0.077888082092007
p013t:AGCTACATCGAACGGA,p013t,Tumor,Stromal,18570,4700,UC FBs,p013,-0.007785942389123272,-0.1018072726128965,-0.12475440483085992,-0.0790108950732618,-0.05088245101966137,0.45334712529653,0.4753092380788396,-0.007785942389123272
p013t:AGGAAATGTCAAACGG,p013t,Tumor,Stromal,9656,3018,CCL FBs,p013,0.30856672831271825,-0.0026416095087722856,-0.008473962454534158,0.05002138748460887,-0.004173539925453274,-0.0041525763900656446,-0.0021335347610361437,0.30856672831271825
p013t:AGGGCTCCATACAGGG,p013t,Tumor,Stromal,5080,2105,MyoFBs 2,p013,0.0002602058087001767,-0.10357984804491303,-0.1710895329895543,-0.27224785023920084,-0.2782095512158649,0.043108172165720084,0.045868392551646514,0.0002602058087001767
p013t:AGTACCAAGGTTTGAA,p013t,Tumor,Stromal,5308,2317,CAFs,p013,0.020428581816846866,0.09669721658740725,0.055854633813951074,0.2618570020042208,0.23085591320468243,-0.011653824738766017,-0.024535197589327307,0.020428581816846866
p013t:CAGCGTGTCGTGCATA,p013t,Tumor,Stromal,3249,1299,MyoFBs 2,p013,-0.1353246056915898,-0.1809101416444292,-0.22825169181678354,-0.2887693191783465,-0.31999164603130764,-0.1286198331337226,-0.14236583087374183,-0.1353246056915898
p013t:CCACAAAAGATCCCGC,p013t,Tumor,Stromal,3643,1608,CCL FBs,p013,-0.07520373613295848,-0.20948551123847767,-0.278436871563516,-0.2826510275505027,-0.32943593814622524,-0.1279626140468999,-0.17609011004952824,-0.07520373613295848
p013t:CCGATGGGTACTTCCC,p013t,Tumor,Stromal,15641,3843,CCL FBs,p013,0.4131083103190911,0.05152103276353101,-0.01792893847223462,-0.008124158983784062,-0.06602072540324094,0.13439461292797014,0.10340227758621469,0.4131083103190911
p013t:CCGCAAGGTAGACTGG,p013t,Tumor,Stromal,5869,2173,CCL FBs,p013,0.16452413710986116,-0.11015418739941883,-0.13236593827605247,-0.20408483200982136,-0.23305362190098264,0.05315446634041636,0.0023341406794155344,0.16452413710986116
p013t:CCTCCTCCAGAGGAAA,p013t,Tumor,Stromal,5828,2127,CAFs,p013,0.08816490931923526,-0.16885261096824103,-0.17152393950013126,-0.10722279909621611,-0.1173880135770454,-0.05643730057697547,-0.04041523078785223,0.08816490931923526
p013t:CGAAGGAGTGGTAATA,p013t,Tumor,Stromal,6628,2511,CCL FBs,p013,0.1130522676792584,-0.03274244336145265,-0.09454272605660485,-0.1151403971016407,-0.15891821275270263,-0.0013764892753801849,-0.06702948072377374,0.1130522676792584
p013t:CGAGTGCTCTTCTTCC,p013t,Tumor,Stromal,5175,2125,CCL FBs,p013,0.13409758168027588,0.02879236421870942,0.005321670141888828,-0.09499034281744033,-0.10144319090732308,0.001806185002389707,0.010781814596232247,0.13409758168027588
p013t:CGTGCTTAGGTGGCTA,p013t,Tumor,Stromal,4749,2013,UC FBs,p013,0.1515279097743986,-0.21348180851604484,-0.2341582433678346,-0.3614170216950493,-0.36031306034419686,0.45649688714428954,0.44553166873314803,0.1515279097743986
p013t:CTACCTGAGCCATTGT,p013t,Tumor,Stromal,1126,731,CCL FBs,p013,-0.12082120877478206,-0.3829542564950427,-0.37876906364065843,-0.30579631813630764,-0.31232381897956824,-0.057591060901943006,-0.015903336861554315,-0.12082120877478206
p013t:CTATCCGGTCGAGCAA,p013t,Tumor,Stromal,17153,4069,CCL FBs,p013,0.2957568223048982,0.02207506755937119,-0.056137128528661845,0.08388130800152312,0.022232302486203438,0.21073819426329513,0.18252866368959933,0.2957568223048982
p013t:CTCATCGCACAGAGAC,p013t,Tumor,Stromal,6436,2420,CCL FBs,p013,0.06685394104243371,-0.20221792926004498,-0.2004934333594198,-0.2668809409310319,-0.3030367896264029,-0.005602977743470355,0.003272198617239209,0.06685394104243371
p013t:CTCATCGGTCTCACAA,p013t,Tumor,Stromal,4232,1982,MyoFBs 1,p013,-0.19179058607602328,-0.4052377275134228,-0.3762882772106223,-0.39478225519462506,-0.33415379210613494,-0.2932837269808117,-0.2570896716678844,-0.19179058607602328
p013t:CTCCCAAAGCGGTAGT,p013t,Tumor,Stromal,5683,2235,UC FBs,p013,0.22499927430691427,-0.24702471806382648,-0.2851671792748498,-0.3216288331515935,-0.3099708111826764,0.40758258512145595,0.38503244764664596,0.22499927430691427
p013t:CTGATCCTCGCCCAGA,p013t,Tumor,Stromal,1185,746,CCL FBs,p013,-0.055407883926180374,-0.11677170932597043,-0.18483629704612056,-0.15366763674787112,-0.15323433791135632,-0.041985431784077695,-0.07050110241946052,-0.055407883926180374
p013t:CTTACCGTCAACTGGT,p013t,Tumor,Stromal,1383,888,CCL FBs,p013,-0.00038024064218788816,-0.32399183789230124,-0.39552227598501416,-0.3034342792341296,-0.36557011332276257,-0.09815857912364759,-0.15915767199852887,-0.00038024064218788816
p013t:GACCCTTAGCCGTCGT,p013t,Tumor,Stromal,5301,2013,CCL FBs,p013,0.09372889593635735,-0.1263862829275277,-0.1304618417308098,-0.19697531704239699,-0.2582941529622605,-0.049756111596759994,-0.05148818422766293,0.09372889593635735
p013t:GACCCTTTCAGAACCT,p013t,Tumor,Stromal,5450,2336,MyoFBs 1,p013,-0.07517218900223573,-0.2870150388655614,-0.24521296607648455,-0.4111661531259211,-0.34810922247206055,-0.12636806196288058,-0.08312589438522563,-0.07517218900223573
p013t:GACTCTCTCTTTCCAA,p013t,Tumor,Stromal,6659,2433,CCL FBs,p013,0.1401155948344814,-0.11764847433992795,-0.17192007174215665,-0.05310598785551835,-0.12141764813730883,0.0174034312955643,0.004515996728749836,0.1401155948344814
p013t:GAGACTTGTTTCGACA,p013t,Tumor,Stromal,13277,3098,CAFs,p013,0.6010977677478079,0.7496578297197667,0.46976193748187367,0.31307749531935064,0.21867557249010303,0.32406606648705505,0.1690288155175307,0.6010977677478079
p013t:GATTGGTCACCAACAT,p013t,Tumor,Stromal,6209,2447,CAFs,p013,0.16637872162136136,0.2533495336466906,0.11991488842702494,0.14681169276401324,0.04975300676427608,0.4905188582445446,0.3436374737935908,0.16637872162136136
p013t:GCAGGCTTCCGCAGTG,p013t,Tumor,Stromal,2496,1265,MyoFBs 1,p013,-0.10727600488615663,-0.4475149976811847,-0.426663630164978,-0.37001810701830046,-0.324441249200771,-0.323609153220528,-0.29098279511227326,-0.10727600488615663
p013t:GCCCAGAAGCGTATGG,p013t,Tumor,Stromal,1645,984,UC FBs,p013,-0.1688228176677959,-0.42417568751439755,-0.4311191860313823,-0.17170951614270405,-0.1465703702076923,0.2615512501252325,0.26080089719856486,-0.1688228176677959
p013t:GCCGATGCATCAACCA,p013t,Tumor,Stromal,5919,2322,CCL FBs,p013,0.13408132064107217,-0.10694042813717103,-0.14179358676802822,-0.1813671900605669,-0.21894159861082255,-0.004830452015525417,-0.017225976200664746,0.13408132064107217
p013t:GCGGAAAAGGACCCAA,p013t,Tumor,Stromal,6504,2271,CCL FBs,p013,-0.03469435573277766,-0.10137891501416357,-0.12645858355865972,-0.1900252555532628,-0.2311528969791631,0.05360254127728312,0.03386238690684824,-0.03469435573277766
p013t:GGGTATTAGAAGCTGC,p013t,Tumor,Stromal,2387,1256,CCL FBs,p013,0.11138022955703109,-0.16689041766281032,-0.17711764274210465,-0.18235981137472757,-0.23762556122139442,0.18748104070362293,0.21635030367795158,0.11138022955703109
p013t:GGTAGAGCATGGGAAC,p013t,Tumor,Stromal,1783,1014,MyoFBs 2,p013,-0.16646645613537545,-0.17891348829987097,-0.22485408286859349,-0.37643616806183544,-0.38813786234620007,-0.09565329520325912,-0.0659152577905094,-0.16646645613537545
p013t:GTCCACTAGAACTGAT,p013t,Tumor,Stromal,4450,1835,CCL FBs,p013,0.19190695672704464,-0.10007581517708544,-0.28432522705051955,-0.21675384219507782,-0.2878244227274906,0.12465042565998279,0.09434192040387322,0.19190695672704464
p013t:GTGAGGAGTGTGACCC,p013t,Tumor,Stromal,7299,2441,CCL FBs,p013,0.11364248332877953,-0.09021550961485018,-0.1672536901243758,-0.04553268976243479,-0.17614565205998545,-0.04260413322205606,-0.08692172052448287,0.11364248332877953
p013t:GTTAGACAGATGATTG,p013t,Tumor,Stromal,6362,2313,CCL FBs,p013,0.1657512038292592,0.05142118918652437,-0.04787981373871245,-0.1710083171326135,-0.25264455316328377,0.1451346925998989,0.08867581907440635,0.1657512038292592
p013t:GTTATGGTCCGATTAG,p013t,Tumor,Stromal,9776,2948,CAFs,p013,-0.11746511013622869,0.8859451101446638,0.9776576038722585,0.5213762594348922,0.5222183529200942,0.23429664420454124,0.19511485327692593,-0.11746511013622869
p013t:TACATTCCAATTGAGA,p013t,Tumor,Stromal,3663,1769,MyoFBs 1,p013,-0.011674449011160616,-0.28620138589520844,-0.21390187313280454,-0.4948063273058862,-0.44461707623545516,-0.27361664960258886,-0.23510882048045886,-0.011674449011160616
p013t:TACCCGTAGAATTTGG,p013t,Tumor,Stromal,6597,2543,CCL FBs,p013,0.11759808401397445,0.025342838401545068,-0.009643238605704249,-0.01299401923216112,-0.05513629615437145,0.027763120183034947,0.0005735496168627458,0.11759808401397445
p013t:TCATGAGTCCACGAAT,p013t,Tumor,Stromal,5424,2137,CCL FBs,p013,0.15742169513383455,-0.04707964714996669,-0.10836626671072913,-0.07958056762510417,-0.15769985950616902,-0.023307662261159795,-0.08708856596666224,0.15742169513383455
p013t:TCGTGGGTCGACGAGA,p013t,Tumor,Stromal,4349,1828,CAFs,p013,-0.06029869220628027,0.10239021673950614,0.09702240566654903,0.14417227994346496,0.14485108349905457,0.36178876314508285,0.3746704904472127,-0.06029869220628027
p013t:TGGTGATAGAGAGGTA,p013t,Tumor,Stromal,1512,957,UC FBs,p013,-0.06211425210430957,-0.23177629154251547,-0.2421750250931193,-0.1380401644475606,-0.10007100942176442,0.43803625812656,0.4555841012912638,-0.06211425210430957
p013t:TGTAACGCATCCGGTG,p013t,Tumor,Stromal,1933,1118,UC FBs,p013,0.03588512556202579,-0.24198261519171754,-0.2925335184284827,-0.18256696990253973,-0.19137742240415062,0.45761253457320367,0.40453808377770817,0.03588512556202579
p013t:TGTAACGGTAGGCAAC,p013t,Tumor,Stromal,1507,916,MyoFBs 1,p013,-0.21185329188837818,-0.4394568201078444,-0.3970608067040036,-0.45926132821002785,-0.39047271143211876,-0.316398760205821,-0.2829241205664242,-0.21185329188837818
p013t:TTCTAACGTACTTGTG,p013t,Tumor,Stromal,6454,2406,CCL FBs,p013,0.20055606575241605,-0.02367352314141332,-0.1729571397711591,-0.01617547197324433,-0.07636276970422545,0.30915705828290235,0.21595342702725354,0.20055606575241605
p013t:TTGAGTGAGAATCGTA,p013t,Tumor,Stromal,10396,3282,CCL FBs,p013,0.32760494437656906,0.01794187087869766,-0.052027876398003686,0.045416882394679954,-0.044555773633683834,0.07941938203416372,0.06864935654927702,0.32760494437656906
p014t:AAAGGATCAGTTCTAG,p014t,Tumor,Stromal,2729,1319,UC FBs,p014,-0.1311533815439856,-0.3078788328079545,-0.34566722746665884,-0.2662729055297618,-0.2676583819611128,0.327976073638389,0.3602590570555014,-0.1311533815439856
p014t:AACAGGGTCAACCGAT,p014t,Tumor,Stromal,14403,3689,CAFs,p014,-0.0006493645671166872,0.4934495763416041,0.49069266747001833,0.33819615273565357,0.3282016327193137,0.05213769717436088,0.017426008468165118,-0.0006493645671166872
p014t:AACCATGGTGGAACAC,p014t,Tumor,Stromal,5585,2206,MyoFBs 1,p014,-0.04055810585748731,-0.41858963942041205,-0.4158621386783879,-0.4737761013057767,-0.43648158377686214,-0.29864837307679026,-0.2991405196049634,-0.04055810585748731
p014t:AACTTCTGTCGGTGTC,p014t,Tumor,Stromal,3573,1454,CCL FBs,p014,-0.043636878707299105,-0.03435635650340391,-0.005472281993162341,-0.2993868941783297,-0.3235851345193941,0.07835280550153632,0.09911460070049062,-0.043636878707299105
p014t:AAGACTCGTAGTAAGT,p014t,Tumor,Stromal,675,526,UC FBs,p014,-0.4352530058996196,-0.25827729663982685,-0.18052918109588506,-0.2240829746790078,-0.14749673727986423,-0.07791806490797745,-0.06022618307786829,-0.4352530058996196
p014t:AAGCATCGTGGTTTAC,p014t,Tumor,Stromal,2115,1206,UC FBs,p014,-0.013340506081779798,-0.17360075464001762,-0.18295662949662428,-0.24626113679283773,-0.2522814200154159,0.3686685300187061,0.3954654614715015,-0.013340506081779798
p014t:AATGAAGGTTTCACAG,p014t,Tumor,Stromal,7389,2580,CB FBs,p014,-0.023850255760184506,0.28775069653531726,0.2935202524247693,0.44909026686634335,0.41897072140560593,0.06975833624601364,0.09208512735717436,-0.023850255760184506
p014t:ACAACCATCTTTGCTA,p014t,Tumor,Stromal,2457,1300,UC FBs,p014,-0.050194714512479935,-0.15940676135372142,-0.2235263305284628,-0.25669071222750506,-0.22777562493155168,0.23988912999629974,0.2520829795037999,-0.050194714512479935
p014t:ACAGAAAAGAGCAACC,p014t,Tumor,Stromal,5023,2018,MyoFBs 1,p014,-0.033029779040238315,-0.36659166300479246,-0.3419056421191227,-0.3823425810479996,-0.32431608832679515,-0.34686015405152976,-0.3477699360426734,-0.033029779040238315
p014t:ACAGCCGCACTAGGCC,p014t,Tumor,Stromal,7371,3010,MyoFBs 1,p014,-0.09541055053603231,-0.4127404987812042,-0.3757611106990314,-0.4128706448388343,-0.3612638811559178,-0.32012470725335573,-0.28708841432543364,-0.09541055053603231
p014t:ACATCCCGTACTGACT,p014t,Tumor,Stromal,5060,2174,UC FBs,p014,-0.02254520903602896,-0.22910572003040994,-0.210670937397858,-0.26269403418849163,-0.2315507272778209,0.441559080073708,0.52809738955077,-0.02254520903602896
p014t:ACCAAACAGGTAAGGA,p014t,Tumor,Stromal,13578,3353,CAFs,p014,0.02722023074564181,0.3939430407362477,0.22766164173485665,0.25444519193843007,0.1960258155649658,0.19971322150606857,0.10232246009742513,0.02722023074564181
p014t:ACGGGTCCATGCACTA,p014t,Tumor,Stromal,5489,2271,UC FBs,p014,0.28607828094901744,-0.3473951423502698,-0.379262727480836,-0.27218443976848256,-0.2828412365688141,0.00790949683440359,0.030868647729649264,0.28607828094901744
p014t:ACGGTCGGTCTTTCAT,p014t,Tumor,Stromal,2472,1353,MyoFBs 1,p014,-0.2038304661645701,-0.3328404700317021,-0.30626452405846155,-0.6414117201098374,-0.6168677930741809,-0.46736033959314227,-0.4516458857640186,-0.2038304661645701
p014t:ACTATTCAGCCTTTGA,p014t,Tumor,Stromal,4696,2224,CAFs,p014,0.013198660870936388,0.12641809318138628,0.1645146906375885,0.2533684150144762,0.27974627106342204,-0.02922077625989914,-0.025874626373543458,0.013198660870936388
p014t:ACTGCAACATCATTTC,p014t,Tumor,Stromal,36983,3849,CAFs,p014,-0.17583581148401686,-0.3691159261174367,-0.3505544569130374,-0.43584780227773046,-0.3978888026850168,-0.3166011129947085,-0.29347804683972806,-0.17583581148401686
p014t:ACTGCAAGTCATCGCG,p014t,Tumor,Stromal,9219,2759,CAFs,p014,0.09088869523583797,0.5136195495819711,0.3533608719093225,0.18230450358621927,0.04858348769850509,0.168633187209305,0.0803429513293154,0.09088869523583797
p014t:ACTTTGTGTGGCTCTG,p014t,Tumor,Stromal,3008,1519,UC FBs,p014,-0.04455672318867424,-0.11971677033876886,-0.09458574698102183,-0.20193662327163073,-0.16664952585516973,0.5047307332879618,0.5698360820026959,-0.04455672318867424
p014t:AGAAGCGTCAACGCTA,p014t,Tumor,Stromal,2323,1129,MyoFBs 1,p014,0.0328865581633229,-0.49038661126883665,-0.5236401120882209,-0.5895053944265356,-0.5640276104731615,-0.3786691489972566,-0.41591318460071786,0.0328865581633229
p014t:AGAAGCGTCTTGCAAG,p014t,Tumor,Stromal,17635,4262,CAFs,p014,0.2553630856829777,0.2131139415943501,0.07003984663908075,-0.09859773771343183,-0.09950891405690548,0.026223464819945787,-0.0706782134140239,0.2553630856829777
p014t:AGACAGGTCTCAACGA,p014t,Tumor,Stromal,5169,2121,MyoFBs 1,p014,-0.1334267199496951,-0.34143664360958703,-0.31345026040586027,-0.37813325667259645,-0.32994377820990806,-0.3350285236772738,-0.3188651251442292,-0.1334267199496951
p014t:AGATCCATCGACCAAT,p014t,Tumor,Stromal,8019,3141,UC FBs,p014,0.2817102163834007,0.24210496862628023,0.18784879647740504,0.06434384885491157,0.04304244906403298,0.7280188381671906,0.6931435563985039,0.2817102163834007
p014t:AGGGCCTGTGGCTCTG,p014t,Tumor,Stromal,5916,2504,UC FBs,p014,0.24895138293504715,-0.06938532918539582,-0.02451218714619555,-0.11863904461568715,-0.08796926709108574,0.27501535301930025,0.2991801557733732,0.24895138293504715
p014t:AGGTCATCAGTTCTAG,p014t,Tumor,Stromal,5817,2388,MyoFBs 1,p014,-0.12563675429606647,-0.3511038215032646,-0.3140062339967344,-0.5685491633354401,-0.5346870406769043,-0.32784433553093356,-0.2957162341650795,-0.12563675429606647
p014t:AGGTCATGTGTCCACG,p014t,Tumor,Stromal,8392,2844,UC FBs,p014,0.20812217737629748,0.08042707932846886,0.09208308441973315,0.02511323304200659,-0.015686671227909798,0.6769954391215977,0.6933872028308756,0.20812217737629748
p014t:AGTGACTAGGGATCTG,p014t,Tumor,Stromal,7197,2457,MyoFBs 1,p014,-0.06229390148400215,-0.40609934773980355,-0.3765484374470827,-0.32069387188067244,-0.2508075605471467,-0.31600994499106155,-0.3011603625381694,-0.06229390148400215
p014t:AGTTCCCAGCACTCAT,p014t,Tumor,Stromal,3719,1790,UC FBs,p014,0.046105674615031796,-0.31245958729057893,-0.32437654330236154,-0.3462937647590832,-0.3215991802686869,0.13976983553484867,0.15647850246990427,0.046105674615031796
p014t:AGTTCGATCTACCTTA,p014t,Tumor,Stromal,3596,1664,CAFs,p014,0.11180843363859151,0.6657724934725129,0.5029001429495288,0.45943825030509305,0.44241876129147617,0.03471175338092603,-0.03715580842074226,0.11180843363859151
p014t:ATCATTCAGCATTGTC,p014t,Tumor,Stromal,10656,2975,CAFs,p014,0.0250178378630887,0.458917873436395,0.3535081895477161,0.25772898342004236,0.22614360494582458,0.11728816267691161,-0.03587171242517583,0.0250178378630887
p014t:ATCCATTCAGAGACTG,p014t,Tumor,Stromal,2490,1195,CCL FBs,p014,-0.09331753611433924,-0.22478728614894825,-0.2357796215247817,-0.3880770356686577,-0.37905311266090286,0.003216542480023284,0.058639103174209596,-0.09331753611433924
p014t:ATGAGGGAGTAAACTG,p014t,Tumor,Stromal,13093,3230,CAFs,p014,0.24884450473218112,0.5583630864489444,0.38761693686701176,0.30511160236688295,0.26558311071333496,0.21109079883286827,0.08024648261420866,0.24884450473218112
p014t:ATGCCTCAGGTCACTT,p014t,Tumor,Stromal,6512,2831,MyoFBs 1,p014,0.29899808885366247,-0.257268777307199,-0.28549183278185564,-0.480534721011467,-0.4519095218085229,-0.3056632898355785,-0.3076617752804476,0.29899808885366247
p014t:ATGGATCAGATGTTGA,p014t,Tumor,Stromal,10319,2903,CAFs,p014,0.17475988809427803,0.4947168006922822,0.41900167789128495,0.4111254748612718,0.36437897659231755,0.15872459950807846,0.045852030791780525,0.17475988809427803
p014t:ATTCCATTCGGCAGTC,p014t,Tumor,Stromal,19584,4683,UC FBs,p014,-0.007424027822388892,0.1323274828455582,0.14958935156010272,0.056514334256703755,0.07982561644166708,0.8688975161235584,0.9283677551237975,-0.007424027822388892
p014t:CAATACGAGCGATGAC,p014t,Tumor,Stromal,2646,1434,MyoFBs 1,p014,-0.10294531713844392,-0.45906800404191017,-0.4464537829342412,-0.5191829628786262,-0.4701920226216316,-0.46810158553876374,-0.4524743371150073,-0.10294531713844392
p014t:CACACAACATAATCGC,p014t,Tumor,Stromal,14051,3427,CAFs,p014,0.18518850256345773,0.8033468331001243,0.6837717054820642,0.583115215137677,0.546557208577301,0.013783165655638042,-0.0167725071310997,0.18518850256345773
p014t:CAGATCACATCTGGGC,p014t,Tumor,Stromal,6586,2359,MyoFBs 1,p014,-0.004710357129704534,-0.41551271664472866,-0.3798971382401338,-0.5878108840967927,-0.5596429671832296,-0.3230323484902711,-0.29033813100198613,-0.004710357129704534
p014t:CAGTTCCTCCTTGAAG,p014t,Tumor,Stromal,20894,4239,CAFs,p014,0.18281397397380747,0.24305034912552456,0.21165375862406885,0.1563526380757269,0.09690005692848286,-0.06652548237654723,-0.15808549158494262,0.18281397397380747
p014t:CATCCCAAGCACGGAT,p014t,Tumor,Stromal,2908,1598,CAFs,p014,0.18883344547398256,0.3674208329496335,0.3457034351077022,0.05746530779466337,0.12240641971313676,0.022455375759225144,0.0032093272489659925,0.18883344547398256
p014t:CATCGCTCAATAAGGT,p014t,Tumor,Stromal,1742,984,CAFs,p014,-0.04953821967437602,0.32909589496498204,0.24134242289313457,-0.17241249879708095,-0.15516561434365983,-0.062058371305465695,-0.07446361149058622,-0.04953821967437602
p014t:CATGCTCAGTCGTTAC,p014t,Tumor,Stromal,1586,928,MyoFBs 1,p014,-0.025060445397046573,-0.48538842576802993,-0.48996285358216707,-0.6319118162655101,-0.6168677930741809,-0.4271914569955123,-0.4434179639115053,-0.025060445397046573
p014t:CCACGAGAGGGAGATA,p014t,Tumor,Stromal,10739,3065,CAFs,p014,0.12634531488609418,0.4825912488966572,0.3164936096021315,0.16301636260991192,0.13399809503624605,0.017266640616090675,-0.06485812401070315,0.12634531488609418
p014t:CCCGAAGGTCCGTACG,p014t,Tumor,Stromal,9750,3452,CB FBs,p014,0.012150302169877187,0.1907410976305908,0.1895058410378491,0.4061395581051403,0.4028990818837354,0.016059325204083794,0.012756776985000162,0.012150302169877187
p014t:CCCTAACTCCCTTGGT,p014t,Tumor,Stromal,2940,1565,UC FBs,p014,0.1523756932859358,-0.21709850894249216,-0.19770302959695096,-0.3468582894158911,-0.30816473770713393,0.16238926711835358,0.20905458068146426,0.1523756932859358
p014t:CCCTCAATCATGTCAG,p014t,Tumor,Stromal,2574,1392,CB FBs,p014,-0.12476000382581301,-0.09636577241578881,-0.11794364425103838,0.1304678802321456,0.09543066534625236,-0.04280006760045102,-0.060485167713726265,-0.12476000382581301
p014t:CCTACGTTCATGCGGC,p014t,Tumor,Stromal,7193,2534,UC FBs,p014,0.023470150029057998,-0.11223016930173854,-0.13668269132513824,-0.09902327264450034,-0.09335964610583561,0.26763113141059874,0.28952986405176273,0.023470150029057998
p014t:CCTCTAGCAACTGAAA,p014t,Tumor,Stromal,4737,2221,UC FBs,p014,0.016502808746800088,-0.40714470027917427,-0.42014042242634586,-0.3736208655315508,-0.3560801257141108,-0.07584496749025818,-0.04545971873928519,0.016502808746800088
p014t:CGAGGAACAACACGAG,p014t,Tumor,Stromal,11016,3165,CAFs,p014,0.19615180518992834,0.5447622768732966,0.44364372840741784,0.3612101136953855,0.3689210075711788,0.2553866787176383,0.10911651946165983,0.19615180518992834
p014t:CGGAATTGTTAGAGAT,p014t,Tumor,Stromal,3070,1388,UC FBs,p014,-0.011423052590863224,-0.2846554658584753,-0.3437583883769992,-0.22800522366044473,-0.210364093874083,0.10633780922936766,0.10887271654518212,-0.011423052590863224
p014t:CGGGACTGTTACCTGA,p014t,Tumor,Stromal,3005,1414,UC FBs,p014,-0.15626872275351433,-0.2729943460803859,-0.22489345646122608,-0.38706394190168275,-0.3774371179670832,-0.042827985788646494,-0.0029991342740900376,-0.15626872275351433
p014t:CGGTCAGAGTGGTTCT,p014t,Tumor,Stromal,1762,1032,UC FBs,p014,-0.16071816164542707,0.019062329387786438,0.09079133455709713,-0.060809695827109475,0.020084986939679746,0.4237935273270858,0.5090467786087709,-0.16071816164542707
p014t:CGTAAGTCAGATACTC,p014t,Tumor,Stromal,15231,4021,CAFs,p014,0.08107171050812069,0.5733885723071135,0.5221136816345701,0.5238274289200044,0.5523954561131812,0.11642438637975015,0.0586233780007152,0.08107171050812069
p014t:CGTGAATGTTAGTCGT,p014t,Tumor,Stromal,2729,1276,MyoFBs 1,p014,-0.09087993384322576,-0.3890731839501128,-0.43313894693444416,-0.5543981119990349,-0.5085110659169596,-0.23247389581642652,-0.24763049947864868,-0.09087993384322576
p014t:CTAACCCTCTGCAGCG,p014t,Tumor,Stromal,771,557,UC FBs,p014,-0.24591020805140337,-0.2641874262112744,-0.31719340738363383,-0.3171580208047312,-0.3111486236543156,0.0884176094281046,0.09578921233906465,-0.24591020805140337
p014t:CTAGGTACACCGTGCA,p014t,Tumor,Stromal,18180,4740,CAFs,p014,0.24635954886642203,-0.06801374486590527,-0.14811585151885703,-0.08953496017398274,-0.12380659206618749,0.19932546055826703,0.17315878421068193,0.24635954886642203
p014t:CTCAGTCGTTCAGTAC,p014t,Tumor,Stromal,3939,1662,UC FBs,p014,-0.03909377763537984,-0.05549830190685331,0.04614624535528625,-0.30286452561921,-0.2546131807531035,0.15370297337833203,0.24248369932174682,-0.03909377763537984
p014t:CTCATTATCTAGCCTC,p014t,Tumor,Stromal,6381,2758,UC FBs,p014,0.2650898383244088,-0.29777294052859804,-0.3016092850565456,-0.23352154662680566,-0.2152600951904301,0.11504139400724518,0.12970252863734083,0.2650898383244088
p014t:CTGCATCCAAAGCTAA,p014t,Tumor,Stromal,4821,2086,CAFs,p014,0.3612968755330433,0.22128957760881404,0.21832191335355364,-0.04203350089338361,-0.029166069574827373,0.24343528402479073,0.2951091931146734,0.3612968755330433
p014t:CTGCATCGTCCACGCA,p014t,Tumor,Stromal,2487,1218,UC FBs,p014,0.022897833696844287,-0.3746856978657294,-0.4001740232655188,-0.3578287071111251,-0.34438359624771187,0.027713560352199955,0.06419184348162482,0.022897833696844287
p014t:CTGTGGGAGAAGCCTG,p014t,Tumor,Stromal,5564,2334,CB FBs,p014,0.014662607507616804,0.05376197815853722,0.05924502205921382,0.055820559664648405,0.048568799485300865,-0.012094693905428836,0.02299180591807646,0.014662607507616804
p014t:CTTTCAAGTATGGGAC,p014t,Tumor,Stromal,7558,2519,MyoFBs 1,p014,-0.02599505723960567,-0.442279251653473,-0.43258492223827577,-0.5683954507872766,-0.5342486196652402,-0.3002573178002709,-0.27672148644924166,-0.02599505723960567
p014t:CTTTCAATCTAGAGCT,p014t,Tumor,Stromal,2312,1082,MyoFBs 1,p014,-0.03477014689461181,-0.39265185222029686,-0.41224012351254136,-0.5846840905747852,-0.5709305279996506,-0.34961518676657427,-0.36153733134269717,-0.03477014689461181
p014t:GAAGCGATCTGTGCGG,p014t,Tumor,Stromal,16124,3339,CAFs,p014,0.15805666174804955,0.5962426208567863,0.486311272059272,0.37231848884982116,0.3036294105397754,0.15251909753209666,0.039915006388636196,0.15805666174804955
p014t:GACGTTACAATAACCC,p014t,Tumor,Stromal,5563,2491,MyoFBs 1,p014,-0.10271492191966165,-0.4287323920550395,-0.4533392240906634,-0.40947116326008526,-0.43459356134367544,-0.3365983098745346,-0.3055000878432218,-0.10271492191966165
p014t:GACGTTATCTTTGATC,p014t,Tumor,Stromal,1110,678,UC FBs,p014,-0.27287338265593636,-0.31406270142416565,-0.3278804445957265,-0.49680776886489925,-0.48295260853199073,-0.05972576502122377,-0.02464504189351026,-0.27287338265593636
p014t:GAGCCTGCATAGACTC,p014t,Tumor,Stromal,3066,1507,CCL FBs,p014,0.01835843396226042,-0.33419183497222105,-0.37562642800735263,-0.2556175562952246,-0.2688255168844101,-0.17213654242652027,-0.14477429678115775,0.01835843396226042
p014t:GAGTGAGTCTTCCCGA,p014t,Tumor,Stromal,2657,1174,MyoFBs 1,p014,-0.10778231431909821,-0.35214577318758383,-0.38263027488095,-0.565111689801727,-0.5582420743655326,-0.20252370959834048,-0.18020900593084446,-0.10778231431909821
p014t:GATCAGTAGTGCTAGG,p014t,Tumor,Stromal,3807,1604,MyoFBs 1,p014,-0.19774304944695087,-0.3507465108639884,-0.31241761217257236,-0.4712575131989255,-0.4363983962251696,-0.31050144465346086,-0.27633300318437465,-0.19774304944695087
p014t:GATCGTATCCGATAAC,p014t,Tumor,Stromal,1411,881,MyoFBs 1,p014,-0.2340272640515315,-0.38504505180278603,-0.3971447271363037,-0.5519518337535615,-0.4960967758887036,-0.3394592909436477,-0.3380537096191855,-0.2340272640515315
p014t:GCACATAAGCTACTAC,p014t,Tumor,Stromal,6109,2433,MyoFBs 1,p014,-0.019960978264479262,-0.4220856468440319,-0.4286004094997557,-0.4803045962566548,-0.43066460610540624,-0.22558920061901996,-0.25069817716584486,-0.019960978264479262
p014t:GCACATAAGGCCGCTT,p014t,Tumor,Stromal,4180,1921,UC FBs,p014,0.016856008552406963,-0.40119940239213864,-0.4274389833643487,-0.29553907287630193,-0.2685470127847132,0.3338976953374712,0.39092861501609577,0.016856008552406963
p014t:GCAGCTGGTCCACGCA,p014t,Tumor,Stromal,2502,1266,CCL FBs,p014,0.19728502752095983,-0.19077590085109886,-0.15662658459893086,-0.32977871893315897,-0.34961470658349436,-0.044603321113084494,0.0014102767495548024,0.19728502752095983
p014t:GCAGTTATCATGTCTT,p014t,Tumor,Stromal,16771,4544,UC FBs,p014,0.2192806400524109,-0.11095299224882406,-0.10341794465146051,-0.14180184785770822,-0.1084318574149768,0.2717525201016351,0.30509547183618824,0.2192806400524109
p014t:GCTCAAACATCCGAGC,p014t,Tumor,Stromal,985,603,UC FBs,p014,-0.1131999139396245,-0.2673354856669903,-0.24574528043953384,-0.4163743022601215,-0.4158258561997913,-0.02130141289610612,0.023480837485369513,-0.1131999139396245
p014t:GCTGCAGAGGCTAAAT,p014t,Tumor,Stromal,4826,2002,MyoFBs 1,p014,-0.1280291692533514,-0.46579834613568927,-0.44245904456914925,-0.5167753596847154,-0.4704609990639742,-0.4085297506106527,-0.3858940510188832,-0.1280291692533514
p014t:GCTTTCGAGAGGATGA,p014t,Tumor,Stromal,8251,3005,CAFs,p014,0.01396406569371098,0.6705474692909997,0.6355734168347426,0.7899256866349249,0.814637745015843,0.2570933191399825,0.24278925937764784,0.01396406569371098
p014t:GGGACCTAGGACGCAT,p014t,Tumor,Stromal,1314,849,UC FBs,p014,-0.19350705397102916,-0.383825239402299,-0.3988451844126713,-0.35864115544423764,-0.36770197255320325,0.0672402372485713,0.061655316282721126,-0.19350705397102916
p014t:GGGACCTCACCCTGAG,p014t,Tumor,Stromal,2636,1368,UC FBs,p014,-0.029288611097032565,-0.3093685782989677,-0.34504192831312736,-0.2533985065410332,-0.23690072906225226,-0.11801737515549911,-0.14517136952456305,-0.029288611097032565
p014t:GGTGGCTAGCATGCGA,p014t,Tumor,Stromal,2243,1161,UC FBs,p014,0.03258501284085868,-0.3599280969676923,-0.346142765134573,-0.4032467958726445,-0.3880323039064574,0.15049541451429066,0.2166289559181999,0.03258501284085868
p014t:GTAATGCAGTCACTCA,p014t,Tumor,Stromal,3577,1660,MyoFBs 1,p014,-0.1607449432148745,-0.4753090957065626,-0.45644792646351384,-0.6118467263117129,-0.5643490953154342,-0.3322708650639183,-0.32958851982565485,-0.1607449432148745
p014t:GTCACGGGTGCTCTCT,p014t,Tumor,Stromal,5015,2019,MyoFBs 1,p014,-0.23274910681995384,-0.3999100948626898,-0.37319279453013,-0.504575537878792,-0.4684879021979002,-0.29263164479481546,-0.2789303101160947,-0.23274910681995384
p014t:GTCGAATAGACATATG,p014t,Tumor,Stromal,13172,3472,CAFs,p014,0.15981182771359095,0.46600864890354626,0.3654853161878702,0.4357583695376406,0.4019239681751229,0.19657875409251765,0.15365067001651314,0.15981182771359095
p014t:GTCTAGAGTTAGGCTT,p014t,Tumor,Stromal,3493,1809,MyoFBs 1,p014,0.010391579025931526,-0.39820528735539745,-0.35807534970524835,-0.4565201362747015,-0.4243485666811466,-0.3393107141319074,-0.33475199306712433,0.010391579025931526
p014t:GTGAGGAGTGCACGCT,p014t,Tumor,Stromal,16598,3608,CAFs,p014,0.12338601350539218,0.44164587127767047,0.28999676350958464,0.12977482177013036,0.08303603698867698,0.16117490012394756,0.07654929949956782,0.12338601350539218
p014t:GTTAGACGTGCTAGCC,p014t,Tumor,Stromal,13664,3644,CB FBs,p014,0.22381147716129035,0.20869026690417405,0.19122961208951184,0.389533199750039,0.35714499747683837,0.12988466369478327,0.15660425109021803,0.22381147716129035
p014t:GTTATGGAGTGCACTT,p014t,Tumor,Stromal,3213,1569,MyoFBs 2,p014,-0.1631786479827082,-0.1979768512656494,-0.21794804776223695,-0.3947558268448528,-0.3611855800588464,-0.20279644194402194,-0.18706588955486522,-0.1631786479827082
p014t:TAATTCCCACACGCCA,p014t,Tumor,Stromal,5914,2481,UC FBs,p014,0.08668819419516806,-0.16076473298729682,-0.16229335273184428,-0.09018174650109544,-0.040319709930309026,0.5889064606867338,0.6313309695790795,0.08668819419516806
p014t:TACGGTAAGACACACG,p014t,Tumor,Stromal,5741,2411,MyoFBs 1,p014,-0.0939294529523243,-0.3121080558975132,-0.24486350313555905,-0.46459926676233204,-0.4429839646313773,-0.2394761444706666,-0.19695178533301633,-0.0939294529523243
p014t:TACGTCCCAGCTAACT,p014t,Tumor,Stromal,5940,2711,MyoFBs 1,p014,0.2529084128572753,-0.3383036359992562,-0.3689027291427298,-0.48346888382291914,-0.44434178085607845,-0.24162619772710298,-0.23403605643440695,0.2529084128572753
p014t:TATGTTCGTCCTGTTC,p014t,Tumor,Stromal,4465,1945,MyoFBs 2,p014,-0.1890362100839092,-0.2960118550275053,-0.25036971334640573,-0.4568998921586543,-0.41137406247299774,-0.259466825974615,-0.21929431171978223,-0.1890362100839092
p014t:TCAAGTGCATGGGTTT,p014t,Tumor,Stromal,1159,646,UC FBs,p014,-0.16625028048037438,-0.10268650089903754,-0.04277170458581389,-0.2411252405418425,-0.14189903013581454,-0.1631764032338795,-0.11167560395072489,-0.16625028048037438
p014t:TCACGCTTCAGGAGAC,p014t,Tumor,Stromal,5075,2058,MyoFBs 2,p014,-0.2708388777090269,-0.3475155683652479,-0.37335567094567346,-0.3455735170567522,-0.3217511637093023,-0.3581531079191911,-0.3295907444813672,-0.2708388777090269
p014t:TCATGAGGTGACTCGC,p014t,Tumor,Stromal,4954,1862,MyoFBs 1,p014,-0.14139511259762863,-0.35573011629131374,-0.31501288448528547,-0.5031698664498269,-0.47013311111909706,-0.27598879682390315,-0.2551398950464585,-0.14139511259762863
p014t:TCCACGTGTATAGGAT,p014t,Tumor,Stromal,7409,2608,UC FBs,p014,0.08338056485119619,-0.16494715848120348,-0.1647876618691243,-0.22526096297447018,-0.2260061334764455,0.21970259559487826,0.20930053482708685,0.08338056485119619
p014t:TCCAGAAAGCGTCTGC,p014t,Tumor,Stromal,11782,2841,CAFs,p014,0.795004541217758,0.7791465901750692,0.5865529667495227,0.21446774823933232,0.13272430981661,0.07967419049849636,-0.040089934122036486,0.795004541217758
p014t:TCCTAATGTCTTGCGG,p014t,Tumor,Stromal,4520,1903,MyoFBs 1,p014,-0.21566023878557117,-0.419828451219566,-0.3929659889147776,-0.48451316489705015,-0.43597140661332495,-0.31763390992817125,-0.28430458202081565,-0.21566023878557117
p014t:TCCTCTTGTCTGTAGT,p014t,Tumor,Stromal,3117,1387,MyoFBs 1,p014,-0.17926249270768543,-0.39227879450333364,-0.3406773126888566,-0.48524212890437673,-0.4463365295425404,-0.31087017294607666,-0.3046268822515712,-0.17926249270768543
p014t:TCGTAGAAGGTAAGAG,p014t,Tumor,Stromal,5422,1933,MyoFBs 1,p014,-0.17038715073610083,-0.2912767049761451,-0.24578954361197425,-0.5426947160490921,-0.5134212117382261,-0.23507447274107682,-0.19203226987053365,-0.17038715073610083
p014t:TCGTCCATCCGACGGT,p014t,Tumor,Stromal,7507,2728,MyoFBs 1,p014,-0.0634796449162981,-0.4994474160009805,-0.4687568847226297,-0.46392378106485216,-0.40527982058999845,-0.3668104848775424,-0.33926663637599525,-0.0634796449162981
p014t:TCGTGGGAGACTGAGC,p014t,Tumor,Stromal,2136,1149,UC FBs,p014,-0.14509993147823894,-0.34979325539565514,-0.3407268248748307,-0.2242643426324488,-0.2328641411935001,-0.03943615289110886,-0.0016278980409397798,-0.14509993147823894
p014t:TCGTGGGTCGGCGATC,p014t,Tumor,Stromal,3253,1528,MyoFBs 1,p014,-0.13099374095990993,-0.33729424890206783,-0.2749640752629536,-0.4546552949718067,-0.407992887808833,-0.2812127549397318,-0.24359858526903042,-0.13099374095990993
p014t:TCTAACTGTCATCAGT,p014t,Tumor,Stromal,7111,2454,MyoFBs 1,p014,-0.15860423568244042,-0.36618449170218437,-0.3203792874814897,-0.38179369607218067,-0.33103033313311114,-0.30233974119550305,-0.26721109931959824,-0.15860423568244042
p014t:TCTCACGCACGGCTAC,p014t,Tumor,Stromal,3014,1577,UC FBs,p014,-0.0013447661083518412,-0.24154508455979581,-0.212588433539722,-0.3380083047300197,-0.3126299274857914,0.3033376143166893,0.288229234253659,-0.0013447661083518412
p014t:TGACAGTTCATTGAGC,p014t,Tumor,Stromal,5586,2300,UC FBs,p014,0.2652609241440108,0.1698844724771928,0.2009789308578503,-0.06744419646506407,-0.08196327999927276,0.2693992601413476,0.24442422775661243,0.2652609241440108
p014t:TGAGGGACATCGGATT,p014t,Tumor,Stromal,5964,2204,CCL FBs,p014,0.28497474872621525,0.024411968107582355,-0.013452792812774821,-0.21109866358491838,-0.27545767429089824,0.06074339810170625,0.022282232256496653,0.28497474872621525
p014t:TGAGGGAGTAGACAGC,p014t,Tumor,Stromal,2100,1100,MyoFBs 1,p014,-0.21324182010925652,-0.4887257841016565,-0.48450114768816205,-0.6122286595708254,-0.5895452366838622,-0.21666802936478666,-0.1990103565594729,-0.21324182010925652
p014t:TGAGGGATCAGTCATG,p014t,Tumor,Stromal,1329,887,UC FBs,p014,-0.20047642391893947,0.15909268756454087,0.1745380689276428,-0.07541039962397546,-0.006479558469944222,-0.31108612967164895,-0.32105909848914427,-0.20047642391893947
p014t:TGGATGTGTCCGTTTC,p014t,Tumor,Stromal,8812,2820,MyoFBs 1,p014,-0.10087834850868635,-0.4160277195921054,-0.3690601743803155,-0.34228071714846453,-0.27104717068547424,-0.24664227335076583,-0.20496098819900962,-0.10087834850868635
p014t:TGGGCTGAGTGGCCTC,p014t,Tumor,Stromal,3901,1854,MyoFBs 1,p014,-0.09428220170370319,-0.38659530231843187,-0.3497990437942307,-0.43271276636087164,-0.39459174083069315,-0.33894132312975433,-0.32347126953742084,-0.09428220170370319
p014t:TGGGTTACATTCTTCA,p014t,Tumor,Stromal,9156,3314,CAFs,p014,-0.005567850283624833,0.3589662386066451,0.36025443486869335,0.5589896265645417,0.553985188000424,0.2618939736956044,0.24912007293280433,-0.005567850283624833
p014t:TGTAGACGTTGACGGA,p014t,Tumor,Stromal,10486,3109,CCL FBs,p014,0.47623775556291403,-0.23224494659474917,-0.2505784406349426,-0.22971570286519674,-0.2619022374409576,-0.06739763613594206,-0.09885983725681025,0.47623775556291403
p014t:TGTGTGACAACTGCTA,p014t,Tumor,Stromal,21619,4385,CAFs,p014,0.15510419221889032,0.4072899248472377,0.3268411128920866,0.17593809806418662,0.11188336119575557,0.17750185693393608,0.11687559166183585,0.15510419221889032
p014t:TGTGTGATCTACCACC,p014t,Tumor,Stromal,3130,1580,CCL FBs,p014,-0.10678307300335482,-0.225342561433814,-0.2064279192922319,-0.2633887317259701,-0.30063519081057505,-0.04303840220366654,-0.004890991418677218,-0.10678307300335482
p014t:TTACAGGTCACGAGGA,p014t,Tumor,Stromal,3957,1717,CCL FBs,p014,0.025608195972285773,-0.2985661630803833,-0.27196965571038606,-0.36779219067978614,-0.3925246936377398,0.1128244654128426,0.15485948026180268,0.025608195972285773
p014t:TTAGGCAGTCTCTCAC,p014t,Tumor,Stromal,10970,3481,MyoFBs 1,p014,0.04789541083747488,-0.3719952886886134,-0.34122184595865446,-0.5022895987126597,-0.4557328267499458,-0.30998695579014324,-0.27575798621949027,0.04789541083747488
p014t:TTAGGGTGTAACATAG,p014t,Tumor,Stromal,5543,2393,CAFs,p014,-0.045328252246243914,0.14369071252187904,0.20877721351457806,0.24341229872055808,0.254138991474932,0.2551139673904369,0.313528468941941,-0.045328252246243914
p014t:TTCATTGCAGCTTCCT,p014t,Tumor,Stromal,14533,4210,UC FBs,p014,0.30327201152645183,0.27710113889176624,0.25876136735172534,0.5607439349785599,0.5540259155054945,0.4014191855725489,0.3488452795673819,0.30327201152645183
p014t:TTCGATTGTCCGATCG,p014t,Tumor,Stromal,1305,727,UC FBs,p014,-0.11005763640104417,0.07861011095192967,0.14805848169617536,-0.48022795003857843,-0.47471485850076345,-0.024776701864443328,0.013814976636101218,-0.11005763640104417
p014t:TTCGATTTCTCTAGGA,p014t,Tumor,Stromal,1827,1011,CCL FBs,p014,-0.044458660476824695,-0.23165757323102076,-0.2452797454486533,-0.2739750739110976,-0.2806715392615906,-0.025925956274333754,-0.02285771510180305,-0.044458660476824695
p014t:TTGCATTTCGGCATCG,p014t,Tumor,Stromal,3141,1360,MyoFBs 1,p014,-0.11292591504752636,-0.41233082442563407,-0.36464193381550836,-0.6117730124720505,-0.5931440341437972,-0.24372244712553526,-0.20169765300610487,-0.11292591504752636
p014t:TTGTGTTGTGCCGAAA,p014t,Tumor,Stromal,3907,1786,MyoFBs 1,p014,-0.08531198163696549,-0.5047929584219748,-0.49362848653662494,-0.552169281533178,-0.5095876984644768,-0.4109397778385564,-0.4064182954676011,-0.08531198163696549
p014t:TTTCAGTCATGTGGTT,p014t,Tumor,Stromal,3767,1580,MyoFBs 1,p014,-0.0699621963461763,-0.2755286379584244,-0.25542956545222095,-0.4067726654513758,-0.400077955580728,-0.16312979569560604,-0.16399057279614843,-0.0699621963461763
p014t:TTTGATCAGTATAGAC,p014t,Tumor,Stromal,3600,1765,UC FBs,p014,-0.05050372721202541,-0.19080688065031962,-0.17466120808044586,-0.22546775009939257,-0.20882156136077504,0.3320544259328591,0.35837170034646987,-0.05050372721202541
p016t:AAACGCTGTAAGATAC,p016t,Tumor,Stromal,9109,2875,CAFs,p016,0.05531792738066431,0.6199374365031111,0.5610351979096488,0.6446463881554653,0.5729301792764386,0.30658599134430436,0.269614277123679,0.05531792738066431
p016t:AAAGAACTCTTGGTCC,p016t,Tumor,Stromal,8934,2892,CAFs,p016,0.11826498891439355,0.2672392900234887,0.24691664148122072,0.37609300745784174,0.3406341025486675,0.08411065136131488,0.022041144441155826,0.11826498891439355
p016t:AAAGGATAGCTGAAAT,p016t,Tumor,Stromal,8143,2877,UC FBs,p016,0.14138234730221724,0.12963919077847838,0.04711077110728294,-0.051823388143651644,-0.05768573583580207,0.5938622015087228,0.6278434737640268,0.14138234730221724
p016t:AAAGGATCACATATGC,p016t,Tumor,Stromal,9532,3188,CAFs,p016,0.05281240035567367,0.21409750418091306,0.18749008991005944,0.46586216571835837,0.41470038267069087,0.11322710278787111,0.06607769710176131,0.05281240035567367
p016t:AAAGGTAAGCTGCCAC,p016t,Tumor,Stromal,11195,3457,CAFs,p016,0.01667764327047687,0.09279837383299458,0.11101927771800901,0.30811736782138444,0.3230841148558051,0.2148916482925415,0.23791892177918378,0.01667764327047687
p016t:AAAGTGATCACTCTTA,p016t,Tumor,Stromal,15702,4380,MyoFBs 2,p016,-0.09044958526889484,0.0715935507846274,0.10667835186212891,0.02719414053598837,0.049641092914308224,-0.10538844991671412,-0.11750082715469248,-0.09044958526889484
p016t:AACGAAAGTGATCGTT,p016t,Tumor,Stromal,19369,4494,CAFs,p016,-0.08056248917260714,0.38970448707743566,0.42429825000283194,0.5671046436289136,0.5792774026996867,0.09674928564774363,0.09434189866570865,-0.08056248917260714
p016t:AAGTTCGGTGAGTCAG,p016t,Tumor,Stromal,12346,3232,CAFs,p016,-0.11791195229447463,0.47050452011884475,0.4717733041360611,0.48839533005898095,0.4957963194005018,0.1343577107708705,0.09150718227028846,-0.11791195229447463
p016t:AATGCCACACAAGCCC,p016t,Tumor,Stromal,18533,4553,CAFs,p016,0.11022474247504745,0.4523102392879676,0.50129835539293,0.6385619275043813,0.6056546069421741,0.19538146016236982,0.17370459479005898,0.11022474247504745
p016t:AATGGAAGTCAACCTA,p016t,Tumor,Stromal,5727,2151,CCL FBs,p016,-0.14676830578562722,-0.09951275097662393,-0.12134116733583009,-0.06631354019235895,-0.08892791423686715,0.08695262152897684,0.08548453853410833,-0.14676830578562722
p016t:AATGGCTCACAAAGCG,p016t,Tumor,Stromal,13791,3756,CAFs,p016,0.06455820214346443,0.2947552520401624,0.2302657754682913,0.24568080149438917,0.21761986535302427,0.5340211928675049,0.4489248325719553,0.06455820214346443
p016t:AATGGCTGTTGCGGCT,p016t,Tumor,Stromal,11383,3207,CAFs,p016,-0.11350478811124176,0.47229356962085073,0.5281007917734181,0.4870124130167675,0.5179748105015173,0.19322166639919344,0.18672633145881048,-0.11350478811124176
p016t:ACCAAACTCGATGCAT,p016t,Tumor,Stromal,16482,3951,CAFs,p016,0.018941084413151992,0.4212670149091555,0.4526198705340304,0.4329464967761721,0.4421661908543387,0.2952355345613078,0.25044898723854736,0.018941084413151992
p016t:ACCATTTTCACTAGCA,p016t,Tumor,Stromal,7365,2594,CCL FBs,p016,0.05999760280706381,-0.17665104535693416,-0.20318658459113864,-0.08325710130513322,-0.13228791397671366,-0.07487171347204008,-0.12355334364316042,0.05999760280706381
p016t:ACGATGTCATGATGCT,p016t,Tumor,Stromal,9863,2886,UC FBs,p016,0.7230399580133197,0.3954337907156774,0.22380901736820616,0.19189882107383135,0.17523997926781343,0.017197933675427185,-0.0788609665544594,0.7230399580133197
p016t:ACGGGTCTCATTTGTC,p016t,Tumor,Stromal,13370,3706,CAFs,p016,-0.07015741769767676,0.5489820981129757,0.5890587964663054,0.6733972159005246,0.6898137337289924,-0.027458001826399642,-0.05646738488884533,-0.07015741769767676
p016t:ACGGGTCTCCATGAGT,p016t,Tumor,Stromal,12750,3595,CAFs,p016,-0.12988727484225182,0.2899003340411285,0.32850830954579047,0.2073792378532187,0.20110994158312678,0.005463937155314182,0.0181859093499096,-0.12988727484225182
p016t:ACTATTCTCGCGCCAA,p016t,Tumor,Stromal,5415,2282,UC FBs,p016,0.2117059314786865,0.3688318640449826,0.31623018542077486,0.429744687919714,0.38173715007859604,0.049983280897140506,-0.015210565398721135,0.2117059314786865
p016t:ACTGATGAGTTCGCAT,p016t,Tumor,Stromal,9706,3053,CAFs,p016,-0.08723500315426734,0.14928430364448197,0.20871576548713008,0.20872936998398936,0.21810800824747528,0.1074854228841631,0.15347908297005822,-0.08723500315426734
p016t:ACTGTGAGTCACTCAA,p016t,Tumor,Stromal,8350,3102,CAFs,p016,0.10504487382346078,0.292974468577197,0.3048446129712208,0.41247179194790673,0.39734305513936075,0.2570161184197978,0.20050285581280203,0.10504487382346078
p016t:ACTTATCTCACGATAC,p016t,Tumor,Stromal,5415,2044,UC FBs,p016,-0.06992109639472083,-0.18753247882942764,-0.21555550069343754,-0.26672292576760664,-0.24914451905114707,0.4045216954068134,0.45866667584461324,-0.06992109639472083
p016t:AGAACAAAGTGGTTGG,p016t,Tumor,Stromal,9289,2941,CAFs,p016,-0.08277140248959002,0.23742634719427752,0.3154164199240324,0.11741573317926757,0.1538301215961922,-0.003859327968798186,-0.008829317373387954,-0.08277140248959002
p016t:AGAAGTACACCTCGTT,p016t,Tumor,Stromal,9413,3141,CAFs,p016,-0.07859831535371772,0.36253621132702246,0.4232550965758359,0.41346444748342037,0.44904767890828984,0.008089718134387544,0.0200990837176933,-0.07859831535371772
p016t:AGACCCGCAAATCGTC,p016t,Tumor,Stromal,15044,3958,CAFs,p016,0.10417741909623146,0.6729031651546913,0.6573194997362429,0.42540457852336827,0.41744435154074844,0.17460146012078775,0.11997033553745817,0.10417741909623146
p016t:AGACCCGGTGCGACAA,p016t,Tumor,Stromal,17453,4189,CAFs,p016,-0.01000490343492282,0.5756156950124672,0.5798175503022787,0.6063751018016922,0.6586997503804606,0.16022921837376136,0.16583112907760283,-0.01000490343492282
p016t:AGATAGACATGACGTT,p016t,Tumor,Stromal,6669,2386,CCL FBs,p016,0.27545129275766383,-0.11989936504360972,-0.11940530449061132,-0.19229555329574005,-0.20932107386287563,0.02087909698878464,-0.03628852970021613,0.27545129275766383
p016t:AGATCCACAACATCGT,p016t,Tumor,Stromal,1535,937,UC FBs,p016,-0.11970920243153446,-0.029161550788855066,-0.09647499433741337,0.05225418165934329,0.003987954539615054,-0.1388316407015449,-0.12820285435985115,-0.11970920243153446
p016t:AGCTCAAAGTCTCGTA,p016t,Tumor,Stromal,11206,3442,UC FBs,p016,0.048018148144412985,0.1880257252071585,0.21252791519935538,0.02208957897157085,0.05854915013146955,0.9341884758127363,0.9363683287711705,0.048018148144412985
p016t:AGGATCTAGCGCTGCT,p016t,Tumor,Stromal,12135,3613,CAFs,p016,0.07280923239886761,0.1987754459093724,0.18620699864426038,0.27660709489327,0.2880773233617981,0.5988989870799215,0.574123875709141,0.07280923239886761
p016t:AGGCCACAGATCACTC,p016t,Tumor,Stromal,11574,3450,CAFs,p016,0.24681226905892817,0.3496551044399337,0.3174805683651712,0.29842121512343994,0.24187848848009177,0.28117345105856656,0.2677372915451141,0.24681226905892817
p016t:AGGGTCCCACTAACCA,p016t,Tumor,Stromal,9707,3033,CAFs,p016,-0.14313792337238657,0.5213001789335086,0.6200011431625704,0.5380701388099364,0.5989591007142566,0.30984939266192285,0.31842789606136435,-0.14313792337238657
p016t:AGGGTTTGTCTAGATC,p016t,Tumor,Stromal,17007,4139,CAFs,p016,0.3372641361008088,0.697843641422841,0.5623657700673836,0.4443970400155807,0.40803574891977534,0.48673932579787155,0.36103058277684097,0.3372641361008088
p016t:AGGTCTACAACTTCTT,p016t,Tumor,Stromal,14859,3928,CAFs,p016,-0.13659401684836076,0.5721553219672368,0.6273087251295404,0.4768703747730778,0.5148925897990202,0.27159740101349983,0.2760432260001407,-0.13659401684836076
p016t:AGGTGTTAGCACACAG,p016t,Tumor,Stromal,9252,2938,CAFs,p016,0.09476627633098121,0.20300145659177582,0.131936123446993,0.15757531540620387,0.09872000531271793,0.05618847265447441,-0.013337710302542237,0.09476627633098121
p016t:AGGTTACCATAAGCGG,p016t,Tumor,Stromal,7666,2590,CAFs,p016,-0.0046480295428058555,0.35347602265525835,0.38644717461088807,0.3464001534620718,0.37480174511844333,0.22428597509860992,0.19087399191716137,-0.0046480295428058555
p016t:AGTAGCTGTCTGCATA,p016t,Tumor,Stromal,11358,3394,UC FBs,p016,0.0743214673967215,0.17177123926123794,0.1403921835306214,0.16160669337425912,0.16045722114138825,0.5659311465526882,0.5189963198759977,0.0743214673967215
p016t:AGTCATGTCTACGCGG,p016t,Tumor,Stromal,21941,4959,UC FBs,p016,0.03651720158328923,0.2796808663679629,0.32824323199144223,0.11788822254356073,0.13137105661769247,0.674936958990599,0.6738819429103066,0.03651720158328923
p016t:AGTGATCGTTATAGAG,p016t,Tumor,Stromal,9012,3083,CAFs,p016,0.01335495344379492,0.38987766480909625,0.3667007633939204,0.3078786405017219,0.28334750716173807,0.23756177935161088,0.1853079106001293,0.01335495344379492
p016t:AGTTAGCAGCATCGAG,p016t,Tumor,Stromal,19555,4447,CAFs,p016,-0.13541852993269762,0.27683151826471547,0.32779674569894446,0.3494833212260309,0.3722023287473983,0.006126392162159869,0.007202578029211829,-0.13541852993269762
p016t:AGTTAGCTCGAACTCA,p016t,Tumor,Stromal,9361,3032,CAFs,p016,-0.1193905134742524,0.6619484600972156,0.7529647953626586,0.7104392285857882,0.7526968325120073,0.38507194942549655,0.40968077270423664,-0.1193905134742524
p016t:AGTTCCCCAAACCGGA,p016t,Tumor,Stromal,19148,4923,UC FBs,p016,0.014236176157729668,0.2392436498015815,0.1977097852973313,0.06744239087767746,0.0601805686344241,0.18369947238090006,0.1001020754687488,0.014236176157729668
p016t:AGTTCCCCATAGATGA,p016t,Tumor,Stromal,6134,2479,CAFs,p016,-0.14301870753498455,0.22176825977405723,0.3183130448366084,0.3887550062214842,0.44502627442395964,-0.024981010587591872,-0.022118783347746904,-0.14301870753498455
p016t:ATCACGATCGCTGTCT,p016t,Tumor,Stromal,8665,2839,CAFs,p016,-0.07153045605018474,0.2800515428641621,0.36471811309456825,0.23902697155100047,0.2820592615428532,0.019763814932421634,0.05802836681113523,-0.07153045605018474
p016t:ATCACTTGTCGACTGC,p016t,Tumor,Stromal,4744,2009,UC FBs,p016,0.04072084598112525,-0.21743320994915402,-0.2232570235912756,-0.20775885976927014,-0.21572575741988975,0.47106252547941707,0.49537686267319847,0.04072084598112525
p016t:ATCAGGTTCTGCGGAC,p016t,Tumor,Stromal,4196,1802,CAFs,p016,-0.10054877893835829,0.1717893460727468,0.12428856868206001,0.20652449184230395,0.20325225842900055,0.08393567392700597,0.014077746517517987,-0.10054877893835829
p016t:ATCATTCGTTCTAAGC,p016t,Tumor,Stromal,11094,3191,CAFs,p016,0.0867712543133581,0.3170468945208253,0.33287116135584144,0.31404325096126723,0.34024954886110714,0.0119601902600966,-0.014578988578389672,0.0867712543133581
p016t:ATCCGTCTCAAACTGC,p016t,Tumor,Stromal,12146,3767,CCL FBs,p016,0.1538346113163259,-0.01247238987410555,-0.08375071797792505,0.12461171420861264,0.0742456155807473,0.1978745337771742,0.18334285301320694,0.1538346113163259
p016t:ATCGATGTCGCTGACG,p016t,Tumor,Stromal,8526,2714,CAFs,p016,-0.19796780483764514,0.5367359956286905,0.6124958337054633,0.4312990865461072,0.44702930939058927,0.1832020248237409,0.1640860732863931,-0.19796780483764514
p016t:ATCGCCTCAGCGTACC,p016t,Tumor,Stromal,11604,3467,CCL FBs,p016,0.1920571514474751,0.004880048413000697,-0.06028212715939778,-0.062198158883375626,-0.10690876365054486,0.2707078688630932,0.2791217077742605,0.1920571514474751
p016t:ATCGGCGTCTTAGCCC,p016t,Tumor,Stromal,15878,4204,CAFs,p016,0.5522713685375557,0.7513199404490237,0.5629357930000235,0.577212008267489,0.500547333143998,0.41582856717470446,0.24372408256372985,0.5522713685375557
p016t:ATGAAAGAGGCGTTAG,p016t,Tumor,Stromal,9977,2949,CAFs,p016,-0.15398868274662578,0.18408069035456498,0.20192001439721846,0.2799305615813604,0.2886281707757261,-0.00032556076583109404,-0.01668292358517647,-0.15398868274662578
p016t:ATGAAAGGTTGCATAC,p016t,Tumor,Stromal,8597,2822,CAFs,p016,0.09097432080460222,0.27796166272339773,0.2738844554689599,0.27588673004386377,0.25301177357864935,0.42040087541467264,0.37966747380354826,0.09097432080460222
p016t:ATGCATGGTTCCCACT,p016t,Tumor,Stromal,20600,4894,CAFs,p016,-0.08540207994570792,0.5489198170217439,0.6527111003425244,0.6287504573048529,0.6877354286546105,0.20721065837301705,0.22722773863112225,-0.08540207994570792
p016t:ATGGAGGCACTCAGAT,p016t,Tumor,Stromal,13785,3723,CAFs,p016,-0.12830424455827788,0.2829867494957788,0.3306413832597616,0.23268776599849975,0.23240156038555987,0.12406700833847648,0.1142830408671323,-0.12830424455827788
p016t:ATGTCCCTCGAATGCT,p016t,Tumor,Stromal,20504,4935,UC FBs,p016,0.08030859815577666,0.1068340085104716,0.12871350636478604,0.021398133379692326,0.027456934574644928,0.824522898777535,0.854592253267765,0.08030859815577666
p016t:ATGTCTTGTACGTGTT,p016t,Tumor,Stromal,8180,3028,CCL FBs,p016,0.21433195226678722,-0.15867871382482807,-0.21210918232525994,-0.13753374048261618,-0.21960098736074773,0.16631519637609782,0.13329265924061046,0.21433195226678722
p016t:ATTCACTTCTACCACC,p016t,Tumor,Stromal,22407,4873,CAFs,p016,-0.04956570176178949,0.3992350792550311,0.47042278082268996,0.3719093105470648,0.4199883233495923,0.28026206346816923,0.2440610466470175,-0.04956570176178949
p016t:ATTCAGGCAGATTCGT,p016t,Tumor,Stromal,11825,3374,CAFs,p016,-0.023843430734255856,0.4838333568554752,0.573046679994682,0.6097762958925902,0.6656807896053029,0.3612630574718902,0.33092192836544093,-0.023843430734255856
p016t:ATTCCATCAATCTAGC,p016t,Tumor,Stromal,12522,3612,CAFs,p016,-0.015592615732825115,0.4389539684111975,0.4740251402665929,0.5306492918836219,0.554512508603376,0.1250441932364514,0.1288586602491491,-0.015592615732825115
p016t:ATTCCCGCATACCAGT,p016t,Tumor,Stromal,5037,1937,UC FBs,p016,0.9662370834042106,0.5099098460406674,0.20142350218644955,-0.07942260159369634,-0.1734955833661695,0.07431329347585378,-0.08090248686425826,0.9662370834042106
p016t:ATTCCTATCCAAGGGA,p016t,Tumor,Stromal,8937,2899,CAFs,p016,-0.0865089187169807,0.44091624831210596,0.48858566604918097,0.6857382405587301,0.7720406143601204,0.0847394178180318,0.06856494033161331,-0.0865089187169807
p016t:ATTGTTCCATGGGTCC,p016t,Tumor,Stromal,3787,1886,CAFs,p016,-0.022116350075393393,0.39509427060886304,0.41036234743802286,0.6947454575031083,0.7360928634744744,0.5298604876783334,0.5340923803036703,-0.022116350075393393
p016t:ATTTCTGTCTCTATAC,p016t,Tumor,Stromal,7950,3005,CAFs,p016,0.12038234546127026,0.7538509734393078,0.7409505216041352,0.6750987852562447,0.6817270467967488,0.012342190899347004,0.004716483810368706,0.12038234546127026
p016t:CAACAGTAGTAGAGTT,p016t,Tumor,Stromal,9576,3251,CAFs,p016,0.10093114135394755,0.5643075899201997,0.5843272187360903,0.7196352709160776,0.7487945576566596,0.47672118553156523,0.4372935064657427,0.10093114135394755
p016t:CAAGACTCAGTCGCAC,p016t,Tumor,Stromal,10452,3226,CAFs,p016,-0.16749311209117113,0.6708493089037282,0.7540384247535612,0.5306897897805486,0.5437036401830441,0.16150484187038322,0.17886665358262904,-0.16749311209117113
p016t:CAAGACTCATACAGCT,p016t,Tumor,Stromal,14318,4043,CAFs,p016,-0.032194370109783974,0.7644772699901036,0.8039017810781555,0.6094631313498379,0.6164899181119751,0.12289013632230068,0.1005997189813677,-0.032194370109783974
p016t:CAATGACAGACAACTA,p016t,Tumor,Stromal,14418,3802,CAFs,p016,-0.12487092190177033,0.6762152182660541,0.7186789110121203,0.5574401714553943,0.583824759674107,0.3393355564067238,0.3502304478603251,-0.12487092190177033
p016t:CACACAAAGTACGAGC,p016t,Tumor,Stromal,11657,3367,CAFs,p016,-0.10334457689079277,0.4010096243677699,0.4962607298228072,0.37333493930648787,0.43427073193150895,0.26052259300884445,0.27854139524347643,-0.10334457689079277
p016t:CACATGACAGCATCTA,p016t,Tumor,Stromal,14462,3977,CAFs,p016,0.011290293415648895,0.5215766304267608,0.4378369027839565,0.44935094162213557,0.4226411443290322,0.16691293565458373,0.0974743657909772,0.011290293415648895
p016t:CACATGATCAAACGAA,p016t,Tumor,Stromal,14233,3853,CAFs,p016,-0.035013694414182714,0.5835684571339159,0.669875103889442,0.3817204125225544,0.4250135933763759,0.3353998577908466,0.30697895796859964,-0.035013694414182714
p016t:CACGGGTTCACTGCTC,p016t,Tumor,Stromal,7335,2667,UC FBs,p016,0.46989519002014085,0.055658116708604655,-0.035653882909838744,0.11467623033047634,0.029309103904335304,-0.05966651745532688,-0.1556791998884257,0.46989519002014085
p016t:CACTAAGCAGTGTGCC,p016t,Tumor,Stromal,16650,4110,MyoFBs 1,p016,-0.054166629499951865,-0.3187251546876315,-0.275702485190023,-0.3632022407362048,-0.3275521630204694,-0.2847160227988896,-0.2541200432707282,-0.054166629499951865
p016t:CACTGGGCAGTCTACA,p016t,Tumor,Stromal,8948,2949,UC FBs,p016,0.01512947904044076,-0.1812967892204012,-0.24230119522388388,-0.2513282590662129,-0.2967908240835789,0.17132646370875207,0.16661868551198175,0.01512947904044076
p016t:CACTGGGGTCCTATAG,p016t,Tumor,Stromal,4682,2139,UC FBs,p016,0.0346636263686314,-0.338459313143881,-0.32730738991280883,-0.2686224082598881,-0.2305996613793595,0.22690413766785672,0.22940248513922973,0.0346636263686314
p016t:CACTGTCAGGTAGCCA,p016t,Tumor,Stromal,12075,3022,CAFs,p016,-0.10549474121970043,0.27071266855132214,0.3272462818181006,0.2806998210750064,0.27157486516029333,0.0013936372179734079,0.02598392327918726,-0.10549474121970043
p016t:CAGATACAGTTGCCTA,p016t,Tumor,Stromal,9404,3007,CAFs,p016,-0.08349611987604906,0.3531395649794033,0.41711575836056797,0.3492106682934551,0.3629286895928428,0.03834109460248759,0.05607994117719286,-0.08349611987604906
p016t:CAGCACGAGGCCCGTT,p016t,Tumor,Stromal,15841,4438,UC FBs,p016,-0.04404835380090956,-0.3801724523762051,-0.3952576490800555,-0.623389407308126,-0.5775023829625097,-0.08596203193852776,-0.09786978206213783,-0.04404835380090956
p016t:CAGTGCGGTTCTTCAT,p016t,Tumor,Stromal,16038,4015,CAFs,p016,-0.11792054501149737,0.40659568935860785,0.42147705874337654,0.49659109729513223,0.5172828741501584,0.08943728408531139,0.044054573730510825,-0.11792054501149737
p016t:CATACAGAGAGGGTAA,p016t,Tumor,Stromal,9026,2764,CAFs,p016,-0.08863654507226065,0.4622857224538314,0.48711066972464323,0.43046144534814723,0.44150424438940233,0.21816776724238146,0.2120796222897137,-0.08863654507226065
p016t:CATACCCGTGGTTCTA,p016t,Tumor,Stromal,9390,3217,CAFs,p016,0.10308544140047672,0.48166031489262773,0.4887316095211157,0.6492974935479614,0.6618543803518595,0.2099852992515815,0.18677814646678811,0.10308544140047672
p016t:CATACTTGTCTCAGAT,p016t,Tumor,Stromal,15147,4123,CAFs,p016,0.020112647658638787,0.4473205931028541,0.4805299467066439,0.39977958532316343,0.4200930008881314,0.25390963162246505,0.2473996436332955,0.020112647658638787
p016t:CATACTTGTTAGGGTG,p016t,Tumor,Stromal,7210,2609,UC FBs,p016,0.05563041492643064,0.01847574316269281,-0.08088127482773327,-0.06743605427291928,-0.11874050170529721,0.30905520968433275,0.2466627544066047,0.05563041492643064
p016t:CATCCACCATACCACA,p016t,Tumor,Stromal,11706,3519,CAFs,p016,-0.0016559430708487828,0.29292943138553174,0.3766054682797048,0.6381190572770274,0.7163331899358782,0.07492807503593596,0.10008506446200259,-0.0016559430708487828
p016t:CATCGTCGTTATTCTC,p016t,Tumor,Stromal,16677,4139,CAFs,p016,0.07942935113239576,0.599067325190622,0.5894671326003423,0.6286636120734774,0.6448125462805809,0.3406398781036076,0.32201562541372636,0.07942935113239576
p016t:CATGAGTCAGCTACAT,p016t,Tumor,Stromal,14113,3917,CAFs,p016,0.019585928773474797,0.5683503209480217,0.5872851005959802,0.5644081735185215,0.5691569677099239,0.4807292233956488,0.4898158189128427,0.019585928773474797
p016t:CATGCTCTCTTCTGGC,p016t,Tumor,Stromal,4012,1796,UC FBs,p016,-0.07307811973518447,0.3121707601358696,0.32389293692824317,0.19916296757909716,0.22720544100847356,0.061815626683988066,0.051851104638155766,-0.07307811973518447
p016t:CATTCCGGTCTCTCTG,p016t,Tumor,Stromal,13497,3853,UC FBs,p016,0.1374534871429205,0.29504131068646605,0.22854129841732906,0.2554092512713099,0.23268301046431758,0.9045937643141339,0.8316855004495558,0.1374534871429205
p016t:CATTCCGGTGTAGCAG,p016t,Tumor,Stromal,14407,3693,CAFs,p016,-0.05406085885407632,0.5294468845335805,0.6243046491247851,0.7013858435865568,0.785398596334596,0.2590398499840184,0.27597279653829687,-0.05406085885407632
p016t:CATTGTTTCTCGTCAC,p016t,Tumor,Stromal,17315,4129,CAFs,p016,0.5911148600443675,0.657281181565961,0.41087932039688274,0.4035256961930771,0.31153326646186585,0.5015720650553703,0.2871782934840988,0.5911148600443675
p016t:CCACACTGTAAGTCAA,p016t,Tumor,Stromal,14814,3587,CCL FBs,p016,0.27901760122755115,0.19291621039868617,0.12631029567522248,-0.003779079575015574,-0.053097666739377866,0.4828478582595524,0.4660434149643954,0.27901760122755115
p016t:CCACGAGGTGTTCCAA,p016t,Tumor,Stromal,13269,3584,CAFs,p016,0.1842815913423373,0.6456629708409309,0.6249753536611069,0.45994251861940233,0.433231757953763,0.31386157260521463,0.26643228977918626,0.1842815913423373
p016t:CCCAACTAGATAACGT,p016t,Tumor,Stromal,6428,2158,CAFs,p016,-0.1809421238538466,0.1405056364910335,0.1761149077608091,0.030848643571442486,0.0520359032115964,0.164710638711327,0.21519852122839758,-0.1809421238538466
p016t:CCCAACTAGTTGTAGA,p016t,Tumor,Stromal,17796,4361,CAFs,p016,-0.023847883175078192,0.3739381625164984,0.3745417027370777,0.37042811985260676,0.3739851754873471,0.11772586711143193,0.0715220818624777,-0.023847883175078192
p016t:CCCTTAGGTAGGTCAG,p016t,Tumor,Stromal,6037,2249,UC FBs,p016,0.7292042673287684,0.10470262854074945,-0.09236307278638933,-0.25376980006694794,-0.2811174839735031,0.2425832434704429,0.15437956487431245,0.7292042673287684
p016t:CCGGTAGAGTATGACA,p016t,Tumor,Stromal,9563,3154,UC FBs,p016,0.2937096844084169,0.02198387059021969,-0.01534675443317832,-0.11871445312031678,-0.1139143911125355,0.3536247274593303,0.29953711585086934,0.2937096844084169
p016t:CCTACGTCAACGATCT,p016t,Tumor,Stromal,16421,4022,CAFs,p016,0.015960371342340584,0.34842421473669155,0.43111372605057025,0.4434778868239753,0.49001463537299356,-0.08434789957184541,-0.06125259671141119,0.015960371342340584
p016t:CCTCTAGAGACCTGGA,p016t,Tumor,Stromal,17442,4251,CAFs,p016,-0.03990503533318508,0.3954874548671425,0.4050261095711371,0.28879520686210264,0.2994727293939091,0.36398867541237884,0.40119403618223526,-0.03990503533318508
p016t:CCTCTAGCATACGCAT,p016t,Tumor,Stromal,15520,4032,CAFs,p016,-0.04387789245760232,0.3997416858162199,0.45467097026000663,0.4655772685738547,0.4994151041907973,0.04575461635464116,0.03416698592550614,-0.04387789245760232
p016t:CCTGCATTCACAGTGT,p016t,Tumor,Stromal,21232,4955,CAFs,p016,-0.03187332028653799,0.32383821868546764,0.31382375628483006,0.38410514123424205,0.3803995395225451,0.059509020708011166,0.01979751295190962,-0.03187332028653799
p016t:CGAGTGCGTCAGACTT,p016t,Tumor,Stromal,3742,1731,CAFs,p016,-0.1598918894469215,0.17522638283517897,0.25461629660027785,0.31578952750685263,0.39184377576376117,-0.05986760886091935,-0.04694344085805556,-0.1598918894469215
p016t:CGAGTGCGTTCCGCAG,p016t,Tumor,Stromal,9121,2912,MyoFBs 1,p016,-0.08830275043453041,-0.375849718113943,-0.35724991169281123,-0.49800929039412617,-0.447570156652567,-0.3282420190933504,-0.29616070402895706,-0.08830275043453041
p016t:CGCATAAAGACGCAGT,p016t,Tumor,Stromal,4178,1965,CAFs,p016,0.1111325004971341,0.6744349012721558,0.694132980504414,0.7047761630799089,0.7416270719191362,0.6108747720718384,0.6406347236212562,0.1111325004971341
p016t:CGGAATTTCATAGCAC,p016t,Tumor,Stromal,21953,4912,CAFs,p016,0.5436735014316806,0.7471744509565891,0.5979695107742418,0.40740362851291284,0.3585171918709611,0.38788037204036585,0.2965137476211085,0.5436735014316806
p016t:CGGCAGTGTAACAGGC,p016t,Tumor,Stromal,12864,4105,CAFs,p016,0.1857593586635694,0.505783110210786,0.5206405647189879,0.42310004339230306,0.4736962397257949,0.1948792710508171,0.14671575028230163,0.1857593586635694
p016t:CGTAATGTCAGGCGAA,p016t,Tumor,Stromal,10667,3309,CAFs,p016,-0.06627190893254521,0.48982067717885486,0.5327095030466231,0.416843068966528,0.4259756609450939,0.4516861877551204,0.44973987301482876,-0.06627190893254521
p016t:CGTCCATAGCGGATCA,p016t,Tumor,Stromal,7315,2862,CAFs,p016,-0.03845629308438092,0.4549339666501714,0.4850223422044797,0.4821569845531782,0.5389473746330369,0.04922967459026136,0.0389020397382624,-0.03845629308438092
p016t:CGTCCATGTAGAGACC,p016t,Tumor,Stromal,7484,2536,CAFs,p016,0.009368215311776128,0.3452624254955017,0.30009132176183345,0.3869055820514961,0.3062057260337264,0.14903369875330674,0.0756805081577862,0.009368215311776128
p016t:CGTTAGACAGAAACCG,p016t,Tumor,Stromal,8653,2697,CAFs,p016,0.14068076566776685,0.46080461311705256,0.3300632570029759,0.26474879408369256,0.13651596520875775,0.30568395821671734,0.22883262283661787,0.14068076566776685
p016t:CGTTGGGAGGTCCAGA,p016t,Tumor,Stromal,22335,4858,CAFs,p016,0.06063260236068776,0.5036604189413733,0.533348722897311,0.4709308810285007,0.4949932898784619,0.15218852249733908,0.11454724837231504,0.06063260236068776
p016t:CGTTGGGTCGGTCACG,p016t,Tumor,Stromal,11720,3556,CAFs,p016,-0.17515817920170856,0.22912452537186292,0.28196889761744476,0.22263857768848538,0.24571225299434954,0.07223283187731316,0.10636016448192737,-0.17515817920170856
p016t:CTAACTTAGGTATTGA,p016t,Tumor,Stromal,5708,2403,CAFs,p016,-0.10784902211213321,0.4035900655601706,0.5008109554466678,0.4185060134195552,0.45843775769652323,0.05536753990148243,0.07013946368413813,-0.10784902211213321
p016t:CTACATTGTGTTACTG,p016t,Tumor,Stromal,13949,4142,CAFs,p016,-0.0469646398713322,0.3136210171315743,0.2954554005821304,0.4174065253678329,0.40803288596920495,0.003894801594709095,-0.019617380640086005,-0.0469646398713322
p016t:CTACCCACAGGAGGTT,p016t,Tumor,Stromal,3413,1674,CAFs,p016,-0.04447022299363948,0.49431520039025617,0.5607580877840519,0.36905071359812,0.42037505405240283,0.19605429925416645,0.194392030729967,-0.04447022299363948
p016t:CTCAATTCAGCGTGAA,p016t,Tumor,Stromal,5471,2188,CAFs,p016,-0.09998843501109564,0.4589339095566954,0.5210070034897909,0.41266451004360405,0.4467785124948552,0.4133406334801724,0.41485960062812355,-0.09998843501109564
p016t:CTCATGCTCTGTGCAA,p016t,Tumor,Stromal,8871,2946,CAFs,p016,-0.12133238680268589,0.46409773824698464,0.5498185182308278,0.32973185263346044,0.36328526187774746,0.16246622132235453,0.2186683351502699,-0.12133238680268589
p016t:CTCCAACGTAGAGATT,p016t,Tumor,Stromal,6689,2460,CAFs,p016,-0.09411409717020497,0.2258392619729346,0.20294345717695428,0.32310191906836566,0.26843387148408004,0.041486862497894385,0.03187265593339415,-0.09411409717020497
p016t:CTGAGCGTCTGCACCT,p016t,Tumor,Stromal,5330,2011,CAFs,p016,-0.04642798083327841,0.36549729583975005,0.3034184706828943,0.4366134973242879,0.34538982093854004,-0.07604580741179617,-0.11433179027893964,-0.04642798083327841
p016t:CTGAGGCCACCAGGTC,p016t,Tumor,Stromal,4460,1988,MyoFBs 1,p016,-0.12315079292053716,-0.34990034229597267,-0.34673470395003875,-0.5525745586016957,-0.5276182014061961,-0.37257093285259446,-0.35712246894836425,-0.12315079292053716
p016t:CTGCCATCATGTGTCA,p016t,Tumor,Stromal,18136,4432,CAFs,p016,0.09067798819262207,0.4421710020539408,0.43234729601024857,0.3218757937215649,0.33913396434793464,0.4918495215769661,0.4725905773832518,0.09067798819262207
p016t:CTGCCTAGTCACATTG,p016t,Tumor,Stromal,10113,3096,CAFs,p016,-0.05650361990065951,0.46736921658929514,0.5330230883527093,0.5550084179885001,0.5982255470928152,0.0424827967035143,0.032816698183031644,-0.05650361990065951
p016t:CTGCTCATCGGACCAC,p016t,Tumor,Stromal,9246,3244,UC FBs,p016,0.05723058030401405,0.05301383198524008,0.07015076502249008,-0.021651107342723682,0.007947404522362143,0.672346645240721,0.6682057033566867,0.05723058030401405
p016t:CTGTGAATCCGTTGGG,p016t,Tumor,Stromal,10777,3406,CAFs,p016,0.7272225487813876,0.3805056474342638,0.16500551435278682,0.2950389693890299,0.24950650420992873,0.18659917192631645,0.055495891303700556,0.7272225487813876
p016t:CTTCGGTCAACTACGT,p016t,Tumor,Stromal,8979,3011,UC FBs,p016,0.10694324620590921,-0.07915945240885627,-0.10400332905715559,-0.18059882833337298,-0.1616378777422184,0.43372253806967487,0.46664087632123163,0.10694324620590921
p016t:CTTCTCTCACGGTCTG,p016t,Tumor,Stromal,13003,3460,CAFs,p016,0.002691948786377907,0.4139833817904701,0.3783605167324223,0.42367840349218067,0.3842340096571418,0.14192721300611372,0.14798155030345214,0.002691948786377907
p016t:CTTGAGAGTATCCTCC,p016t,Tumor,Stromal,13485,3741,CAFs,p016,-0.04913245482991139,0.11109711796197357,0.16775430907018302,0.18908668058563252,0.24904432243039443,0.10655258219493063,0.120999956481597,-0.04913245482991139
p016t:CTTGAGATCCGTACGG,p016t,Tumor,Stromal,15402,3724,CAFs,p016,-0.07996017387006105,0.46511696659180585,0.4591604575696515,0.6286811701839372,0.6555074040323149,0.022603252373243635,-0.00631213854340946,-0.07996017387006105
p016t:CTTTCAATCGAGCCAC,p016t,Tumor,Stromal,12692,3663,CAFs,p016,-0.02548397710677563,0.4441580105862789,0.4310603813501075,0.35124427998172386,0.3225057919314781,0.20688696799701767,0.1470563220408033,-0.02548397710677563
p016t:GAACGTTTCTCTCGCA,p016t,Tumor,Stromal,15801,4139,CAFs,p016,-0.002554618835187795,0.6740587619798524,0.7133085969381217,0.7586787161322273,0.7836243556162645,0.1581456438491219,0.15927206137601066,-0.002554618835187795
p016t:GAACTGTGTACAAGTA,p016t,Tumor,Stromal,4561,1995,CAFs,p016,0.06736461787174146,0.30683508579980356,0.22499966825835588,0.1981869002766147,0.19221467529098654,0.11496134149400812,0.03869397289612714,0.06736461787174146
p016t:GAAGCCCCAGCACACC,p016t,Tumor,Stromal,11653,3635,CAFs,p016,0.0737306949061652,0.4312842208892107,0.3693542989288888,0.19178713517909757,0.16624020860898633,0.1569253170568692,0.08104794608319507,0.0737306949061652
p016t:GAAGGGTCACTACACA,p016t,Tumor,Stromal,18957,4814,UC FBs,p016,0.03589020156415931,0.471054664451857,0.509051596791279,0.3985059004353017,0.40355902866915216,0.7412967543460821,0.7420019866789088,0.03589020156415931
p016t:GACATCAAGGACGCAT,p016t,Tumor,Stromal,10497,3355,CAFs,p016,0.07749920591646642,0.5510745233457003,0.5762716451114634,0.5176467970013618,0.5463404802735462,0.17870764561781757,0.16886462063035546,0.07749920591646642
p016t:GACCTTCGTAGGCTCC,p016t,Tumor,Stromal,10032,3383,UC FBs,p016,-0.010527865372990308,0.137297584238101,0.13224000992571436,0.03159984572771556,-0.0012831411670980065,0.5585684012425574,0.574472264156622,-0.010527865372990308
p016t:GACTATGAGTACAGCG,p016t,Tumor,Stromal,7112,2571,UC FBs,p016,0.17585546154071363,0.12808198926552217,0.05039372753987952,0.2746986331304117,0.20230071593162624,-0.05729937435765015,-0.07865146933233037,0.17585546154071363
p016t:GACTCAACAGGACTAG,p016t,Tumor,Stromal,10982,3337,CAFs,p016,-0.1701046079049998,-0.04862058915349902,-0.04657746969563205,0.08987261199069266,0.041915952596207,-0.003105968315350382,0.020468446700011984,-0.1701046079049998
p016t:GACTGATAGTAATTGG,p016t,Tumor,Stromal,9661,2984,CAFs,p016,-0.02616872738642422,0.3172110393833445,0.34262590548705035,0.44764846707789263,0.4170205174663732,0.12427527146708024,0.1334260526277563,-0.02616872738642422
p016t:GACTGATCAAGATCCT,p016t,Tumor,Stromal,7284,2653,CAFs,p016,-0.0885706781001206,0.4509979086186813,0.5062754642581795,0.4632672821076549,0.48891538537518925,0.4490206633743487,0.49510902516982136,-0.0885706781001206
p016t:GAGATGGAGGAAACGA,p016t,Tumor,Stromal,3831,1634,UC FBs,p016,0.4890417013840194,0.38254265167883467,0.16277360352801112,0.06231266594662958,-0.007954506506753523,-0.07151296923035069,-0.2143403551157783,0.4890417013840194
p016t:GAGGCAACAGACCGCT,p016t,Tumor,Stromal,3967,1851,CAFs,p016,-0.17659551516305982,0.4038135080161143,0.43059829104600883,0.44643083450441456,0.472786117518364,0.25233980134913797,0.27577479797251087,-0.17659551516305982
p016t:GAGGCCTTCTTGGTGA,p016t,Tumor,Stromal,24278,4962,CAFs,p016,0.3872311748891023,0.6705423142684965,0.6631131038614889,0.641071385837027,0.572445455981895,0.28652121705052097,0.2197195335126975,0.3872311748891023
p016t:GAGGGTAAGCGATGGT,p016t,Tumor,Stromal,8630,2947,CAFs,p016,0.05207268661705025,0.18435716043625558,0.17519372220082982,0.059503820211607585,0.07226252282947995,0.2581629516654893,0.21885739586809103,0.05207268661705025
p016t:GAGTCTACAAGTAGTA,p016t,Tumor,Stromal,7443,2646,CCL FBs,p016,0.18336540924613937,0.1288579578834529,0.027208702729606047,0.03097305161764427,-0.03422406172856342,0.1524802287354281,0.12033992280416629,0.18336540924613937
p016t:GATCATGAGGGCAGAG,p016t,Tumor,Stromal,3665,1612,MyoFBs 1,p016,-0.13153708461476,-0.41412399412722006,-0.3899123905817183,-0.5881972353221202,-0.5571372731653756,-0.3729962916750657,-0.3461801851496977,-0.13153708461476
p016t:GCAACATTCCCGATCT,p016t,Tumor,Stromal,15248,4210,CAFs,p016,-0.03455804383153455,0.5329925052973689,0.5719709660767055,0.633642739635341,0.666554853753295,0.21974539552864275,0.18860776512061847,-0.03455804383153455
p016t:GCACTAAAGATGACAT,p016t,Tumor,Stromal,11700,3764,CAFs,p016,0.1762509417899868,0.6066297094660754,0.4677822233245867,0.3869724332887147,0.3274187717565097,0.6981544117394246,0.6236948022947592,0.1762509417899868
p016t:GCAGCTGCAAACTCTG,p016t,Tumor,Stromal,7358,2787,CB FBs,p016,0.011537279994962247,0.012544143336768053,0.024861785787634733,0.23181073445522662,0.26119955180775983,-0.08220281365670656,-0.07766458164243137,0.011537279994962247
p016t:GCCAGGTTCGGAAGGT,p016t,Tumor,Stromal,6288,2240,CCL FBs,p016,0.08505682872706338,-0.09330406659567843,-0.1513421822157575,0.0332391476828833,-0.0645467744230531,-0.03428979123893537,-0.09071073900250827,0.08505682872706338
p016t:GCCATTCTCCCTGGTT,p016t,Tumor,Stromal,17375,4446,CAFs,p016,0.09079322176413578,0.7312287304702462,0.8132101145186802,0.6116227674659114,0.6936226116146805,0.15449765385373643,0.1489576106562334,0.09079322176413578
p016t:GCGATCGAGATCCAAA,p016t,Tumor,Stromal,2262,1202,UC FBs,p016,0.03366461138061264,0.17135637800912468,0.06548202419426383,0.23093161693945222,0.23923346408924392,-0.08385604863104067,-0.2500793414080844,0.03366461138061264
p016t:GCGATCGGTGTCGCTG,p016t,Tumor,Stromal,6136,2497,CAFs,p016,-0.18670758832115353,0.055566237719102324,0.07059149967972189,0.06621250023647231,0.08310120327528132,0.27467859596455174,0.25715238720671657,-0.18670758832115353
p016t:GCGTTTCAGGGCTTCC,p016t,Tumor,Stromal,7809,2449,UC FBs,p016,0.7634872374239198,0.7412224408828331,0.4023420917801559,0.37537776271109374,0.2648782933152519,0.24992113317313946,0.06672612831873052,0.7634872374239198
p016t:GCTACCTAGGCCACTC,p016t,Tumor,Stromal,14605,4125,UC FBs,p016,0.07671633067034316,0.28274318860957814,0.24433556285391494,0.2082918277675552,0.1513105187846651,0.5125178685313777,0.46936742102398593,0.07671633067034316
p016t:GCTGCAGAGTCATCGT,p016t,Tumor,Stromal,7233,2567,CAFs,p016,-0.012872239966925821,0.491498269064694,0.5002356906671349,0.5331342412653018,0.521919212802205,0.2113940483645389,0.2161731902290793,-0.012872239966925821
p016t:GGAGCAAGTGGTATGG,p016t,Tumor,Stromal,7851,2683,CAFs,p016,0.023949683464148587,0.3698986260106369,0.27347411133530664,0.42262937402238654,0.3648120727130147,0.21473270070395972,0.1399083983810509,0.023949683464148587
p016t:GGAGGATTCCGCGGAT,p016t,Tumor,Stromal,12236,3275,CAFs,p016,-0.08822697027700774,0.43763434311983235,0.5156171324708294,0.4869693526237899,0.536085766241994,0.11045260324485992,0.12903128008851233,-0.08822697027700774
p016t:GGATGTTCAGTCGGTC,p016t,Tumor,Stromal,11681,3292,CAFs,p016,-0.05620489913251316,0.11481277488780264,0.15569996588477275,0.2058761777850438,0.22204672311281048,0.037012574076652524,0.05278777111979092,-0.05620489913251316
p016t:GGCTTTCTCGCGCCAA,p016t,Tumor,Stromal,9822,3159,UC FBs,p016,0.5792337383813503,-0.08450704622937709,-0.18688067112390588,-0.23700027226717496,-0.21458608550994202,-0.04899945235566089,-0.15999353396541932,0.5792337383813503
p016t:GGGCGTTCAGCATCTA,p016t,Tumor,Stromal,14008,3928,CAFs,p016,0.11294227255214202,0.3346035018449231,0.34939625477645453,0.29282351978579346,0.2893340274864851,0.3571954590513518,0.31767736625145465,0.11294227255214202
p016t:GGGTGAATCCTGTTAT,p016t,Tumor,Stromal,1706,1098,UC FBs,p016,-0.11223424242384601,0.3957442864015394,0.4667394899922173,0.6924244281740821,0.769281278256067,0.09603039967386347,0.15333708489642423,-0.11223424242384601
p016t:GGGTGTCTCTACTGCC,p016t,Tumor,Stromal,19115,4617,UC FBs,p016,0.0025711052054375933,0.18043659297910955,0.2218550869473824,0.11340977824815758,0.11733329083044948,0.14724604597217159,0.15087258833296158,0.0025711052054375933
p016t:GGTAATCGTACAATAG,p016t,Tumor,Stromal,10151,3214,CAFs,p016,-0.030188511534218202,0.38824400282940086,0.45251563273188544,0.4156726198080851,0.41790598622241687,0.21832241729686136,0.20219989524168128,-0.030188511534218202
p016t:GGTCACGTCAGGAAAT,p016t,Tumor,Stromal,9053,2844,CAFs,p016,0.02991202169735181,0.5251479146583956,0.551121449961168,0.38579491198975213,0.4358260535396809,0.20063694746870744,0.2370029033983455,0.02991202169735181
p016t:GGTTAACGTCGAAGCA,p016t,Tumor,Stromal,28915,4325,CAFs,p016,-0.2101094735737302,-0.13611760613869647,-0.11447566238845266,-0.14972050830113645,-0.14064748767156934,-0.11605437170518072,-0.11444892523919835,-0.2101094735737302
p016t:GGTTGTAGTCTGCATA,p016t,Tumor,Stromal,9269,2893,CAFs,p016,-0.010006123124376723,0.23106835866156888,0.22917599203746494,0.27575237904580274,0.3008827676476781,0.04292730500823573,-0.0044998821090249455,-0.010006123124376723
p016t:GTAACCAAGACATACA,p016t,Tumor,Stromal,12048,3605,CAFs,p016,-0.04236063168367796,0.7759232624452941,0.8017498334733452,0.5559271514719847,0.6096609655854314,0.3218665546492526,0.29337335544473986,-0.04236063168367796
p016t:GTAAGTCAGAGTTGAT,p016t,Tumor,Stromal,10452,3116,CAFs,p016,-0.039701168964567934,0.4429413541695293,0.5105126113062952,0.587093288725128,0.6400145081326712,0.17262631768458767,0.14250799220274477,-0.039701168964567934
p016t:GTAAGTCCACACCAGC,p016t,Tumor,Stromal,13442,3714,CAFs,p016,-0.1006057433980076,0.5864154239736346,0.6982977640383491,0.6959317702685996,0.7571200353938133,0.05174008066716947,0.06145306606503094,-0.1006057433980076
p016t:GTACAACAGCATGATA,p016t,Tumor,Stromal,10079,3377,CAFs,p016,0.2409041707256907,0.4148225412913123,0.39975627925156093,0.28383096087039733,0.2728965965987638,0.306009929450719,0.24509234991582002,0.2409041707256907
p016t:GTACAACGTCGTCATA,p016t,Tumor,Stromal,8320,2843,CAFs,p016,-0.1830080938443803,0.04739796080417475,-0.02380668154985803,0.06728087722000722,-0.0410297256677823,-0.02502245573621047,-0.014489940071807188,-0.1830080938443803
p016t:GTAGGAGCAAGGTACG,p016t,Tumor,Stromal,12701,3365,CAFs,p016,-0.12131772468095287,0.2630043114554517,0.30930375575837565,0.30871803034096956,0.29776004600057077,0.11767292156031257,0.13955625409589095,-0.12131772468095287
p016t:GTAGTACGTGGCCTCA,p016t,Tumor,Stromal,18601,4098,CAFs,p016,0.5696203202139913,0.6212386273451111,0.26686652337212297,0.29533744811279966,0.21495214183435796,0.2660280036298852,0.05763213248813853,0.5696203202139913
p016t:GTAGTACGTTCAATCG,p016t,Tumor,Stromal,6299,2264,UC FBs,p016,0.5622455604545968,0.3686681411096028,0.11418266876078234,0.049543775789135575,-0.040891525595513886,-0.01574832499027252,-0.14714389495989855,0.5622455604545968
p016t:GTAGTACTCTGCGGGT,p016t,Tumor,Stromal,9487,3141,CAFs,p016,-0.026716681262641623,0.4643719312544836,0.5216074376026305,0.4532526999008747,0.4750094538511232,0.16453168071855448,0.16299875197000802,-0.026716681262641623
p016t:GTATTGGTCAAAGGTA,p016t,Tumor,Stromal,15454,3929,CAFs,p016,-0.16476438839903526,0.10771773497060853,0.12731820076885747,0.07932088102157019,0.06056848662190659,0.18513802936986873,0.16798138995380962,-0.16476438839903526
p016t:GTCACGGTCTGTGCTC,p016t,Tumor,Stromal,12880,3620,CAFs,p016,-0.15988089067436623,0.3311753598878122,0.3625097040132415,0.24931508508910025,0.27536544444169414,0.10977921607462983,0.10053153038024902,-0.15988089067436623
p016t:GTCACTCCACAGCATT,p016t,Tumor,Stromal,9231,3278,CAFs,p016,0.13068885632316796,0.4896622535069378,0.481891119352928,0.6376622056170386,0.6385408976916657,0.4328243137974488,0.3752691183020087,0.13068885632316796
p016t:GTCAGCGGTCTTGAAC,p016t,Tumor,Stromal,11683,3492,CAFs,p016,-0.0023676306989632153,0.2755269295326909,0.2032297260423259,0.19557807503306135,0.1935190102735231,0.1291134413331747,0.026565637242268115,-0.0023676306989632153
p016t:GTCATCCGTCGTCGGT,p016t,Tumor,Stromal,10073,3152,CAFs,p016,-0.06083522955968715,0.14664201167107996,0.19061913653049709,0.09894296154379845,0.08799227647656618,0.22922473640034075,0.18787480167606296,-0.06083522955968715
p016t:GTCATTTCAGGTGACA,p016t,Tumor,Stromal,9405,3048,CAFs,p016,-0.08681261114032711,0.7351380211814326,0.7993130808378138,0.7203178955432104,0.7527610034963419,0.23263567042978187,0.21526962027830235,-0.08681261114032711
p016t:GTCGAATGTGAAAGTT,p016t,Tumor,Stromal,10705,3457,CAFs,p016,-0.03684062723135739,0.3485142029061609,0.4060374736422446,0.39699538766729586,0.4215303177750388,-0.09468305708938524,-0.0903931379537372,-0.03684062723135739
p016t:GTGATGTCACGCTGTG,p016t,Tumor,Stromal,8166,2816,CB FBs,p016,-0.00480334248328418,0.22273356923643423,0.2659035984699319,0.19125631900162113,0.1437086670031381,0.20360191087973745,0.23652865956811345,-0.00480334248328418
p016t:GTGTAACTCTCCAATT,p016t,Tumor,Stromal,10224,3127,CAFs,p016,-0.10069320208736156,-0.026809734520407354,0.013282593226105702,-0.09753259345508959,-0.07798984603479851,-0.03160230415432077,-0.0299692566780483,-0.10069320208736156
p016t:GTTATGGTCGTCCATC,p016t,Tumor,Stromal,8739,3133,CAFs,p016,-0.07223498229787015,0.047671638049033224,0.04931650592423067,0.360427550743429,0.406209500203299,-0.0010907250799630818,-0.038257165428470165,-0.07223498229787015
p016t:GTTCATTCATGGTACT,p016t,Tumor,Stromal,12063,3605,UC FBs,p016,0.10376932651719503,0.21746746625523178,0.17225863484711182,0.14702618395795627,0.16641996800899506,0.686359175353458,0.6305598501992576,0.10376932651719503
p016t:GTTGAACGTTTCGTGA,p016t,Tumor,Stromal,15172,3877,UC FBs,p016,0.0006619028812437726,0.20501746936720244,0.21094942792523197,0.21038978980207929,0.24115649810017542,0.7649905384371155,0.7621002035982468,0.0006619028812437726
p016t:GTTGTAGCAGGGAATC,p016t,Tumor,Stromal,8767,3008,CCL FBs,p016,0.26918698249286727,-0.11117996936854051,-0.13391885552101018,-0.22001913015027436,-0.29463020183665806,-0.011391345293898332,0.019793348452624152,0.26918698249286727
p016t:GTTGTGACACAAACGG,p016t,Tumor,Stromal,6404,2754,CAFs,p016,0.10521244012603634,0.5811604122270126,0.5612706281244755,0.4199974464670736,0.4271409668374893,0.12080169320106507,-0.0004962886081022375,0.10521244012603634
p016t:TACAGGTAGCCAGACA,p016t,Tumor,Stromal,14177,3910,CAFs,p016,-0.05019391828069562,0.4009654954341905,0.46382069103874085,0.5338688474053479,0.6096488030649029,0.2898398540325855,0.2721022272592082,-0.05019391828069562
p016t:TACCCGTCACTTGGGC,p016t,Tumor,Stromal,6487,2694,CAFs,p016,-0.14629416241874232,0.1831190220403428,0.17850863670067088,0.33660896000813467,0.351568148926247,0.05620590487593099,0.035749480391249935,-0.14629416241874232
p016t:TACCGGGGTTACCGTA,p016t,Tumor,Stromal,14064,3786,CAFs,p016,-0.10759495337812328,0.6239154854675337,0.725507886376141,0.6657820844794718,0.7116400283046587,0.2751837007701397,0.2767456068492988,-0.10759495337812328
p016t:TAGACTGTCGTGTGAT,p016t,Tumor,Stromal,11244,3376,UC FBs,p016,0.3412353561439535,0.20978389221376606,0.07505001533185927,0.02710545865096608,7.032364780126616e-05,0.7248053864428872,0.6597359110327328,0.3412353561439535
p016t:TAGATCGGTGGGTCAA,p016t,Tumor,Stromal,9025,2810,CAFs,p016,0.010374206886218306,0.4569146782539937,0.39894385513190816,0.46143492607741937,0.4511951131009778,0.4455712391357673,0.4470957322155728,0.010374206886218306
p016t:TAGGAGGAGTTGAAGT,p016t,Tumor,Stromal,9000,2946,CAFs,p016,0.05294382967577692,0.407882083245382,0.40072531012318485,0.448452732000709,0.4264530465737808,0.13182330743262644,0.11966399042045368,0.05294382967577692
p016t:TAGTGCAGTAATACCC,p016t,Tumor,Stromal,15261,4001,CAFs,p016,0.597873192247853,0.5881632204566684,0.41285956769091325,0.32712729068054835,0.2658902382218214,0.4376551740851842,0.24632854880217245,0.597873192247853
p016t:TATACCTTCGCCTTTG,p016t,Tumor,Stromal,20007,4976,CAFs,p016,0.06378892327152323,0.6237516422489924,0.6757736130981002,0.41964261649100454,0.4522624262392001,0.5495606559475786,0.5141362958752057,0.06378892327152323
p016t:TATCTGTGTTTACCAG,p016t,Tumor,Stromal,10243,2928,CAFs,p016,-0.0786334645787352,0.31171808631292414,0.33850750976764576,0.3632880214753808,0.3737017452543558,0.05155109520021238,0.05486266832141315,-0.0786334645787352
p016t:TATTTCGAGCACCCAC,p016t,Tumor,Stromal,8689,2741,UC FBs,p016,0.02517992758045071,-0.050892203247972896,-0.04746104749601062,-0.12809657771140337,-0.12242844620676235,0.616634161652703,0.6147901063456255,0.02517992758045071
p016t:TCAAGTGGTCCGGCAT,p016t,Tumor,Stromal,11498,3375,CAFs,p016,-0.08346119351488979,0.43274865303264587,0.4018276703157803,0.6153102649033678,0.6080189275793558,0.24531867849199396,0.22271872688742245,-0.08346119351488979
p016t:TCACGCTGTATACGGG,p016t,Tumor,Stromal,14176,3721,CAFs,p016,0.031971715926805415,0.4204386107205432,0.43477716496804863,0.42003790319574125,0.4193806297384029,0.17174945836396593,0.17321337812087115,0.031971715926805415
p016t:TCAGTGAGTCAACACT,p016t,Tumor,Stromal,13397,4085,UC FBs,p016,0.16798621249434195,0.05396938476027274,0.05271548977712306,0.017723339476755688,0.03632022483750831,0.3321182164706682,0.3285903578295427,0.16798621249434195
p016t:TCATACTGTACACGCC,p016t,Tumor,Stromal,13001,3994,CAFs,p016,0.007103800250772844,0.14251569804868527,0.16403904000706063,0.18752587179900432,0.21218452533317167,0.09748197770432422,0.10821637204464744,0.007103800250772844
p016t:TCATATCTCCGTGTCT,p016t,Tumor,Stromal,15103,4047,CAFs,p016,0.3534828926060806,0.5008303082871194,0.41058661815960235,0.3075859750982146,0.2587156370931933,0.5731102774017736,0.49084049989195433,0.3534828926060806
p016t:TCATCCGAGTTGGGAC,p016t,Tumor,Stromal,8664,2994,CAFs,p016,0.09427456417235366,0.2699373602410968,0.23659136936795422,0.34374423545538163,0.2949063809978407,0.18312288334495144,0.15092275247854345,0.09427456417235366
p016t:TCATGTTTCCTGCTAC,p016t,Tumor,Stromal,15812,4064,CAFs,p016,0.17873362839025886,0.6996440043939012,0.717697831415912,0.5456645005591669,0.5843232243516764,0.2632614763159501,0.23134099402848413,0.17873362839025886
p016t:TCATTCATCGAGTTGT,p016t,Tumor,Stromal,13339,3747,CAFs,p016,0.06703151102237027,0.5021804378205217,0.5441553089072042,0.7619682642624105,0.7555701529274175,0.14940655238889647,0.1374665688476799,0.06703151102237027
p016t:TCATTGTAGGGCTAAC,p016t,Tumor,Stromal,4579,2002,CAFs,p016,0.05806365007894081,0.3286563609631694,0.20129951453063546,0.3339660287815697,0.34021011843930843,0.19108286413707232,0.10056778306470197,0.05806365007894081
p016t:TCATTTGGTTGCCGAC,p016t,Tumor,Stromal,14246,3775,CCL FBs,p016,0.5420678201695218,0.29888513766001074,0.08430727505374973,0.07260546991031389,-0.05341731507850941,0.263042315762294,0.12289963127935634,0.5420678201695218
p016t:TCCATCGTCTGGGTCG,p016t,Tumor,Stromal,9746,2907,CCL FBs,p016,0.20109219022356628,0.06148639404956175,-0.011878757305988452,-0.035475367870257825,-0.11618551326005958,0.051025605515429846,0.013581542057149551,0.20109219022356628
p016t:TCCGATCGTAGGCAAC,p016t,Tumor,Stromal,3787,1666,MyoFBs 1,p016,-0.12457920808606503,-0.5124531411470807,-0.4843003123362617,-0.6051544465732818,-0.5666558833489584,-0.4304617674727189,-0.4104063051588395,-0.12457920808606503
p016t:TCCTCCCAGCGACATG,p016t,Tumor,Stromal,18612,4514,CCL FBs,p016,0.21999153125573667,-0.1169202666805715,-0.1352854083496623,-0.26509218349368596,-0.2820702217909139,0.3015131945868856,0.290336222771336,0.21999153125573667
p016t:TCGAAGTCATTCAGGT,p016t,Tumor,Stromal,11735,3523,CAFs,p016,-0.013082778277365785,0.22125630787744813,0.18608189628618518,0.04471451956398633,0.02627707437373871,0.18356270837156397,0.12842573155375087,-0.013082778277365785
p016t:TCGACCTAGGGCGAGA,p016t,Tumor,Stromal,9122,2770,CCL FBs,p016,0.33126101657552154,0.13203391022219949,-0.012515170363391318,-0.07955024421823267,-0.16257377887188001,0.23372390748638855,0.209763144131969,0.33126101657552154
p016t:TCGCAGGAGGCATGCA,p016t,Tumor,Stromal,19533,4643,CAFs,p016,0.19459117220289873,0.4654011760401178,0.49932310016962084,0.6648971065118605,0.6596835544766035,0.17067195314325784,0.1702259245164254,0.19459117220289873
p016t:TCGCTTGCAGCAGGAT,p016t,Tumor,Stromal,2976,1341,CAFs,p016,-0.21144839948075905,0.30009149098578763,0.3607292523289599,0.23303177549826856,0.21409000984804574,-0.018992637333117034,-0.008024612945668837,-0.21144839948075905
p016t:TCGGGCATCGAGCACC,p016t,Tumor,Stromal,5870,2243,CAFs,p016,-0.0706782088116661,0.5827168178868157,0.6256564634783965,0.616213221934491,0.661566536873579,0.11212582696033152,0.04238738818641971,-0.0706782088116661
p016t:TCGTAGACATTCTGTT,p016t,Tumor,Stromal,10528,3320,CAFs,p016,-0.05742528000356335,0.15574511513113976,0.23858196751737012,0.22455693080032968,0.2567077714863212,-0.1312995320480121,-0.10363419998218032,-0.05742528000356335
p016t:TCGTGCTAGCTCCATA,p016t,Tumor,Stromal,7782,2585,CAFs,p016,0.2570678292724647,0.9012719518980201,0.9265040417269963,0.5680805198071354,0.567475504139005,0.38370288657514673,0.33037509655251224,0.2570678292724647
p016t:TCTACCGAGGTTTACC,p016t,Tumor,Stromal,12247,3409,CAFs,p016,-0.04018349438219478,0.21806248654231278,0.23270381194902812,0.18136511223238647,0.19536804917896555,0.08514304750255848,0.019507199975059314,-0.04018349438219478
p016t:TCTCCGAGTCGTCGGT,p016t,Tumor,Stromal,19191,4476,CAFs,p016,-0.015514704586709277,0.6463988307241009,0.6242269405941819,0.47447808033653666,0.5028983242809772,0.17639400271061612,0.18592659079688875,-0.015514704586709277
p016t:TGACGCGGTACGGTTT,p016t,Tumor,Stromal,8222,2877,CAFs,p016,-0.00748050680155294,0.2006447302291588,0.20490268972225306,0.044943083153695475,0.056281202407770375,0.2553228602597588,0.24579337326919332,-0.00748050680155294
p016t:TGAGGAGTCTGAGCAT,p016t,Tumor,Stromal,9651,3282,CAFs,p016,0.1680802254806877,0.4006119298995758,0.3758910665424859,0.26352969823139055,0.20821616148879363,0.37689038186432106,0.344006208645399,0.1680802254806877
p016t:TGAGTCACACTCTCGT,p016t,Tumor,Stromal,10481,3311,CAFs,p016,-0.060948442438976805,0.5149186805118712,0.5090278975392987,0.4777884883996175,0.44118293729978936,0.31483011320233345,0.26506217205349136,-0.060948442438976805
p016t:TGCACGGAGAAATGGG,p016t,Tumor,Stromal,4960,1957,CCL FBs,p016,-0.13414167060533114,-0.02257264960481196,-0.021128350187365603,-0.21984111903501408,-0.2366253772403958,0.12261141554305428,0.101266249313074,-0.13414167060533114
p016t:TGCAGGCAGGCCGCTT,p016t,Tumor,Stromal,24334,4942,CAFs,p016,-0.03848827979118939,0.3319563154150181,0.37948448302951165,0.25926213764718603,0.28860994142501856,0.2192993687171685,0.21011314627659672,-0.03848827979118939
p016t:TGCAGTATCAGCTAGT,p016t,Tumor,Stromal,14975,3883,CAFs,p016,-0.15825007610807293,0.36582564384847577,0.43239825915136354,0.1390494450128504,0.16598446786317023,0.21961380844249537,0.21167230646619026,-0.15825007610807293
p016t:TGCATCCAGGGTACGT,p016t,Tumor,Stromal,19976,4389,CAFs,p016,0.0862161211604089,0.7363950159544439,0.7925948627192311,0.7348096338035396,0.7735406353583744,0.2807044505484794,0.31966130560373557,0.0862161211604089
p016t:TGCTCGTAGGTCCCGT,p016t,Tumor,Stromal,9956,3173,CAFs,p016,0.04194637437007929,0.7171265712502052,0.829259051418886,0.8612976855009186,0.9510118256994459,0.031119386302797418,0.03836759556742275,0.04194637437007929
p016t:TGCTCGTAGTCAGAGC,p016t,Tumor,Stromal,12660,3282,CAFs,p016,-0.045387281300990207,0.5546243414472865,0.5928939893705453,0.46720288682500927,0.47577646708245885,0.2066378333066639,0.2055993493865518,-0.045387281300990207
p016t:TGGATGTGTGGTCTCG,p016t,Tumor,Stromal,23280,4933,CAFs,p016,-0.02691294949934736,0.43432102053977395,0.49601913141313847,0.4411977014922518,0.46512748951872074,0.13923917469617567,0.15169772692024708,-0.02691294949934736
p016t:TGGTTAGCATCGCTCT,p016t,Tumor,Stromal,6690,2564,CAFs,p016,-0.06188766060298995,0.053544337024950255,0.08979935473876029,0.11142501514405012,0.1611733652521358,0.1374033057768094,0.15086600491229227,-0.06188766060298995
p016t:TGTCAGATCCCGTGAG,p016t,Tumor,Stromal,7036,2438,UC FBs,p016,0.4164429032815653,0.322788305124458,0.2785841986173537,0.20379988987911113,0.1768814228518411,0.11363891833706906,0.06635290594661937,0.4164429032815653
p016t:TGTCCACGTTCTTGTT,p016t,Tumor,Stromal,7337,2498,CAFs,p016,-0.17251715304742551,0.08744456482176878,0.14059717080942014,-0.02935281375004929,-0.02128410072953895,0.10001026564522793,0.11012765397043789,-0.17251715304742551
p016t:TGTGATGGTGCGGATA,p016t,Tumor,Stromal,8438,2783,CAFs,p016,0.05595553676156621,0.2622027785460256,0.2498611370555875,0.2584945494309068,0.2094751562013529,0.41887174978068,0.37574377804994585,0.05595553676156621
p016t:TGTGTGAAGCGGATCA,p016t,Tumor,Stromal,7122,2647,CAFs,p016,0.024077600538077063,-0.0790674529437508,-0.0645944284865769,0.2235219551592457,0.2042197047104669,0.011949030113847632,0.026031566104468176,0.024077600538077063
p016t:TGTTCCGCACTCCTTG,p016t,Tumor,Stromal,16831,4498,CAFs,p016,0.10984337471605263,0.6209401395171881,0.6898509356215959,0.6379324600328596,0.6358960472740406,0.1634277540602182,0.16162719787920224,0.10984337471605263
p016t:TGTTTGTTCGAGCTGC,p016t,Tumor,Stromal,9796,3129,CAFs,p016,-0.09814893356279324,0.2444932828657329,0.27422376112194685,0.24153059198312005,0.26025023512802153,-0.012828709185123443,-0.05211950172396267,-0.09814893356279324
p016t:TGTTTGTTCGTCGGGT,p016t,Tumor,Stromal,4959,1836,UC FBs,p016,0.10636646875686813,-0.005654902634572009,-0.046761336304792546,-0.23092127076293134,-0.21229219785350006,0.4242259734555295,0.4374906448756947,0.10636646875686813
p016t:TTACGTTAGTTGTACC,p016t,Tumor,Stromal,10965,3089,CAFs,p016,0.04203234188153466,0.3568227520706702,0.34250303030740925,0.12731011018004953,0.12958587381209052,0.3071787338899939,0.25144109695273287,0.04203234188153466
p016t:TTATTGCAGCCATTTG,p016t,Tumor,Stromal,10795,3365,CAFs,p016,-0.0029108410511214876,0.28259771507309406,0.2383309718130565,0.3030320382581986,0.28010734943889604,0.20325809040744053,0.12416496257133344,-0.0029108410511214876
p016t:TTCACCGTCGGCACTG,p016t,Tumor,Stromal,8468,2890,CAFs,p016,0.06557656468398738,0.32110382921338004,0.34198530237247216,0.40518374953951153,0.372424227207206,0.05541645257096542,0.05357677375569063,0.06557656468398738
p016t:TTCCACGAGTGATTCC,p016t,Tumor,Stromal,2796,1600,UC FBs,p016,-0.11380418883473203,-0.24057613738945552,-0.21129221850778998,-0.1677612719335118,-0.12891327944952388,0.6089977572623052,0.6179895359803649,-0.11380418883473203
p016t:TTCCGGTAGGTGGGTT,p016t,Tumor,Stromal,9959,3137,UC FBs,p016,0.32899053940516815,0.060423393258634876,0.04642986297243979,0.05859826037622228,0.055397754794982976,0.16261841505765914,0.13169485760085722,0.32899053940516815
p016t:TTCCTAAGTTCGGCGT,p016t,Tumor,Stromal,14452,3823,UC FBs,p016,0.07252644910885576,0.1004131303682011,0.02238633769859628,-0.05245103750957594,-0.02516080979745142,0.6548700505181363,0.6780554887126474,0.07252644910885576
p016t:TTCCTTCTCAGCCTCT,p016t,Tumor,Stromal,13963,4291,CAFs,p016,0.17365619752621442,0.5709174638804124,0.581282439936952,0.7497369834811104,0.8129475375767364,0.3980823950547921,0.4014509443851078,0.17365619752621442
p016t:TTCTAACAGGGAGGGT,p016t,Tumor,Stromal,10824,3062,CAFs,p016,-0.057294741003332955,0.18853516306500046,0.24297895764068858,0.25803965476474594,0.2703858801965104,0.004359422780965504,0.015061020412865807,-0.057294741003332955
p016t:TTCTGTAAGATCACTC,p016t,Tumor,Stromal,9805,2907,CAFs,p016,-0.106467534575546,0.3490821849459744,0.4261560804755768,0.2572167408557571,0.24214597609500552,0.014180313540916693,0.027828566050704787,-0.106467534575546
p016t:TTGACCCTCTTGGGCG,p016t,Tumor,Stromal,10008,3094,CAFs,p016,-0.1520475591941361,0.14903162942477027,0.16866078888770283,0.1937134190443523,0.22204166639942763,0.34319524217985176,0.36428511337760616,-0.1520475591941361
p016t:TTGGGCGCACTGCGAC,p016t,Tumor,Stromal,13983,3730,CAFs,p016,-0.02435112447200114,0.6601935083578739,0.7606532260230402,0.6512053958805544,0.6887388957317832,0.13388894061116796,0.1567007224787684,-0.02435112447200114
p016t:TTGGGTAGTACACTCA,p016t,Tumor,Stromal,8596,2893,MyoFBs 2,p016,0.008162920837078178,0.2659896257124385,0.3623399688158093,0.2043419171466815,0.26266059762430055,-0.027696675297461056,0.02349162005326327,0.008162920837078178
p016t:TTGGTTTCACGGGTAA,p016t,Tumor,Stromal,10839,3582,MyoFBs 2,p016,-0.06429687622738511,-0.04942835365423258,0.007535007716619364,0.19335312187215503,0.2485151042252086,-0.20604917938165415,-0.16974211402874276,-0.06429687622738511
p016t:TTGTTCACAGGGTTGA,p016t,Tumor,Stromal,10114,3034,CAFs,p016,-0.07005521514567367,0.31223196589521,0.3537104908467793,0.15322992319659312,0.19548048018369563,0.2993576865839331,0.30943193036843747,-0.07005521514567367
p016t:TTGTTCAGTCATCAGT,p016t,Tumor,Stromal,15272,4035,CAFs,p016,-0.0850931053834134,0.1675325285700359,0.22694597414853732,0.25173802671916023,0.29252732698913925,0.12405879410277856,0.1438351865090868,-0.0850931053834134
p016t:TTGTTGTAGCTGGTGA,p016t,Tumor,Stromal,9919,3141,CAFs,p016,0.06775028457897797,0.8100880334647943,0.7920323069230085,0.7011932033513274,0.7107775818643182,0.4737560985903991,0.35695451094823727,0.06775028457897797
p016t:TTGTTTGGTTCAGCGC,p016t,Tumor,Stromal,8866,2933,CAFs,p016,0.0642565398297289,0.5525148919194328,0.547088666205726,0.39961245732039824,0.4065584869578827,0.2362510089811526,0.21571651942589704,0.0642565398297289
p016t:TTTACTGGTTGCCTAA,p016t,Tumor,Stromal,6870,2759,CAFs,p016,-0.13382445899933054,0.6136758249177008,0.6840173748389977,0.6336693236870425,0.6613182074628597,0.2193793114862944,0.20985196092549493,-0.13382445899933054
p016t:TTTACTGTCTTCACGC,p016t,Tumor,Stromal,10672,3072,CAFs,p016,-0.1246778914345461,0.46662711063209844,0.46404684971018534,0.40012373862674044,0.36136070175399615,-0.01570063264746415,-0.03811601400375366,-0.1246778914345461
p016t:TTTCACAGTTACCTGA,p016t,Tumor,Stromal,10041,3152,CAFs,p016,0.05829420244615329,0.11251445786970458,0.1519091940178286,0.2536169059327518,0.27421056252882575,0.6347508841047161,0.6253422866411069,0.05829420244615329
p016t:TTTCATGTCCCGTGAG,p016t,Tumor,Stromal,15001,3780,CAFs,p016,-0.09460130869819407,0.3285983490130427,0.3461573886026333,0.21340815856938763,0.20008701082795513,0.009285734633081837,-0.04263791547102087,-0.09460130869819407
p016t:TTTGGAGCAACTTCTT,p016t,Tumor,Stromal,7301,2704,UC FBs,p016,0.13338815005855603,-0.21293227382156313,-0.19788944512242224,-0.35773338765210033,-0.3366198833425378,0.5085362645356278,0.5443224248640678,0.13338815005855603
p016t:TTTGGTTGTTCTCAGA,p016t,Tumor,Stromal,8344,2947,CAFs,p016,0.053921117627045566,0.22854866513184138,0.1643765703207109,0.27928287406661073,0.2552375638380993,0.6275018259882927,0.6125897499568322,0.053921117627045566
p016t:TTTGGTTTCTACACTT,p016t,Tumor,Stromal,11420,3583,CAFs,p016,-0.04630050844137083,0.3834970498039406,0.40351287189235047,0.3204522976005564,0.35190433047192043,0.19049207557384906,0.12300809171489056,-0.04630050844137083
p017t:AAACCCAGTTCTGACA,p017t,Tumor,Stromal,3739,1697,CB FBs,p017,0.0005182848769452488,-0.2808614764742705,-0.26838983986072423,-0.2126069277981106,-0.26375665558978567,0.040435016625805904,0.05734237064333523,0.0005182848769452488
p017t:AAAGGATCATGCGGTC,p017t,Tumor,Stromal,2974,1320,CB FBs,p017,-0.18715970620120825,-0.18124709316358276,-0.17749589817916475,-0.07676068305665133,-0.0812886436144973,-0.22789457409005415,-0.20736078269341413,-0.18715970620120825
p017t:AAAGTGACACAAGCCC,p017t,Tumor,Stromal,2394,1202,CB FBs,p017,-0.07923542678748306,0.0039933625684708965,0.08091034840156393,-0.335312872136734,-0.34108032450772996,-0.25780782385876305,-0.24272682561593897,-0.07923542678748306
p017t:AAATGGAGTGAGCCAA,p017t,Tumor,Stromal,7263,1577,MyoFBs 2,p017,-0.1699552006627384,-0.5029731360929353,-0.49806018137350316,-0.5459675671038579,-0.5029642238000105,-0.3708068079070041,-0.3437331150559818,-0.1699552006627384
p017t:AACAAAGGTCGCACGT,p017t,Tumor,Stromal,4307,1699,CB FBs,p017,-0.024996651336550713,-0.09118210683975901,-0.238038901784798,0.07148046183342836,-0.058954784689947616,-0.09249632138954966,-0.09873447137720445,-0.024996651336550713
p017t:AACCTGATCGTAGAGG,p017t,Tumor,Stromal,3379,1512,CB FBs,p017,-0.034047122031711695,-0.1604300142094797,-0.11571300329595077,-0.1149413884446329,-0.10936567785088407,-0.21278966492728182,-0.2199775210198234,-0.034047122031711695
p017t:AACGAAATCTTAATCC,p017t,Tumor,Stromal,3913,1745,CB FBs,p017,-0.009283149157438362,-0.13029663983200276,-0.16671617987860993,-0.18594543882930764,-0.19024772062724413,-0.2123689491497843,-0.20193699948927935,-0.009283149157438362
p017t:AACGGGATCTGAGCAT,p017t,Tumor,Stromal,2245,1133,CCL FBs,p017,0.008250867751868148,-0.10562764032154667,-0.12466791453884869,-0.1398026208792414,-0.1696848009907922,-0.13156358113414363,-0.17487681613248937,0.008250867751868148
p017t:AAGAACAAGCTATCCA,p017t,Tumor,Stromal,6313,2376,CB FBs,p017,0.003809751746685881,-0.04501955150341501,-0.066784984818319,0.19494892291876734,0.16344563766967418,-0.15800188779830932,-0.15488683300859787,0.003809751746685881
p017t:AAGACTCAGGCCATAG,p017t,Tumor,Stromal,3100,1421,MyoFBs 1,p017,-0.19321183102683312,-0.4426430009913688,-0.42184966175657945,-0.43513408113194973,-0.3909956108518811,-0.29193316729445207,-0.2758206977563746,-0.19321183102683312
p017t:AAGACTCTCCAACACA,p017t,Tumor,Stromal,1648,1012,UC FBs,p017,-0.04497658641061239,-0.4137018197501192,-0.46598826048941144,-0.4083786440290967,-0.4061096514206986,0.023750144400094684,0.03607504876220927,-0.04497658641061239
p017t:AAGACTCTCCTCTAGC,p017t,Tumor,Stromal,2493,1313,UC FBs,p017,-0.04467273421846984,-0.38385265984819555,-0.3937905522903836,-0.3215289298463993,-0.31253780668254855,0.01586890618659948,0.06351088344612542,-0.04467273421846984
p017t:AAGACTCTCGCTCATC,p017t,Tumor,Stromal,2254,1213,UC FBs,p017,0.026145349501779203,-0.3131788947372412,-0.2958023562209635,-0.36557555255689184,-0.3317253020873597,-0.15549482703208922,-0.12686899690067066,0.026145349501779203
p017t:AAGCCATCAACTCCAA,p017t,Tumor,Stromal,1458,771,MyoFBs 1,p017,-0.2806424115898839,-0.4158104202729099,-0.3688004751939599,-0.616801594821166,-0.5984500271463117,-0.4105969245496549,-0.38820442189188564,-0.2806424115898839
p017t:AAGGAATTCAGCTGTA,p017t,Tumor,Stromal,2723,1293,CB FBs,p017,-0.042831188721353546,-0.11313227579301717,-0.10745640244425797,0.008939860806781419,-0.06963789818245311,-0.22763546987583763,-0.2078529203639311,-0.042831188721353546
p017t:AAGGAATTCGTCAAAC,p017t,Tumor,Stromal,4195,1910,CB FBs,p017,-0.1192080250761488,-0.20106299096072205,-0.18064600933434033,0.009487529570350841,0.035809160924928134,-0.1925066860098588,-0.15628925246350905,-0.1192080250761488
p017t:AAGTACCAGGAGTCTG,p017t,Tumor,Stromal,1428,808,MyoFBs 1,p017,-0.16686463208967134,-0.556681359528887,-0.5371584269876887,-0.5765581583338124,-0.5582337829089442,-0.39613684384446396,-0.3720431552213781,-0.16686463208967134
p017t:AAGTCGTTCACACCGG,p017t,Tumor,Stromal,7731,2860,UC FBs,p017,0.19080467322808609,-0.20969007162339226,-0.20632325955553027,-0.26942957968127973,-0.2603505564810232,0.38585651195362997,0.4222039669752121,0.19080467322808609
p017t:AAGTCGTTCCATACAG,p017t,Tumor,Stromal,8662,2601,CB FBs,p017,0.2527389985492878,-0.2783064200371808,-0.2844779198625829,-0.11431430354334261,-0.10800790957846614,-0.24015767017477438,-0.21223423752714607,0.2527389985492878
p017t:AAGTGAACAAATGAAC,p017t,Tumor,Stromal,5082,1973,CB FBs,p017,-0.025700854725743596,-0.08361677312273152,-0.05831994556980889,0.03405890191848181,0.017994899605942326,-0.10601878554413194,-0.09657109918839792,-0.025700854725743596
p017t:AATCACGAGAAATCCA,p017t,Tumor,Stromal,3151,1685,CB FBs,p017,0.2710481647222319,-0.21560651330011232,-0.2098561171896574,-0.2202164404930509,-0.2796494852058416,-0.10045878959721641,-0.1313326868283398,0.2710481647222319
p017t:AATCACGGTAAGGCTG,p017t,Tumor,Stromal,3460,1450,UC FBs,p017,0.032422863567868866,-0.17180794637118066,-0.2735243531443724,-0.1368018365180006,-0.22888259182489196,-0.2708114900087055,-0.29729269006673026,0.032422863567868866
p017t:AATGAAGAGCCTTTCC,p017t,Tumor,Stromal,5630,2340,CB FBs,p017,0.08158023684824768,-0.16779318687563038,-0.17959340289235115,-0.17402212325559588,-0.21029199958713943,-0.052658847523363014,-0.029909521604285522,0.08158023684824768
p017t:AATGACCCACAGTACT,p017t,Tumor,Stromal,2913,1314,CB FBs,p017,-0.0692213857056279,-0.12891437805124692,-0.13334162051721318,0.0738312870416106,0.057911574407372365,-0.18451595808330334,-0.1879929475924548,-0.0692213857056279
p017t:AATGCCAGTTTAGTCG,p017t,Tumor,Stromal,7203,2467,UC FBs,p017,0.2873979078180957,-0.05209295670216789,-0.19037115980484864,-0.12506311293691397,-0.2804885511611437,0.0645193231145018,-0.016660363249042454,0.2873979078180957
p017t:AATTTCCCAGAGGTTG,p017t,Tumor,Stromal,2846,1368,CB FBs,p017,-0.14234637720673754,-0.15048766964856458,-0.09894688363845755,-0.12401803043119762,-0.11287229447517284,-0.12839323956715434,-0.13201449495904585,-0.14234637720673754
p017t:AATTTCCGTGGTGATG,p017t,Tumor,Stromal,6785,2532,CB FBs,p017,0.016026058193426906,-0.0230265547835021,-0.021800721467404468,0.3033875548233259,0.2783208238664841,-0.12272990132240873,-0.17421415034024154,0.016026058193426906
p017t:AATTTCCTCGTGCAGC,p017t,Tumor,Stromal,1718,979,MyoFBs 1,p017,-0.21722994578119956,-0.47909216331888216,-0.44442987541963414,-0.4882883656846017,-0.4420978661713212,-0.40812267504240335,-0.3854390842073104,-0.21722994578119956
p017t:ACAAAGAGTGCATCTA,p017t,Tumor,Stromal,2503,1226,UC FBs,p017,-0.03634365880044929,-0.3389782253652811,-0.34712346961222046,-0.40857837079282927,-0.4119664095342159,0.058323551988915395,0.12026973927722258,-0.03634365880044929
p017t:ACACAGTCATGCCGAC,p017t,Tumor,Stromal,5845,2083,CB FBs,p017,-0.07998163707292917,-0.1946305619666771,-0.14320312249587802,-0.08503985899139424,-0.08388475042789481,-0.08651552117968861,-0.0356762249241857,-0.07998163707292917
p017t:ACACTGATCAAGTCGT,p017t,Tumor,Stromal,2252,984,CB FBs,p017,-0.16795733453411804,-0.2480623902638956,-0.2786912828592992,-0.14398829346256597,-0.14298668586064217,-0.28800568831594364,-0.3065457438721376,-0.16795733453411804
p017t:ACAGCCGGTACTGCCG,p017t,Tumor,Stromal,2883,1548,CB FBs,p017,0.050836631374662385,-0.2117557885239319,-0.20890926069966176,0.0701308222297503,0.059756068729384,-0.15715954413539485,-0.14852960530449363,0.050836631374662385
p017t:ACAGCCGTCGATCCAA,p017t,Tumor,Stromal,4151,1623,CB FBs,p017,-0.08630434577271603,-0.16944083624652453,-0.16554842407747014,-0.017217325388777013,-0.01261133795907331,-0.24073296471645958,-0.22493304680375492,-0.08630434577271603
p017t:ACAGGGACAACGGTAG,p017t,Tumor,Stromal,2184,1086,CB FBs,p017,-0.10656468220577951,-0.34497834605221844,-0.322184737590028,-0.22170189539996946,-0.2175647882354814,-0.34587438937864806,-0.3158674708184074,-0.10656468220577951
p017t:ACCACAAGTGGCTAGA,p017t,Tumor,Stromal,5336,1962,CB FBs,p017,-0.02632299389101957,-0.19023784090365684,-0.2064243334277374,-0.005594830941028741,-0.03646695083223803,-0.2398469068502125,-0.22422217516338125,-0.02632299389101957
p017t:ACCGTTCTCTGGCCGA,p017t,Tumor,Stromal,1770,980,UC FBs,p017,-0.15811726607774435,-0.3673900244947599,-0.3627363931296802,-0.4118181181957527,-0.4207837918643342,-0.0709197555717669,-0.05854104546939626,-0.15811726607774435
p017t:ACGATGTGTTTCGTAG,p017t,Tumor,Stromal,2890,1303,CB FBs,p017,0.05424986701262625,0.05393185059787059,0.06404626264986468,0.15117355253623457,0.1185729612791261,-0.2369328126703438,-0.20862303249099676,0.05424986701262625
p017t:ACGGTCGAGGGCAAGG,p017t,Tumor,Stromal,4064,1515,CB FBs,p017,-0.1467650559191641,0.08104667881009531,0.13577802960829036,0.030108184914807885,0.02508856555403665,-0.04995471850821846,-0.01918311645002926,-0.1467650559191641
p017t:ACGTAGTAGGATAATC,p017t,Tumor,Stromal,8779,1744,CB FBs,p017,-0.1518408665596916,-0.38339765316673685,-0.3838569277488604,-0.29236872730971486,-0.2962916452819373,-0.37452444406716445,-0.3623079614165951,-0.1518408665596916
p017t:ACGTCCTTCACTTGGA,p017t,Tumor,Stromal,2154,1119,MyoFBs 1,p017,-0.2784758411805358,-0.5435810261691103,-0.5215019310211263,-0.560848589606431,-0.5232745955676533,-0.2980665558262875,-0.2624351862598868,-0.2784758411805358
p017t:ACTACGAGTCAGCTTA,p017t,Tumor,Stromal,1836,1003,UC FBs,p017,-0.0404284224894486,-0.42164005027437695,-0.4306442582207482,-0.36541685606448016,-0.3833674442802751,0.0013132523549230475,0.024486096816904404,-0.0404284224894486
p017t:ACTATCTCAATGCTCA,p017t,Tumor,Stromal,2197,1083,CB FBs,p017,-0.1367412474529262,-0.2959395182528058,-0.2687132063253624,0.040335867401896694,0.07051834576698236,-0.14604812515409368,-0.11974928589428173,-0.1367412474529262
p017t:ACTATGGTCTGGGCAC,p017t,Tumor,Stromal,1322,767,CB FBs,p017,-0.11564451171771477,0.018516169974998553,0.08788336032047504,0.04117053298621762,-0.010561669548583586,-0.2960197699697394,-0.2601476020672742,-0.11564451171771477
p017t:ACTCTCGCACCCTGTT,p017t,Tumor,Stromal,3581,1567,CB FBs,p017,-0.046669688892730495,-0.11692372614479794,-0.09569257865773469,0.20113540410387273,0.23252775251518848,-0.07948799164671647,-0.04704863709561965,-0.046669688892730495
p017t:ACTGATGAGAGGGTGG,p017t,Tumor,Stromal,4300,1873,UC FBs,p017,0.07863262790794436,-0.3059799774854007,-0.33324709465363767,-0.2315133103663672,-0.22134999921112214,0.27468824966957694,0.3138351915513768,0.07863262790794436
p017t:ACTGATGGTATGGGAC,p017t,Tumor,Stromal,10453,2190,CB FBs,p017,-0.1776778774760794,-0.3517868432159327,-0.32231558441388897,-0.3685154436460259,-0.3659888400891146,-0.31418147440019406,-0.3015177282340386,-0.1776778774760794
p017t:ACTTAGGTCATCCTGC,p017t,Tumor,Stromal,1721,955,CB FBs,p017,-0.1398678323613447,-0.10512054795209243,-0.09562130935671853,-0.18366494934473718,-0.23090713185279868,-0.37802266478538515,-0.3800846773035386,-0.1398678323613447
p017t:AGAACAAGTCGCAACC,p017t,Tumor,Stromal,8050,2597,CB FBs,p017,0.02551869172276112,0.009436762530584725,0.028136360663466337,0.3589931226962683,0.3323339985380339,-0.15320537200099543,-0.11264886347686544,0.02551869172276112
p017t:AGAAGCGTCCATTTGT,p017t,Tumor,Stromal,1980,998,MyoFBs 1,p017,-0.08593668543586605,-0.45298820042184423,-0.43555354535943125,-0.481631019969984,-0.43356156600422635,-0.3939018798501868,-0.36954525428659774,-0.08593668543586605
p017t:AGAAGTACAATACCCA,p017t,Tumor,Stromal,5184,2173,UC FBs,p017,0.0796018616345368,-0.17650107453976357,-0.17849949683721472,-0.16284747634615218,-0.14352068720861924,0.49460245072841647,0.5768966683570076,0.0796018616345368
p017t:AGACAAAAGGCAGGTT,p017t,Tumor,Stromal,2114,1073,MyoFBs 1,p017,0.1265174796183904,-0.5462273221691044,-0.5246645774601436,-0.526664737155851,-0.48444473318928893,-0.4369979601157339,-0.41771146164220924,0.1265174796183904
p017t:AGACAGGTCGACGCGT,p017t,Tumor,Stromal,1360,866,UC FBs,p017,0.06967053676775672,-0.27772663130748027,-0.2583255781451376,-0.2605489896116208,-0.19046172837531844,0.2209939973919015,0.2739617524778142,0.06967053676775672
p017t:AGACCATTCGACATAC,p017t,Tumor,Stromal,2830,1456,CB FBs,p017,-0.096327114098689,-0.16216095377291953,-0.13672796446012286,0.014827746137672541,-0.016846879017214444,-0.26819112936132833,-0.25283739260014365,-0.096327114098689
p017t:AGACCCGGTACCAGAG,p017t,Tumor,Stromal,3317,1650,CB FBs,p017,-0.10829805886667025,-0.113990882145507,-0.0967737166438161,-0.018165933006272023,-0.02804229035973549,-0.15825084824311106,-0.13856211444910835,-0.10829805886667025
p017t:AGAGAGCGTGTGGTCC,p017t,Tumor,Stromal,4308,1887,CB FBs,p017,0.0255172005936242,-0.11598422849664883,-0.09383439436191465,0.08086822212350611,0.07280160919871441,0.08001791693662343,0.11669940966017106,0.0255172005936242
p017t:AGATAGATCATCTACT,p017t,Tumor,Stromal,2230,1257,CCL FBs,p017,0.018995974572342738,-0.27611477486789227,-0.35592306923212075,-0.31671520121091484,-0.3610826497680919,-0.17610871827131824,-0.17491843840655158,0.018995974572342738
p017t:AGATCGTTCGTCGCTT,p017t,Tumor,Stromal,1614,873,MyoFBs 1,p017,-0.28766051075306903,-0.473917551870857,-0.4382455836890674,-0.5921578820110583,-0.5636623137045739,-0.3950906827261573,-0.37087391632444716,-0.28766051075306903
p017t:AGATGAATCATGCTAG,p017t,Tumor,Stromal,5123,1919,CB FBs,p017,-0.0395093468393673,-0.029047748796185668,-0.005907765884951848,0.0026977050821391903,-0.029796381935823794,-0.2571674627693076,-0.24848991579869215,-0.0395093468393673
p017t:AGATGCTTCGTCGCTT,p017t,Tumor,Stromal,1463,752,MyoFBs 1,p017,-0.2845396355382706,-0.49176375986057885,-0.4595739786036131,-0.5575666983364796,-0.5024951099483079,-0.3914899129616587,-0.3668495265876546,-0.2845396355382706
p017t:AGCATCAGTTATGTGC,p017t,Tumor,Stromal,2870,1429,UC FBs,p017,-0.05837409325728291,-0.35323153056052264,-0.3838023734165401,-0.4601647505650715,-0.44917044927214467,-0.06980808251782468,-0.0667901354677537,-0.05837409325728291
p017t:AGCCACGCAAGGGTCA,p017t,Tumor,Stromal,15967,4015,UC FBs,p017,0.21120759660149352,-0.40251963783283623,-0.47349310611806267,-0.5915051643185469,-0.5730166916064051,-0.09608125396465,-0.10122419341522104,0.21120759660149352
p017t:AGCCACGCAGTTAGGG,p017t,Tumor,Stromal,3063,1241,CB FBs,p017,-0.18781681273034528,-0.2621498938877972,-0.253826187968981,-0.2619822530874184,-0.2839688520965188,-0.2665697455406189,-0.2706320499672609,-0.18781681273034528
p017t:AGCGCCACAGCGTGCT,p017t,Tumor,Stromal,2354,1304,MyoFBs 1,p017,-0.051983960904181004,-0.5512372920555728,-0.5585622928309731,-0.5522657200237926,-0.5156137921609157,-0.4265028988060198,-0.40598168723723466,-0.051983960904181004
p017t:AGCGTATTCCGTGCGA,p017t,Tumor,Stromal,4627,1919,UC FBs,p017,0.02026542995876649,0.0380963792511243,0.05635351759222586,0.04087339097405879,0.036790130779060515,-0.1157746478130943,-0.13169131419237923,0.02026542995876649
p017t:AGCGTCGGTTCGTTCC,p017t,Tumor,Stromal,3130,1410,CB FBs,p017,0.023638140172886523,0.05011435864227159,0.09157125624578173,0.27701808048450216,0.3177519571469274,-0.23943784940791757,-0.19690898496876744,0.023638140172886523
p017t:AGCTCAATCCGCGGAT,p017t,Tumor,Stromal,7025,2730,CB FBs,p017,0.16823085767968574,0.1563359301689328,0.1539073586918232,0.28734135544117617,0.2690122745238071,-0.09934160250582193,-0.11510806798058397,0.16823085767968574
p017t:AGCTTCCAGAAGCTCG,p017t,Tumor,Stromal,2347,1222,CB FBs,p017,0.03905850848215714,-0.2463026829253958,-0.25284427731502346,-0.014239780205701078,-0.0739463071750347,0.03361867405474186,0.06970778142704684,0.03905850848215714
p017t:AGCTTCCCAGACACCC,p017t,Tumor,Stromal,4850,1885,CB FBs,p017,-0.11827389654098895,-0.020007286676946952,0.05768589648168262,0.0340360844393774,0.037857910271647366,-0.2748277457136857,-0.25560523727360895,-0.11827389654098895
p017t:AGGAATAAGCCTATTG,p017t,Tumor,Stromal,3785,1670,CB FBs,p017,-0.06741612244462758,0.06340999994426966,0.08020602132579903,0.10310850452099528,0.07436827682825022,-0.0021713351536738245,0.011394732423564967,-0.06741612244462758
p017t:AGGACGAAGGAGTATT,p017t,Tumor,Stromal,1248,759,MyoFBs 1,p017,-0.2612000934845,-0.595253373515241,-0.5832566876055264,-0.5493161285258069,-0.5236237172990345,-0.4880797561846281,-0.4748028807780322,-0.2612000934845
p017t:AGGACGAGTTGCGTAT,p017t,Tumor,Stromal,4158,1693,CB FBs,p017,-0.04759879877562063,-0.20070865605862773,-0.21736873077546678,-0.042606107358421595,-0.09345646679054859,-0.16174982268559304,-0.1437273654867621,-0.04759879877562063
p017t:AGGATCTAGAATCGCG,p017t,Tumor,Stromal,3247,1339,CB FBs,p017,0.09120011476701811,-0.15059645147043832,-0.1346172831225686,-0.041745246644607006,-0.04187002171610677,-0.1692803392284795,-0.11849765006233665,0.09120011476701811
p017t:AGGATCTCACTCAGAT,p017t,Tumor,Stromal,2193,939,CB FBs,p017,-0.21168547486396214,-0.28291241239224163,-0.25687697902321815,-0.3032736660418462,-0.30005490875174834,-0.24170712201218855,-0.22353914204765768,-0.21168547486396214
p017t:AGGCATTAGTAGACCG,p017t,Tumor,Stromal,5319,2146,CB FBs,p017,0.07492188249894402,-0.08377716256951799,-0.04593245076333604,0.19547519916478467,0.2193111258364001,-0.15597598270366067,-0.14122091987553764,0.07492188249894402
p017t:AGGCCACTCCCTCTCC,p017t,Tumor,Stromal,2846,1481,CB FBs,p017,-0.11474742416880633,-0.17632796698991132,-0.1565397030151472,0.0973956832016001,0.12137975292496903,0.03758574034038343,0.092487370967865,-0.11474742416880633
p017t:AGGCCACTCGTGCATA,p017t,Tumor,Stromal,2124,954,MyoFBs 1,p017,-0.1441333352597308,-0.5191056125474219,-0.49225082693666944,-0.46090856825514714,-0.45246347845640295,-0.4008813368646722,-0.3773458238910226,-0.1441333352597308
p017t:AGGCTGCCAAACTGCT,p017t,Tumor,Stromal,3621,1617,CB FBs,p017,-0.07450661131818044,-0.05319731355625756,-0.05848141096350623,0.13325943075576607,0.13216187033888904,-0.2456956664982595,-0.3239580667194198,-0.07450661131818044
p017t:AGGGAGTAGACCAGCA,p017t,Tumor,Stromal,5310,2147,UC FBs,p017,0.2826368780316491,-0.14400988505507,-0.1649490833827635,-0.31758376324967463,-0.36894022993916686,-0.1332244691095854,-0.17151569934452282,0.2826368780316491
p017t:AGGGTTTCATCACCAA,p017t,Tumor,Stromal,1586,997,UC FBs,p017,-0.16567632925222842,-0.2167697237348374,-0.24507306252674357,-0.17103155156863586,-0.22061439057768778,-0.03810465335845947,-0.02495328152880949,-0.16567632925222842
p017t:AGGTAGGCAGCTATTG,p017t,Tumor,Stromal,2429,1264,CB FBs,p017,-0.20177345954927436,-0.09302153931550529,-0.07657938716342537,0.0366422358653223,0.01165341750480408,-0.08401405653475147,-0.03904715743573273,-0.20177345954927436
p017t:AGGTGTTGTTCAACGT,p017t,Tumor,Stromal,3490,1405,CB FBs,p017,-0.013186778971239141,-0.183270379824906,-0.19559960003669669,0.008838107163200572,-0.005747214392867199,-0.269121443127331,-0.2485927567762487,-0.013186778971239141
p017t:AGGTTGTAGACCTCAT,p017t,Tumor,Stromal,2622,1416,CB FBs,p017,-0.06649738416206419,-0.22525484700288093,-0.23104289473920334,0.12319548785382388,0.10676560611572376,-0.17711892645610006,-0.1481767722788979,-0.06649738416206419
p017t:AGTAACCAGCTGACTT,p017t,Tumor,Stromal,3924,1748,CB FBs,p017,0.05461074960859198,-0.06997462553067171,-0.05432243758767116,-0.13773334810358226,-0.15286094682334467,-0.1983488790298763,-0.18845789152033188,0.05461074960859198
p017t:AGTACCAGTACGATGG,p017t,Tumor,Stromal,7534,2551,CB FBs,p017,0.1724568493337485,0.0541784452055866,0.03989237751925319,0.24980456970765122,0.23272716266449628,0.05400405671741618,0.04722861635005649,0.1724568493337485
p017t:AGTACCATCACGTAGT,p017t,Tumor,Stromal,2768,1343,UC FBs,p017,-0.177836419164873,-0.2287361075227358,-0.25940136002694686,-0.12331420954849039,-0.13477165282292422,0.1261830620075527,0.1377753263010698,-0.177836419164873
p017t:AGTACCATCCGAGCTG,p017t,Tumor,Stromal,5789,2174,CB FBs,p017,0.016297642501038417,-0.0905170247947075,-0.09476151576311123,0.2291954939766806,0.22075898200273514,-0.25275792804987807,-0.23378837682745035,0.016297642501038417
p017t:AGTAGTCAGGAGGCAG,p017t,Tumor,Stromal,1689,885,CB FBs,p017,-0.109154491407568,-0.23272811963546033,-0.2600888881559779,-0.07863215455899433,-0.09730893052941145,-0.2978125233399241,-0.34380244051708897,-0.109154491407568
p017t:AGTGATCAGAGCTGAC,p017t,Tumor,Stromal,2383,1144,CCL FBs,p017,0.1757364785788875,-0.1436751737278335,-0.20716765450268257,-0.27329856066071256,-0.31887490700843724,0.12860454007198935,0.12320455838652218,0.1757364785788875
p017t:AGTTCCCCACTGAGTT,p017t,Tumor,Stromal,4578,2018,CB FBs,p017,-0.11144793448610264,-0.27393145760407256,-0.23157682424274886,-0.2320248321154896,-0.21323145033661708,-0.17081975121247142,-0.12021816933856291,-0.11144793448610264
p017t:ATACTTCGTATAGGAT,p017t,Tumor,Stromal,970,613,MyoFBs 1,p017,-0.2589006253697893,-0.5143114038724073,-0.516597992308983,-0.635713702789983,-0.6168677930741809,-0.32659564363329036,-0.2943206373383017,-0.2589006253697893
p017t:ATAGACCGTAGTGGCA,p017t,Tumor,Stromal,5402,2091,CB FBs,p017,-0.02788352391993006,-0.14535191282629967,-0.14197196311703542,-0.035165200181001305,-0.07346348990794531,-0.19246939703037863,-0.17000299341538372,-0.02788352391993006
p017t:ATAGAGAGTCAGTCTA,p017t,Tumor,Stromal,2189,1101,MyoFBs 1,p017,-0.2236503311351203,-0.5242741521713989,-0.49842786209703216,-0.5369452007152901,-0.4986494436730133,-0.37900090343073795,-0.35289122181780197,-0.2236503311351203
p017t:ATATCCTAGGTTATAG,p017t,Tumor,Stromal,1754,898,MyoFBs 1,p017,-0.3058661199910076,-0.5172727025133006,-0.4900602759202806,-0.547453265333054,-0.512143995786129,-0.41593242632715327,-0.3941676297608544,-0.3058661199910076
p017t:ATCACAGGTCAACGCC,p017t,Tumor,Stromal,4680,1718,CB FBs,p017,-0.12170250433611504,0.03269969503756384,0.06099447679546911,0.09424727021393423,0.05281659465846281,-0.18628367028738324,-0.16669217558468089,-0.12170250433611504
p017t:ATCACGACAAGCGGAT,p017t,Tumor,Stromal,4505,1696,CB FBs,p017,-0.021283229061386043,-0.1907273109013937,-0.20131430184332336,0.013639140341963087,-3.4251358619956086e-05,-0.24063076039678172,-0.2180047877571162,-0.021283229061386043
p017t:ATCATTCGTCCCACGA,p017t,Tumor,Stromal,2508,1304,UC FBs,p017,0.06633367013643708,-0.33429459784636084,-0.32741748271282856,-0.3901900811577026,-0.3665176855486839,-0.03507268142543341,0.01590120389181025,0.06633367013643708
p017t:ATCCGTCGTCGCACGT,p017t,Tumor,Stromal,3401,1581,CB FBs,p017,-0.011441011406611978,0.18704026078387181,0.2068187453579612,0.29961554713699284,0.3211894491904004,-0.0698324717973408,-0.026071928353870615,-0.011441011406611978
p017t:ATCGGATGTAGGTAGC,p017t,Tumor,Stromal,1877,1147,CB FBs,p017,-0.12406714930476849,0.2614665892811454,0.3635911444520078,0.13802128034282704,0.15768046165968097,-0.1232035031444148,-0.0971407083904042,-0.12406714930476849
p017t:ATCGTAGAGAGGCCAT,p017t,Tumor,Stromal,1737,981,MyoFBs 1,p017,-0.2739183676282042,-0.5227790951576768,-0.4966410866416082,-0.586162726717944,-0.5611867993896784,-0.4059991507153762,-0.38306573348886824,-0.2739183676282042
p017t:ATCGTCCGTTGCAAGG,p017t,Tumor,Stromal,7002,2076,CB FBs,p017,-0.1029755177401137,-0.134099239559502,-0.11449873133948664,-0.049858990220391024,-0.05580477797707846,-0.2732353792770913,-0.2477843193885158,-0.1029755177401137
p017t:ATCGTGACAGACATCT,p017t,Tumor,Stromal,2654,1245,CB FBs,p017,-0.1217497244411916,-0.1969914093461572,-0.16214504592665813,-0.14362473915121993,-0.17191155783312265,-0.24834188128772536,-0.23122403200934916,-0.1217497244411916
p017t:ATCTCTAAGTTCCAGT,p017t,Tumor,Stromal,6215,2169,CB FBs,p017,-0.0776814505653946,-0.08849072879256338,-0.05692032484973713,-0.016056740276363432,-0.016182806386157524,-0.10810455657345684,-0.0756528297877487,-0.0776814505653946
p017t:ATGAAAGAGTCCCGAC,p017t,Tumor,Stromal,6069,2115,CB FBs,p017,-0.0798016224840754,0.04906604718416929,0.07709559023652862,0.15381224795567747,0.15587914622453755,-0.15514097658819273,-0.16248178979491487,-0.0798016224840754
p017t:ATGAAAGTCATTTACC,p017t,Tumor,Stromal,3771,1698,UC FBs,p017,-0.09689528106205296,-0.20451534505249286,-0.27834994395876805,-0.12355967968398211,-0.18253879950836646,0.127689803862258,0.13814980663797435,-0.09689528106205296
p017t:ATGAGTCTCTCGAGTA,p017t,Tumor,Stromal,3216,1620,UC FBs,p017,0.05103980360977482,-0.08994078902261597,-0.09166564510726347,-0.24899825902313602,-0.27848182817877726,0.10698300694164477,0.14087644184336942,0.05103980360977482
p017t:ATGCGATAGTTCCGTA,p017t,Tumor,Stromal,7047,2214,CB FBs,p017,0.08933712586172317,0.21365137268998186,0.2223261102988589,0.33290240930735454,0.31307696951769814,-0.1825220087641164,-0.17070259995320264,0.08933712586172317
p017t:ATGCGATCAAGTGCAG,p017t,Tumor,Stromal,2271,1226,UC FBs,p017,0.06684372250578906,-0.3611224184611014,-0.3865371979318741,-0.24855931461503616,-0.24715116416472335,-0.02626597285270691,-0.0498612172463361,0.06684372250578906
p017t:ATGGAGGCATGGTGGA,p017t,Tumor,Stromal,2199,1209,CB FBs,p017,-0.06226492983599504,-0.2747776230835185,-0.28367615500237886,-0.10830575341776925,-0.12438487686043562,-0.1939024834256423,-0.16845943016164444,-0.06226492983599504
p017t:ATGGATCGTAGGTACG,p017t,Tumor,Stromal,3134,1584,UC FBs,p017,0.016853125422800843,0.048936793770717114,0.03592272693427598,-0.23945461882620442,-0.24569781921630682,0.36778870930797175,0.40239298711804783,0.016853125422800843
p017t:ATGTCCCGTCGTTCAA,p017t,Tumor,Stromal,2644,1336,UC FBs,p017,-0.02054630164383796,-0.2927788935069527,-0.33771266965422686,-0.23061840038518516,-0.24292003120793854,0.017743210533731863,-0.0027688491432105796,-0.02054630164383796
p017t:ATGTCTTCATCCGTGG,p017t,Tumor,Stromal,3674,1652,CAFs,p017,-0.14955662834057748,0.0951362990308553,0.1511287406461722,0.41239903646768356,0.4701486740174682,-0.14443165394722632,-0.12726753250531414,-0.14955662834057748
p017t:ATTCACTCACGACGTC,p017t,Tumor,Stromal,3034,1441,UC FBs,p017,-0.04632398365228845,-0.16834448870955682,-0.29224605921928476,-0.33047626114317347,-0.39048124130728634,0.019274393037745828,-0.0407654146937763,-0.04632398365228845
p017t:ATTCAGGGTACCTGTA,p017t,Tumor,Stromal,13773,3694,UC FBs,p017,-0.11154109177490075,-0.4869496696913729,-0.48266643167632384,-0.6096389274664071,-0.5764810781666013,-0.27525642506386105,-0.27609215369995904,-0.11154109177490075
p017t:ATTCCCGAGGTTTGAA,p017t,Tumor,Stromal,5244,2078,CB FBs,p017,-0.07272265155456568,0.10844234217490469,0.13726906096789895,0.22919858212829852,0.2320905599396589,-0.05927866650255103,-0.010809122902505538,-0.07272265155456568
p017t:ATTGTTCCAACAGCTT,p017t,Tumor,Stromal,7252,3099,CB FBs,p017,0.02370331055697119,-0.2566107368115716,-0.2539829641535151,-0.11810150099157983,-0.10638243239372969,-0.08827203125447819,-0.04384369004846496,0.02370331055697119
p017t:ATTTCACAGCGTGAAC,p017t,Tumor,Stromal,2677,1298,CCL FBs,p017,0.03377696417533515,0.0011803310896669114,-0.04203693641395104,-0.08243060427508792,-0.1415875155998524,-0.14433612596047551,-0.19806385180529426,0.03377696417533515
p017t:CAACAGTGTGCCGGTT,p017t,Tumor,Stromal,4305,1959,CB FBs,p017,0.036008462277159356,-0.20095994467942083,-0.18226892819128385,0.11051068561417716,0.13474521179531895,-0.016024022980740196,0.007548949297736673,0.036008462277159356
p017t:CAACGATGTATGAGCG,p017t,Tumor,Stromal,2957,1375,CB FBs,p017,-0.026567193173002778,-0.17768613606387254,-0.1931423633018645,0.16173860864067563,0.12227999687541363,-0.24362287693902065,-0.2534534932935939,-0.026567193173002778
p017t:CAAGACTAGCTTCTAG,p017t,Tumor,Stromal,2219,1224,UC FBs,p017,-0.06483503532383525,-0.3548753769802196,-0.3654462930451079,-0.40579494714204756,-0.4375828967841212,-0.09772420913765305,-0.08217004853136399,-0.06483503532383525
p017t:CAAGCTATCGACATAC,p017t,Tumor,Stromal,1515,905,UC FBs,p017,-0.06342692421585844,-0.31273289564616824,-0.3001805110493811,-0.3090390738631998,-0.27647868725796076,0.03621203381764261,0.11117029628332924,-0.06342692421585844
p017t:CAAGGGACATACCATG,p017t,Tumor,Stromal,3863,1670,CAFs,p017,-0.13602375049601523,-0.05994419761154116,-0.018042533590299326,0.116775388468285,0.12648605901834575,-0.1142015709688789,-0.07421530748114866,-0.13602375049601523
p017t:CACACAAAGTCCGCCA,p017t,Tumor,Stromal,3405,1588,MyoFBs 1,p017,-0.17341277828407392,-0.5066013241148725,-0.5000444965936789,-0.5666394239025456,-0.5401800180417161,-0.35964921995213156,-0.3312628696946537,-0.17341277828407392
p017t:CACGAATGTAGCTGCC,p017t,Tumor,Stromal,2565,1308,UC FBs,p017,-0.0029862361159502413,-0.30929120303112634,-0.3654614428012836,-0.30735965783747,-0.3021350893449867,0.11266988829562538,0.094703468505074,-0.0029862361159502413
p017t:CACGAATGTCTTCAAG,p017t,Tumor,Stromal,924,661,UC FBs,p017,-0.05434452373076949,-0.32115102928055794,-0.34728905967459445,-0.26381506607392613,-0.2844241808146931,-0.2998703255465156,-0.29784699941382686,-0.05434452373076949
p017t:CACGAATGTGGCTGCT,p017t,Tumor,Stromal,2978,1341,CB FBs,p017,-0.1891099091684609,-0.21737105422178093,-0.16022441490757755,-0.09053790329347308,-0.0466166177147263,-0.15627504336206535,-0.1039623193881091,-0.1891099091684609
p017t:CACGGGTAGTATGGCG,p017t,Tumor,Stromal,2054,1098,MyoFBs 1,p017,-0.18868820379047016,-0.5731980091302978,-0.5568978374869358,-0.5752548954772706,-0.5486611917095129,-0.4880797561846281,-0.4748028807780322,-0.18868820379047016
p017t:CAGATACTCAGTGTCA,p017t,Tumor,Stromal,1110,663,MyoFBs 2,p017,-0.2158067555477222,-0.5012270512477476,-0.470883765871205,-0.45295497904322585,-0.431385099108136,-0.3386938973477012,-0.30784221501911385,-0.2158067555477222
p017t:CAGATTGCATCGCTGG,p017t,Tumor,Stromal,5399,2039,CB FBs,p017,0.07230741324785508,0.11537546299549999,0.1682679393306011,0.11034636891313962,0.10909438367153323,-0.13781522810459138,-0.10892392835196327,0.07230741324785508
p017t:CAGATTGTCATGGCCG,p017t,Tumor,Stromal,3733,1625,CB FBs,p017,-0.20028216388534037,-0.16213971003890038,-0.12723231669969676,-0.16313057643722514,-0.1511326050169246,-0.17266943737080223,-0.14023997748599332,-0.20028216388534037
p017t:CAGCACGGTGGCTTGC,p017t,Tumor,Stromal,3865,1614,CB FBs,p017,-0.02888269392414051,-0.2306622891990962,-0.2098210663307549,-0.1527622288130984,-0.1586787982215715,-0.16728707614697907,-0.16399045867078443,-0.02888269392414051
p017t:CAGGTATCAACCAACT,p017t,Tumor,Stromal,4096,1804,CB FBs,p017,-0.028631706150215968,0.05325037729451243,0.0570123214047493,0.12037335581393266,0.1201190834345166,-0.08274514220262828,-0.06915294720846064,-0.028631706150215968
p017t:CATAAGCAGAATTCAG,p017t,Tumor,Stromal,7459,2724,CB FBs,p017,0.08525823512555737,0.019179501209636123,0.0484047907336456,0.34510508255690947,0.35943949135930037,-0.14173234042368438,-0.1519964453052072,0.08525823512555737
p017t:CATAAGCAGGAAGTGA,p017t,Tumor,Stromal,15518,2038,MyoFBs 1,p017,-0.19254061030714134,-0.5660234211506893,-0.5483233299015499,-0.6098184625865245,-0.578887895356084,-0.39974760224944667,-0.3760787087328294,-0.19254061030714134
p017t:CATACAGAGATCCCAT,p017t,Tumor,Stromal,1852,964,MyoFBs 1,p017,-0.08450571627339773,-0.5131941871831611,-0.48518595272084564,-0.5718392884092671,-0.5530570301032344,-0.42018853865171735,-0.398924461182426,-0.08450571627339773
p017t:CATCCACTCAATGCAC,p017t,Tumor,Stromal,5093,2149,CB FBs,p017,0.05409024672157932,-0.005009785218506443,0.00745821880494676,0.1714230109082193,0.160265656664621,-0.25005705262485306,-0.27480549076024224,0.05409024672157932
p017t:CATCCCACAATACAGA,p017t,Tumor,Stromal,1834,987,MyoFBs 1,p017,-0.2728692775167394,-0.4770559254197442,-0.44199632280846923,-0.5847827058513554,-0.5563716929146024,-0.3787186650853408,-0.35257577896118164,-0.2728692775167394
p017t:CATCCGTAGCGAGTAC,p017t,Tumor,Stromal,3099,1477,CB FBs,p017,0.005491636795596334,-0.055537130379555176,-0.03583305737957722,0.20136091059872083,0.20643588805267976,-0.15737971083114022,-0.10519694773589863,0.005491636795596334
p017t:CATCGGGGTATCCTCC,p017t,Tumor,Stromal,6491,2604,UC FBs,p017,0.015461665235067668,-0.20875808121446443,-0.2687787067417691,-0.1015249104904277,-0.11191674391197604,0.21050549604390797,0.2348724728121477,0.015461665235067668
p017t:CATCGGGTCTGAGTCA,p017t,Tumor,Stromal,2875,1309,MyoFBs 1,p017,-0.29379017138036717,-0.5407329958160313,-0.5180981874284221,-0.5573813152518503,-0.5022838594565211,-0.4436368045053984,-0.4251313465483048,-0.29379017138036717
p017t:CATGAGTTCTTCCTAA,p017t,Tumor,Stromal,3619,1700,CB FBs,p017,-0.03703448107760204,0.024212480959843616,0.037729015573859215,0.3581802991351911,0.3899352326989174,0.056016037887648536,0.06160183540161918,-0.03703448107760204
p017t:CATGCCTCACTGAGGA,p017t,Tumor,Stromal,1711,1001,MyoFBs 1,p017,-0.17982725874243075,-0.4746766700884517,-0.470842333374227,-0.5058189403189688,-0.492317640417537,-0.35382855691407855,-0.3247574227697709,-0.17982725874243075
p017t:CATGGATCAACAGCTT,p017t,Tumor,Stromal,1634,971,UC FBs,p017,-0.2216297638063368,-0.35515174703026303,-0.3743031792706106,-0.4260565025009671,-0.4270040927411512,-0.1108444720506668,-0.15361061289029962,-0.2216297638063368
p017t:CATGGTACAGATACCT,p017t,Tumor,Stromal,5029,2278,CB FBs,p017,0.023289593165380915,-0.0639354117518785,-0.00926653050431391,0.07154197447306039,0.1035620896362288,-0.08316616165010553,-0.08328779199544122,0.023289593165380915
p017t:CATGGTAGTTATGTGC,p017t,Tumor,Stromal,5718,2186,CAFs,p017,0.03994938361932311,0.011071737247462176,0.03549432527364754,0.2939660927394823,0.29755014956517273,0.055753939245876516,0.10513823610894821,0.03994938361932311
p017t:CATTCCGGTTCGGTCG,p017t,Tumor,Stromal,1560,866,MyoFBs 1,p017,-0.287441440296294,-0.5842659919693762,-0.5832566876055264,-0.5833879845330909,-0.5713101368137571,-0.4880797561846281,-0.4748028807780322,-0.287441440296294
p017t:CATTGAGTCGGTAGAG,p017t,Tumor,Stromal,5420,1164,MyoFBs 2,p017,-0.24289379612003503,-0.4340993131757999,-0.4130038218345584,-0.559562627378167,-0.5260760862986709,-0.3950501787035089,-0.3708286471226636,-0.24289379612003503
p017t:CATTGCCAGGACGCTA,p017t,Tumor,Stromal,2300,1232,CB FBs,p017,0.13737227927828044,0.05763252543247476,0.029973012009044973,-0.061878641725194694,-0.12045779382420141,-0.05885708708512156,-0.09462261445382063,0.13737227927828044
p017t:CATTGCCAGTTTCAGC,p017t,Tumor,Stromal,2435,1253,UC FBs,p017,-0.13636347726640993,-0.4032917186731891,-0.43619826645022486,-0.3191634422472241,-0.33910275224682895,0.0002749382861350712,-0.018725329988143025,-0.13636347726640993
p017t:CATTGTTCAGGTGTTT,p017t,Tumor,Stromal,3923,1780,UC FBs,p017,0.028791151842788645,-0.2966522253165972,-0.3705560437732989,-0.3488275372632304,-0.37214426098521364,0.13013970616616702,0.10738181839970981,0.028791151842788645
p017t:CCATAAGAGCACCAGA,p017t,Tumor,Stromal,2234,1151,CB FBs,p017,-0.04959746453453574,-0.14931262007021173,-0.1534036278452088,-0.03666588584227221,-0.06064862987503063,-0.17189698572221554,-0.1609187771292294,-0.04959746453453574
p017t:CCATAAGAGTTGTCAC,p017t,Tumor,Stromal,2672,1178,CB FBs,p017,-0.08859302989092835,-0.19141014513312554,-0.18644951265759585,-0.18755614080903482,-0.21953616195986436,-0.23799217837421519,-0.22549414696062312,-0.08859302989092835
p017t:CCATCACGTGTTACAC,p017t,Tumor,Stromal,3504,1741,UC FBs,p017,-0.0013502575130316249,-0.23727823444166962,-0.31218589969524524,-0.34756340109268014,-0.41077368853743684,0.2642761290073395,0.276664796296288,-0.0013502575130316249
p017t:CCCATTGAGTCCCAGC,p017t,Tumor,Stromal,3845,1620,CB FBs,p017,-0.12058910466077034,-0.16450823410129062,-0.12553536919195477,-0.09588442507142923,-0.09349874779582024,-0.17168202713916175,-0.1468018058468314,-0.12058910466077034
p017t:CCCGGAAAGGTCGAGT,p017t,Tumor,Stromal,1373,813,CB FBs,p017,-0.19329230667075567,-0.3744544833138281,-0.3737596937614243,-0.40785149127549053,-0.43712929714211196,-0.09119896041719537,-0.0914478105657241,-0.19329230667075567
p017t:CCCGGAATCTCTATAC,p017t,Tumor,Stromal,5334,2159,CCL FBs,p017,0.10461068976866572,0.002924197600508223,-0.010130672465737274,0.1266009114606648,0.1189763180391733,0.1747616960029853,0.17946781077805687,0.10461068976866572
p017t:CCCTCTCTCTTGGCTC,p017t,Tumor,Stromal,3536,1591,CB FBs,p017,-0.19815046010179477,-0.010575798701266853,-0.010246328646089972,0.2791521334070332,0.2865192965539389,-0.09519224872714595,-0.0540931876967935,-0.19815046010179477
p017t:CCCTTAGCAACCAACT,p017t,Tumor,Stromal,7255,2560,CB FBs,p017,0.03517819369179115,0.11921599089187018,0.05500360878139007,0.42363813359822544,0.3639868131383907,-0.19763464543870404,-0.23654879148063415,0.03517819369179115
p017t:CCCTTAGGTAGTGCGA,p017t,Tumor,Stromal,8781,2100,CB FBs,p017,-0.060209116522680246,-0.23671913070946324,-0.2521108105415251,-0.16455845337133018,-0.21475341760141906,-0.20832109778727356,-0.1949290378786185,-0.060209116522680246
p017t:CCGATCTTCATTCTTG,p017t,Tumor,Stromal,1395,827,MyoFBs 1,p017,-0.31550548392298977,-0.5727669708430767,-0.5563826941680617,-0.6173723634256392,-0.5906066685741724,-0.43974164881204303,-0.4207779372439665,-0.31550548392298977
p017t:CCGCAAGCAGCGTTTA,p017t,Tumor,Stromal,4327,1698,CB FBs,p017,-0.03498795220072855,0.06541126428590137,0.10922934308012085,0.20240127608864283,0.20987420713225768,-0.10145512223243713,-0.07158358026953304,-0.03498795220072855
p017t:CCGGTAGCAGCTCGGT,p017t,Tumor,Stromal,3221,1469,CB FBs,p017,0.027160101031002245,-0.29938396459863503,-0.3230328018118332,-0.15990109019437615,-0.21066608565837838,-0.17598378311254476,-0.13969706803121987,0.027160101031002245
p017t:CCGGTAGCAGTAACAA,p017t,Tumor,Stromal,2763,1401,CB FBs,p017,-0.14546591321235164,-0.11375481095545147,-0.09123130469787412,0.08351102646212188,0.08598063522300055,-0.20955264654598738,-0.20265937763101916,-0.14546591321235164
p017t:CCGTGAGAGACGATAT,p017t,Tumor,Stromal,4501,1869,CB FBs,p017,-0.005104915336950829,0.05178802371101112,0.10118250423906053,0.048117036969229886,0.038401643485697204,-0.09533126997320275,-0.061692305698114284,-0.005104915336950829
p017t:CCTAACCTCATGGTAC,p017t,Tumor,Stromal,3994,1777,CB FBs,p017,0.004092589968390632,0.017230507290484955,0.11308796258597839,0.11744747774637475,0.1810380964604921,-0.17614810027574238,-0.13834430785740123,0.004092589968390632
p017t:CCTCAACTCTCAGTCC,p017t,Tumor,Stromal,2942,1515,CB FBs,p017,-0.24817325981954733,-0.25095837951010586,-0.22709241082392087,-0.05403492272812493,-0.033761227806640225,-0.13908343456293407,-0.10819686072714188,-0.24817325981954733
p017t:CCTCAGTCAGCCGTTG,p017t,Tumor,Stromal,2283,1178,UC FBs,p017,0.06295277325338439,-0.3356846485058872,-0.3861214539445028,-0.29980028922460517,-0.298201720381892,0.05021704403977645,0.06965212331098669,0.06295277325338439
p017t:CCTTGTGGTATTCCGA,p017t,Tumor,Stromal,4683,1975,CB FBs,p017,-0.028104546357338365,-0.007554364637756834,0.023536688034854283,0.04787260647483018,0.06004205242145893,-0.07652859558400354,-0.06246812974705416,-0.028104546357338365
p017t:CGAGAAGCACATATCG,p017t,Tumor,Stromal,2472,1180,CAFs,p017,-0.19159949914013086,-0.2377098455873071,-0.2123574579089153,-0.09807103226075367,-0.07828699355555135,-0.20799306019356376,-0.16176480878801908,-0.19159949914013086
p017t:CGAGTTACAGAGGTTG,p017t,Tumor,Stromal,1957,1091,CB FBs,p017,-0.24337898240539066,-0.19366251076666677,-0.21220406953517984,-0.18289927537648046,-0.19223432459456977,-0.1665820106079704,-0.1737083729575662,-0.24337898240539066
p017t:CGATGCGTCGCATTAG,p017t,Tumor,Stromal,2114,996,CB FBs,p017,-0.14031266705378106,-0.32258729902761324,-0.2958982586860657,-0.23363945669285496,-0.23745677843256746,-0.32224841909973245,-0.28946197462432527,-0.14031266705378106
p017t:CGCAGGTGTGCGGCTT,p017t,Tumor,Stromal,7412,2700,CB FBs,p017,0.030938453090034033,-0.13345734106034648,-0.10473459577415048,-0.033839489352338166,-0.046826426719510275,-0.08014642211951707,-0.059690952914602614,0.030938453090034033
p017t:CGCGTGAAGGTTCTTG,p017t,Tumor,Stromal,4222,1691,CB FBs,p017,-0.0733234747394658,0.023706566810854996,0.04618779211248294,0.19276885802581983,0.19494118307836267,0.07065258088864779,0.08664634122568018,-0.0733234747394658
p017t:CGCGTGAGTCGCAACC,p017t,Tumor,Stromal,2617,1342,CB FBs,p017,-0.18887906570575738,-0.1414108643574374,-0.08690290089424063,0.069406871664889,0.06869654140846673,-0.07988273705306806,-0.06437194312320035,-0.18887906570575738
p017t:CGGAATTGTATACAGA,p017t,Tumor,Stromal,6888,1649,CB FBs,p017,-0.22547618956550172,-0.4079272659894611,-0.40195591905631306,-0.2867508616716582,-0.26824010746163685,-0.16919522242326485,-0.14421746647533248,-0.22547618956550172
p017t:CGGACACAGTAACGAT,p017t,Tumor,Stromal,3783,1661,CB FBs,p017,-0.036014356732107046,-0.09306417268757917,-0.12757829431353546,0.24569285136400437,0.206062707183666,0.042556751166519365,0.07701078241362291,-0.036014356732107046
p017t:CGGCAGTCAAGTATAG,p017t,Tumor,Stromal,3204,1500,CB FBs,p017,-0.1928222608311396,0.035391772964171,0.0841254879970376,0.2462618686258793,0.26022555427842364,-0.08578467839642574,-0.05043193592744715,-0.1928222608311396
p017t:CGGTCAGAGCCTGAGA,p017t,Tumor,Stromal,2602,1290,CB FBs,p017,-0.1253791809359794,0.30957308267148176,0.38940832495871114,0.0904767220478733,0.12303642794316591,-0.16002049128475943,-0.12346186006770414,-0.1253791809359794
p017t:CGTAAGTGTCGTACAT,p017t,Tumor,Stromal,3878,1465,CB FBs,p017,-0.10905373629117221,-0.2500477258344086,-0.2666255342887669,-0.15376355681492357,-0.18808289859877075,-0.15571704302963457,-0.1880094899850733,-0.10905373629117221
p017t:CGTAATGCAGACACAG,p017t,Tumor,Stromal,1880,1000,MyoFBs 1,p017,-0.14303149253522096,-0.5003968096357219,-0.46989152589585725,-0.5235630368851886,-0.4772251746508964,-0.4663824175533495,-0.45055291407248554,-0.14303149253522096
p017t:CGTAGTACATGGCTAT,p017t,Tumor,Stromal,6664,2403,CB FBs,p017,0.016449410157899063,0.10960948360817772,0.1531583581392358,0.03189649060368538,0.04560936476255572,-0.15775650978872652,-0.15499136469819966,0.016449410157899063
p017t:CGTCCATCAGCTGTAT,p017t,Tumor,Stromal,5101,2088,MyoFBs 1,p017,-0.06879117493436002,-0.3906523596723469,-0.3521911435556121,-0.5172950525902336,-0.47522161841232785,-0.4307598967301218,-0.4107395084465251,-0.06879117493436002
p017t:CGTGAATAGCTAATGA,p017t,Tumor,Stromal,1690,903,MyoFBs 1,p017,-0.29290171996935416,-0.47223700970715404,-0.4362371308592761,-0.5464425435935965,-0.5084772850711679,-0.3450888069052445,-0.31498946687754464,-0.29290171996935416
p017t:CGTGATACAAAGGAGA,p017t,Tumor,Stromal,1066,658,MyoFBs 1,p017,-0.287722029804922,-0.48191804568074187,-0.4478071494618567,-0.5778588965079006,-0.5588973718153876,-0.42157528902354996,-0.4004743586568271,-0.287722029804922
p017t:CGTGATACAGTTGTCA,p017t,Tumor,Stromal,11809,2668,CB FBs,p017,0.004901783585777147,-0.2338074245632683,-0.22441401532510433,-0.0779786897414573,-0.07424338569128236,-0.18608986390264412,-0.14557909369468688,0.004901783585777147
p017t:CGTTAGAAGGTACATA,p017t,Tumor,Stromal,6423,2291,CB FBs,p017,0.09635478045726031,0.024397465153312196,0.012035566086812718,0.22105658814615134,0.18588760027358697,0.028838904054933473,0.022357936039128723,0.09635478045726031
p017t:CGTTCTGAGTAAACGT,p017t,Tumor,Stromal,5001,2077,UC FBs,p017,0.11552992008887884,-0.0018369433070932115,-0.108679070977903,0.14241198990113882,0.08131896834387335,-0.03776542465937765,-0.09869022141484653,0.11552992008887884
p017t:CTACAGATCCGCGGAT,p017t,Tumor,Stromal,1904,981,CB FBs,p017,-0.0697705076778667,-0.3021497853404405,-0.3217430622657625,-0.07828839997551879,-0.1078561207409515,-0.34564494553365205,-0.37488505770178404,-0.0697705076778667
p017t:CTACCTGCACAAGGTG,p017t,Tumor,Stromal,4379,1919,CB FBs,p017,0.11556258431652136,-0.09352987605546202,-0.08160696133244329,0.18059942761093986,0.172483118900726,-0.13803797081897135,-0.10358210907262914,0.11556258431652136
p017t:CTACCTGGTCCCAAAT,p017t,Tumor,Stromal,5073,2107,MyoFBs 1,p017,-0.06266607367025133,-0.46610340605280837,-0.4424095832538314,-0.573965501648431,-0.5478631395759971,-0.31102652079180665,-0.2980483728296616,-0.06266607367025133
p017t:CTACGGGGTAGATCGG,p017t,Tumor,Stromal,2587,1267,MyoFBs 1,p017,-0.11803137141753707,-0.5604718025697737,-0.5416884686706996,-0.5614838951400348,-0.5331150454490684,-0.4636400373358476,-0.4474879008882186,-0.11803137141753707
p017t:CTACTATCAGACAAGC,p017t,Tumor,Stromal,5229,2264,CB FBs,p017,0.06224974676999345,0.15678397497656393,0.1793334570418044,0.3414556408795167,0.3666767225882342,-0.16622105774126555,-0.139908227149178,0.06224974676999345
p017t:CTCAACCAGCACACCC,p017t,Tumor,Stromal,2954,1454,CB FBs,p017,0.0073318436676472944,-0.2058824553553547,-0.17449926026165485,-0.08438175317964383,-0.09269206843143979,-0.2362352238673913,-0.19332957995288513,0.0073318436676472944
p017t:CTCAACCTCCTAAACG,p017t,Tumor,Stromal,3112,1487,MyoFBs 1,p017,-0.3017394947247547,-0.5072365418950818,-0.4780658400594825,-0.4665170779489741,-0.4285319401601026,-0.31345488223198215,-0.2796339040074278,-0.3017394947247547
p017t:CTCACTGGTACGGGAT,p017t,Tumor,Stromal,2187,1148,CB FBs,p017,-0.1912715700046535,-0.2707259648916673,-0.28027471681920496,-0.22056393104852462,-0.2779242832127006,-0.20442328664817308,-0.1802658430793706,-0.1912715700046535
p017t:CTCACTGTCCATTTAC,p017t,Tumor,Stromal,7210,2496,CB FBs,p017,0.04517580395597115,-0.045675944993082356,-0.04486296789311781,0.1460637014587315,0.13191914549747177,-0.19439505417095987,-0.1736644651959924,0.04517580395597115
p017t:CTCATTACAAGCGAAC,p017t,Tumor,Stromal,3286,1478,CCL FBs,p017,0.053730230484353866,-0.19662729156564693,-0.2627357303551057,-0.12287790807230133,-0.18088363396913507,-0.22335820264722173,-0.2412238454555764,0.053730230484353866
p017t:CTCTCAGTCCCATAAG,p017t,Tumor,Stromal,2898,1346,CB FBs,p017,0.03141326137017785,-0.15185682870903794,-0.14790617638244863,0.14463166845012077,0.14398090851081666,-0.22211062668969755,-0.19851180503473562,0.03141326137017785
p017t:CTGAATGAGTGGTCAG,p017t,Tumor,Stromal,6230,1339,MyoFBs 1,p017,-0.16060909419729,-0.5050229685267016,-0.4872928086395671,-0.6268101491946347,-0.5919101826500061,-0.3823888014413809,-0.3566776960649911,-0.16060909419729
p017t:CTGAGGCCAGAGGTTG,p017t,Tumor,Stromal,4765,1714,CB FBs,p017,0.022417466793405384,-0.25301529432537645,-0.2682615641118368,-0.20604248097456268,-0.2338877395553471,-0.30364028635606366,-0.32189744693391464,0.022417466793405384
p017t:CTGAGGCGTAGCTTAC,p017t,Tumor,Stromal,3240,1597,CB FBs,p017,-0.14928385089233256,0.1009004685495581,0.16031426927301942,0.022223785443573583,-0.020682039389083553,-0.04923252055519506,0.015673441396040075,-0.14928385089233256
p017t:CTGATCCGTGGAAATT,p017t,Tumor,Stromal,8219,1362,MyoFBs 2,p017,-0.23555994559929036,-0.561543029238831,-0.5429687151776218,-0.657934563120409,-0.6168677930741809,-0.4294565654114673,-0.4092828440315583,-0.23555994559929036
p017t:CTGCATCAGACTCTAC,p017t,Tumor,Stromal,12828,1940,UC FBs,p017,-0.0016341605305410269,-0.42155082246801834,-0.412877155518977,-0.4951230343051103,-0.46939784678262336,-0.2032796255459911,-0.19831286107792573,-0.0016341605305410269
p017t:CTGTGAACATTAGGCT,p017t,Tumor,Stromal,4724,1712,CB FBs,p017,-0.034767118983661034,-0.013667704271418708,0.05460118038988695,0.11032160789686807,0.13114884504398636,-0.2979749794069089,-0.29141880887396193,-0.034767118983661034
p017t:CTTACCGTCTCGTCGT,p017t,Tumor,Stromal,3299,1546,UC FBs,p017,0.14644555694100922,-0.30772134395582335,-0.33284177367643614,-0.30538973843260686,-0.30851777928859686,-0.057050863535780656,-0.03088836371898651,0.14644555694100922
p017t:CTTCGGTCAGAACTTC,p017t,Tumor,Stromal,1907,1117,UC FBs,p017,-0.15354492518593343,-0.43148822633891687,-0.4702554564105301,-0.22978255814131426,-0.23438211747033652,0.0859993421717694,0.07593996998141794,-0.15354492518593343
p017t:CTTCTAAAGCGTGTCC,p017t,Tumor,Stromal,4137,1539,CB FBs,p017,-0.12119069104001187,-0.1325743206757672,-0.1799892556921738,0.05978514185669471,0.026811886925336925,-0.21340761686626233,-0.22642927800907808,-0.12119069104001187
p017t:CTTGAGAAGATGGTCG,p017t,Tumor,Stromal,10668,3207,CB FBs,p017,0.1547845699170833,0.24835698796455197,0.22528508236836187,0.2990691410282589,0.2770760361711646,-0.03656841754227092,-0.06903446442173684,0.1547845699170833
p017t:CTTGAGATCCAGCTCT,p017t,Tumor,Stromal,10576,3203,CB FBs,p017,0.06793392676729382,-0.2655060192028403,-0.23230218601117775,-0.28141185663621493,-0.2699281678989876,-0.22665990834173402,-0.20502649922581279,0.06793392676729382
p017t:GAAACCTTCGCGGACT,p017t,Tumor,Stromal,2084,1084,CB FBs,p017,-0.09320405357631675,-0.1434790603056246,-0.1516110365528886,-0.04177630419025616,-0.01652821266027384,0.025634682413778805,0.045152565486290874,-0.09320405357631675
p017t:GAAATGAGTCTCGACG,p017t,Tumor,Stromal,12571,2214,UC FBs,p017,-0.12136051375745681,-0.49922757287870867,-0.49966782717624814,-0.5519692348126246,-0.5177162977498632,-0.2917375955926745,-0.27645323688493056,-0.12136051375745681
p017t:GAACACTGTATCGCGC,p017t,Tumor,Stromal,4018,1817,CB FBs,p017,-0.1868691507465484,0.020441341004809554,0.07957354424203314,0.21293205912319982,0.2544424680256566,-0.21955007604862514,-0.20370558929793975,-0.1868691507465484
p017t:GAAGAATGTACGATGG,p017t,Tumor,Stromal,5275,1891,CB FBs,p017,0.0128665441614494,-0.06658664231701773,-0.0508209471477241,0.20428577508321222,0.21554836858237206,-0.18063068734972101,-0.15205111643847297,0.0128665441614494
p017t:GAAGCCCCATTCACCC,p017t,Tumor,Stromal,8746,2939,CB FBs,p017,0.1354678018639485,-0.03855976945131409,-0.08588646983773243,0.007956340034701387,-0.000664580483422723,-0.07513591882429625,-0.07357121180085575,0.1354678018639485
p017t:GAAGCCCTCGACATTG,p017t,Tumor,Stromal,2810,1303,CCL FBs,p017,-0.03953112449431628,-0.27001347339579035,-0.2818296783399291,-0.3484282178082028,-0.39440109797341877,-0.027427499388393603,-0.0007939862854340498,-0.03953112449431628
p017t:GAAGCGAGTATAGGGC,p017t,Tumor,Stromal,2263,997,MyoFBs 1,p017,-0.20497964698363813,-0.5381826797158135,-0.5150502486745032,-0.5473027365396217,-0.5246574593664601,-0.2920725536973853,-0.25573600740993724,-0.20497964698363813
p017t:GAAGGGTCAAGTGTCT,p017t,Tumor,Stromal,3919,1665,CB FBs,p017,-0.05847958524368311,0.07614571418689221,0.09111527571590936,0.2727173781212495,0.31570966697709507,-0.016053932120925502,-0.032289135280777426,-0.05847958524368311
p017t:GAAGTAACAAATGCGG,p017t,Tumor,Stromal,2591,1176,CB FBs,p017,-0.1924161861013425,-0.42815475513664436,-0.40329102435853426,-0.1533269980846315,-0.1650696115265059,-0.2825799731831802,-0.24512665271759032,-0.1924161861013425
p017t:GAAGTAATCACGTAGT,p017t,Tumor,Stromal,6425,2323,CB FBs,p017,0.16386383102814617,-0.1718150076494381,-0.15834549109156176,-0.07819201599578468,-0.08626976990422537,-0.273878554048899,-0.2626513285562396,0.16386383102814617
p017t:GAATCGTAGCGATGCA,p017t,Tumor,Stromal,4937,1733,CB FBs,p017,-0.03270301193391022,-0.2669356012317751,-0.2676650272659594,-0.12026394771564068,-0.10731576678754631,-0.13332761969221266,-0.1360961807124755,-0.03270301193391022
p017t:GACATCAGTGGCAACA,p017t,Tumor,Stromal,2288,1139,MyoFBs 1,p017,-0.19342574748423016,-0.4844984666121249,-0.49942831204431815,-0.46439963115417227,-0.4227340373015681,-0.4667114360552085,-0.4509206406333867,-0.19342574748423016
p017t:GACCAATAGTACCCTA,p017t,Tumor,Stromal,4692,1935,CB FBs,p017,0.023923366142665606,-0.012914778854773969,-0.0018454160450435265,0.06858510394789735,0.034055665568556895,-0.27734420126990267,-0.2631138168713626,0.023923366142665606
p017t:GACCAATTCGCAGATT,p017t,Tumor,Stromal,1994,1045,CB FBs,p017,-0.1770373965499171,-0.2750477078465783,-0.2942827135869643,-0.26467604760308655,-0.2985307516226935,-0.055735695675799724,-0.03723803162574768,-0.1770373965499171
p017t:GACCCAGGTGTCCGGT,p017t,Tumor,Stromal,4461,1797,UC FBs,p017,-0.05224817804992199,-0.24988476179388106,-0.2522814801735122,-0.3301587384574267,-0.38140169894972514,-0.1760332863581808,-0.14836367649190565,-0.05224817804992199
p017t:GACGTTAGTCTCTCCA,p017t,Tumor,Stromal,2230,1159,CCL FBs,p017,-0.1656444803076355,-0.3150800439928259,-0.31341177688502686,-0.32099859886185017,-0.34121525348272436,-0.17533556818962098,-0.14758583167020012,-0.1656444803076355
p017t:GACTCTCCATCCCACT,p017t,Tumor,Stromal,5776,2247,CB FBs,p017,-0.0709177746453829,0.0654572781403454,0.05791651557494954,0.37103643416598137,0.3512964760668056,-0.05783164720786245,0.006062652784235337,-0.0709177746453829
p017t:GACTTCCTCGTGAGAG,p017t,Tumor,Stromal,8903,3036,CB FBs,p017,0.3073928115987464,-0.1573669253943526,-0.20032809188634884,-0.17866832386626272,-0.18382936720411444,-0.16112163498213417,-0.1932990262613577,0.3073928115987464
p017t:GAGAAATCACGACAAG,p017t,Tumor,Stromal,5485,2135,CB FBs,p017,0.10264786146581173,0.14933090269261476,0.16899629564183513,0.32367932499975577,0.32257662219710126,0.029278635821844402,0.0770198304863537,0.10264786146581173
p017t:GAGACCCGTTCGGTTA,p017t,Tumor,Stromal,4322,1817,CB FBs,p017,-0.07225031010283713,-0.17645876101997435,-0.19903831356545773,0.32899442033804194,0.32244372255233833,-0.10458472873035231,-0.07611729748108807,-0.07225031010283713
p017t:GAGACTTGTAGGACTG,p017t,Tumor,Stromal,9777,2434,CB FBs,p017,-0.15325599186645264,-0.35927111085276214,-0.3526526917589874,-0.09247400381659367,-0.12913151187172464,-0.2127806527049918,-0.19587704434114345,-0.15325599186645264
p017t:GAGATGGAGTGACACG,p017t,Tumor,Stromal,7144,1582,UC FBs,p017,-0.1825595268032007,-0.2627214741303909,-0.22414149568847766,-0.220383732693688,-0.19929861924935913,-0.2591074388866362,-0.2481707415817415,-0.1825595268032007
p017t:GAGGCAATCTTAGCAG,p017t,Tumor,Stromal,4441,1937,CB FBs,p017,-0.02193754895083737,0.03218354292365969,0.052774804848723295,0.2563554611133069,0.2339427720668704,-0.2922814842901732,-0.2962407813352697,-0.02193754895083737
p017t:GAGGCCTCAGTTGCGC,p017t,Tumor,Stromal,11306,1729,MyoFBs 1,p017,-0.2973457111470532,-0.5818099266260254,-0.5671901291281711,-0.5857710468829894,-0.5456926280329394,-0.43366564865175045,-0.4139871135354042,-0.2973457111470532
p017t:GAGGGTATCGCGATCG,p017t,Tumor,Stromal,2008,1082,CB FBs,p017,-0.1681484886232698,-0.0592356840794792,0.00710728005846826,-0.16792982721663252,-0.16302560889270418,-0.2160740730009581,-0.1707965289845186,-0.1681484886232698
p017t:GAGTCTATCCCGTTGT,p017t,Tumor,Stromal,5669,1987,UC FBs,p017,0.017447063699364662,0.00035088646168611486,-0.02627123846876912,-0.13501306296307214,-0.20972208280202953,0.09287899269869453,0.09287867703858543,0.017447063699364662
p017t:GATAGAATCATTTGGG,p017t,Tumor,Stromal,1417,785,MyoFBs 1,p017,-0.23737602442372263,-0.5176002111818109,-0.4904516887192319,-0.6129003808054388,-0.5960138480850431,-0.30845011566814623,-0.2740403413772583,-0.23737602442372263
p017t:GATCGTAAGGTCACCC,p017t,Tumor,Stromal,1086,642,MyoFBs 1,p017,-0.26958957311223475,-0.5382260171582505,-0.5151020422032694,-0.5167083365424555,-0.4890797269032445,-0.3321308484202937,-0.30050704268848194,-0.26958957311223475
p017t:GATGCTAGTCATCAGT,p017t,Tumor,Stromal,1464,856,MyoFBs 1,p017,-0.25945146038736167,-0.5509625099295256,-0.5303237042957689,-0.5684872201966996,-0.5345709232916666,-0.46876091282618676,-0.45321123231859767,-0.25945146038736167
p017t:GATTTCTAGCATGTTC,p017t,Tumor,Stromal,3965,1481,CB FBs,p017,0.08513373348927289,-0.18140713969359593,-0.12502492664427292,-0.011891347945344691,0.010093008622873661,-0.33762215846463256,-0.30664438920862536,0.08513373348927289
p017t:GCAACCGCAACTGGTT,p017t,Tumor,Stromal,3657,1702,CB FBs,p017,-0.1332792538757387,-0.2046986105946862,-0.1792925678920455,-0.11629879360600394,-0.16141495533114256,-0.07693507232164082,-0.03683357834815979,-0.1332792538757387
p017t:GCAACCGTCGAGCCAC,p017t,Tumor,Stromal,3725,1691,CB FBs,p017,-0.07368846352849352,-0.07575078300979672,-0.06862930980760877,0.08652312224920915,0.08047187181059705,-0.2543544992020256,-0.2349666325485005,-0.07368846352849352
p017t:GCACGGTCATCAGCTA,p017t,Tumor,Stromal,1837,969,MyoFBs 1,p017,-0.18804631963895077,-0.595253373515241,-0.5832566876055264,-0.5447153649007788,-0.5014716413651787,-0.38832435388314096,-0.3633115487940171,-0.18804631963895077
p017t:GCACTAAAGTGTAGAT,p017t,Tumor,Stromal,4459,1897,CB FBs,p017,-0.07752913213743452,-0.02136606761083311,-0.050864065111410325,0.2253961797271456,0.17517631717546042,-0.12127921393043116,-0.10504669406834771,-0.07752913213743452
p017t:GCAGGCTGTCCTTGTC,p017t,Tumor,Stromal,2974,1368,CB FBs,p017,-0.0998132431128046,-0.1499140123475571,-0.15263218641644571,0.09712603999948015,0.07769399682103201,-0.2829237002291177,-0.2653562548405984,-0.0998132431128046
p017t:GCATGATTCAAGAAAC,p017t,Tumor,Stromal,5118,1959,CB FBs,p017,-0.0380310056437003,0.17603114140885218,0.10531022908484064,0.2660980833580299,0.18984708319916282,-0.14979594851794995,-0.1260585020570194,-0.0380310056437003
p017t:GCCAACGCAGAACATA,p017t,Tumor,Stromal,787,546,UC FBs,p017,-0.2278574245998211,-0.3526790682606551,-0.3183397620734645,-0.395146336102364,-0.3774065693277259,-0.2031567560999017,-0.15635952774216147,-0.2278574245998211
p017t:GCCAGGTCATTAAGCC,p017t,Tumor,Stromal,2738,1316,CB FBs,p017,-0.22590375858310022,-0.26981474641634495,-0.2335529771701592,-0.17341121635874923,-0.17505429624471552,-0.12233448969690423,-0.0809518632643363,-0.22590375858310022
p017t:GCCAGGTTCTATCGGA,p017t,Tumor,Stromal,2864,1258,CB FBs,p017,-0.1183416240505482,-0.13513588593626508,-0.1703551399816827,0.05698874235457303,0.011849366388348647,-0.21209763727690045,-0.2101489691173329,-0.1183416240505482
p017t:GCCCAGATCTCGTGGG,p017t,Tumor,Stromal,1865,988,MyoFBs 2,p017,-0.17101209097656242,-0.46333534772298773,-0.4713059787343188,-0.5202018369217308,-0.48266241127668424,-0.3458906691325338,-0.3158856658374562,-0.17101209097656242
p017t:GCGGAAATCGCAACAT,p017t,Tumor,Stromal,4060,1868,MyoFBs 1,p017,0.15873119839581482,-0.5187634791494632,-0.49184193580252367,-0.49172767973980125,-0.4365506006707979,-0.23829804564777174,-0.19563508664860446,0.15873119839581482
p017t:GCGTTTCAGCGTTACT,p017t,Tumor,Stromal,8361,1317,CB FBs,p017,-0.16176076883678897,-0.3855934458385621,-0.3920858326799622,-0.39688723863159514,-0.42227111195842193,-0.35475989415457376,-0.33765476302188985,-0.16176076883678897
p017t:GCTACCTAGTCTAGCT,p017t,Tumor,Stromal,2664,1484,UC FBs,p017,-0.0068420862877055216,-0.21148157842001136,-0.18121341297902713,-0.24442062443312335,-0.22257103467749995,0.02114020978149615,0.0699953680529314,-0.0068420862877055216
p017t:GCTCAAAGTGTACGCC,p017t,Tumor,Stromal,2136,1079,MyoFBs 1,p017,-0.21310400815778657,-0.5062075250458961,-0.5058297230521354,-0.6046165187596059,-0.5818419067492319,-0.3669137672374123,-0.3393820696017321,-0.21310400815778657
p017t:GCTGAATTCGCGTGCA,p017t,Tumor,Stromal,3006,1391,CB FBs,p017,-0.1804874603097376,-0.250007724199368,-0.23483967045094908,-0.1518295722875782,-0.15485512959868322,-0.2639747996079294,-0.2566473943345687,-0.1804874603097376
p017t:GCTGGGTGTACGAGCA,p017t,Tumor,Stromal,2113,1028,CB FBs,p017,-0.03507760822315488,-0.22439907552028188,-0.23870146528976718,-0.05518143772318655,-0.11198729740152526,-0.21506734349225698,-0.22914470907519846,-0.03507760822315488
p017t:GCTTCACGTCTGTAAC,p017t,Tumor,Stromal,3062,1349,MyoFBs 1,p017,-0.21373646493935794,-0.5244284341377872,-0.4986122478617401,-0.5647980834604526,-0.5348655788531137,-0.42525485785383926,-0.40458681793773876,-0.21373646493935794
p017t:GGAAGTGGTGCAGGAT,p017t,Tumor,Stromal,2116,1099,UC FBs,p017,-0.042063383385539055,-0.32731087832730643,-0.32611093315772893,-0.3683384304904208,-0.39367788692199907,-0.2865645827431428,-0.29422639801221734,-0.042063383385539055
p017t:GGAGAACGTCGACTGC,p017t,Tumor,Stromal,3392,1588,CCL FBs,p017,0.052449160010406844,-0.21556192917787298,-0.2666269478092833,-0.15022882385825626,-0.207924303013918,-0.0880493849515915,-0.08662395442233366,0.052449160010406844
p017t:GGAGATGGTACTGTTG,p017t,Tumor,Stromal,3455,1555,CB FBs,p017,0.01765587174317293,-0.07189956976442921,-0.06517651277344401,-0.009328098017342237,-0.04362856614035229,-0.076604058554298,-0.028115158571916467,0.01765587174317293
p017t:GGAGCAACATGTCGTA,p017t,Tumor,Stromal,2738,1376,UC FBs,p017,-0.12243257884524371,-0.17119347463761056,-0.18013265102011403,-0.38171737739930345,-0.3645885031410428,0.05957258202527699,0.09594538474784178,-0.12243257884524371
p017t:GGAGGATAGGCTCTAT,p017t,Tumor,Stromal,2076,1023,CB FBs,p017,0.062487703176182616,-0.16505728313243206,-0.16781699931158162,-0.07296329904917856,-0.09741096944699801,-0.2822207789672048,-0.2659983343937818,0.062487703176182616
p017t:GGAGGTATCCACCTCA,p017t,Tumor,Stromal,10085,2913,CB FBs,p017,0.06386176915022365,0.05124835201957244,0.06445912566467575,0.05659889292960264,0.04026956440404404,-0.11675498187541962,-0.10246407687664032,0.06386176915022365
p017t:GGATGTTAGCACGATG,p017t,Tumor,Stromal,3112,1429,CB FBs,p017,-0.05095310615816791,-0.07987519313714334,-0.02954207512936214,-0.1172272798662283,-0.16330116276824197,-0.2075802609912659,-0.16130344497368615,-0.05095310615816791
p017t:GGATGTTGTTCTCGTC,p017t,Tumor,Stromal,4838,1879,CB FBs,p017,-0.10250098627518144,0.04202565680048904,0.04260752631760225,0.017291895360970984,-0.007960066719110622,-0.11368082871562556,-0.09507670981042525,-0.10250098627518144
p017t:GGCGTCATCTTGGTCC,p017t,Tumor,Stromal,2645,1229,CB FBs,p017,-0.09153762299632817,-0.04520138026196129,-0.03374539597368822,-0.008051536749212109,-0.03821483176461486,-0.08457048943168238,-0.044665370618595795,-0.09153762299632817
p017t:GGCTTGGGTGCCAAGA,p017t,Tumor,Stromal,6799,2512,CB FBs,p017,0.05800538417768844,-0.07580151913060369,-0.07556350218563727,0.07960671765672765,0.052908199140802026,-0.15464271993229264,-0.12685982229955056,0.05800538417768844
p017t:GGGACTCAGGACAGTC,p017t,Tumor,Stromal,4794,1867,CB FBs,p017,-0.011655248407470552,0.001811849685119731,0.047339244052858616,0.18103243126438892,0.19681897712871432,-0.09528363931335901,-0.05748767734450452,-0.011655248407470552
p017t:GGGCTACCATCGCCTT,p017t,Tumor,Stromal,4913,1914,MyoFBs 1,p017,-0.11050924864646636,-0.4813686794012177,-0.44715058976193756,-0.563421621975698,-0.5172847433795416,-0.3821318744044555,-0.35639054231783923,-0.11050924864646636
p017t:GGGTCACGTTCTCTCG,p017t,Tumor,Stromal,3752,1712,CB FBs,p017,0.036603564135076705,-0.021214182735705862,-0.02539568394422531,0.06126157635328721,0.021284487358359402,-0.24751186308107878,-0.24447020677959216,0.036603564135076705
p017t:GGGTCTGAGATGCTTC,p017t,Tumor,Stromal,7065,2410,CB FBs,p017,0.03876562923062266,0.13720286048340555,0.14352674387031938,0.32362611709656763,0.3022319483462461,-0.044669810368826515,-0.03575893706258605,0.03876562923062266
p017t:GGGTGAAAGAACTCCT,p017t,Tumor,Stromal,2196,1107,CB FBs,p017,-0.15619925589284353,-0.16305554504221192,-0.12143183388270257,-0.08424632964009533,-0.08140828077096579,-0.3258225412745225,-0.29345658176085526,-0.15619925589284353
p017t:GGTAATCGTACCAATC,p017t,Tumor,Stromal,4135,1722,CB FBs,p017,-0.007013860207639243,-0.015183951705694199,0.032829264406023954,0.0283063143035587,-0.0018809776493283205,-0.2663168784819151,-0.2388817187617807,-0.007013860207639243
p017t:GGTAGAGGTGTATACC,p017t,Tumor,Stromal,1638,951,MyoFBs 1,p017,-0.23534273473840012,-0.595253373515241,-0.5832566876055264,-0.5723800348231987,-0.5337108047029306,-0.30634419353384723,-0.27168666369774763,-0.23534273473840012
p017t:GGTCTGGCACCAGCGT,p017t,Tumor,Stromal,2338,1146,CB FBs,p017,-0.09161068116755862,-0.1322435808881205,-0.18603978860305576,-0.10876607963321161,-0.1735454524845578,-0.11743528340992175,-0.1427697676069596,-0.09161068116755862
p017t:GGTGAAGCAATGCAAA,p017t,Tumor,Stromal,1470,733,CCL FBs,p017,-0.2078898836319384,-0.30295928818534834,-0.3350640269132649,-0.3521479721732286,-0.412282248135916,-0.036943558642738746,0.0033799890209646787,-0.2078898836319384
p017t:GGTGAAGGTCCACTTC,p017t,Tumor,Stromal,2614,1236,UC FBs,p017,0.041560452071982515,-0.3302364355447341,-0.32952981451299135,-0.30547769641389655,-0.2728551157511944,-0.2542217869507639,-0.26052791195757247,0.041560452071982515
p017t:GTAAGTCTCCGAAATC,p017t,Tumor,Stromal,1603,863,MyoFBs 1,p017,-0.1898223955445645,-0.5782561541668007,-0.5629429376525122,-0.5533786649454613,-0.5195194960160311,-0.4648461643018221,-0.44883592514430776,-0.1898223955445645
p017t:GTAATCGGTTGCACGC,p017t,Tumor,Stromal,1514,982,MyoFBs 1,p017,-0.12637985304912977,-0.48033804332419316,-0.4459188539625668,-0.6024574261842942,-0.5684822537004948,-0.3894133476834548,-0.36452865951201496,-0.12637985304912977
p017t:GTAGATCTCCCGGTAG,p017t,Tumor,Stromal,2925,1493,CCL FBs,p017,-0.003393485717344702,-0.013309647652263544,0.04580678177497736,-0.3194818149263762,-0.34718155505698783,-0.11652041285445816,-0.10664642440045581,-0.003393485717344702
p017t:GTAGATCTCCGGCAAC,p017t,Tumor,Stromal,4286,1694,CB FBs,p017,-0.12381323214554996,-0.07089983622486494,-0.07015714144743071,0.11796568592592162,0.09618401033587234,-0.2090803391055057,-0.17981716525905272,-0.12381323214554996
p017t:GTAGGAGGTCAACGCC,p017t,Tumor,Stromal,3785,1595,CB FBs,p017,-0.04220122853784185,-0.01638008724441942,-0.06495820287978504,0.19016104335991704,0.16850835474771123,-0.2850064694881439,-0.32270559493233175,-0.04220122853784185
p017t:GTAGTACAGTTTCGAC,p017t,Tumor,Stromal,2246,1209,CCL FBs,p017,0.145030261295145,-0.14347591760511302,-0.1535944003702664,-0.17273593308137997,-0.21887237587293915,0.24544935791116013,0.24892532369669745,0.145030261295145
p017t:GTAGTACTCCACACCT,p017t,Tumor,Stromal,5558,2028,UC FBs,p017,0.002020585130115873,-0.0847912249820573,-0.13984494002127065,-0.1985943586605943,-0.2265304551394873,0.16182723892362494,0.11634512508616728,0.002020585130115873
p017t:GTATTTCAGATACATG,p017t,Tumor,Stromal,3112,1485,CB FBs,p017,-0.13199827927899987,-0.1618935819145064,-0.16110641861379874,-0.024928828815416415,-0.050303034051213155,-0.23465536924961367,-0.21910382507040221,-0.13199827927899987
p017t:GTCACGGAGCCTCCAG,p017t,Tumor,Stromal,2445,1149,CB FBs,p017,-0.09203583194890566,-0.17249850804171507,-0.1577010379703829,-0.07540820551233138,-0.11537068091240864,-0.2953069462587959,-0.28087145808865044,-0.09203583194890566
p017t:GTCACTCGTCTTGAAC,p017t,Tumor,Stromal,1493,835,MyoFBs 1,p017,-0.20171829675765415,-0.5079056166720634,-0.47886546601246044,-0.6160623001656971,-0.5914439267024051,-0.42595668340984144,-0.4053712112062118,-0.20171829675765415
p017t:GTCAGCGAGAGTCAGC,p017t,Tumor,Stromal,7746,2523,CB FBs,p017,0.2502185942507104,0.27045112722125664,0.2961451477944715,0.3952626911353092,0.3983950630523438,0.12097309984658894,0.1521947378621382,0.2502185942507104
p017t:GTCAGCGCAGAGCTAG,p017t,Tumor,Stromal,890,611,UC FBs,p017,-0.0838818434756576,-0.3550450262822667,-0.40594695281328225,-0.5064159013635042,-0.4760670369967472,-0.02704745938903407,0.0052968060269075285,-0.0838818434756576
p017t:GTCCTCAGTAGGAGTC,p017t,Tumor,Stromal,11247,2736,UC FBs,p017,-0.03752592052414752,-0.30866989092331154,-0.3141264166092364,-0.31682451365857706,-0.32025166081134665,-0.08967933403328061,-0.07769593034925706,-0.03752592052414752
p017t:GTCGCGAGTCACCGCA,p017t,Tumor,Stromal,2966,1408,CB FBs,p017,-0.13556402402096673,0.15693859398669127,0.22186852855289854,0.19902428292802402,0.21594757404784823,-0.22022201450247514,-0.19880936040597805,-0.13556402402096673
p017t:GTCGTTCCAAGTGGCA,p017t,Tumor,Stromal,3284,1505,CB FBs,p017,-0.1344566869696504,-0.27313815815640347,-0.30623331445655444,-0.22117204834916154,-0.2771099992096424,-0.2548265949479843,-0.24115731994457104,-0.1344566869696504
p017t:GTCGTTCCACGTAGTT,p017t,Tumor,Stromal,2885,1343,CB FBs,p017,-0.10249749574352775,-0.2848130748132054,-0.2964658392820416,-0.15780656830388673,-0.2072550863200842,-0.2255947144407975,-0.20153993122717914,-0.10249749574352775
p017t:GTCTACCGTGTTATCG,p017t,Tumor,Stromal,2669,1339,UC FBs,p017,-0.14148867819785027,-0.27061425578989545,-0.24726794664634438,-0.2811653920810442,-0.2805197487996761,0.22947300727430142,0.2329972206669695,-0.14148867819785027
p017t:GTCTACCGTTCGGCCA,p017t,Tumor,Stromal,4283,1866,CCL FBs,p017,0.10436468445614241,-0.22745051637900118,-0.25025847872219437,-0.0570283053937007,-0.09374290592102118,-0.07636018081715232,-0.10203979716581457,0.10436468445614241
p017t:GTCTGTCGTTACAGCT,p017t,Tumor,Stromal,2882,1442,CB FBs,p017,-0.16012892267552384,-0.08315681035117227,-0.033108860163426984,-0.02019803218391477,-0.006715758855259696,-0.15291230584445753,-0.11473864141632528,-0.16012892267552384
p017t:GTGAGTTTCTGGTGCG,p017t,Tumor,Stromal,3331,1440,CB FBs,p017,-0.1322370180369992,-0.14041014205740424,-0.08237980496956081,-0.03577363605097848,-0.016624009106741396,-0.18111599871986792,-0.1317257400821237,-0.1322370180369992
p017t:GTGATGTCATTCCTAT,p017t,Tumor,Stromal,1504,940,CB FBs,p017,-0.1947675844687119,-0.26952455261228037,-0.2809906248457548,0.22945761558960895,0.22350957339932753,-0.2766772361178147,-0.3361317985198077,-0.1947675844687119
p017t:GTGCGTGGTGCATTTG,p017t,Tumor,Stromal,4207,1850,CB FBs,p017,-0.04913331318254534,-0.17772539636139206,-0.16643787783616018,0.08086596847967986,0.05474893220830276,-0.07281058995347274,-0.035490081590764666,-0.04913331318254534
p017t:GTGGCGTAGAATCGTA,p017t,Tumor,Stromal,4937,1845,CB FBs,p017,0.04974734394304585,-0.14218265665885138,-0.14103671685769792,0.14896465818948892,0.13433050117347128,-0.10846768617630005,-0.07391878962516785,0.04974734394304585
p017t:GTGGCGTCAGAGAGGG,p017t,Tumor,Stromal,2564,1325,CCL FBs,p017,0.0594515067508869,-0.2028679772451216,-0.25332176294632075,-0.19692139000612863,-0.24717400751488153,0.030990165550457804,0.055661033970468184,0.0594515067508869
p017t:GTGGCGTGTCAGATTC,p017t,Tumor,Stromal,1877,862,CB FBs,p017,0.11139231073882497,-0.22252336076023627,-0.25503677120659407,-0.18947014045350405,-0.2593121395208115,-0.3102064117004997,-0.3034953965860255,0.11139231073882497
p017t:GTGGGAATCTCATAGG,p017t,Tumor,Stromal,3176,1536,CAFs,p017,-0.12424763354162376,0.1600252161828839,0.16907513732226884,0.304981600569219,0.2905062389408433,-0.07278134226799012,-0.09557597567053402,-0.12424763354162376
p017t:GTGTAACCACAGCCTG,p017t,Tumor,Stromal,2514,1340,CCL FBs,p017,-0.04094438173138259,0.004103014131589811,-0.012262986109751026,-0.18898409125110022,-0.28234056720163586,0.027253795454376624,0.010153125840074875,-0.04094438173138259
p017t:GTGTTCCCACTGGATT,p017t,Tumor,Stromal,2338,1167,CB FBs,p017,0.04852850725384135,-0.2371392589898742,-0.24909396932982816,0.04744814921702657,0.045076272255459494,-0.07806354714067358,-0.0721837027984507,0.04852850725384135
p017t:GTTACAGCAGTGCCTG,p017t,Tumor,Stromal,1220,791,MyoFBs 1,p017,-0.24346305537772805,-0.5184062344535273,-0.4914149848244539,-0.5553701193813159,-0.5306858287820982,-0.43065114774202046,-0.4106179654598236,-0.24346305537772805
p017t:GTTACGACAGATCATC,p017t,Tumor,Stromal,2637,1236,UC FBs,p017,-0.09952101160429026,-0.12586458399891853,-0.14147469673941776,-0.31571613510652463,-0.37174626587088716,-0.05215545971142618,-0.04887176182340173,-0.09952101160429026
p017t:GTTAGTGTCATTTACC,p017t,Tumor,Stromal,981,576,MyoFBs 1,p017,-0.32924673663811727,-0.5124005318752357,-0.514186871760502,-0.6171002913342447,-0.5927278086716352,-0.4286684036254883,-0.4084019573295818,-0.32924673663811727
p017t:GTTAGTGTCTTCTCAA,p017t,Tumor,Stromal,3588,1601,CCL FBs,p017,0.029018526831478403,-0.17186518851667643,-0.1724740911002566,-0.028254729467539156,-0.06797837370703387,0.0072868670287885165,0.03659822730457082,0.029018526831478403
p017t:GTTATGGTCGCAGTGC,p017t,Tumor,Stromal,2645,1346,CB FBs,p017,-0.11870850789311685,-0.34300015859153804,-0.3402719751182126,-0.17665911450677987,-0.18108327860055967,-0.23417770705725016,-0.22318830560235417,-0.11870850789311685
p017t:GTTATGGTCTAGATCG,p017t,Tumor,Stromal,1547,894,MyoFBs 1,p017,-0.12672220401286163,-0.540266892359573,-0.5175411369560695,-0.5822110379076734,-0.549834743402032,-0.4346130355408317,-0.41504595770555386,-0.12672220401286163
p017t:GTTCATTCACGCGCTA,p017t,Tumor,Stromal,2299,1223,CAFs,p017,-0.2104427198830404,0.029684706153918286,0.04415603736188353,0.29908160469969924,0.31939688194976296,-0.17633030516536613,-0.14265601249302134,-0.2104427198830404
p017t:GTTCTATCAAACTCGT,p017t,Tumor,Stromal,3510,1500,CB FBs,p017,-0.052029881659045554,-0.16565986851952513,-0.18605344933344098,0.07896369764087152,0.0662265147060849,0.03675142526626587,0.08366586706217598,-0.052029881659045554
p017t:GTTGAACGTTTGATCG,p017t,Tumor,Stromal,2806,1372,CB FBs,p017,-0.16990744659121623,-0.23329782850888311,-0.19936623624185237,-0.036681633784758805,-0.0018532916816861131,-0.2306714375552378,-0.1871112305451842,-0.16990744659121623
p017t:GTTGTCCAGATAGTGT,p017t,Tumor,Stromal,1022,690,MyoFBs 1,p017,-0.032071384127464214,-0.5471863566460659,-0.5258107406155366,-0.5158242351394526,-0.47988004280730734,-0.41438681922460857,-0.3924401865285986,-0.032071384127464214
p017t:GTTTGGAGTGCGGATA,p017t,Tumor,Stromal,4424,2108,UC FBs,p017,0.1002291971327443,-0.08172023820937896,-0.10564108420072532,-0.13214840048125812,-0.12599322953543,0.5811617190900602,0.6142916625036913,0.1002291971327443
p017t:TAACTTCTCGTCGGGT,p017t,Tumor,Stromal,4708,1967,UC FBs,p017,0.11409538161630432,-0.0004045013718459071,-0.030265783300487008,-0.14481403461980577,-0.21564613798156726,-0.015362563258723209,-0.04416635842884288,0.11409538161630432
p017t:TACAACGTCCGGTTCT,p017t,Tumor,Stromal,4819,1993,CAFs,p017,-0.0892281774431467,-0.15495766454129195,-0.1404233810878018,0.01966944401513557,-0.016123713752211527,-0.1589470583161241,-0.15781752000398497,-0.0892281774431467
p017t:TACCGGGGTATGGGAC,p017t,Tumor,Stromal,1162,697,MyoFBs 1,p017,-0.20092611704348473,-0.5228189113644921,-0.4966886718643875,-0.5330387657242162,-0.495761631793061,-0.42675800260744595,-0.4062668032505933,-0.20092611704348473
p017t:TACCTCGCAGAACATA,p017t,Tumor,Stromal,2876,1475,CB FBs,p017,-0.0746620093521319,-0.1913867503100512,-0.20190808422318318,-0.1082567176496496,-0.11180996271066887,-0.20013192539152347,-0.17662830273894703,-0.0746620093521319
p017t:TACGCTCGTCAGTTTG,p017t,Tumor,Stromal,1179,654,MyoFBs 1,p017,-0.12238672228628084,-0.595253373515241,-0.5832566876055264,-0.5519755813388192,-0.5236911045084166,-0.39114061688122,-0.36645913685069365,-0.12238672228628084
p017t:TACGCTCTCGAAGGAC,p017t,Tumor,Stromal,2339,1203,UC FBs,p017,-0.12265335082223541,-0.22590853152226428,-0.25643470210999975,-0.27166571433903003,-0.33018138957058274,0.01103250635297675,0.02202025161069982,-0.12265335082223541
p017t:TACTGCCTCACTTTGT,p017t,Tumor,Stromal,7270,2554,CB FBs,p017,0.2600148046193154,0.10417433237010727,0.05432484192183105,0.43144666423964106,0.3658142048854727,-0.02582396880576485,-0.020497646226602443,0.2600148046193154
p017t:TAGGTACAGATGAATC,p017t,Tumor,Stromal,2618,1440,MyoFBs 1,p017,0.01060223255894686,-0.4321651278557826,-0.4150841035312269,-0.5189300324691801,-0.482760245976753,-0.4064944480594836,-0.383619301108753,0.01060223255894686
p017t:TATACCTAGCACGGAT,p017t,Tumor,Stromal,1742,951,CAFs,p017,-0.02555803885977519,-0.2793314316290982,-0.2830651412468131,-0.1399335722077866,-0.21376875952579255,-0.12669380997356616,-0.1212024359142079,-0.02555803885977519
p017t:TATACCTGTATGTCAC,p017t,Tumor,Stromal,5490,2153,CB FBs,p017,-0.10990153019022393,-0.19984469813655834,-0.2137519792630905,0.08778304880370899,0.05696476077617601,-0.15067671976591412,-0.10777406867812661,-0.10990153019022393
p017t:TATCCTAGTCACAATC,p017t,Tumor,Stromal,4111,1822,CCL FBs,p017,0.08080730910756086,-0.22941601603310935,-0.2876721299821284,-0.1997322822559853,-0.28769990585224575,-0.11725475756745589,-0.1622681084801169,0.08080730910756086
p017t:TATCTGTGTGGCCCAT,p017t,Tumor,Stromal,6493,2319,CB FBs,p017,-0.02322803655018409,-0.11349870064961058,-0.08387086079342336,0.011030978665744163,0.028625364361200913,-0.12293656405649687,-0.10408564315122716,-0.02322803655018409
p017t:TATTCCACACTGGCGT,p017t,Tumor,Stromal,4847,1826,UC FBs,p017,0.12147509522343937,-0.08923645036257043,-0.09077511173559398,-0.23695070942749782,-0.29143510750213336,0.01673972089039652,-0.010907519389601314,0.12147509522343937
p017t:TCAATCTGTGCCTTCT,p017t,Tumor,Stromal,2378,1229,CCL FBs,p017,-0.020059048443248396,-0.07724287398919767,-0.1468610540940994,-0.08629809160317693,-0.15911363333810208,-0.22113400729078997,-0.27656750188154333,-0.020059048443248396
p017t:TCACAAGGTATCAGGG,p017t,Tumor,Stromal,3417,1432,CB FBs,p017,-0.05307113591646939,-0.13241233942764147,-0.1271643137968168,0.11698815842368165,0.10128474677371424,-0.1640450376429056,-0.13113929410191144,-0.05307113591646939
p017t:TCACGGGAGGAGTACC,p017t,Tumor,Stromal,3232,1338,CB FBs,p017,-0.07317305915057659,-0.27485520111358897,-0.2842118550182843,-0.0974354363065593,-0.1383615544195785,-0.25874231661620894,-0.23216687896672417,-0.07317305915057659
p017t:TCACTCGCAGCGTGAA,p017t,Tumor,Stromal,4058,1630,CB FBs,p017,-0.12386881870528062,-0.11198968440294266,-0.14764929562807083,-0.02186872110683091,-0.054228535398494364,-0.08493928830874593,-0.07736748193993288,-0.12386881870528062
p017t:TCAGCAATCAGCTCTC,p017t,Tumor,Stromal,10954,3486,MyoFBs 1,p017,-0.029994719663814624,-0.45309482697321446,-0.4321647817041816,-0.5408214556851557,-0.5089032959712799,-0.38021161342529874,-0.3542443682823111,-0.029994719663814624
p017t:TCAGGTATCTCGCTTG,p017t,Tumor,Stromal,1533,872,MyoFBs 1,p017,-0.30022968152505264,-0.49377607105641946,-0.491356556281084,-0.5929559806019676,-0.5685205216151338,-0.4272852853724831,-0.43519688248634336,-0.30022968152505264
p017t:TCATGAGCAATCCTTT,p017t,Tumor,Stromal,1975,1000,CCL FBs,p017,0.06605020892120113,-0.29065508950425656,-0.3166091045046725,-0.4131383727095565,-0.4466191598669041,0.02550639337614963,0.011424472577431623,0.06605020892120113
p017t:TCATGCCTCTCAACGA,p017t,Tumor,Stromal,7551,2800,MyoFBs 1,p017,-0.01975854863657763,-0.43863672854340807,-0.41843073142737874,-0.4878180895989038,-0.463744702120853,-0.3157654292489353,-0.282216280085199,-0.01975854863657763
p017t:TCATTTGCAAGACTGG,p017t,Tumor,Stromal,4828,1863,CB FBs,p017,-0.05568542615755608,-0.06255374717697197,-0.04626501213032298,0.10688211329813514,0.09898838056467993,-0.15193775264840376,-0.1425483524799347,-0.05568542615755608
p017t:TCCACCATCAGTGATC,p017t,Tumor,Stromal,8215,2829,CB FBs,p017,0.010623992829207788,0.09794244120771788,0.12832147369115818,0.2843590753951243,0.30529079581935736,-0.09557074684845773,-0.0646493459449095,0.010623992829207788
p017t:TCCATGCGTTCTAAGC,p017t,Tumor,Stromal,4555,1884,CB FBs,p017,-0.1456099549602521,-0.11249071025118536,-0.08289567472004308,0.1152092889711565,0.12452349681840387,-0.14844453428920948,-0.09521057395374073,-0.1456099549602521
p017t:TCCCACACATCTATCT,p017t,Tumor,Stromal,3498,1739,CB FBs,p017,0.592458262876199,-0.2978378611863876,-0.3068459555506706,-0.16114269691158314,-0.18083794874160788,-0.22298922444644728,-0.19701429815853344,0.592458262876199
p017t:TCCGGGAGTTGTGGAG,p017t,Tumor,Stromal,3749,1491,CB FBs,p017,-0.05469763210337413,-0.22583745564429128,-0.2305775133029717,0.09064515132685097,0.06594846345657526,-0.29282460267606536,-0.274496070514707,-0.05469763210337413
p017t:TCCTCGAGTCGTGGAA,p017t,Tumor,Stromal,4513,1840,CB FBs,p017,0.04005395748505467,-0.06154029915223316,-0.09713657454746526,0.2101761425028042,0.20852750167250633,-0.25084811488264486,-0.24016427932416692,0.04005395748505467
p017t:TCCTTCTAGGTGGTTG,p017t,Tumor,Stromal,4882,1893,UC FBs,p017,0.058090331425008024,-0.3557508565029319,-0.3768720203420011,-0.3305203428073805,-0.3443296565565952,-0.07540330212367208,-0.050362146777265214,0.058090331425008024
p017t:TCGAAGTGTCTGTTAG,p017t,Tumor,Stromal,2875,1426,CB FBs,p017,-0.045481228482043536,-0.1333600941817371,-0.08723908617365651,0.11080410711619319,0.12230926752090454,-0.005020044195024591,0.038856898861772876,-0.045481228482043536
p017t:TCGACCTAGGCTTTCA,p017t,Tumor,Stromal,3353,1566,CAFs,p017,0.0032678973583275812,-0.1125970974716605,-0.056104554544861726,0.1945835033393636,0.25013279299749885,-0.14573276388017756,-0.09217977173188154,0.0032678973583275812
p017t:TCGCAGGAGGAATTAC,p017t,Tumor,Stromal,4855,1842,CB FBs,p017,-0.03729978326315943,-0.03978705382193154,-0.034078221572222324,0.0707049986979525,0.042645028448490385,-0.2624333317832727,-0.23346537269432754,-0.03729978326315943
p017t:TCGCTCACACAGAGCA,p017t,Tumor,Stromal,4934,2058,CB FBs,p017,-0.10525669781654551,0.125781171099872,0.18478504213981511,0.4511746770075085,0.4454890870554156,0.10978206505900935,0.1676713829531389,-0.10525669781654551
p017t:TCGCTTGGTGATACAA,p017t,Tumor,Stromal,5095,1282,UC FBs,p017,-0.21094693096452638,-0.43087917596709974,-0.46027214389021803,-0.46150448188489795,-0.4367200881242752,-0.33975679372486317,-0.35207180240575003,-0.21094693096452638
p017t:TCGGATAAGTTCGGTT,p017t,Tumor,Stromal,1924,967,CB FBs,p017,-0.20615642200828643,-0.21493372602426275,-0.20678664516748452,-0.14406445690867853,-0.17349626184549444,-0.2918573941055097,-0.2801590063992669,-0.20615642200828643
p017t:TCGGATACATCCTGTC,p017t,Tumor,Stromal,2171,1137,CB FBs,p017,-0.08597337140031812,-0.27500706080499354,-0.25075309766774495,-0.05476322889860187,-0.06352801341563463,-0.17295537465497068,-0.12260504259782679,-0.08597337140031812
p017t:TCGGGCAAGTGAATAC,p017t,Tumor,Stromal,3688,1886,UC FBs,p017,0.48256295635119867,-0.02584102544553426,-0.16675465199642064,-0.12479549425901199,-0.12064356902657553,0.05718631916924527,0.05977831342641045,0.48256295635119867
p017t:TCTATACGTCTCGCGA,p017t,Tumor,Stromal,949,666,UC FBs,p017,-0.22791266882498012,-0.4036908748046476,-0.4112388167257716,-0.34056033520978324,-0.3031932672615661,0.011632679167546725,0.08369925285086913,-0.22791266882498012
p017t:TCTCAGCAGCATCTTG,p017t,Tumor,Stromal,7227,2476,CAFs,p017,-0.06298801476103172,-0.01730256261570113,-0.0017755012504938172,0.21774748148282572,0.2112608078737245,-0.025585742686924182,-0.007947325355866376,-0.06298801476103172
p017t:TCTTTGAGTATGAGCG,p017t,Tumor,Stromal,10456,3331,CB FBs,p017,-0.058354471317949914,-0.09556826375120757,-0.058232535812549474,0.08965089620917807,0.10875328266343405,-0.1533475506070413,-0.10720475600922809,-0.058354471317949914
p017t:TGACAGTCAACCCTAA,p017t,Tumor,Stromal,1364,772,MyoFBs 1,p017,-0.1719278301063337,-0.5416714048051104,-0.5192197006104923,-0.6265609321393528,-0.6168677930741809,-0.4681790152662679,-0.4525608762222178,-0.1719278301063337
p017t:TGACGCGGTGTACAGG,p017t,Tumor,Stromal,4174,1811,CB FBs,p017,0.1374861161110171,-0.06422775691109044,-0.04255697798983353,0.15250412291105914,0.15578138750306394,0.003710843230548658,0.054435685627600726,0.1374861161110171
p017t:TGAGTCATCTAAGCGT,p017t,Tumor,Stromal,1551,857,MyoFBs 1,p017,-0.1945604839565931,-0.595253373515241,-0.5832566876055264,-0.6386057548224926,-0.6168677930741809,-0.39848809524586326,-0.37467102443470673,-0.1945604839565931
p017t:TGATCAGGTGTTGACT,p017t,Tumor,Stromal,2690,1397,CB FBs,p017,-0.0705356763577775,-0.04015672237289195,-0.046161462257548073,0.11410883107051557,0.0840609795305618,-0.3089702989710005,-0.32324206732651767,-0.0705356763577775
p017t:TGATCTTGTTACGATC,p017t,Tumor,Stromal,3002,1346,CB FBs,p017,-0.18475377229614215,-0.12280896001932573,-0.08211360762758953,0.04232393136742164,0.052631730170444,-0.05760129525473243,0.006320104967145359,-0.18475377229614215
p017t:TGATCTTTCATCGCCT,p017t,Tumor,Stromal,1933,1111,UC FBs,p017,-0.1439437263302113,-0.25733312561499827,-0.29501517035248803,-0.3033607747329741,-0.323055567696344,0.03656112018384432,0.02480521517641404,-0.1439437263302113
p017t:TGCACGGAGACCATAA,p017t,Tumor,Stromal,2561,1280,CB FBs,p017,-0.1443745677865911,-0.007708560751408947,0.04088183256184182,0.019537335679847365,0.025210511805706246,-0.06047626200475191,-0.01801372906740974,-0.1443745677865911
p017t:TGCAGGCTCACATACG,p017t,Tumor,Stromal,3668,1674,CB FBs,p017,-0.10350806694151017,-0.18521642464460158,-0.14631295449486592,0.07476376293569195,0.0648954421455084,-0.19614275976231224,-0.1485203553648556,-0.10350806694151017
p017t:TGCTGAAAGAGACAAG,p017t,Tumor,Stromal,2302,1194,CB FBs,p017,-0.17245929292811638,-0.15276304339723928,-0.19599750742497968,0.010593797707436035,-0.042031476057546084,-0.17809999573387597,-0.17753204094136463,-0.17245929292811638
p017t:TGCTTCGCATGAATCC,p017t,Tumor,Stromal,5353,2281,UC FBs,p017,0.09364792335320983,-0.27296164882730467,-0.291189484025647,-0.25504494887985746,-0.24377581316891106,0.025167853738132274,0.06757132989518783,0.09364792335320983
p017t:TGGAACTGTGACACGA,p017t,Tumor,Stromal,7819,3011,UC FBs,p017,0.15397041861842012,-0.2020021835912247,-0.20125219316744222,-0.29124271725209394,-0.2648194866298243,0.16506513035611103,0.19623633824727116,0.15397041861842012
p017t:TGGAGAGTCCCGAGAC,p017t,Tumor,Stromal,4083,1882,UC FBs,p017,-0.036311349488402665,-0.1587446809423213,-0.16463206454021176,-0.38907564629097374,-0.4187208724229835,-0.10818425495373575,-0.1254204678184846,-0.036311349488402665
p017t:TGGAGGAGTCACTCTC,p017t,Tumor,Stromal,1681,937,MyoFBs 1,p017,-0.2876529603085497,-0.5093914867207712,-0.48064126192433076,-0.5471199923480043,-0.5120581831176614,-0.41333042304766804,-0.39125950844848856,-0.2876529603085497
p017t:TGGAGGATCCATTCAT,p017t,Tumor,Stromal,2628,1347,CB FBs,p017,-0.10946411492401048,-0.18632685127002852,-0.2087333608509564,0.11563554292126578,0.09512716540417006,-0.1174020119403538,-0.08141472532468684,-0.10946411492401048
p017t:TGGGCTGCACACCGCA,p017t,Tumor,Stromal,2377,1242,CCL FBs,p017,-0.026480927507866892,-0.18760824365047168,-0.16022453632024003,-0.16285948404015935,-0.1649387753676883,-0.045768968055122775,-0.005806302673676435,-0.026480927507866892
p017t:TGGTACAGTCACCACG,p017t,Tumor,Stromal,2911,1375,CCL FBs,p017,-0.011646986350809274,-0.1779706150445403,-0.1479256121305431,-0.40508171269784166,-0.4385536544371483,-0.1327995207748915,-0.09786495373529547,-0.011646986350809274
p017t:TGGTTAGAGATACGAT,p017t,Tumor,Stromal,2992,1403,CB FBs,p017,-0.1634403118177464,-0.21567336812007185,-0.18176895734377024,-0.020304696368319646,-0.0031898816137812857,-0.18380055001103565,-0.15804177221349058,-0.1634403118177464
p017t:TGTCAGACAGGGACTA,p017t,Tumor,Stromal,3336,1451,CB FBs,p017,-0.21522199424604574,-0.1338144463239884,-0.15246139812033352,-0.06562637864631049,-0.10750250804216363,-0.16152157689395705,-0.1398232936859131,-0.21522199424604574
p017t:TGTGATGAGCTGAAGC,p017t,Tumor,Stromal,4089,1658,MyoFBs 1,p017,-0.23409651991045266,-0.4501607484203212,-0.40985330639452466,-0.4695753821989103,-0.4177301587580248,-0.33786594459885044,-0.30691685606451596,-0.23409651991045266
p017t:TGTGCGGCAGTCGGAA,p017t,Tumor,Stromal,4266,2048,CB FBs,p017,-0.09393921726497642,-0.11046738181339234,-0.06758231328936612,-0.0446404284246418,-0.0509684165983006,-0.13460371949170766,-0.1257462185971877,-0.09393921726497642
p017t:TGTTCATGTAACTTCG,p017t,Tumor,Stromal,2817,1347,MyoFBs 1,p017,-0.25750034462595195,-0.4253958684905451,-0.38025625477113373,-0.5627717608395888,-0.5322038162239763,-0.3017425781802127,-0.26654368183192084,-0.25750034462595195
p017t:TGTTCCGAGACCAAAT,p017t,Tumor,Stromal,5286,2206,CB FBs,p017,0.114347999065853,-0.3300265327704196,-0.35447045851771425,-0.24172778638573933,-0.288530238124347,-0.17106855354811015,-0.17893520979320302,0.114347999065853
p017t:TGTTCCGTCGACGATT,p017t,Tumor,Stromal,6853,2352,CB FBs,p017,0.09771181162642806,-0.03979443089694393,0.02772791374747346,0.16589187313707507,0.20474539333304695,-0.04750003108852788,0.006738153100013733,0.09771181162642806
p017t:TGTTGGATCCTTATAC,p017t,Tumor,Stromal,1964,1052,MyoFBs 1,p017,-0.14046100915916132,-0.4360194673799739,-0.41535787457009643,-0.5747166929044285,-0.5459857630695022,-0.3901906038585462,-0.36539735759005826,-0.14046100915916132
p017t:TTACAGGTCTGCGGAC,p017t,Tumor,Stromal,1388,800,MyoFBs 1,p017,-0.26063361891398307,-0.45293222375366154,-0.41316555740266314,-0.5343170496730172,-0.5080611434613549,-0.417029586748073,-0.3953938678783529,-0.26063361891398307
p017t:TTACCATGTAAGTTGA,p017t,Tumor,Stromal,3038,1481,UC FBs,p017,0.05299686954209679,-0.20223204875174833,-0.253808965315906,-0.042747613650803665,-0.07010886203064474,0.024615386598988584,0.009591810142292696,0.05299686954209679
p017t:TTACCGCGTGCATTTG,p017t,Tumor,Stromal,1711,936,MyoFBs 1,p017,-0.260686682602554,-0.4557257765257845,-0.44035426681724993,-0.6305740775958616,-0.6168677930741809,-0.46533296610179703,-0.4493799977442797,-0.260686682602554
p017t:TTACGCCAGTACAGAT,p017t,Tumor,Stromal,2854,1495,UC FBs,p017,0.13125110682296126,-0.2902872774521915,-0.3068981373273745,-0.41974662084664616,-0.40856951223902926,-0.10781454600785909,-0.12385260462760925,0.13125110682296126
p017t:TTACGTTCAACTGTGT,p017t,Tumor,Stromal,1552,915,MyoFBs 1,p017,-0.05904138601474922,-0.545876610263878,-0.5242454339636535,-0.6148179723139928,-0.5917690825150457,-0.4880797561846281,-0.4748028807780322,-0.05904138601474922
p017t:TTACTGTGTGTAAATG,p017t,Tumor,Stromal,2266,1024,CB FBs,p017,-0.058611276347124784,-0.09703743054854627,-0.076169038963754,0.01426452574111065,0.01417294742409573,-0.1455459243372867,-0.09197095106629764,-0.058611276347124784
p017t:TTAGGGTAGCATTGTC,p017t,Tumor,Stromal,1925,1073,UC FBs,p017,-0.023047837608477527,-0.29969610251030143,-0.2695095652668941,-0.3913355091852801,-0.3839677169399206,-0.018630986621505335,0.02521757606197806,-0.023047837608477527
p017t:TTAGTCTAGAAGCGCT,p017t,Tumor,Stromal,6931,3026,UC FBs,p017,0.12215273487463332,-0.30386576968796397,-0.28732354457422,-0.38711960495886755,-0.38671809361251286,0.035421005989375864,0.06515471707372104,0.12215273487463332
p017t:TTCAGGAAGTTGGACG,p017t,Tumor,Stromal,3543,1587,CB FBs,p017,-0.03346216361642929,0.1110679270433528,0.1543254634683452,0.17454553099007022,0.205481193699809,-0.1493261522368381,-0.13294095361933989,-0.03346216361642929
p017t:TTCATTGAGATTGTGA,p017t,Tumor,Stromal,4515,1931,CB FBs,p017,0.07056773677795079,-0.053548800625971386,-0.034480332147057466,0.09481567418088718,0.06803209213323372,-0.33440210819244387,-0.3272262219120474,0.07056773677795079
p017t:TTCCGTGAGTAAGCAT,p017t,Tumor,Stromal,2538,1319,UC FBs,p017,-0.05618044567343436,-0.4064592634688835,-0.4348447921617729,-0.5284525102042422,-0.5207739471522874,-0.06611487394885013,-0.025628917357500863,-0.05618044567343436
p017t:TTCCTTCTCATTATCC,p017t,Tumor,Stromal,2583,1450,UC FBs,p017,0.10175066222355031,-0.36648486094663335,-0.38067628506843637,-0.35401914599446616,-0.3375848799424116,-0.04549425793321509,-0.05218396993244395,0.10175066222355031
p017t:TTCTGTAGTTCTAAGC,p017t,Tumor,Stromal,1723,861,CB FBs,p017,-0.1503942779739175,-0.18439701055081523,-0.23532713849733516,-0.11779325903982532,-0.11211452173978784,-0.13162059815306412,-0.10100773362552419,-0.1503942779739175
p017t:TTGAACGTCCTACCGT,p017t,Tumor,Stromal,5048,2074,UC FBs,p017,0.10282972719716399,-0.0017978540640704486,-0.007898998060604422,-0.1905496178993157,-0.2510558838934399,0.05540326284734826,0.019040036727400386,0.10282972719716399
p017t:TTGCATTAGGATGAGA,p017t,Tumor,Stromal,8770,3083,MyoFBs 1,p017,0.9137234631272262,-0.3203865100382542,-0.4186677317612055,-0.5348132566967029,-0.4962091339687102,-0.20312002175732663,-0.22997139341690961,0.9137234631272262
p017t:TTGCCTGGTCAACCAT,p017t,Tumor,Stromal,3932,1721,UC FBs,p017,0.06783413838006948,-0.22594920671259872,-0.27776191429030606,-0.0469869320870054,-0.12677495328839436,0.02229998927367361,-0.01486090526861303,0.06783413838006948
p017t:TTGGGTAGTGGTGATG,p017t,Tumor,Stromal,3505,1708,CB FBs,p017,-0.12102344851091243,-0.11487866231069273,-0.11488282562392514,-0.020028709985163748,-0.05151051412834678,0.005464195577721847,0.0261851966381073,-0.12102344851091243
p017t:TTGGTTTCATTCTCCG,p017t,Tumor,Stromal,2024,1151,CB FBs,p017,-0.24017952366225553,-0.22442912439606627,-0.2054661135302811,-0.11890710715432556,-0.13731447997134785,-0.11523996152375873,-0.07539571471074048,-0.24017952366225553
p017t:TTGGTTTTCTCTATAC,p017t,Tumor,Stromal,5554,2113,UC FBs,p017,0.17152096706916364,-0.15780753406639003,-0.2149932746116708,-0.2334692765559469,-0.31257815286517143,0.019179579145029973,-0.02583421118119184,0.17152096706916364
p017t:TTGTGTTAGAGGTTAT,p017t,Tumor,Stromal,4532,1736,CB FBs,p017,0.019514247415619985,-0.06084871132458959,-0.05743871438430577,0.06924540397464013,0.02735723711030428,-0.24269013655813118,-0.25755545391755946,0.019514247415619985
p017t:TTGTGTTCAATCGCCG,p017t,Tumor,Stromal,3361,1411,CB FBs,p017,-0.05308818199524754,-0.1728006369073172,-0.14747887568139448,0.07710511309607905,0.0400775023844353,-0.29087859909785424,-0.30156686288468976,-0.05308818199524754
p017t:TTTCAGTAGAAGGGAT,p017t,Tumor,Stromal,3807,1598,CCL FBs,p017,0.19652310278462737,-0.035018804806227585,-0.062342010347581495,-0.15002243684566752,-0.22659472679329473,0.0103290551587155,-0.040615443972980274,0.19652310278462737
p017t:TTTCATGTCTTGGATG,p017t,Tumor,Stromal,1347,771,CB FBs,p017,-0.19554613096018633,-0.2651359039757933,-0.22405891947266532,-0.22458665399831168,-0.19560517396691235,-0.1528593825666528,-0.1001448161461774,-0.19554613096018633
p017t:TTTGACTAGGCGACAT,p017t,Tumor,Stromal,2850,1278,CB FBs,p017,-0.17357415402014004,-0.24124794529408825,-0.25408873498076345,-0.21898922780338598,-0.27176002005851546,-0.3384935406869964,-0.32223720291958136,-0.17357415402014004
p017t:TTTGACTCAAAGTATG,p017t,Tumor,Stromal,2574,1156,MyoFBs 1,p017,0.025687799543926592,-0.5027477329938995,-0.47270116600685,-0.5892881993584487,-0.550239336265381,-0.3923145143609298,-0.3677711399162517,0.025687799543926592
p021t:AAACCCAAGGCAGCTA,p021t,Tumor,Stromal,5985,2230,CAFs,p021,-0.12904722357920387,0.3154116080579709,0.3173847677322423,0.5603547393895534,0.5663370219340851,0.0358499866469126,0.06870973924284472,-0.12904722357920387
p021t:AAACGAAGTCACTAGT,p021t,Tumor,Stromal,21532,4409,CAFs,p021,0.023447877318974127,0.7129649627592642,0.6381107283097397,0.4148347715999247,0.42523453063006666,0.25415226095601134,0.2459590287769542,0.023447877318974127
p021t:AAAGGGCTCGCCATAA,p021t,Tumor,Stromal,7124,2462,CAFs,p021,-0.08545336981810499,0.6160035605295276,0.611234050743827,0.6299825191725882,0.6063545401273078,0.28267882983935505,0.2972475460347007,-0.08545336981810499
p021t:AAAGTCCAGCGTATGG,p021t,Tumor,Stromal,16106,3940,CAFs,p021,0.16823153451019734,0.42127902788224114,0.32141818421347657,0.3198671360931963,0.24660354569320145,0.24891723505019112,0.18299806951647898,0.16823153451019734
p021t:AACCAACGTCAAACGG,p021t,Tumor,Stromal,14121,3527,CAFs,p021,0.09906483140545325,0.41734444190348896,0.41836353473183585,0.43110755340633344,0.3680630526830291,0.12240571701212934,0.18920637185082717,0.09906483140545325
p021t:AACGAAAGTATGTCTG,p021t,Tumor,Stromal,14773,3870,CAFs,p021,0.07069211452382437,0.6139043715155247,0.5302306064290971,0.4079683808875935,0.3009147145460511,0.12224524774049458,0.05941867617999806,0.07069211452382437
p021t:AAGTCGTGTCTCACAA,p021t,Tumor,Stromal,23488,4757,CAFs,p021,0.10573582040766875,0.7732083904842029,0.7769831529159735,0.5816105767248236,0.5880256363212369,0.3028748734903179,0.3117764553493437,0.10573582040766875
p021t:AATAGAGTCCATCCGT,p021t,Tumor,Stromal,1349,858,UC FBs,p021,-0.3289983550642143,0.10072312131524086,0.11661959939250131,-0.007392114446479447,0.032376554556364234,-0.0672265118674228,-0.06506181113860186,-0.3289983550642143
p021t:AGATCGTCAAATGAGT,p021t,Tumor,Stromal,15761,3958,CAFs,p021,-0.0016444701897470576,0.3699375861894567,0.38870839609923524,0.539875572917945,0.5283972717020228,0.01474858238116691,0.006790304687969825,-0.0016444701897470576
p021t:ATGCCTCAGCTGAGTG,p021t,Tumor,Stromal,25966,4924,CAFs,p021,-0.006841058654939397,0.67661812572683,0.6420612836188477,0.6346134113472155,0.6574907778893586,0.218604442298927,0.21176344095797772,-0.006841058654939397
p021t:CCGGTGACATAATGCC,p021t,Tumor,Stromal,27371,4898,CAFs,p021,-0.02603293657956416,0.5536637159862688,0.5379291300366564,0.5741657126618891,0.5269876036273186,0.09810109416905202,0.06763059602064245,-0.02603293657956416
p021t:CCTCATGTCCACAGCG,p021t,Tumor,Stromal,21430,4066,CAFs,p021,0.1379890987943662,0.7861407882277378,0.542907598490895,0.4460262690376186,0.34238963772889314,0.2634129959844837,0.15221228708567866,0.1379890987943662
p021t:CCTCCTCTCGACTCCT,p021t,Tumor,Stromal,16729,4236,CAFs,p021,0.10779544542821352,0.7412190197833947,0.8306487121778291,0.8855058524985703,0.929260689245407,0.1726532264759666,0.18724305717384113,0.10779544542821352
p021t:CCTTGTGCATCTCCCA,p021t,Tumor,Stromal,10005,3166,CAFs,p021,0.1769423907328593,0.8116257395215181,0.7486971127005612,0.9564390640553772,0.8832841894134532,0.24246862424831642,0.13387698956272182,0.1769423907328593
p021t:CGAGAAGAGTGAACAT,p021t,Tumor,Stromal,7338,2679,MyoFBs 1,p021,-0.09135663120500874,-0.42097807409507887,-0.37497645171313754,-0.40613800545736234,-0.35675055741570716,-0.28174082087843044,-0.2441887766122818,-0.09135663120500874
p021t:CGTAAGTGTCATGACT,p021t,Tumor,Stromal,6404,2436,CAFs,p021,-0.053430474747233746,0.3911964637512455,0.40923299077080516,0.3598104720098936,0.35369529022813534,0.058361302394615976,0.08745554001892314,-0.053430474747233746
p021t:CTCAACCAGCCGAACA,p021t,Tumor,Stromal,16809,4249,CAFs,p021,0.023621264146640897,0.5950404331278132,0.7088567049628715,0.7255160551594229,0.7899374173477639,0.11779439551265616,0.1316332270993906,0.023621264146640897
p021t:CTGGACGAGGTATTGA,p021t,Tumor,Stromal,15231,3768,CAFs,p021,0.01979909780876417,0.28725761825180784,0.290668629427872,0.37886549234010125,0.3902588511578912,0.16368815887131188,0.1963451801415752,0.01979909780876417
p021t:CTTACCGGTGCGTGCT,p021t,Tumor,Stromal,5289,2126,CAFs,p021,-0.11871353272152574,0.6222429952907319,0.5434042327105999,0.4845183132102295,0.48798713391256887,0.1171681506069083,-0.0011794134097940783,-0.11871353272152574
p021t:CTTCAATGTCCGGATC,p021t,Tumor,Stromal,26229,4866,CAFs,p021,0.014517871401550477,0.4632339638334756,0.4967656034249358,0.5748171783527549,0.591724373226942,-0.03660985949008088,-0.045506536390851525,0.014517871401550477
p021t:CTTCGGTAGGCGTTAG,p021t,Tumor,Stromal,19068,4178,CAFs,p021,0.055924145798934136,0.5485425872766242,0.4851360398049398,0.3261701553033627,0.28822714558174445,0.05625532035176691,0.015635550361784066,0.055924145798934136
p021t:GAGTTACCAAGCGAGT,p021t,Tumor,Stromal,17404,4072,CAFs,p021,-0.0644668213055028,0.504958829519396,0.5821177510135784,0.5246958038484564,0.5384543862973534,0.28792108579685816,0.3111406610292547,-0.0644668213055028
p021t:GATAGCTCAGTCAACT,p021t,Tumor,Stromal,15309,4537,CAFs,p021,-0.06370532540441082,0.366678674914399,0.4178067332179081,0.36882429235443775,0.3907316264718078,0.04810186538257097,0.05547250991358477,-0.06370532540441082
p021t:GATTTCTAGCATCTTG,p021t,Tumor,Stromal,22319,4901,CAFs,p021,0.08662703303260762,0.6542158911482203,0.6533085144218626,0.726087439045006,0.7248253904629586,0.38058540762867776,0.37165778389556664,0.08662703303260762
p021t:GCCAGGTCAGGTACGA,p021t,Tumor,Stromal,17615,4036,CAFs,p021,0.09230984619608264,0.5037822117037092,0.5451621231963721,0.6246154729748497,0.6192241098493511,0.1952058659553969,0.1919787732993855,0.09230984619608264
p021t:GGGAGTAGTACGTGTT,p021t,Tumor,Stromal,25832,4814,CAFs,p021,0.04184002269124776,0.7663526218004373,0.6827470459407423,0.5271753680616693,0.5142135040152298,0.17643879424584538,0.09193393088438932,0.04184002269124776
p021t:GGTCACGGTTCTTAGG,p021t,Tumor,Stromal,27452,3036,MyoFBs 1,p021,-0.11705725100871764,-0.5287073533601907,-0.5156297315729828,-0.5861839222512684,-0.5644742121356864,-0.4117144564656835,-0.3894534281509764,-0.11705725100871764
p021t:GGTGAAGAGACTTCGT,p021t,Tumor,Stromal,2398,1297,CAFs,p021,0.27415271747138414,0.9738961988109716,0.7686003774586248,0.19739877915351975,0.1559751797034297,0.38626357756162943,0.1773410001221825,0.27415271747138414
p021t:GGTTAACGTACGGATG,p021t,Tumor,Stromal,15927,3768,CAFs,p021,0.11128279949097257,0.5732248649523802,0.5271585502991135,0.3477143014648131,0.32367810936168184,0.276439045565693,0.18341566280407065,0.11128279949097257
p021t:GGTTCTCAGTGATTCC,p021t,Tumor,Stromal,5429,2247,CAFs,p021,0.037483194385442814,0.8624872816916631,0.8374930917308098,0.7132406556332598,0.671120032581479,0.2632930745419703,0.23663762588711346,0.037483194385442814
p021t:GTCAGCGCAGGAAGTC,p021t,Tumor,Stromal,5850,2139,CAFs,p021,-0.01754675939548434,0.6705935230212552,0.6945115412335571,0.6649926199140598,0.6745282832619756,0.29742046249540227,0.18362780248417573,-0.01754675939548434
p021t:GTGAGTTCACTGGCCA,p021t,Tumor,Stromal,4854,1962,CAFs,p021,-0.11606319964324173,0.699186058752999,0.6789989863045331,0.6735475762766234,0.6971746833865032,0.2740555143670032,0.2686591616448234,-0.11606319964324173
p021t:GTGCGTGTCGACGCTG,p021t,Tumor,Stromal,2888,1449,CAFs,p021,0.008246015071084625,0.5891457559654907,0.668038759017136,0.7165360535133858,0.8196015213291312,0.22413147515372225,0.1559462927720126,0.008246015071084625
p021t:TATACCTTCATCTACT,p021t,Tumor,Stromal,2310,1227,UC FBs,p021,-0.07662439173120156,0.2611177347182315,0.30321313704295855,0.325618443934589,0.35673315000048905,-0.0209379498699778,0.007557391419130213,-0.07662439173120156
p021t:TATTGGGAGTAGTCTC,p021t,Tumor,Stromal,21096,4349,CAFs,p021,0.11018551031552386,0.6560094685148808,0.5603952526168829,0.6203930846650667,0.5467226425345533,0.18755399208319815,0.1134471817928202,0.11018551031552386
p021t:TCATTGTAGCTTGTTG,p021t,Tumor,Stromal,13555,3873,CAFs,p021,0.22865397404683263,0.5068214100462441,0.39929662785697273,0.4622870264955017,0.39778063595728125,0.48220772535393114,0.4399547960390063,0.22865397404683263
p021t:TCGAACAGTAAGCGGT,p021t,Tumor,Stromal,18958,4316,CAFs,p021,0.15909315814701186,0.8662254249258917,0.7010928609567445,0.5644764674789443,0.5486057416730842,0.30340331788910063,0.14856198110124644,0.15909315814701186
p021t:TGCAGATGTGACCTGC,p021t,Tumor,Stromal,2853,1476,CAFs,p021,0.18518555834235853,0.8322821351490459,0.6671040633284464,0.4868250803223678,0.4982493666195592,0.16947373873309085,0.03916185883914723,0.18518555834235853
p021t:TGTGCGGCAGCTGTCG,p021t,Tumor,Stromal,19107,4322,CAFs,p021,0.29862093265380774,0.9990924025828741,0.907939853737267,0.6544452203551725,0.599581232121171,0.29795656112071717,0.18694333138273042,0.29862093265380774
p021t:TGTTCTATCCATTGTT,p021t,Tumor,Stromal,15234,4128,CAFs,p021,0.015500847413613085,0.19529363665045524,0.11762457822517651,0.12955302093415616,0.10411931067802618,0.14595046468863362,0.14598091115408085,0.015500847413613085
p021t:TTAATCCGTACTGACT,p021t,Tumor,Stromal,19514,4780,CAFs,p021,0.06776427513543974,0.48245522638364713,0.5151200256333118,0.6246677385453059,0.6067520568017349,0.26826114134961054,0.2168615023660309,0.06776427513543974
p021t:TTCCACGGTAATCAAG,p021t,Tumor,Stromal,14034,3578,CAFs,p021,0.10976758282304856,0.7554600860600417,0.711632155052318,0.5920000723183003,0.5297947433170711,0.25675021919764973,0.2055378530831898,0.10976758282304856
p021t:TTCGATTTCTGAGATC,p021t,Tumor,Stromal,16708,4052,CAFs,p021,0.13528865264532597,0.5135559325999751,0.47088988397906467,0.44586960062840764,0.47652332138183506,0.04640731305668228,-0.03268777316107469,0.13528865264532597
p021t:TTGAGTGGTTTACCAG,p021t,Tumor,Stromal,14492,4037,MyoFBs 1,p021,0.007582068704722221,-0.2626165964887763,-0.2513982505742006,-0.3229542133797492,-0.31338870605497166,-0.17328398451209068,-0.14686312324860518,0.007582068704722221
p026t:AAAGGATGTTTCGTGA,p026t,Tumor,Stromal,3013,1421,MyoFBs 1,p026,-0.02208426290828931,-0.40314633680545553,-0.3779401124068877,-0.5539771749504975,-0.5318691642998263,-0.31244369619771056,-0.27850375491030077,-0.02208426290828931
p026t:AACAACCTCAGCAATC,p026t,Tumor,Stromal,8113,2948,CAFs,p026,0.08149397977742187,0.1802949277608066,0.2240569415479535,0.2575408713892102,0.26346167672945314,0.20321454719493265,0.16344553968485664,0.08149397977742187
p026t:AAGCATCAGCCGATCC,p026t,Tumor,Stromal,3186,1497,CCL FBs,p026,0.09313136460096166,-0.26917233143229874,-0.3136706205948097,-0.30957452413074826,-0.338818026923163,0.09592501254458176,0.057188801204457004,0.09313136460096166
p026t:AAGCATCCAGACCGCT,p026t,Tumor,Stromal,34906,4476,CAFs,p026,-0.0926019459668743,-0.20774231562200857,-0.19105978909789062,-0.14021461005607733,-0.11846323749916844,0.01122228581654398,0.0024414402597090776,-0.0926019459668743
p026t:AAGTACCAGAAGGATG,p026t,Tumor,Stromal,5582,2272,MyoFBs 1,p026,-0.1945816724512138,-0.39228679292968344,-0.35956334513498517,-0.590741714272572,-0.5571021298163159,-0.2566223640190928,-0.21611520718125737,-0.1945816724512138
p026t:AATCACGGTCACTTCC,p026t,Tumor,Stromal,5416,2173,CB FBs,p026,-0.06458276029872267,0.014083218589729192,0.04353401355627107,-0.14090660825960946,-0.15554140728551807,-0.07617072298338538,-0.029441121921819798,-0.06458276029872267
p026t:AATGAAGTCGCCTAGG,p026t,Tumor,Stromal,8071,2724,CCL FBs,p026,0.1814546291307922,-0.08055752272508582,-0.11021422231342734,-0.24099172917859896,-0.3017121737952842,0.029999060928821562,0.026052773437079263,0.1814546291307922
p026t:AATTTCCCAGACCTAT,p026t,Tumor,Stromal,7330,2736,CCL FBs,p026,0.270018130050678,-0.038953326832579106,-0.10612824654615508,-0.008143859440270735,-0.046009496937310976,0.3594224149459287,0.3377270292709855,0.270018130050678
p026t:ACAGAAAGTGTTCATG,p026t,Tumor,Stromal,1404,937,CB FBs,p026,-0.023281709928261608,-0.23471228329806912,-0.24555915039850446,-0.138878696807185,-0.14229209608463353,-0.18312100203413711,-0.20715581879896275,-0.023281709928261608
p026t:ACGGTCGAGACATACA,p026t,Tumor,Stromal,10170,3271,CB FBs,p026,0.08118761471358307,0.029317836951920574,0.035708324767921754,0.15768140695076815,0.11937291461021401,0.04921997746354655,0.023614656180143356,0.08118761471358307
p026t:ACTGTGAAGCACCAGA,p026t,Tumor,Stromal,990,643,CB FBs,p026,-0.20765211586758756,-0.32254527167094,-0.3153325398339004,-0.2307514781702538,-0.2118477113544941,-0.21534670246274848,-0.19334857744329115,-0.20765211586758756
p026t:AGAACAAAGGAGAATG,p026t,Tumor,Stromal,5484,2152,CB FBs,p026,0.08605336623364374,0.10412662423082761,0.06395710286934202,0.22039982433221778,0.22078599191682283,0.032389894127845764,-0.014124588580692515,0.08605336623364374
p026t:AGACCCGAGGGACAGG,p026t,Tumor,Stromal,3838,1762,CAFs,p026,-0.1078780553254642,0.46717991702714745,0.49071320646056316,0.18771270312825028,0.2030663505023302,-0.09376492500305175,-0.1449987951446982,-0.1078780553254642
p026t:AGATCGTCATGAAGGC,p026t,Tumor,Stromal,5448,2215,UC FBs,p026,0.05771699250397975,-0.0007814724682545176,-0.04146430977597469,-0.08512756924087904,-0.13237864294544208,0.30326907948443765,0.216374387811212,0.05771699250397975
p026t:AGATGAACAGCCGTCA,p026t,Tumor,Stromal,3133,1607,CCL FBs,p026,0.04411486211935418,-0.3047953842549908,-0.3625326375590592,-0.36213963575737207,-0.4301183869802328,0.03942201984556098,0.08071943205945632,0.04411486211935418
p026t:AGCCAGCGTTGCGGCT,p026t,Tumor,Stromal,7331,2657,CCL FBs,p026,0.27283252380265477,0.032216367653894185,0.003675079768205561,0.02351237645334735,-0.006404965271263621,0.08882288103433032,0.036841484794721886,0.27283252380265477
p026t:AGGTCTAAGGAGGGTG,p026t,Tumor,Stromal,5272,2204,UC FBs,p026,0.200136646187227,-0.25739794505798086,-0.23273838556757787,-0.36909653512494905,-0.32374595114311505,0.4396644099762565,0.48220224696047165,0.200136646187227
p026t:AGTAGCTAGCACTTTG,p026t,Tumor,Stromal,8030,3147,CAFs,p026,0.20542922475489608,0.4822234736223306,0.543112796958445,0.7400964037990387,0.7497115227242195,0.17093363412116702,0.16044903301140842,0.20542922475489608
p026t:AGTCTCCCATGCTGCG,p026t,Tumor,Stromal,5053,2096,MyoFBs 1,p026,-0.19333137294048802,-0.4607721680433166,-0.422535246919568,-0.53119085350416,-0.4974701624786005,-0.3278001731947849,-0.29566687625997207,-0.19333137294048802
p026t:AGTTCGAAGTTGAAAC,p026t,Tumor,Stromal,11395,3350,CB FBs,p026,-0.021855805461343965,0.29793076844391775,0.3751197055709071,0.27825339254448,0.28633592700109234,0.025517823821619937,0.07049019433119717,-0.021855805461343965
p026t:ATACCGACAATCCAGT,p026t,Tumor,Stromal,8801,2946,CAFs,p026,0.228238753320878,0.7296766603783685,0.6835312965076145,0.6639455257325756,0.6325944979176965,0.25039181924964254,0.21642280181541163,0.228238753320878
p026t:ATCACTTGTGACTCGC,p026t,Tumor,Stromal,5855,2392,CAFs,p026,-0.13212563076032033,0.17084789080592822,0.20243566328795945,0.5636664192044956,0.5650059175352717,0.24555169438060961,0.25805268568151135,-0.13212563076032033
p026t:ATCATTCAGAGAACCC,p026t,Tumor,Stromal,3410,1457,MyoFBs 1,p026,0.03581477021961881,-0.3701096148971392,-0.3504254290061753,-0.4145109163103055,-0.3911394760185896,-0.1874865356244539,-0.138845751916661,0.03581477021961881
p026t:ATCGGATAGCGGGTTA,p026t,Tumor,Stromal,3140,1468,MyoFBs 1,p026,-0.19509147365757248,-0.47051681616172497,-0.43418128979278775,-0.5425219317632062,-0.4853510736206243,-0.4284990869070354,-0.4082127209971933,-0.19509147365757248
p026t:ATCGGCGAGTGCAGCA,p026t,Tumor,Stromal,4254,2057,CAFs,p026,-0.10735538030010566,0.1109362465842646,0.1584362279532886,0.4845222933407949,0.5148658018645852,0.005966156721115112,-0.007050140465007109,-0.10735538030010566
p026t:ATTGTTCAGAGTATAC,p026t,Tumor,Stromal,7437,2657,MyoFBs 1,p026,-0.09551667036455974,-0.4440883899604122,-0.40259609750341396,-0.5047861730872312,-0.4865680085021331,-0.28436150638705215,-0.24711777806309435,-0.09551667036455974
p026t:CAAAGAACAACTCCAA,p026t,Tumor,Stromal,5576,2266,CB FBs,p026,0.04974447475060036,0.18106479167330022,0.21186616308078532,0.2013614855288547,0.19707072641007428,0.04775070316697422,0.002500047622358098,0.04974447475060036
p026t:CAACAACGTGTAAACA,p026t,Tumor,Stromal,11857,3844,UC FBs,p026,0.09479777651773602,-0.0691519546303518,-0.028629010066208316,-0.16985404828375641,-0.1394817512326733,0.7116581440756196,0.7643273050294203,0.09479777651773602
p026t:CAACCAAAGGTAAACT,p026t,Tumor,Stromal,21445,4981,CAFs,p026,0.18801328832316294,0.5516339786236688,0.5832658925479869,0.620002989714243,0.6327312122813837,0.4874654911850628,0.48838918217841315,0.18801328832316294
p026t:CAACCAACAGTGGTGA,p026t,Tumor,Stromal,1985,1050,CCL FBs,p026,-0.15463559130174026,-0.22552570221679552,-0.16279535567978534,-0.39446728851418106,-0.4031386585949465,-0.16031121454740827,-0.10847333424231585,-0.15463559130174026
p026t:CAAGCTACATATAGCC,p026t,Tumor,Stromal,7165,2531,CB FBs,p026,0.006359251673545754,-0.02736210683360696,0.0024385910435784156,0.04501693979932033,0.02153554327006257,-0.11525891263430056,-0.130479802958229,0.006359251673545754
p026t:CACAACAGTTTGAAAG,p026t,Tumor,Stromal,18046,2925,CAFs,p026,-0.12855019936697526,-0.08757661309625421,-0.08879622212815576,-0.08887656430514264,-0.11047641259650591,-0.06830169736946884,-0.05999625114833607,-0.12855019936697526
p026t:CACAGATTCTCGGTCT,p026t,Tumor,Stromal,4328,2077,CCL FBs,p026,0.08184205270127247,-0.1867117180051852,-0.21312507868903438,-0.15689159572428588,-0.21976211103935575,0.022087582475260683,0.062439279871828415,0.08184205270127247
p026t:CACTTCGCAAGTTCCA,p026t,Tumor,Stromal,6305,2427,MyoFBs 1,p026,-0.15872787177693426,-0.4595288093753007,-0.4210492816821831,-0.5066271873038947,-0.47434280520348354,-0.35510156170318,-0.3261801928281784,-0.15872787177693426
p026t:CATCCCAAGGTTCCGC,p026t,Tumor,Stromal,7287,2814,CAFs,p026,0.0017647429843220795,0.45998943407012494,0.5611212503437589,0.34650197561488166,0.32741801887967215,0.2210923598000878,0.2578463463222279,0.0017647429843220795
p026t:CATTGTTGTGCTGATT,p026t,Tumor,Stromal,10928,3462,CAFs,p026,-0.08905155574412722,0.38091916484492166,0.504095402796094,0.16255716375094287,0.21107160702867564,0.6834788683409754,0.7214373890310526,-0.08905155574412722
p026t:CCAAGCGGTTTACTTC,p026t,Tumor,Stromal,1387,837,CB FBs,p026,-0.19565177921271115,-0.19985509945117697,-0.17974076610876294,-0.105657624270843,-0.10802429732541706,-0.25154219426606833,-0.2538748471175923,-0.19565177921271115
p026t:CCGTGAGTCAGTGTGT,p026t,Tumor,Stromal,5148,2102,CCL FBs,p026,0.015759544414386414,-0.006695894486441904,-0.0427667156043576,-0.08958640839068258,-0.1504067652967087,0.2407772509675277,0.2033536847899942,0.015759544414386414
p026t:CCTATCGGTTCAGTAC,p026t,Tumor,Stromal,11105,2938,CB FBs,p026,0.034601951908450904,-0.07965338416397572,-0.035925789849787226,-0.07871528197916186,-0.11252649652576724,0.13668546197004616,0.15978283346082797,0.034601951908450904
p026t:CGAAGTTTCCTTATGT,p026t,Tumor,Stromal,22414,3486,CAFs,p026,-0.12261343623201053,-0.1900653957712407,-0.1774698138782164,-0.20637206706617559,-0.19092497688739798,-0.1452341960154866,-0.17006977039444096,-0.12261343623201053
p026t:CGCCATTGTCTAGTGT,p026t,Tumor,Stromal,14104,4084,MyoFBs 2,p026,0.034486725035924135,-0.2814413401279218,-0.27893083846968847,-0.1440250280940411,-0.16740420915532944,-0.01273616752342174,0.01787480611134978,0.034486725035924135
p026t:CGGGTCATCTACCAGA,p026t,Tumor,Stromal,7119,2550,CCL FBs,p026,0.2536358761584811,-0.0820508748411714,-0.05977281046713271,-0.13411965566373676,-0.18267826445747254,0.1804794989991933,0.17147963047027587,0.2536358761584811
p026t:CGTAAGTAGTCTTCCC,p026t,Tumor,Stromal,2045,1187,UC FBs,p026,-0.09610403809500367,-0.12763935819800412,-0.06805567591019519,-0.07074526049272746,-0.05678714675352324,-0.07691343207108348,-0.08955287337303161,-0.09610403809500367
p026t:CTACTATTCTAATTCC,p026t,Tumor,Stromal,16898,4657,CAFs,p026,0.20682029285174058,0.43265467794726087,0.3746456468432415,0.4273237947146503,0.4050369655583487,0.16945309938960953,0.04110992721774999,0.20682029285174058
p026t:CTATCCGCACCAGACC,p026t,Tumor,Stromal,8657,3149,CB FBs,p026,0.06295602131438882,-0.03780096829441205,-0.04066123758022469,0.045166331818517376,0.011116345521322516,0.08049720981354384,0.058780183344531584,0.06295602131438882
p026t:CTCACTGTCCTTGAAG,p026t,Tumor,Stromal,13546,3691,CB FBs,p026,0.1050199202604984,0.030155085796984483,0.03250771303229579,0.20138532612282706,0.2018367759558524,0.03721398671990947,0.02517097145318985,0.1050199202604984
p026t:CTTCCTTGTCGCATTA,p026t,Tumor,Stromal,4430,2102,CCL FBs,p026,0.06057515207743436,-0.17934129478371874,-0.18836570058653995,-0.059835085911410194,-0.06825655300256818,0.1116066857388145,0.15014306692516102,0.06057515207743436
p026t:GAGACTTAGTTTAGGA,p026t,Tumor,Stromal,8382,2757,CCL FBs,p026,0.23261729252050845,-0.1272144058377159,-0.17330026099594628,-0.19370187545309261,-0.22888918723477875,0.1687205350712726,0.14756683882545021,0.23261729252050845
p026t:GAGTTACCACACGGTC,p026t,Tumor,Stromal,3249,1636,MyoFBs 1,p026,-0.27437917139838663,-0.542048341385564,-0.51967018579201,-0.5184392542103116,-0.4681841619312763,-0.27234014931478,-0.2336821436882019,-0.27437917139838663
p026t:GCACTAAAGGCTTAAA,p026t,Tumor,Stromal,7486,3062,CB FBs,p026,0.04261239095215212,-0.027294718156739766,0.005022579656414143,0.1466276367404023,0.1464797316422296,-0.05685551892966032,-0.048462727895992645,0.04261239095215212
p026t:GCGGAAAAGACTACGG,p026t,Tumor,Stromal,3856,1887,UC FBs,p026,-0.08540941470939863,-0.08533815324914698,-0.0849081096125812,-0.06769078186884218,-0.037990575179804205,0.5097974996033467,0.4731842673000167,-0.08540941470939863
p026t:GCTTCACTCAATCGGT,p026t,Tumor,Stromal,3577,1734,CB FBs,p026,-0.10317174917119637,-0.07919756900899265,-0.06279093735828632,0.1595192523483111,0.1573194146676119,-0.0899866208434105,-0.11632322081748177,-0.10317174917119637
p026t:GGAATCTGTCGAGTGA,p026t,Tumor,Stromal,2283,1313,MyoFBs 1,p026,-0.15323478346200367,-0.5003899414168329,-0.49074849259199166,-0.6032771242364329,-0.5739509088182172,-0.4682755809081228,-0.4526688025278204,-0.15323478346200367
p026t:GGCTGTGCACGAGAAC,p026t,Tumor,Stromal,6087,2365,CAFs,p026,0.06026979493336719,0.5361946155602226,0.5220105721183667,0.6097466920559503,0.6300040305873682,0.210585144520002,0.2011044164407341,0.06026979493336719
p026t:GGCTTGGCATGGAACG,p026t,Tumor,Stromal,1869,1111,CB FBs,p026,0.12734055470087027,-0.07774333496178899,-0.14543758432676152,0.05619374290108681,-0.014653177715318148,0.00047471617397509125,-0.06517507609199075,0.12734055470087027
p026t:GGGCTACTCTAGCCTC,p026t,Tumor,Stromal,3819,1962,CB FBs,p026,-0.018396360276822458,-0.02396935219781435,0.02858777931414363,-0.07784823001343377,-0.04386455401085144,0.11013566773188742,0.11236249120796428,-0.018396360276822458
p026t:GGTCACGAGCATTTGC,p026t,Tumor,Stromal,10016,2811,CAFs,p026,0.03709477771138936,0.44640361277472074,0.5433772778643932,0.3784932921051371,0.4245658455373243,0.13773756199761442,0.1766284575795426,0.03709477771138936
p026t:GGTGGCTCAGTGACCC,p026t,Tumor,Stromal,9355,3181,CB FBs,p026,0.14436137639067806,0.10807336756617439,0.15687471060309469,0.3091716519271841,0.30777101313998534,-0.10863675702559321,-0.08685310877421323,0.14436137639067806
p026t:GTAGAGGTCTCGCTCA,p026t,Tumor,Stromal,3009,1696,MyoFBs 1,p026,-0.17725385029457116,-0.5486632551313663,-0.527575814415042,-0.5789789432013521,-0.5381492521007394,-0.45563911826987014,-0.43854569722624387,-0.17725385029457116
p026t:GTAGATCTCGGCTGGT,p026t,Tumor,Stromal,7678,2910,CB FBs,p026,0.1404387523795952,-0.0696224162963276,-0.019193335663436388,-0.13575449511788937,-0.13905974098502896,-0.06899742844857668,-0.06410334899145013,0.1404387523795952
p026t:GTAGTACGTATCCTTT,p026t,Tumor,Stromal,9998,3210,CAFs,p026,0.056263618301927,0.41980022608245515,0.4643207265791006,0.24449195691897552,0.23363972444433806,0.5297576485887954,0.5477638797286679,0.056263618301927
p026t:GTGCAGCTCGTACCTC,p026t,Tumor,Stromal,3115,1583,CB FBs,p026,-0.046556563198305013,-0.2133230190648108,-0.22651604826493962,0.00693587738336349,-0.027637996559226236,-0.128508975003895,-0.08688366991632125,-0.046556563198305013
p026t:GTGGCGTCACATATCG,p026t,Tumor,Stromal,7521,2511,CCL FBs,p026,0.1460333635475029,-0.026475557867361575,-0.03762005596626096,-0.10160150105247692,-0.2025689796306366,0.0915851974369664,0.0683972136281869,0.1460333635475029
p026t:GTGGGAATCGATACGT,p026t,Tumor,Stromal,8136,2902,UC FBs,p026,0.18954864931864696,0.09777486856494631,0.05216988866649023,-0.08002422788009352,-0.13526127825296203,0.5166814762510752,0.45599709985887305,0.18954864931864696
p026t:GTTGCGGAGCTAAGTA,p026t,Tumor,Stromal,16019,4031,CAFs,p026,0.06038810100341052,0.5882159241152053,0.6641679721452841,0.6351875376374442,0.6450596422953314,0.39194623929889577,0.3980325915357646,0.06038810100341052
p026t:TAACTTCTCTTCGCTG,p026t,Tumor,Stromal,6777,2725,CCL FBs,p026,0.06234175479856499,-0.07202659395276284,-0.0842759152192895,-0.06475114632321864,-0.08149553350237913,0.23103527677686592,0.2332716373836293,0.06234175479856499
p026t:TACCTGCTCCTTATAC,p026t,Tumor,Stromal,4275,1937,CCL FBs,p026,0.22279504872858524,-0.12437871535669784,-0.22573099771469105,-0.2616555086926234,-0.31924829369974,0.25477597784054906,0.22558762229540769,0.22279504872858524
p026t:TACGGTAAGGTCACAG,p026t,Tumor,Stromal,9100,2825,CB FBs,p026,-0.10271615767034523,0.06028819228617512,0.10072058266619356,0.23988665351454092,0.27447219678135804,-0.0963328334061723,-0.11365438673426123,-0.10271615767034523
p026t:TAGTGCAGTTCTCAGA,p026t,Tumor,Stromal,6293,2525,UC FBs,p026,0.16083993779070543,-0.24022711197636565,-0.23915635748970798,-0.28956508123296865,-0.28008638998103697,0.22707338270388153,0.2706775714369381,0.16083993779070543
p026t:TATCGCCAGACCAGAC,p026t,Tumor,Stromal,6323,2405,CCL FBs,p026,0.031748749479128605,-0.1994827128186518,-0.27912831242855,-0.21697690906193184,-0.25454657652610263,-0.1191072711034825,-0.1423810023595305,0.031748749479128605
p026t:TATTCCAAGTTGTAGA,p026t,Tumor,Stromal,8072,2737,CAFs,p026,0.0512212029609241,0.36116340786826856,0.39452507828430433,0.5094494279093889,0.5059784547707369,0.20399274277059656,0.19866813719272614,0.0512212029609241
p026t:TATTGGGCAGCGTGAA,p026t,Tumor,Stromal,4517,2066,CAFs,p026,0.06319419381192379,0.06904257963202437,0.10544936513391936,0.3257521866079496,0.36512857822831285,0.3174497328306499,0.30691949023919946,0.06319419381192379
p026t:TCACTCGGTGGAATGC,p026t,Tumor,Stromal,6118,2511,CAFs,p026,0.17353340349437898,0.03825522313008503,0.04243351837120405,0.1910854254906275,0.16181512627490732,0.3741194259963537,0.349096916615963,0.17353340349437898
p026t:TCATCATTCTGGGCGT,p026t,Tumor,Stromal,4258,1905,MyoFBs 1,p026,-0.008170389978770624,-0.42281385929304727,-0.37717043890095336,-0.49679442548326086,-0.44207844909193905,-0.2767433489623823,-0.26481044748250177,-0.008170389978770624
p026t:TCCACGTTCTGTCAGA,p026t,Tumor,Stromal,8096,2690,CCL FBs,p026,0.22610744605200334,-0.1747771177490774,-0.16631327013104655,-0.05279402830162827,-0.07271433127827423,-0.002709805573287763,0.001600304596564349,0.22610744605200334
p026t:TCCATGCCAGACCCGT,p026t,Tumor,Stromal,19570,4801,CAFs,p026,0.2501671708989562,0.6005270146427448,0.5635962718671824,0.5797740967055707,0.5370241709643715,0.03343777095800952,-0.0333882278379272,0.2501671708989562
p026t:TCGGATATCTGGGCGT,p026t,Tumor,Stromal,12672,3794,UC FBs,p026,0.005675538753469785,0.35731408711313745,0.3654200588693706,0.24394148512629374,0.22792310770167862,0.6136074606917407,0.5680516167160343,0.005675538753469785
p026t:TCGGGCAAGCGGGTTA,p026t,Tumor,Stromal,9377,2864,CB FBs,p026,-0.05091988600855857,0.12970644775397924,0.15456044319562795,0.06765334878344925,0.04345565887038098,0.11566411744999258,0.09805878473117072,-0.05091988600855857
p026t:TCGTCCAGTCTAACTG,p026t,Tumor,Stromal,15970,3733,CAFs,p026,0.23742984209144324,0.6742525456891376,0.6138720241170831,0.4146891193397875,0.3895013923269458,0.11228938432606428,0.10451087553382796,0.23742984209144324
p026t:TCTACCGAGATTAGAC,p026t,Tumor,Stromal,8899,2957,CB FBs,p026,0.08000038449832222,-0.1442984619310924,-0.15158402102022636,0.040583214513501345,-0.010811271622430446,-0.022811811064418992,-0.02107741902856266,0.08000038449832222
p026t:TCTCCGATCCCGATCT,p026t,Tumor,Stromal,4393,2185,CB FBs,p026,0.0589457961746998,-0.18626555716808962,-0.17990455658334056,-0.18367907161615332,-0.20164866745471954,0.13589442560547277,0.1634409420630511,0.0589457961746998
p026t:TCTTAGTCAGAATGTA,p026t,Tumor,Stromal,11020,3392,CAFs,p026,0.039069563526202715,0.7149479852951303,0.8133355479960035,0.7442688594135095,0.7653605648598005,0.31827929634600877,0.37549125897314617,0.039069563526202715
p026t:TGAGGTTCACATATGC,p026t,Tumor,Stromal,4191,1857,MyoFBs 1,p026,-0.09878365718351122,-0.45548830462657675,-0.4379574466587567,-0.5906004752887755,-0.5490552328180435,-0.3745605308758585,-0.34792845249176024,-0.09878365718351122
p026t:TGCACGGCACAAATAG,p026t,Tumor,Stromal,4637,2066,CB FBs,p026,0.04544743268930337,-0.026295072113981053,0.0023537806984854906,0.12561552173324994,0.13727663431403248,-0.12367611323532306,-0.11610520219101625,0.04544743268930337
p026t:TGGGTTAGTCTTCTAT,p026t,Tumor,Stromal,8053,3112,UC FBs,p026,0.24139378053185187,-0.010215216297276166,0.026228663670580563,-0.09308192065479803,-0.04716477075288462,0.9385260617262439,0.9433806319447124,0.24139378053185187
p026t:TTAATCCGTAGATCCT,p026t,Tumor,Stromal,3074,1657,CB FBs,p026,-0.03500223065023882,-0.11567334716721457,-0.139951499224436,0.08420578261115114,0.08182001226516657,-0.0385847419500351,-0.03459720804410822,-0.03500223065023882
p026t:TTAGGGTTCGGCTGAC,p026t,Tumor,Stromal,4072,1806,CB FBs,p026,-0.002615849340432569,0.04630573968193969,0.054832480938696276,0.22483630539203175,0.1989727311356123,-0.13445792653058705,-0.141639648640857,-0.002615849340432569
p026t:TTCCACGCACTACCCT,p026t,Tumor,Stromal,14522,4136,CAFs,p026,0.3144723425962423,0.5908240753663133,0.6407351319155679,0.6513803402456094,0.6706304897142704,0.5555995527066683,0.5299508823629688,0.3144723425962423
p026t:TTCCGGTCAAGTGGGT,p026t,Tumor,Stromal,3897,1820,MyoFBs 1,p026,-0.14475721329973454,-0.36339638268572694,-0.3497431637178368,-0.5026988562728677,-0.4705072498425495,-0.33864796326348656,-0.30779087692499163,-0.14475721329973454
p026t:TTCCGTGGTAGGTAGC,p026t,Tumor,Stromal,15179,4031,CB FBs,p026,0.10070685617495001,0.16733307292570873,0.17173774513166126,0.2812112593377123,0.2639088582160861,0.1393343490205313,0.1550485538209186,0.10070685617495001
p026t:TTGCATTAGCATAGGC,p026t,Tumor,Stromal,7522,2707,CB FBs,p026,0.09270748009153626,0.04981895507674436,0.06500377508289204,-0.07709256823801873,-0.1409541861219115,0.040692086360956496,0.012127668103751014,0.09270748009153626
p026t:TTTACTGAGTTACGAA,p026t,Tumor,Stromal,8195,2928,CB FBs,p026,-0.051244755945446196,0.14504429340904237,0.1413805208583476,0.16077320236113987,0.15110218884737425,0.050633288527789866,0.04367368072271347,-0.051244755945446196
p026t:TTTATGCAGAGGTCGT,p026t,Tumor,Stromal,5502,2301,CCL FBs,p026,0.37172225748164284,-0.17992706049461754,-0.2762131534698533,-0.11517529296023506,-0.17191046874883564,0.19861324617737217,0.1775136221857632,0.37172225748164284
