patient,sample_origin,analysis_group,gene,count_sum,positive_cells,cell_count,total_umi,log_cpm,positive_fraction
p007,Normal,CAF_like,ACTA2,108,4,23,195413.0,6.316578983190417,0.17391304347826086
p007,Normal,CAF_like,CLDN1,2,2,23,195413.0,2.419010195117733,0.08695652173913043
p007,Normal,CAF_like,CLDN2,0,0,23,195413.0,0.0,0.0
p007,Normal,CAF_like,CLDN4,9,2,23,195413.0,3.8513447841546835,0.08695652173913043
p007,Normal,CAF_like,CLDN7,0,0,23,195413.0,0.0,0.0
p007,Normal,CAF_like,COL1A1,117,7,23,195413.0,6.396482749543753,0.30434782608695654
p007,Normal,CAF_like,COL1A2,152,6,23,195413.0,6.657805318389098,0.2608695652173913
p007,Normal,CAF_like,COL3A1,254,6,23,195413.0,7.170743325137983,0.2608695652173913
p007,Normal,CAF_like,CXCL12,5,3,23,195413.0,3.2804161323020566,0.13043478260869565
p007,Normal,CAF_like,EPCAM,22,3,23,195413.0,4.732525657299441,0.13043478260869565
p007,Normal,CAF_like,FAP,1,1,23,195413.0,1.8111317437618146,0.043478260869565216
p007,Normal,CAF_like,FN1,19,4,23,195413.0,4.587311355633108,0.17391304347826086
p007,Normal,CAF_like,INHBA,0,0,23,195413.0,0.0,0.0
p007,Normal,CAF_like,KRT19,17,3,23,195413.0,4.477282673597865,0.13043478260869565
p007,Normal,CAF_like,MMP2,25,5,23,195413.0,4.859301965531526,0.21739130434782608
p007,Normal,CAF_like,MMP9,10,3,23,195413.0,3.9545779246518733,0.13043478260869565
p007,Normal,CAF_like,PDPN,0,0,23,195413.0,0.0,0.0
p007,Normal,CAF_like,PECAM1,8,4,23,195413.0,3.7362146189012275,0.17391304347826086
p007,Normal,CAF_like,POSTN,228,3,23,195413.0,7.062842347829187,0.13043478260869565
p007,Normal,CAF_like,PTPRC,88,10,23,195413.0,6.112194966249641,0.43478260869565216
p007,Normal,CAF_like,TAGLN,176,6,23,195413.0,6.804233691638094,0.2608695652173913
p007,Normal,CAF_like,TGFB1,18,6,23,195413.0,4.533809540742088,0.2608695652173913
p007,Normal,CAF_like,THY1,15,3,23,195413.0,4.353633617384823,0.13043478260869565
p007,Normal,CAF_like,VWF,0,0,23,195413.0,0.0,0.0
p007,Normal,CAF_like,WNT2,0,0,23,195413.0,0.0,0.0
p007,Normal,CAF_like,WNT5A,3,2,23,195413.0,2.794356355343326,0.08695652173913043
p007,Normal,Epithelial,ACTA2,11,11,837,3243414.0,1.4796681456882168,0.013142174432497013
p007,Normal,Epithelial,CLDN1,2,2,837,3243414.0,0.4803463341472605,0.0023894862604540022
p007,Normal,Epithelial,CLDN2,0,0,837,3243414.0,0.0,0.0
p007,Normal,Epithelial,CLDN4,4903,749,837,3243414.0,7.321637360408532,0.8948626045400239
p007,Normal,Epithelial,CLDN7,176,138,837,3243414.0,4.012118258072394,0.16487455197132617
p007,Normal,Epithelial,COL1A1,24,20,837,3243414.0,2.1281853250727303,0.023894862604540025
p007,Normal,Epithelial,COL1A2,4,4,837,3243414.0,0.8034661634637619,0.0047789725209080045
p007,Normal,Epithelial,COL3A1,2,2,837,3243414.0,0.4803463341472605,0.0023894862604540022
p007,Normal,Epithelial,CXCL12,0,0,837,3243414.0,0.0,0.0
p007,Normal,Epithelial,EPCAM,2022,588,837,3243414.0,6.43681869800925,0.7025089605734767
p007,Normal,Epithelial,FAP,0,0,837,3243414.0,0.0,0.0
p007,Normal,Epithelial,FN1,18,15,837,3243414.0,1.8794204391687561,0.017921146953405017
p007,Normal,Epithelial,INHBA,1,1,837,3243414.0,0.26874165518075216,0.0011947431302270011
p007,Normal,Epithelial,KRT19,12434,691,837,3243414.0,8.251824272472037,0.8255675029868578
p007,Normal,Epithelial,MMP2,1,1,837,3243414.0,0.26874165518075216,0.0011947431302270011
p007,Normal,Epithelial,MMP9,1,1,837,3243414.0,0.26874165518075216,0.0011947431302270011
p007,Normal,Epithelial,PDPN,0,0,837,3243414.0,0.0,0.0
p007,Normal,Epithelial,PECAM1,1,1,837,3243414.0,0.26874165518075216,0.0011947431302270011
p007,Normal,Epithelial,POSTN,0,0,837,3243414.0,0.0,0.0
p007,Normal,Epithelial,PTPRC,10,10,837,3243414.0,1.4068738935030145,0.011947431302270013
p007,Normal,Epithelial,TAGLN,71,65,837,3243414.0,3.1307225946601425,0.07765830346475508
p007,Normal,Epithelial,TGFB1,24,20,837,3243414.0,2.1281853250727303,0.023894862604540025
p007,Normal,Epithelial,THY1,0,0,837,3243414.0,0.0,0.0
p007,Normal,Epithelial,VWF,1,1,837,3243414.0,0.26874165518075216,0.0011947431302270011
p007,Normal,Epithelial,WNT2,1,1,837,3243414.0,0.26874165518075216,0.0011947431302270011
p007,Normal,Epithelial,WNT5A,2,2,837,3243414.0,0.4803463341472605,0.0023894862604540022
p007,Normal,Immune,ACTA2,3,3,344,2995196.0,0.6939488100264777,0.00872093023255814
p007,Normal,Immune,CLDN1,0,0,344,2995196.0,0.0,0.0
p007,Normal,Immune,CLDN2,0,0,344,2995196.0,0.0,0.0
p007,Normal,Immune,CLDN4,16,16,344,2995196.0,1.8471764332610645,0.046511627906976744
p007,Normal,Immune,CLDN7,0,0,344,2995196.0,0.0,0.0
p007,Normal,Immune,COL1A1,1,1,344,2995196.0,0.28808296751127016,0.0029069767441860465
p007,Normal,Immune,COL1A2,0,0,344,2995196.0,0.0,0.0
p007,Normal,Immune,COL3A1,2,2,344,2995196.0,0.5114669787397587,0.005813953488372093
p007,Normal,Immune,CXCL12,0,0,344,2995196.0,0.0,0.0
p007,Normal,Immune,EPCAM,11,10,344,2995196.0,1.5417044560409754,0.029069767441860465
p007,Normal,Immune,FAP,1,1,344,2995196.0,0.28808296751127016,0.0029069767441860465
p007,Normal,Immune,FN1,0,0,344,2995196.0,0.0,0.0
p007,Normal,Immune,INHBA,0,0,344,2995196.0,0.0,0.0
p007,Normal,Immune,KRT19,46,35,344,2995196.0,2.7947125806578264,0.10174418604651163
p007,Normal,Immune,MMP2,0,0,344,2995196.0,0.0,0.0
p007,Normal,Immune,MMP9,1,1,344,2995196.0,0.28808296751127016,0.0029069767441860465
p007,Normal,Immune,PDPN,0,0,344,2995196.0,0.0,0.0
p007,Normal,Immune,PECAM1,80,55,344,2995196.0,3.321773054773283,0.15988372093023256
p007,Normal,Immune,POSTN,0,0,344,2995196.0,0.0,0.0
p007,Normal,Immune,PTPRC,568,151,344,2995196.0,5.250371124480477,0.438953488372093
p007,Normal,Immune,TAGLN,10,10,344,2995196.0,1.4675700788736763,0.029069767441860465
p007,Normal,Immune,TGFB1,391,199,344,2995196.0,4.87932904450004,0.5784883720930233
p007,Normal,Immune,THY1,0,0,344,2995196.0,0.0,0.0
p007,Normal,Immune,VWF,0,0,344,2995196.0,0.0,0.0
p007,Normal,Immune,WNT2,0,0,344,2995196.0,0.0,0.0
p007,Normal,Immune,WNT5A,5,3,344,2995196.0,0.9818311894773396,0.00872093023255814
p007,Normal,Vascular,ACTA2,0,0,4,20517.0,0.0,0.0
p007,Normal,Vascular,CLDN1,0,0,4,20517.0,0.0,0.0
p007,Normal,Vascular,CLDN2,0,0,4,20517.0,0.0,0.0
p007,Normal,Vascular,CLDN4,0,0,4,20517.0,0.0,0.0
p007,Normal,Vascular,CLDN7,0,0,4,20517.0,0.0,0.0
p007,Normal,Vascular,COL1A1,4,1,4,20517.0,5.277911969525006,0.25
p007,Normal,Vascular,COL1A2,10,1,4,20517.0,6.191136159330105,0.25
p007,Normal,Vascular,COL3A1,5,1,4,20517.0,5.50003438464661,0.25
p007,Normal,Vascular,CXCL12,0,0,4,20517.0,0.0,0.0
p007,Normal,Vascular,EPCAM,0,0,4,20517.0,0.0,0.0
p007,Normal,Vascular,FAP,0,0,4,20517.0,0.0,0.0
p007,Normal,Vascular,FN1,0,0,4,20517.0,0.0,0.0
p007,Normal,Vascular,INHBA,0,0,4,20517.0,0.0,0.0
p007,Normal,Vascular,KRT19,0,0,4,20517.0,0.0,0.0
p007,Normal,Vascular,MMP2,0,0,4,20517.0,0.0,0.0
p007,Normal,Vascular,MMP9,0,0,4,20517.0,0.0,0.0
p007,Normal,Vascular,PDPN,0,0,4,20517.0,0.0,0.0
p007,Normal,Vascular,PECAM1,27,4,4,20517.0,7.183097934521903,1.0
p007,Normal,Vascular,POSTN,0,0,4,20517.0,0.0,0.0
p007,Normal,Vascular,PTPRC,0,0,4,20517.0,0.0,0.0
p007,Normal,Vascular,TAGLN,1,1,4,20517.0,3.9068108298278146,0.25
p007,Normal,Vascular,TGFB1,0,0,4,20517.0,0.0,0.0
p007,Normal,Vascular,THY1,0,0,4,20517.0,0.0,0.0
p007,Normal,Vascular,VWF,42,4,4,20517.0,7.624659467204155,1.0
p007,Normal,Vascular,WNT2,0,0,4,20517.0,0.0,0.0
p007,Normal,Vascular,WNT5A,0,0,4,20517.0,0.0,0.0
p007,Tumor,CAF_like,ACTA2,301,22,35,206666.0,7.2844479425777084,0.6285714285714286
p007,Tumor,CAF_like,CLDN1,0,0,35,206666.0,0.0,0.0
p007,Tumor,CAF_like,CLDN2,1,1,35,206666.0,1.7645125001059936,0.02857142857142857
p007,Tumor,CAF_like,CLDN4,5,4,35,206666.0,3.2265910431252127,0.11428571428571428
p007,Tumor,CAF_like,CLDN7,0,0,35,206666.0,0.0,0.0
p007,Tumor,CAF_like,COL1A1,1255,31,35,206666.0,8.711706827534941,0.8857142857142857
p007,Tumor,CAF_like,COL1A2,1045,30,35,206666.0,8.528621226775634,0.8571428571428571
p007,Tumor,CAF_like,COL3A1,1031,28,35,206666.0,8.51513623134027,0.8
p007,Tumor,CAF_like,CXCL12,9,5,35,206666.0,3.7965791023245017,0.14285714285714285
p007,Tumor,CAF_like,EPCAM,3,2,35,206666.0,2.74188308353204,0.05714285714285714
p007,Tumor,CAF_like,FAP,24,6,35,206666.0,4.763279365200221,0.17142857142857143
p007,Tumor,CAF_like,FN1,253,23,35,206666.0,7.110857332360453,0.6571428571428571
p007,Tumor,CAF_like,INHBA,1,1,35,206666.0,1.7645125001059936,0.02857142857142857
p007,Tumor,CAF_like,KRT19,10,6,35,206666.0,3.8996923516674036,0.17142857142857143
p007,Tumor,CAF_like,MMP2,174,21,35,206666.0,6.736893645469533,0.6
p007,Tumor,CAF_like,MMP9,0,0,35,206666.0,0.0,0.0
p007,Tumor,CAF_like,PDPN,53,13,35,206666.0,5.550835004672759,0.37142857142857144
p007,Tumor,CAF_like,PECAM1,0,0,35,206666.0,0.0,0.0
p007,Tumor,CAF_like,POSTN,259,10,35,206666.0,7.134276997162784,0.2857142857142857
p007,Tumor,CAF_like,PTPRC,5,5,35,206666.0,3.2265910431252127,0.14285714285714285
p007,Tumor,CAF_like,TAGLN,743,31,35,206666.0,8.18762547220402,0.8857142857142857
p007,Tumor,CAF_like,TGFB1,19,11,35,206666.0,4.531908721700866,0.3142857142857143
p007,Tumor,CAF_like,THY1,125,14,35,206666.0,6.406617015482915,0.4
p007,Tumor,CAF_like,VWF,0,0,35,206666.0,0.0,0.0
p007,Tumor,CAF_like,WNT2,2,1,35,206666.0,2.368134094588722,0.02857142857142857
p007,Tumor,CAF_like,WNT5A,26,7,35,206666.0,4.842665121309548,0.2
p007,Tumor,Epithelial,ACTA2,12,12,1011,5953867.0,1.1037645990670693,0.011869436201780416
p007,Tumor,Epithelial,CLDN1,172,107,1011,5953867.0,3.397483418123351,0.10583580613254204
p007,Tumor,Epithelial,CLDN2,139,55,1011,5953867.0,3.192374608756688,0.05440158259149357
p007,Tumor,Epithelial,CLDN4,7376,862,1011,5953867.0,7.122752709760002,0.8526211671612265
p007,Tumor,Epithelial,CLDN7,52,48,1011,5953867.0,2.2756063730790155,0.04747774480712166
p007,Tumor,Epithelial,COL1A1,55,50,1011,5953867.0,2.326076374941786,0.04945598417408507
p007,Tumor,Epithelial,COL1A2,4,3,1011,5953867.0,0.5139201944643639,0.002967359050445104
p007,Tumor,Epithelial,COL3A1,4,4,1011,5953867.0,0.5139201944643639,0.003956478733926805
p007,Tumor,Epithelial,CXCL12,0,0,1011,5953867.0,0.0,0.0
p007,Tumor,Epithelial,EPCAM,6540,773,1011,5953867.0,7.002561483106358,0.7645895153313551
p007,Tumor,Epithelial,FAP,0,0,1011,5953867.0,0.0,0.0
p007,Tumor,Epithelial,FN1,12,10,1011,5953867.0,1.1037645990670693,0.009891196834817012
p007,Tumor,Epithelial,INHBA,0,0,1011,5953867.0,0.0,0.0
p007,Tumor,Epithelial,KRT19,16833,849,1011,5953867.0,7.947409239534553,0.8397626112759644
p007,Tumor,Epithelial,MMP2,1,1,1011,5953867.0,0.1552569832997065,0.0009891196834817012
p007,Tumor,Epithelial,MMP9,1,1,1011,5953867.0,0.1552569832997065,0.0009891196834817012
p007,Tumor,Epithelial,PDPN,0,0,1011,5953867.0,0.0,0.0
p007,Tumor,Epithelial,PECAM1,1,1,1011,5953867.0,0.1552569832997065,0.0009891196834817012
p007,Tumor,Epithelial,POSTN,1,1,1011,5953867.0,0.1552569832997065,0.0009891196834817012
p007,Tumor,Epithelial,PTPRC,47,23,1011,5953867.0,2.1853801761222384,0.02274975272007913
p007,Tumor,Epithelial,TAGLN,98,77,1011,5953867.0,2.859906289769293,0.076162215628091
p007,Tumor,Epithelial,TGFB1,47,39,1011,5953867.0,2.1853801761222384,0.03857566765578635
p007,Tumor,Epithelial,THY1,0,0,1011,5953867.0,0.0,0.0
p007,Tumor,Epithelial,VWF,4,4,1011,5953867.0,0.5139201944643639,0.003956478733926805
p007,Tumor,Epithelial,WNT2,0,0,1011,5953867.0,0.0,0.0
p007,Tumor,Epithelial,WNT5A,10,9,1011,5953867.0,0.9856603205668408,0.008902077151335312
p007,Tumor,Immune,ACTA2,21,20,973,4437573.0,1.7461197276071174,0.020554984583761562
p007,Tumor,Immune,CLDN1,5,5,973,4437573.0,0.7545912442741168,0.0051387461459403904
p007,Tumor,Immune,CLDN2,6,5,973,4437573.0,0.8553044787940438,0.0051387461459403904
p007,Tumor,Immune,CLDN4,97,57,973,4437573.0,3.1293359595590626,0.05858170606372045
p007,Tumor,Immune,CLDN7,0,0,973,4437573.0,0.0,0.0
p007,Tumor,Immune,COL1A1,13,12,973,4437573.0,1.3685196405823017,0.012332990750256937
p007,Tumor,Immune,COL1A2,6,3,973,4437573.0,0.8553044787940438,0.003083247687564234
p007,Tumor,Immune,COL3A1,5,5,973,4437573.0,0.7545912442741168,0.0051387461459403904
p007,Tumor,Immune,CXCL12,5,4,973,4437573.0,0.7545912442741168,0.0041109969167523125
p007,Tumor,Immune,EPCAM,48,33,973,4437573.0,2.4695157709895,0.03391572456320658
p007,Tumor,Immune,FAP,1,1,973,4437573.0,0.20322521624159226,0.0010277492291880781
p007,Tumor,Immune,FN1,7,6,973,4437573.0,0.9467962077244846,0.006166495375128468
p007,Tumor,Immune,INHBA,0,0,973,4437573.0,0.0,0.0
p007,Tumor,Immune,KRT19,173,120,973,4437573.0,3.688511240275126,0.12332990750256938
p007,Tumor,Immune,MMP2,1,1,973,4437573.0,0.20322521624159226,0.0010277492291880781
p007,Tumor,Immune,MMP9,142,39,973,4437573.0,3.4964916094036305,0.040082219938335044
p007,Tumor,Immune,PDPN,25,11,973,4437573.0,1.8921642462332622,0.011305241521068859
p007,Tumor,Immune,PECAM1,262,155,973,4437573.0,4.095032363140399,0.1593011305241521
p007,Tumor,Immune,POSTN,1,1,973,4437573.0,0.20322521624159226,0.0010277492291880781
p007,Tumor,Immune,PTPRC,3562,765,973,4437573.0,6.689214892479326,0.7862281603288798
p007,Tumor,Immune,TAGLN,52,47,973,4437573.0,2.543027519272143,0.048304213771839674
p007,Tumor,Immune,TGFB1,538,354,973,4437573.0,4.805965400611723,0.36382322713257964
p007,Tumor,Immune,THY1,3,2,973,4437573.0,0.5164369805791824,0.0020554984583761563
p007,Tumor,Immune,VWF,1,1,973,4437573.0,0.20322521624159226,0.0010277492291880781
p007,Tumor,Immune,WNT2,0,0,973,4437573.0,0.0,0.0
p007,Tumor,Immune,WNT5A,6,4,973,4437573.0,0.8553044787940438,0.0041109969167523125
p007,Tumor,Other_stromal,ACTA2,1,1,2,10568.0,4.5604372607786505,0.5
p007,Tumor,Other_stromal,CLDN1,0,0,2,10568.0,0.0,0.0
p007,Tumor,Other_stromal,CLDN2,0,0,2,10568.0,0.0,0.0
p007,Tumor,Other_stromal,CLDN4,0,0,2,10568.0,0.0,0.0
p007,Tumor,Other_stromal,CLDN7,0,0,2,10568.0,0.0,0.0
p007,Tumor,Other_stromal,COL1A1,8,2,2,10568.0,6.630686381689088,1.0
p007,Tumor,Other_stromal,COL1A2,20,2,2,10568.0,7.546185245761982,1.0
p007,Tumor,Other_stromal,COL3A1,13,1,2,10568.0,7.115686662057571,0.5
p007,Tumor,Other_stromal,CXCL12,1,1,2,10568.0,4.5604372607786505,0.5
p007,Tumor,Other_stromal,EPCAM,0,0,2,10568.0,0.0,0.0
p007,Tumor,Other_stromal,FAP,0,0,2,10568.0,0.0,0.0
p007,Tumor,Other_stromal,FN1,14,1,2,10568.0,7.189736613758869,0.5
p007,Tumor,Other_stromal,INHBA,0,0,2,10568.0,0.0,0.0
p007,Tumor,Other_stromal,KRT19,2,2,2,10568.0,5.248341980977569,1.0
p007,Tumor,Other_stromal,MMP2,0,0,2,10568.0,0.0,0.0
p007,Tumor,Other_stromal,MMP9,0,0,2,10568.0,0.0,0.0
p007,Tumor,Other_stromal,PDPN,1,1,2,10568.0,4.5604372607786505,0.5
p007,Tumor,Other_stromal,PECAM1,0,0,2,10568.0,0.0,0.0
p007,Tumor,Other_stromal,POSTN,0,0,2,10568.0,0.0,0.0
p007,Tumor,Other_stromal,PTPRC,0,0,2,10568.0,0.0,0.0
p007,Tumor,Other_stromal,TAGLN,0,0,2,10568.0,0.0,0.0
p007,Tumor,Other_stromal,TGFB1,1,1,2,10568.0,4.5604372607786505,0.5
p007,Tumor,Other_stromal,THY1,0,0,2,10568.0,0.0,0.0
p007,Tumor,Other_stromal,VWF,0,0,2,10568.0,0.0,0.0
p007,Tumor,Other_stromal,WNT2,0,0,2,10568.0,0.0,0.0
p007,Tumor,Other_stromal,WNT5A,0,0,2,10568.0,0.0,0.0
p007,Tumor,Vascular,ACTA2,65,5,23,161894.0,5.997688329122436,0.21739130434782608
p007,Tumor,Vascular,CLDN1,0,0,23,161894.0,0.0,0.0
p007,Tumor,Vascular,CLDN2,0,0,23,161894.0,0.0,0.0
p007,Tumor,Vascular,CLDN4,0,0,23,161894.0,0.0,0.0
p007,Tumor,Vascular,CLDN7,0,0,23,161894.0,0.0,0.0
p007,Tumor,Vascular,COL1A1,213,5,23,161894.0,7.182865421632259,0.21739130434782608
p007,Tumor,Vascular,COL1A2,191,6,23,161894.0,7.0739341604902135,0.2608695652173913
p007,Tumor,Vascular,COL3A1,288,5,23,161894.0,7.484335933042224,0.21739130434782608
p007,Tumor,Vascular,CXCL12,61,10,23,161894.0,5.934337827433085,0.43478260869565216
p007,Tumor,Vascular,EPCAM,1,1,23,161894.0,1.970864911136566,0.043478260869565216
p007,Tumor,Vascular,FAP,3,3,23,161894.0,2.971984694037525,0.13043478260869565
p007,Tumor,Vascular,FN1,48,8,23,161894.0,5.6953816063686045,0.34782608695652173
p007,Tumor,Vascular,INHBA,0,0,23,161894.0,0.0,0.0
p007,Tumor,Vascular,KRT19,4,4,23,161894.0,3.246783738021177,0.17391304347826086
p007,Tumor,Vascular,MMP2,20,6,23,161894.0,4.8246078661018,0.2608695652173913
p007,Tumor,Vascular,MMP9,0,0,23,161894.0,0.0,0.0
p007,Tumor,Vascular,PDPN,0,0,23,161894.0,0.0,0.0
p007,Tumor,Vascular,PECAM1,232,15,23,161894.0,7.268248426168191,0.6521739130434783
p007,Tumor,Vascular,POSTN,65,7,23,161894.0,5.997688329122436,0.30434782608695654
p007,Tumor,Vascular,PTPRC,3,2,23,161894.0,2.971984694037525,0.08695652173913043
p007,Tumor,Vascular,TAGLN,86,7,23,161894.0,6.277041493863738,0.30434782608695654
p007,Tumor,Vascular,TGFB1,13,7,23,161894.0,4.398139315412996,0.30434782608695654
p007,Tumor,Vascular,THY1,106,7,23,161894.0,6.485778709758338,0.30434782608695654
p007,Tumor,Vascular,VWF,465,17,23,161894.0,7.963198983032622,0.7391304347826086
p007,Tumor,Vascular,WNT2,0,0,23,161894.0,0.0,0.0
p007,Tumor,Vascular,WNT5A,5,2,23,161894.0,3.462117045307911,0.08695652173913043
p008,Normal,Epithelial,ACTA2,274,31,757,4440689.0,4.138395526213079,0.04095112285336856
p008,Normal,Epithelial,CLDN1,20,17,757,4440689.0,1.7054397808102688,0.022457067371202115
p008,Normal,Epithelial,CLDN2,8,3,757,4440689.0,1.0301629270442687,0.003963011889035667
p008,Normal,Epithelial,CLDN4,10354,694,757,4440689.0,7.754747447255407,0.916776750330251
p008,Normal,Epithelial,CLDN7,301,207,757,4440689.0,4.2309460711519575,0.27344782034346105
p008,Normal,Epithelial,COL1A1,13,10,757,4440689.0,1.3679963799960764,0.013210039630118891
p008,Normal,Epithelial,COL1A2,4,4,757,4440689.0,0.6422543957618799,0.005284015852047556
p008,Normal,Epithelial,COL3A1,6,3,757,4440689.0,0.8549010318603089,0.003963011889035667
p008,Normal,Epithelial,CXCL12,0,0,757,4440689.0,0.0,0.0
p008,Normal,Epithelial,EPCAM,2702,588,757,4440689.0,6.41258010713136,0.7767503302509907
p008,Normal,Epithelial,FAP,0,0,757,4440689.0,0.0,0.0
p008,Normal,Epithelial,FN1,20,6,757,4440689.0,1.7054397808102688,0.007926023778071334
p008,Normal,Epithelial,INHBA,0,0,757,4440689.0,0.0,0.0
p008,Normal,Epithelial,KRT19,10123,602,757,4440689.0,7.732194374044071,0.7952443857331571
p008,Normal,Epithelial,MMP2,1,1,757,4440689.0,0.20309616267450825,0.001321003963011889
p008,Normal,Epithelial,MMP9,0,0,757,4440689.0,0.0,0.0
p008,Normal,Epithelial,PDPN,0,0,757,4440689.0,0.0,0.0
p008,Normal,Epithelial,PECAM1,11,2,757,4440689.0,1.24619662336821,0.002642007926023778
p008,Normal,Epithelial,POSTN,0,0,757,4440689.0,0.0,0.0
p008,Normal,Epithelial,PTPRC,14,11,757,4440689.0,1.4237500372704628,0.01453104359313078
p008,Normal,Epithelial,TAGLN,547,110,757,4440689.0,4.82172474344747,0.1453104359313078
p008,Normal,Epithelial,TGFB1,13,13,757,4440689.0,1.3679963799960764,0.017173051519154558
p008,Normal,Epithelial,THY1,0,0,757,4440689.0,0.0,0.0
p008,Normal,Epithelial,VWF,3,2,757,4440689.0,0.5161539074989551,0.002642007926023778
p008,Normal,Epithelial,WNT2,0,0,757,4440689.0,0.0,0.0
p008,Normal,Epithelial,WNT5A,0,0,757,4440689.0,0.0,0.0
p008,Normal,Immune,ACTA2,21,20,550,4342257.0,1.7640789805745931,0.03636363636363636
p008,Normal,Immune,CLDN1,2,1,550,4342257.0,0.3788404397711047,0.0018181818181818182
p008,Normal,Immune,CLDN2,0,0,550,4342257.0,0.0,0.0
p008,Normal,Immune,CLDN4,103,43,550,4342257.0,3.207628134153772,0.07818181818181819
p008,Normal,Immune,CLDN7,5,5,550,4342257.0,0.766153612852485,0.00909090909090909
p008,Normal,Immune,COL1A1,2,2,550,4342257.0,0.3788404397711047,0.0036363636363636364
p008,Normal,Immune,COL1A2,0,0,550,4342257.0,0.0,0.0
p008,Normal,Immune,COL3A1,0,0,550,4342257.0,0.0,0.0
p008,Normal,Immune,CXCL12,0,0,550,4342257.0,0.0,0.0
p008,Normal,Immune,EPCAM,11,8,550,4342257.0,1.2622166577800211,0.014545454545454545
p008,Normal,Immune,FAP,0,0,550,4342257.0,0.0,0.0
p008,Normal,Immune,FN1,1,1,550,4342257.0,0.20725396383474184,0.0018181818181818182
p008,Normal,Immune,INHBA,2,2,550,4342257.0,0.3788404397711047,0.0036363636363636364
p008,Normal,Immune,KRT19,35,32,550,4342257.0,2.2039049239289885,0.05818181818181818
p008,Normal,Immune,MMP2,0,0,550,4342257.0,0.0,0.0
p008,Normal,Immune,MMP9,7,7,550,4342257.0,0.9601410494599679,0.012727272727272728
p008,Normal,Immune,PDPN,1,1,550,4342257.0,0.20725396383474184,0.0018181818181818182
p008,Normal,Immune,PECAM1,108,86,550,4342257.0,3.2531558186801055,0.15636363636363637
p008,Normal,Immune,POSTN,0,0,550,4342257.0,0.0,0.0
p008,Normal,Immune,PTPRC,1617,360,550,4342257.0,5.922615379850835,0.6545454545454545
p008,Normal,Immune,TAGLN,14,14,550,4342257.0,1.4408132645786018,0.025454545454545455
p008,Normal,Immune,TGFB1,563,281,550,4342257.0,4.8725684904655315,0.5109090909090909
p008,Normal,Immune,THY1,0,0,550,4342257.0,0.0,0.0
p008,Normal,Immune,VWF,0,0,550,4342257.0,0.0,0.0
p008,Normal,Immune,WNT2,0,0,550,4342257.0,0.0,0.0
p008,Normal,Immune,WNT5A,2,1,550,4342257.0,0.3788404397711047,0.0018181818181818182
p008,Tumor,CAF_like,ACTA2,6822,209,238,2419366.0,7.944757019481503,0.8781512605042017
p008,Tumor,CAF_like,CLDN1,50,20,238,2419366.0,3.0757705808278897,0.08403361344537816
p008,Tumor,CAF_like,CLDN2,0,0,238,2419366.0,0.0,0.0
p008,Tumor,CAF_like,CLDN4,36,20,238,2419366.0,2.76505613300843,0.08403361344537816
p008,Tumor,CAF_like,CLDN7,1,1,238,2419366.0,0.3459496313986808,0.004201680672268907
p008,Tumor,CAF_like,COL1A1,25919,216,238,2419366.0,9.279319386083849,0.907563025210084
p008,Tumor,CAF_like,COL1A2,19877,212,238,2419366.0,9.013934750468527,0.8907563025210085
p008,Tumor,CAF_like,COL3A1,22049,221,238,2419366.0,9.11762672676959,0.9285714285714286
p008,Tumor,CAF_like,CXCL12,91,51,238,2419366.0,3.6535931461217355,0.21428571428571427
p008,Tumor,CAF_like,EPCAM,26,6,238,2419366.0,2.463565291812628,0.025210084033613446
p008,Tumor,CAF_like,FAP,598,149,238,2419366.0,5.514122832028488,0.6260504201680672
p008,Tumor,CAF_like,FN1,4477,208,238,2419366.0,7.523743188832046,0.8739495798319328
p008,Tumor,CAF_like,INHBA,16,13,238,2419366.0,2.02989708875129,0.0546218487394958
p008,Tumor,CAF_like,KRT19,20,13,238,2419366.0,2.2264196165473926,0.0546218487394958
p008,Tumor,CAF_like,MMP2,2239,132,238,2419366.0,6.831359067342375,0.5546218487394958
p008,Tumor,CAF_like,MMP9,6,6,238,2419366.0,1.2470290061333105,0.025210084033613446
p008,Tumor,CAF_like,PDPN,523,105,238,2419366.0,5.380691213733879,0.4411764705882353
p008,Tumor,CAF_like,PECAM1,9,9,238,2419366.0,1.5518051636754244,0.037815126050420166
p008,Tumor,CAF_like,POSTN,4580,140,238,2419366.0,7.546476861113178,0.5882352941176471
p008,Tumor,CAF_like,PTPRC,11,7,238,2419366.0,1.7131933651326843,0.029411764705882353
p008,Tumor,CAF_like,TAGLN,16098,225,238,2419366.0,8.803095075837106,0.9453781512605042
p008,Tumor,CAF_like,TGFB1,219,110,238,2419366.0,4.51655296471672,0.46218487394957986
p008,Tumor,CAF_like,THY1,3198,169,238,2419366.0,7.187531609702415,0.7100840336134454
p008,Tumor,CAF_like,VWF,29,4,238,2419366.0,2.563918932019609,0.01680672268907563
p008,Tumor,CAF_like,WNT2,184,57,238,2419366.0,4.344493269330724,0.23949579831932774
p008,Tumor,CAF_like,WNT5A,106,40,238,2419366.0,3.8025012038116497,0.16806722689075632
p008,Tumor,Epithelial,ACTA2,31,29,570,4705338.0,2.02660259249075,0.05087719298245614
p008,Tumor,Epithelial,CLDN1,208,137,570,4705338.0,3.8112102093443636,0.24035087719298245
p008,Tumor,Epithelial,CLDN2,24,16,570,4705338.0,1.808385489575578,0.028070175438596492
p008,Tumor,Epithelial,CLDN4,10188,529,570,4705338.0,7.680729971553382,0.9280701754385965
p008,Tumor,Epithelial,CLDN7,191,138,570,4705338.0,3.7279125415467744,0.24210526315789474
p008,Tumor,Epithelial,COL1A1,141,108,570,4705338.0,3.4328887405284356,0.18947368421052632
p008,Tumor,Epithelial,COL1A2,68,54,570,4705338.0,2.737717197951579,0.09473684210526316
p008,Tumor,Epithelial,COL3A1,86,74,570,4705338.0,2.958918599825237,0.12982456140350876
p008,Tumor,Epithelial,CXCL12,0,0,570,4705338.0,0.0,0.0
p008,Tumor,Epithelial,EPCAM,2867,472,570,4705338.0,6.413963717788349,0.8280701754385965
p008,Tumor,Epithelial,FAP,17,17,570,4705338.0,1.5288606121522554,0.02982456140350877
p008,Tumor,Epithelial,FN1,37,33,570,4705338.0,2.181931521277756,0.05789473684210526
p008,Tumor,Epithelial,INHBA,0,0,570,4705338.0,0.0,0.0
p008,Tumor,Epithelial,KRT19,8478,486,570,4705338.0,7.497087094688819,0.8526315789473684
p008,Tumor,Epithelial,MMP2,16,16,570,4705338.0,1.4816939324967748,0.028070175438596492
p008,Tumor,Epithelial,MMP9,154,20,570,4705338.0,3.5183516538306963,0.03508771929824561
p008,Tumor,Epithelial,PDPN,6,4,570,4705338.0,0.8220448866472269,0.007017543859649123
p008,Tumor,Epithelial,PECAM1,12,10,570,4705338.0,1.2670307001402643,0.017543859649122806
p008,Tumor,Epithelial,POSTN,12,12,570,4705338.0,1.2670307001402643,0.021052631578947368
p008,Tumor,Epithelial,PTPRC,79,44,570,4705338.0,2.878605141923361,0.07719298245614035
p008,Tumor,Epithelial,TAGLN,268,98,570,4705338.0,4.059694255357295,0.17192982456140352
p008,Tumor,Epithelial,TGFB1,63,48,570,4705338.0,2.6664674157413013,0.08421052631578947
p008,Tumor,Epithelial,THY1,9,9,570,4705338.0,1.06908778305576,0.015789473684210527
p008,Tumor,Epithelial,VWF,50,14,570,4705338.0,2.4532636825771474,0.02456140350877193
p008,Tumor,Epithelial,WNT2,0,0,570,4705338.0,0.0,0.0
p008,Tumor,Epithelial,WNT5A,56,42,570,4705338.0,2.5573340259640274,0.07368421052631578
p008,Tumor,Immune,ACTA2,167,145,2360,12167053.0,2.6895869027695887,0.0614406779661017
p008,Tumor,Immune,CLDN1,17,13,2360,12167053.0,0.8743080254811567,0.005508474576271186
p008,Tumor,Immune,CLDN2,0,0,2360,12167053.0,0.0,0.0
p008,Tumor,Immune,CLDN4,177,134,2360,12167053.0,2.743898778135247,0.05677966101694915
p008,Tumor,Immune,CLDN7,2,2,2360,12167053.0,0.15218733263779666,0.000847457627118644
p008,Tumor,Immune,COL1A1,205,195,2360,12167053.0,2.8819351620259477,0.0826271186440678
p008,Tumor,Immune,COL1A2,174,160,2360,12167053.0,2.7279126801995606,0.06779661016949153
p008,Tumor,Immune,COL3A1,167,159,2360,12167053.0,2.6895869027695887,0.06737288135593221
p008,Tumor,Immune,CXCL12,29,18,2360,12167053.0,1.2189065271304071,0.007627118644067797
p008,Tumor,Immune,EPCAM,26,11,2360,12167053.0,1.1432409317048329,0.004661016949152543
p008,Tumor,Immune,FAP,7,7,2360,12167053.0,0.4544610906129299,0.0029661016949152543
p008,Tumor,Immune,FN1,1168,149,2360,12167053.0,4.5746795529376945,0.06313559322033899
p008,Tumor,Immune,INHBA,7,7,2360,12167053.0,0.4544610906129299,0.0029661016949152543
p008,Tumor,Immune,KRT19,141,111,2360,12167053.0,2.532797450590442,0.04703389830508475
p008,Tumor,Immune,MMP2,141,111,2360,12167053.0,2.532797450590442,0.04703389830508475
p008,Tumor,Immune,MMP9,4752,268,2360,12167053.0,5.9701462707206305,0.1135593220338983
p008,Tumor,Immune,PDPN,184,91,2360,12167053.0,2.7802348826031817,0.03855932203389831
p008,Tumor,Immune,PECAM1,886,425,2360,12167053.0,4.301624353999946,0.18008474576271186
p008,Tumor,Immune,POSTN,64,27,2360,12167053.0,1.8341972690224875,0.011440677966101695
p008,Tumor,Immune,PTPRC,6912,1891,2360,12167053.0,6.344041317825082,0.801271186440678
p008,Tumor,Immune,TAGLN,191,173,2360,12167053.0,2.815296836969199,0.07330508474576271
p008,Tumor,Immune,TGFB1,1433,928,2360,12167053.0,4.77724847663608,0.39322033898305087
p008,Tumor,Immune,THY1,27,27,2360,12167053.0,1.1691041838563796,0.011440677966101695
p008,Tumor,Immune,VWF,67,35,2360,12167053.0,1.8728284899538148,0.014830508474576272
p008,Tumor,Immune,WNT2,0,0,2360,12167053.0,0.0,0.0
p008,Tumor,Immune,WNT5A,87,53,2360,12167053.0,2.098074107267441,0.022457627118644068
p008,Tumor,Other_stromal,ACTA2,0,0,10,39281.0,0.0,0.0
p008,Tumor,Other_stromal,CLDN1,0,0,10,39281.0,0.0,0.0
p008,Tumor,Other_stromal,CLDN2,0,0,10,39281.0,0.0,0.0
p008,Tumor,Other_stromal,CLDN4,0,0,10,39281.0,0.0,0.0
p008,Tumor,Other_stromal,CLDN7,0,0,10,39281.0,0.0,0.0
p008,Tumor,Other_stromal,COL1A1,50,9,10,39281.0,7.149822654561742,0.9
p008,Tumor,Other_stromal,COL1A2,38,9,10,39281.0,6.875633673913338,0.9
p008,Tumor,Other_stromal,COL3A1,9,3,10,39281.0,5.438593973414203,0.3
p008,Tumor,Other_stromal,CXCL12,0,0,10,39281.0,0.0,0.0
p008,Tumor,Other_stromal,EPCAM,1,1,10,39281.0,3.2755434654809354,0.1
p008,Tumor,Other_stromal,FAP,3,3,10,39281.0,4.348635311858043,0.3
p008,Tumor,Other_stromal,FN1,11,3,10,39281.0,5.638474249487968,0.3
p008,Tumor,Other_stromal,INHBA,0,0,10,39281.0,0.0,0.0
p008,Tumor,Other_stromal,KRT19,0,0,10,39281.0,0.0,0.0
p008,Tumor,Other_stromal,MMP2,0,0,10,39281.0,0.0,0.0
p008,Tumor,Other_stromal,MMP9,1,1,10,39281.0,3.2755434654809354,0.1
p008,Tumor,Other_stromal,PDPN,10,5,10,39281.0,5.543519835724849,0.5
p008,Tumor,Other_stromal,PECAM1,0,0,10,39281.0,0.0,0.0
p008,Tumor,Other_stromal,POSTN,0,0,10,39281.0,0.0,0.0
p008,Tumor,Other_stromal,PTPRC,2,1,10,39281.0,3.9496116323217434,0.1
p008,Tumor,Other_stromal,TAGLN,1,1,10,39281.0,3.2755434654809354,0.1
p008,Tumor,Other_stromal,TGFB1,13,4,10,39281.0,5.804980754512995,0.4
p008,Tumor,Other_stromal,THY1,0,0,10,39281.0,0.0,0.0
p008,Tumor,Other_stromal,VWF,1,1,10,39281.0,3.2755434654809354,0.1
p008,Tumor,Other_stromal,WNT2,0,0,10,39281.0,0.0,0.0
p008,Tumor,Other_stromal,WNT5A,0,0,10,39281.0,0.0,0.0
p008,Tumor,Vascular,ACTA2,1088,49,158,1223343.0,6.791632916621195,0.310126582278481
p008,Tumor,Vascular,CLDN1,1,1,158,1223343.0,0.5974246438015517,0.006329113924050633
p008,Tumor,Vascular,CLDN2,0,0,158,1223343.0,0.0,0.0
p008,Tumor,Vascular,CLDN4,12,12,158,1223343.0,2.3803964016143615,0.0759493670886076
p008,Tumor,Vascular,CLDN7,0,0,158,1223343.0,0.0,0.0
p008,Tumor,Vascular,COL1A1,1011,61,158,1223343.0,6.7183172448874515,0.3860759493670886
p008,Tumor,Vascular,COL1A2,1220,65,158,1223343.0,6.9060211002086405,0.41139240506329117
p008,Tumor,Vascular,COL3A1,1169,62,158,1223343.0,6.863362625752832,0.3924050632911392
p008,Tumor,Vascular,CXCL12,92,32,158,1223343.0,4.333410876430216,0.20253164556962025
p008,Tumor,Vascular,EPCAM,4,4,158,1223343.0,1.4515503430936711,0.02531645569620253
p008,Tumor,Vascular,FAP,72,45,158,1223343.0,4.091926988299676,0.2848101265822785
p008,Tumor,Vascular,FN1,1508,117,158,1223343.0,7.11776317983094,0.740506329113924
p008,Tumor,Vascular,INHBA,1,1,158,1223343.0,0.5974246438015517,0.006329113924050633
p008,Tumor,Vascular,KRT19,9,8,158,1223343.0,2.1230863597324943,0.05063291139240506
p008,Tumor,Vascular,MMP2,217,71,158,1223343.0,5.1839317722375435,0.44936708860759494
p008,Tumor,Vascular,MMP9,4,3,158,1223343.0,1.4515503430936711,0.0189873417721519
p008,Tumor,Vascular,PDPN,0,0,158,1223343.0,0.0,0.0
p008,Tumor,Vascular,PECAM1,2234,109,158,1223343.0,7.510509156534432,0.689873417721519
p008,Tumor,Vascular,POSTN,1330,66,158,1223343.0,6.992266329945187,0.4177215189873418
p008,Tumor,Vascular,PTPRC,19,8,158,1223343.0,2.805250256007191,0.05063291139240506
p008,Tumor,Vascular,TAGLN,1493,78,158,1223343.0,7.107774572551805,0.4936708860759494
p008,Tumor,Vascular,TGFB1,131,75,158,1223343.0,4.682905209929513,0.47468354430379744
p008,Tumor,Vascular,THY1,541,61,158,1223343.0,6.094090713242528,0.3860759493670886
p008,Tumor,Vascular,VWF,3677,105,158,1223343.0,8.008597852080932,0.6645569620253164
p008,Tumor,Vascular,WNT2,1,1,158,1223343.0,0.5974246438015517,0.006329113924050633
p008,Tumor,Vascular,WNT5A,14,9,158,1223343.0,2.5212426982442366,0.056962025316455694
p009,Normal,CAF_like,ACTA2,2008,59,91,438074.0,8.430480054464276,0.6483516483516484
p009,Normal,CAF_like,CLDN1,2,2,91,438074.0,1.7165758164510054,0.02197802197802198
p009,Normal,CAF_like,CLDN2,0,0,91,438074.0,0.0,0.0
p009,Normal,CAF_like,CLDN4,34,14,91,438074.0,4.3645301877552205,0.15384615384615385
p009,Normal,CAF_like,CLDN7,0,0,91,438074.0,0.0,0.0
p009,Normal,CAF_like,COL1A1,532,60,91,438074.0,7.10283403096769,0.6593406593406593
p009,Normal,CAF_like,COL1A2,1167,59,91,438074.0,7.887934379698951,0.6483516483516484
p009,Normal,CAF_like,COL3A1,707,55,91,438074.0,7.387017530875814,0.6043956043956044
p009,Normal,CAF_like,CXCL12,26,18,91,438074.0,4.100172601259135,0.1978021978021978
p009,Normal,CAF_like,EPCAM,26,10,91,438074.0,4.100172601259135,0.10989010989010989
p009,Normal,CAF_like,FAP,8,6,91,438074.0,2.958121516618774,0.06593406593406594
p009,Normal,CAF_like,FN1,960,58,91,438074.0,7.692756940564082,0.6373626373626373
p009,Normal,CAF_like,INHBA,0,0,91,438074.0,0.0,0.0
p009,Normal,CAF_like,KRT19,99,18,91,438074.0,5.424902511655897,0.1978021978021978
p009,Normal,CAF_like,MMP2,221,37,91,438074.0,6.22551040788028,0.4065934065934066
p009,Normal,CAF_like,MMP9,0,0,91,438074.0,0.0,0.0
p009,Normal,CAF_like,PDPN,13,10,91,438074.0,3.423459454359044,0.10989010989010989
p009,Normal,CAF_like,PECAM1,0,0,91,438074.0,0.0,0.0
p009,Normal,CAF_like,POSTN,56,7,91,438074.0,4.858511434772527,0.07692307692307693
p009,Normal,CAF_like,PTPRC,0,0,91,438074.0,0.0,0.0
p009,Normal,CAF_like,TAGLN,2037,53,91,438074.0,8.44481588462871,0.5824175824175825
p009,Normal,CAF_like,TGFB1,8,7,91,438074.0,2.958121516618774,0.07692307692307693
p009,Normal,CAF_like,THY1,175,35,91,438074.0,5.992653559041605,0.38461538461538464
p009,Normal,CAF_like,VWF,0,0,91,438074.0,0.0,0.0
p009,Normal,CAF_like,WNT2,0,0,91,438074.0,0.0,0.0
p009,Normal,CAF_like,WNT5A,4,4,91,438074.0,2.315587931653354,0.04395604395604396
p009,Normal,Epithelial,ACTA2,104,99,5635,25983927.0,1.6099326497960404,0.017568766637089617
p009,Normal,Epithelial,CLDN1,30,27,5635,25983927.0,0.7675864771263593,0.004791481810115351
p009,Normal,Epithelial,CLDN2,9,8,5635,25983927.0,0.2974105728861124,0.001419698314108252
p009,Normal,Epithelial,CLDN4,44339,5147,5635,25983927.0,7.44272763242514,0.9133984028393967
p009,Normal,Epithelial,CLDN7,1168,977,5635,25983927.0,3.8275726778337655,0.17338065661047028
p009,Normal,Epithelial,COL1A1,93,90,5635,25983927.0,1.5215102622081005,0.015971606033717833
p009,Normal,Epithelial,COL1A2,25,24,5635,25983927.0,0.6740322716350812,0.004259094942324756
p009,Normal,Epithelial,COL3A1,22,21,5635,25983927.0,0.6133879461109105,0.0037267080745341614
p009,Normal,Epithelial,CXCL12,20,19,5635,25983927.0,0.5708137678325169,0.0033717834960070984
p009,Normal,Epithelial,EPCAM,33423,4903,5635,25983927.0,7.16029853466644,0.870097604259095
p009,Normal,Epithelial,FAP,7,4,5635,25983927.0,0.23854222765373498,0.000709849157054126
p009,Normal,Epithelial,FN1,45,41,5635,25983927.0,1.0049753165776028,0.0072759538598047915
p009,Normal,Epithelial,INHBA,0,0,5635,25983927.0,0.0,0.0
p009,Normal,Epithelial,KRT19,109166,5136,5635,25983927.0,8.343384777782454,0.9114463176574977
p009,Normal,Epithelial,MMP2,6,5,5635,25983927.0,0.20775534081010524,0.0008873114463176575
p009,Normal,Epithelial,MMP9,17,4,5635,25983927.0,0.503348100564593,0.000709849157054126
p009,Normal,Epithelial,PDPN,0,0,5635,25983927.0,0.0,0.0
p009,Normal,Epithelial,PECAM1,35,20,5635,25983927.0,0.8531321830958295,0.00354924578527063
p009,Normal,Epithelial,POSTN,5,5,5635,25983927.0,0.17599043160079889,0.0008873114463176575
p009,Normal,Epithelial,PTPRC,185,79,5635,25983927.0,2.094303800664988,0.01401952085181899
p009,Normal,Epithelial,TAGLN,564,479,5635,25983927.0,3.122617139601665,0.08500443655723158
p009,Normal,Epithelial,TGFB1,72,66,5635,25983927.0,1.3273253004612071,0.011712511091393079
p009,Normal,Epithelial,THY1,2,2,5635,25983927.0,0.07415215508520015,0.000354924578527063
p009,Normal,Epithelial,VWF,5,3,5635,25983927.0,0.17599043160079889,0.0005323868677905945
p009,Normal,Epithelial,WNT2,0,0,5635,25983927.0,0.0,0.0
p009,Normal,Epithelial,WNT5A,32,26,5635,25983927.0,0.8026876968975917,0.004614019520851819
p009,Normal,Immune,ACTA2,24,22,1336,9948699.0,1.2274087433574137,0.016467065868263474
p009,Normal,Immune,CLDN1,7,6,1336,9948699.0,0.5327492868657513,0.004491017964071856
p009,Normal,Immune,CLDN2,0,0,1336,9948699.0,0.0,0.0
p009,Normal,Immune,CLDN4,493,133,1336,9948699.0,3.9230463859861193,0.09955089820359281
p009,Normal,Immune,CLDN7,12,10,1336,9948699.0,0.7912660778413281,0.0074850299401197605
p009,Normal,Immune,COL1A1,7,6,1336,9948699.0,0.5327492868657513,0.004491017964071856
p009,Normal,Immune,COL1A2,5,3,1336,9948699.0,0.4071824837859295,0.002245508982035928
p009,Normal,Immune,COL3A1,7,7,1336,9948699.0,0.5327492868657513,0.005239520958083832
p009,Normal,Immune,CXCL12,2,2,1336,9948699.0,0.1831806133051942,0.0014970059880239522
p009,Normal,Immune,EPCAM,334,109,1336,9948699.0,3.5430507265857014,0.0815868263473054
p009,Normal,Immune,FAP,0,0,1336,9948699.0,0.0,0.0
p009,Normal,Immune,FN1,6,6,1336,9948699.0,0.4719354696532954,0.004491017964071856
p009,Normal,Immune,INHBA,0,0,1336,9948699.0,0.0,0.0
p009,Normal,Immune,KRT19,1114,215,1336,9948699.0,4.727161599100321,0.16092814371257486
p009,Normal,Immune,MMP2,0,0,1336,9948699.0,0.0,0.0
p009,Normal,Immune,MMP9,57,6,1336,9948699.0,1.906484850683484,0.004491017964071856
p009,Normal,Immune,PDPN,0,0,1336,9948699.0,0.0,0.0
p009,Normal,Immune,PECAM1,298,204,1336,9948699.0,3.432491418559686,0.15269461077844312
p009,Normal,Immune,POSTN,1,1,1336,9948699.0,0.09577884756568567,0.0007485029940119761
p009,Normal,Immune,PTPRC,3533,959,1336,9948699.0,5.875272836370889,0.717814371257485
p009,Normal,Immune,TAGLN,37,36,1336,9948699.0,1.5516137060875572,0.02694610778443114
p009,Normal,Immune,TGFB1,327,267,1336,9948699.0,3.522488901425145,0.1998502994011976
p009,Normal,Immune,THY1,4,4,1336,9948699.0,0.3379444534168532,0.0029940119760479044
p009,Normal,Immune,VWF,0,0,1336,9948699.0,0.0,0.0
p009,Normal,Immune,WNT2,0,0,1336,9948699.0,0.0,0.0
p009,Normal,Immune,WNT5A,6,5,1336,9948699.0,0.4719354696532954,0.0037425149700598802
p009,Normal,Other_stromal,ACTA2,0,0,6,11995.0,0.0,0.0
p009,Normal,Other_stromal,CLDN1,0,0,6,11995.0,0.0,0.0
p009,Normal,Other_stromal,CLDN2,0,0,6,11995.0,0.0,0.0
p009,Normal,Other_stromal,CLDN4,1,1,6,11995.0,4.435189012832085,0.16666666666666666
p009,Normal,Other_stromal,CLDN7,0,0,6,11995.0,0.0,0.0
p009,Normal,Other_stromal,COL1A1,22,5,6,11995.0,7.514852914739138,0.8333333333333334
p009,Normal,Other_stromal,COL1A2,17,6,6,11995.0,7.257184066171642,1.0
p009,Normal,Other_stromal,COL3A1,5,3,6,11995.0,6.035099422118058,0.5
p009,Normal,Other_stromal,CXCL12,0,0,6,11995.0,0.0,0.0
p009,Normal,Other_stromal,EPCAM,0,0,6,11995.0,0.0,0.0
p009,Normal,Other_stromal,FAP,0,0,6,11995.0,0.0,0.0
p009,Normal,Other_stromal,FN1,2,2,6,11995.0,5.122392149835421,0.3333333333333333
p009,Normal,Other_stromal,INHBA,0,0,6,11995.0,0.0,0.0
p009,Normal,Other_stromal,KRT19,4,2,6,11995.0,5.812554006528175,0.3333333333333333
p009,Normal,Other_stromal,MMP2,0,0,6,11995.0,0.0,0.0
p009,Normal,Other_stromal,MMP9,0,0,6,11995.0,0.0,0.0
p009,Normal,Other_stromal,PDPN,1,1,6,11995.0,4.435189012832085,0.16666666666666666
p009,Normal,Other_stromal,PECAM1,0,0,6,11995.0,0.0,0.0
p009,Normal,Other_stromal,POSTN,0,0,6,11995.0,0.0,0.0
p009,Normal,Other_stromal,PTPRC,0,0,6,11995.0,0.0,0.0
p009,Normal,Other_stromal,TAGLN,0,0,6,11995.0,0.0,0.0
p009,Normal,Other_stromal,TGFB1,0,0,6,11995.0,0.0,0.0
p009,Normal,Other_stromal,THY1,0,0,6,11995.0,0.0,0.0
p009,Normal,Other_stromal,VWF,0,0,6,11995.0,0.0,0.0
p009,Normal,Other_stromal,WNT2,0,0,6,11995.0,0.0,0.0
p009,Normal,Other_stromal,WNT5A,0,0,6,11995.0,0.0,0.0
p009,Normal,Vascular,ACTA2,45,4,17,73840.0,6.414156722659473,0.23529411764705882
p009,Normal,Vascular,CLDN1,0,0,17,73840.0,0.0,0.0
p009,Normal,Vascular,CLDN2,0,0,17,73840.0,0.0,0.0
p009,Normal,Vascular,CLDN4,0,0,17,73840.0,0.0,0.0
p009,Normal,Vascular,CLDN7,0,0,17,73840.0,0.0,0.0
p009,Normal,Vascular,COL1A1,6,2,17,73840.0,4.40984571327949,0.11764705882352941
p009,Normal,Vascular,COL1A2,16,3,17,73840.0,5.383047794565605,0.17647058823529413
p009,Normal,Vascular,COL3A1,16,4,17,73840.0,5.383047794565605,0.23529411764705882
p009,Normal,Vascular,CXCL12,3,2,17,73840.0,3.7287822831023503,0.11764705882352941
p009,Normal,Vascular,EPCAM,0,0,17,73840.0,0.0,0.0
p009,Normal,Vascular,FAP,0,0,17,73840.0,0.0,0.0
p009,Normal,Vascular,FN1,54,8,17,73840.0,6.596205208709101,0.47058823529411764
p009,Normal,Vascular,INHBA,0,0,17,73840.0,0.0,0.0
p009,Normal,Vascular,KRT19,0,0,17,73840.0,0.0,0.0
p009,Normal,Vascular,MMP2,1,1,17,73840.0,2.6770956979847838,0.058823529411764705
p009,Normal,Vascular,MMP9,0,0,17,73840.0,0.0,0.0
p009,Normal,Vascular,PDPN,3,1,17,73840.0,3.7287822831023503,0.058823529411764705
p009,Normal,Vascular,PECAM1,86,14,17,73840.0,7.06106022130209,0.8235294117647058
p009,Normal,Vascular,POSTN,58,6,17,73840.0,6.667569993073196,0.35294117647058826
p009,Normal,Vascular,PTPRC,0,0,17,73840.0,0.0,0.0
p009,Normal,Vascular,TAGLN,33,3,17,73840.0,6.1045973263670295,0.17647058823529413
p009,Normal,Vascular,TGFB1,6,5,17,73840.0,4.40984571327949,0.29411764705882354
p009,Normal,Vascular,THY1,6,4,17,73840.0,4.40984571327949,0.23529411764705882
p009,Normal,Vascular,VWF,102,11,17,73840.0,7.231551161735611,0.6470588235294118
p009,Normal,Vascular,WNT2,0,0,17,73840.0,0.0,0.0
p009,Normal,Vascular,WNT5A,0,0,17,73840.0,0.0,0.0
p009,Tumor,CAF_like,ACTA2,517,21,27,177258.0,7.978534655143426,0.7777777777777778
p009,Tumor,CAF_like,CLDN1,0,0,27,177258.0,0.0,0.0
p009,Tumor,CAF_like,CLDN2,0,0,27,177258.0,0.0,0.0
p009,Tumor,CAF_like,CLDN4,4,3,27,177258.0,3.1598040310227082,0.1111111111111111
p009,Tumor,CAF_like,CLDN7,0,0,27,177258.0,0.0,0.0
p009,Tumor,CAF_like,COL1A1,3371,25,27,177258.0,9.853166277658213,0.9259259259259259
p009,Tumor,CAF_like,COL1A2,2518,26,27,177258.0,9.561439589069764,0.9629629629629629
p009,Tumor,CAF_like,COL3A1,2394,27,27,177258.0,9.510943906580287,1.0
p009,Tumor,CAF_like,CXCL12,2,1,27,177258.0,2.50821526754069,0.037037037037037035
p009,Tumor,CAF_like,EPCAM,3,2,27,177258.0,2.886167541274444,0.07407407407407407
p009,Tumor,CAF_like,FAP,35,15,27,177258.0,5.2905487748561395,0.5555555555555556
p009,Tumor,CAF_like,FN1,833,26,27,177258.0,8.455395394844016,0.9629629629629629
p009,Tumor,CAF_like,INHBA,0,0,27,177258.0,0.0,0.0
p009,Tumor,CAF_like,KRT19,21,6,27,177258.0,4.7830768506328605,0.2222222222222222
p009,Tumor,CAF_like,MMP2,154,19,27,177258.0,6.768251947062008,0.7037037037037037
p009,Tumor,CAF_like,MMP9,2,1,27,177258.0,2.50821526754069,0.037037037037037035
p009,Tumor,CAF_like,PDPN,42,12,27,177258.0,5.47203014642207,0.4444444444444444
p009,Tumor,CAF_like,PECAM1,0,0,27,177258.0,0.0,0.0
p009,Tumor,CAF_like,POSTN,577,18,27,177258.0,8.088298406165963,0.6666666666666666
p009,Tumor,CAF_like,PTPRC,0,0,27,177258.0,0.0,0.0
p009,Tumor,CAF_like,TAGLN,1103,20,27,177258.0,8.7360986922877,0.7407407407407407
p009,Tumor,CAF_like,TGFB1,19,10,27,177258.0,4.683874078414061,0.37037037037037035
p009,Tumor,CAF_like,THY1,175,17,27,177258.0,6.89594734473757,0.6296296296296297
p009,Tumor,CAF_like,VWF,0,0,27,177258.0,0.0,0.0
p009,Tumor,CAF_like,WNT2,6,3,27,177258.0,3.5510234642868506,0.1111111111111111
p009,Tumor,CAF_like,WNT5A,56,12,27,177258.0,5.758660993677078,0.4444444444444444
p009,Tumor,Epithelial,ACTA2,47,46,3986,25093987.0,1.0553423870695897,0.01154039136979428
p009,Tumor,Epithelial,CLDN1,739,474,3986,25093987.0,3.416062545548484,0.11891620672353237
p009,Tumor,Epithelial,CLDN2,388,159,3986,25093987.0,2.8010468828139046,0.039889613647767184
p009,Tumor,Epithelial,CLDN4,22623,3468,3986,25093987.0,6.805202721000736,0.8700451580531862
p009,Tumor,Epithelial,CLDN7,564,473,3986,25093987.0,3.1559574856947297,0.11866532865027597
p009,Tumor,Epithelial,COL1A1,289,262,3986,25093987.0,2.5270640070912647,0.06573005519317611
p009,Tumor,Epithelial,COL1A2,29,29,3986,25093987.0,0.7680947779641308,0.007275464124435524
p009,Tumor,Epithelial,COL3A1,28,28,3986,25093987.0,0.7494354269792297,0.007024586051179127
p009,Tumor,Epithelial,CXCL12,19,12,3986,25093987.0,0.5636951682648031,0.0030105368790767687
p009,Tumor,Epithelial,EPCAM,33970,3556,3986,25093987.0,7.211343243001596,0.8921224284997491
p009,Tumor,Epithelial,FAP,3,3,3986,25093987.0,0.11292731199110526,0.0007526342197691922
p009,Tumor,Epithelial,FN1,10228,668,3986,25093987.0,6.012706535723281,0.16758655293527347
p009,Tumor,Epithelial,INHBA,0,0,3986,25093987.0,0.0,0.0
p009,Tumor,Epithelial,KRT19,70235,3696,3986,25093987.0,7.937331007836492,0.9272453587556447
p009,Tumor,Epithelial,MMP2,13,12,3986,25093987.0,0.41742819246996893,0.0030105368790767687
p009,Tumor,Epithelial,MMP9,19,14,3986,25093987.0,0.5636951682648031,0.0035122930255895636
p009,Tumor,Epithelial,PDPN,3,3,3986,25093987.0,0.11292731199110526,0.0007526342197691922
p009,Tumor,Epithelial,PECAM1,36,30,3986,25093987.0,0.8897851932108528,0.007526342197691922
p009,Tumor,Epithelial,POSTN,2,2,3986,25093987.0,0.07668356566215148,0.0005017561465127947
p009,Tumor,Epithelial,PTPRC,352,165,3986,25093987.0,2.7098662030793528,0.041394882087305566
p009,Tumor,Epithelial,TAGLN,466,334,3986,25093987.0,2.9740072733428207,0.08379327646763673
p009,Tumor,Epithelial,TGFB1,49,43,3986,25093987.0,1.0827061262256719,0.010787757150025088
p009,Tumor,Epithelial,THY1,9,9,3986,25093987.0,0.3064927787446484,0.0022579026593075764
p009,Tumor,Epithelial,VWF,31,27,3986,25093987.0,0.8044003674981153,0.006773707977922729
p009,Tumor,Epithelial,WNT2,0,0,3986,25093987.0,0.0,0.0
p009,Tumor,Epithelial,WNT5A,14,12,3986,25093987.0,0.4433404143136788,0.0030105368790767687
p009,Tumor,Immune,ACTA2,67,62,2874,17576932.0,1.5710741975045375,0.021572720946416143
p009,Tumor,Immune,CLDN1,57,31,2874,17576932.0,1.4452438763392295,0.010786360473208072
p009,Tumor,Immune,CLDN2,2,2,2874,17576932.0,0.1077645737933775,0.0006958942240779402
p009,Tumor,Immune,CLDN4,326,199,2874,17576932.0,2.972823691120238,0.06924147529575504
p009,Tumor,Immune,CLDN7,4,4,2874,17576932.0,0.20503742051712873,0.0013917884481558804
p009,Tumor,Immune,COL1A1,28,23,2874,17576932.0,0.952814350797084,0.008002783576896311
p009,Tumor,Immune,COL1A2,35,25,2874,17576932.0,1.0956901078859198,0.008698677800974252
p009,Tumor,Immune,COL3A1,27,21,2874,17576932.0,0.930629144959575,0.007306889352818371
p009,Tumor,Immune,CXCL12,11,8,2874,17576932.0,0.4860124584126359,0.0027835768963117608
p009,Tumor,Immune,EPCAM,316,171,2874,17576932.0,2.943286158881419,0.059498956158663886
p009,Tumor,Immune,FAP,5,4,2874,17576932.0,0.25034131650528213,0.0013917884481558804
p009,Tumor,Immune,FN1,179,117,2874,17576932.0,2.4144665056078507,0.0407098121085595
p009,Tumor,Immune,INHBA,1,1,2874,17576932.0,0.055333235431001104,0.0003479471120389701
p009,Tumor,Immune,KRT19,743,325,2874,17576932.0,3.76748990581512,0.11308281141266527
p009,Tumor,Immune,MMP2,14,13,2874,17576932.0,0.5858394934818859,0.004523312456506611
p009,Tumor,Immune,MMP9,605,113,2874,17576932.0,3.5672798457137302,0.03931802366040362
p009,Tumor,Immune,PDPN,41,21,2874,17576932.0,1.2037536066733567,0.007306889352818371
p009,Tumor,Immune,PECAM1,1387,673,2874,17576932.0,4.380904059877844,0.23416840640222686
p009,Tumor,Immune,POSTN,7,7,2874,17576932.0,0.33522091889204236,0.0024356297842727907
p009,Tumor,Immune,PTPRC,8839,2194,2874,17576932.0,6.222328257625127,0.7633959638135004
p009,Tumor,Immune,TAGLN,101,91,2874,17576932.0,1.9089746045848068,0.031663187195546276
p009,Tumor,Immune,TGFB1,735,600,2874,17576932.0,3.756915866082077,0.20876826722338204
p009,Tumor,Immune,THY1,11,7,2874,17576932.0,0.4860124584126359,0.0024356297842727907
p009,Tumor,Immune,VWF,16,16,2874,17576932.0,0.6472519230371341,0.0055671537926235215
p009,Tumor,Immune,WNT2,1,1,2874,17576932.0,0.055333235431001104,0.0003479471120389701
p009,Tumor,Immune,WNT5A,196,116,2874,17576932.0,2.4974097444681056,0.04036186499652053
p009,Tumor,Vascular,ACTA2,568,22,114,670056.0,6.743694387506794,0.19298245614035087
p009,Tumor,Vascular,CLDN1,0,0,114,670056.0,0.0,0.0
p009,Tumor,Vascular,CLDN2,0,0,114,670056.0,0.0,0.0
p009,Tumor,Vascular,CLDN4,18,9,114,670056.0,3.3273149450138755,0.07894736842105263
p009,Tumor,Vascular,CLDN7,0,0,114,670056.0,0.0,0.0
p009,Tumor,Vascular,COL1A1,1490,21,114,670056.0,7.7073749878676425,0.18421052631578946
p009,Tumor,Vascular,COL1A2,1065,21,114,670056.0,7.371753028868737,0.18421052631578946
p009,Tumor,Vascular,COL3A1,707,20,114,670056.0,6.962371950472932,0.17543859649122806
p009,Tumor,Vascular,CXCL12,116,28,114,670056.0,5.159743904822298,0.24561403508771928
p009,Tumor,Vascular,EPCAM,17,9,114,670056.0,3.2722654435403005,0.07894736842105263
p009,Tumor,Vascular,FAP,56,37,114,670056.0,4.437639946358567,0.32456140350877194
p009,Tumor,Vascular,FN1,1373,76,114,670056.0,7.625635298030316,0.6666666666666666
p009,Tumor,Vascular,INHBA,1,1,114,670056.0,0.9132511468009404,0.008771929824561403
p009,Tumor,Vascular,KRT19,37,14,114,670056.0,4.029259496297312,0.12280701754385964
p009,Tumor,Vascular,MMP2,178,62,114,670056.0,5.585934830372376,0.543859649122807
p009,Tumor,Vascular,MMP9,4,4,114,670056.0,1.94156505104396,0.03508771929824561
p009,Tumor,Vascular,PDPN,0,0,114,670056.0,0.0,0.0
p009,Tumor,Vascular,PECAM1,1220,91,114,670056.0,7.507549201187648,0.7982456140350878
p009,Tumor,Vascular,POSTN,301,27,114,670056.0,6.109727878328178,0.23684210526315788
p009,Tumor,Vascular,PTPRC,6,5,114,670056.0,2.298022243694748,0.043859649122807015
p009,Tumor,Vascular,TAGLN,581,30,114,670056.0,6.7662973608859005,0.2631578947368421
p009,Tumor,Vascular,TGFB1,41,30,114,670056.0,4.130176777326309,0.2631578947368421
p009,Tumor,Vascular,THY1,457,52,114,670056.0,6.526542510753791,0.45614035087719296
p009,Tumor,Vascular,VWF,1692,91,114,670056.0,7.834456463958006,0.7982456140350878
p009,Tumor,Vascular,WNT2,0,0,114,670056.0,0.0,0.0
p009,Tumor,Vascular,WNT5A,9,6,114,670056.0,2.669428088555311,0.05263157894736842
p012,Normal,CAF_like,ACTA2,2681,156,304,1347521.0,7.5961810226692315,0.5131578947368421
p012,Normal,CAF_like,CLDN1,3,3,304,1347521.0,1.1713391895017482,0.009868421052631578
p012,Normal,CAF_like,CLDN2,0,0,304,1347521.0,0.0,0.0
p012,Normal,CAF_like,CLDN4,43,12,304,1347521.0,3.4937902028185754,0.039473684210526314
p012,Normal,CAF_like,CLDN7,0,0,304,1347521.0,0.0,0.0
p012,Normal,CAF_like,COL1A1,2139,232,304,1347521.0,7.370456879727073,0.7631578947368421
p012,Normal,CAF_like,COL1A2,3511,230,304,1347521.0,7.86577329421312,0.756578947368421
p012,Normal,CAF_like,COL3A1,3745,219,304,1347521.0,7.930270041828524,0.7203947368421053
p012,Normal,CAF_like,CXCL12,77,57,304,1347521.0,4.062887720129729,0.1875
p012,Normal,CAF_like,EPCAM,18,9,304,1347521.0,2.664297689478276,0.029605263157894735
p012,Normal,CAF_like,FAP,7,5,304,1347521.0,1.8236980004606147,0.01644736842105263
p012,Normal,CAF_like,FN1,2050,181,304,1347521.0,7.3279855754093886,0.5953947368421053
p012,Normal,CAF_like,INHBA,0,0,304,1347521.0,0.0,0.0
p012,Normal,CAF_like,KRT19,114,9,304,1347521.0,4.44968288517966,0.029605263157894735
p012,Normal,CAF_like,MMP2,513,158,304,1347521.0,5.944632539794942,0.5197368421052632
p012,Normal,CAF_like,MMP9,0,0,304,1347521.0,0.0,0.0
p012,Normal,CAF_like,PDPN,82,49,304,1347521.0,4.124752258607746,0.1611842105263158
p012,Normal,CAF_like,PECAM1,8,8,304,1347521.0,1.9368445663614415,0.02631578947368421
p012,Normal,CAF_like,POSTN,399,39,304,1347521.0,5.69406636432238,0.12828947368421054
p012,Normal,CAF_like,PTPRC,49,21,304,1347521.0,3.6206827745047754,0.06907894736842106
p012,Normal,CAF_like,TAGLN,3629,132,304,1347521.0,7.898817050394024,0.4342105263157895
p012,Normal,CAF_like,TGFB1,41,37,304,1347521.0,3.4476432752801554,0.12171052631578948
p012,Normal,CAF_like,THY1,348,125,304,1347521.0,5.557800580842624,0.41118421052631576
p012,Normal,CAF_like,VWF,0,0,304,1347521.0,0.0,0.0
p012,Normal,CAF_like,WNT2,0,0,304,1347521.0,0.0,0.0
p012,Normal,CAF_like,WNT5A,33,18,304,1347521.0,3.238263239118825,0.05921052631578947
p012,Normal,Epithelial,ACTA2,16,15,1124,3781347.0,1.6546591276053715,0.013345195729537367
p012,Normal,Epithelial,CLDN1,2,2,1124,3781347.0,0.42455640515567455,0.0017793594306049821
p012,Normal,Epithelial,CLDN2,0,0,1124,3781347.0,0.0,0.0
p012,Normal,Epithelial,CLDN4,7463,1019,1124,3781347.0,7.588139012669742,0.9065836298932385
p012,Normal,Epithelial,CLDN7,144,129,1124,3781347.0,3.665653500858942,0.11476868327402136
p012,Normal,Epithelial,COL1A1,13,10,1124,3781347.0,1.4901876765925932,0.008896797153024912
p012,Normal,Epithelial,COL1A2,12,9,1124,3781347.0,1.42874837763085,0.00800711743772242
p012,Normal,Epithelial,COL3A1,12,7,1124,3781347.0,1.42874837763085,0.006227758007117438
p012,Normal,Epithelial,CXCL12,2,1,1124,3781347.0,0.42455640515567455,0.0008896797153024911
p012,Normal,Epithelial,EPCAM,4708,890,1124,3781347.0,7.127741025456173,0.791814946619217
p012,Normal,Epithelial,FAP,0,0,1124,3781347.0,0.0,0.0
p012,Normal,Epithelial,FN1,13,13,1124,3781347.0,1.4901876765925932,0.011565836298932384
p012,Normal,Epithelial,INHBA,0,0,1124,3781347.0,0.0,0.0
p012,Normal,Epithelial,KRT19,11166,900,1124,3781347.0,7.990887021488725,0.800711743772242
p012,Normal,Epithelial,MMP2,2,2,1124,3781347.0,0.42455640515567455,0.0017793594306049821
p012,Normal,Epithelial,MMP9,0,0,1124,3781347.0,0.0,0.0
p012,Normal,Epithelial,PDPN,1,1,1124,3781347.0,0.23464201060807133,0.0008896797153024911
p012,Normal,Epithelial,PECAM1,14,13,1124,3781347.0,1.5480696911357124,0.011565836298932384
p012,Normal,Epithelial,POSTN,16,2,1124,3781347.0,1.6546591276053715,0.0017793594306049821
p012,Normal,Epithelial,PTPRC,155,84,1124,3781347.0,3.7374477843366374,0.07473309608540925
p012,Normal,Epithelial,TAGLN,92,78,1124,3781347.0,3.2319876629338324,0.0693950177935943
p012,Normal,Epithelial,TGFB1,29,28,1124,3781347.0,2.159779369240226,0.02491103202846975
p012,Normal,Epithelial,THY1,0,0,1124,3781347.0,0.0,0.0
p012,Normal,Epithelial,VWF,0,0,1124,3781347.0,0.0,0.0
p012,Normal,Epithelial,WNT2,0,0,1124,3781347.0,0.0,0.0
p012,Normal,Epithelial,WNT5A,5,4,1124,3781347.0,0.8425495173758081,0.0035587188612099642
p012,Normal,Immune,ACTA2,23,23,3082,18804372.0,0.7989115313715571,0.007462686567164179
p012,Normal,Immune,CLDN1,2,2,3082,18804372.0,0.10107376093656553,0.0006489292667099286
p012,Normal,Immune,CLDN2,0,0,3082,18804372.0,0.0,0.0
p012,Normal,Immune,CLDN4,309,108,3082,18804372.0,2.85832760763055,0.03504218040233614
p012,Normal,Immune,CLDN7,4,4,3082,18804372.0,0.19286287597274668,0.0012978585334198572
p012,Normal,Immune,COL1A1,47,36,3082,18804372.0,1.2525968839018882,0.011680726800778715
p012,Normal,Immune,COL1A2,38,32,3082,18804372.0,1.1055238986048213,0.010382868267358857
p012,Normal,Immune,COL3A1,14,13,3082,18804372.0,0.5564724031992536,0.004218040233614536
p012,Normal,Immune,CXCL12,23,16,3082,18804372.0,0.7989115313715571,0.005191434133679429
p012,Normal,Immune,EPCAM,140,63,3082,18804372.0,2.133583683929106,0.020441271901362752
p012,Normal,Immune,FAP,0,0,3082,18804372.0,0.0,0.0
p012,Normal,Immune,FN1,9,9,3082,18804372.0,0.3911038785275204,0.0029201817001946787
p012,Normal,Immune,INHBA,0,0,3082,18804372.0,0.0,0.0
p012,Normal,Immune,KRT19,494,110,3082,18804372.0,3.305805035320055,0.035691109669046074
p012,Normal,Immune,MMP2,4,4,3082,18804372.0,0.19286287597274668,0.0012978585334198572
p012,Normal,Immune,MMP9,82,42,3082,18804372.0,1.679092331721468,0.0136275146009085
p012,Normal,Immune,PDPN,0,0,3082,18804372.0,0.0,0.0
p012,Normal,Immune,PECAM1,447,322,3082,18804372.0,3.2096763474176777,0.1044776119402985
p012,Normal,Immune,POSTN,1,1,3082,18804372.0,0.0518133254156904,0.0003244646333549643
p012,Normal,Immune,PTPRC,4869,1775,3082,18804372.0,5.560409081964509,0.5759247242050617
p012,Normal,Immune,TAGLN,69,68,3082,18804372.0,1.541021898398861,0.022063595068137574
p012,Normal,Immune,TGFB1,787,635,3082,18804372.0,3.7577516024153734,0.20603504218040233
p012,Normal,Immune,THY1,9,8,3082,18804372.0,0.3911038785275204,0.0025957170668397143
p012,Normal,Immune,VWF,1,1,3082,18804372.0,0.0518133254156904,0.0003244646333549643
p012,Normal,Immune,WNT2,0,0,3082,18804372.0,0.0,0.0
p012,Normal,Immune,WNT5A,7,7,3082,18804372.0,0.31645453894454456,0.0022712524334847503
p012,Normal,Other_stromal,ACTA2,2,2,12,27548.0,4.298652522502836,0.16666666666666666
p012,Normal,Other_stromal,CLDN1,0,0,12,27548.0,0.0,0.0
p012,Normal,Other_stromal,CLDN2,0,0,12,27548.0,0.0,0.0
p012,Normal,Other_stromal,CLDN4,1,1,12,27548.0,3.619000722925278,0.08333333333333333
p012,Normal,Other_stromal,CLDN7,1,1,12,27548.0,3.619000722925278,0.08333333333333333
p012,Normal,Other_stromal,COL1A1,18,10,12,27548.0,6.483726373703726,0.8333333333333334
p012,Normal,Other_stromal,COL1A2,30,10,12,27548.0,6.9939405682795925,0.8333333333333334
p012,Normal,Other_stromal,COL3A1,16,7,12,27548.0,6.366134333027073,0.5833333333333334
p012,Normal,Other_stromal,CXCL12,3,3,12,27548.0,4.699578392284677,0.25
p012,Normal,Other_stromal,EPCAM,0,0,12,27548.0,0.0,0.0
p012,Normal,Other_stromal,FAP,0,0,12,27548.0,0.0,0.0
p012,Normal,Other_stromal,FN1,9,7,12,27548.0,5.792106132541705,0.5833333333333334
p012,Normal,Other_stromal,INHBA,0,0,12,27548.0,0.0,0.0
p012,Normal,Other_stromal,KRT19,0,0,12,27548.0,0.0,0.0
p012,Normal,Other_stromal,MMP2,0,0,12,27548.0,0.0,0.0
p012,Normal,Other_stromal,MMP9,0,0,12,27548.0,0.0,0.0
p012,Normal,Other_stromal,PDPN,5,2,12,27548.0,5.20675773140759,0.16666666666666666
p012,Normal,Other_stromal,PECAM1,0,0,12,27548.0,0.0,0.0
p012,Normal,Other_stromal,POSTN,0,0,12,27548.0,0.0,0.0
p012,Normal,Other_stromal,PTPRC,6,2,12,27548.0,5.388165635841788,0.16666666666666666
p012,Normal,Other_stromal,TAGLN,0,0,12,27548.0,0.0,0.0
p012,Normal,Other_stromal,TGFB1,0,0,12,27548.0,0.0,0.0
p012,Normal,Other_stromal,THY1,0,0,12,27548.0,0.0,0.0
p012,Normal,Other_stromal,VWF,0,0,12,27548.0,0.0,0.0
p012,Normal,Other_stromal,WNT2,0,0,12,27548.0,0.0,0.0
p012,Normal,Other_stromal,WNT5A,0,0,12,27548.0,0.0,0.0
p012,Normal,Vascular,ACTA2,2,1,44,201523.0,2.391001153770035,0.022727272727272728
p012,Normal,Vascular,CLDN1,1,1,44,201523.0,1.785441678938136,0.022727272727272728
p012,Normal,Vascular,CLDN2,0,0,44,201523.0,0.0,0.0
p012,Normal,Vascular,CLDN4,1,1,44,201523.0,1.785441678938136,0.022727272727272728
p012,Normal,Vascular,CLDN7,0,0,44,201523.0,0.0,0.0
p012,Normal,Vascular,COL1A1,14,5,44,201523.0,4.255200972565819,0.11363636363636363
p012,Normal,Vascular,COL1A2,12,5,44,201523.0,4.103412540202137,0.11363636363636363
p012,Normal,Vascular,COL3A1,22,5,44,201523.0,4.702012650317443,0.11363636363636363
p012,Normal,Vascular,CXCL12,5,4,44,201523.0,3.2508032275091656,0.09090909090909091
p012,Normal,Vascular,EPCAM,2,2,44,201523.0,2.391001153770035,0.045454545454545456
p012,Normal,Vascular,FAP,3,3,44,201523.0,2.7654783942720775,0.06818181818181818
p012,Normal,Vascular,FN1,5,5,44,201523.0,3.2508032275091656,0.11363636363636363
p012,Normal,Vascular,INHBA,0,0,44,201523.0,0.0,0.0
p012,Normal,Vascular,KRT19,4,3,44,201523.0,3.03729883879527,0.06818181818181818
p012,Normal,Vascular,MMP2,0,0,44,201523.0,0.0,0.0
p012,Normal,Vascular,MMP9,0,0,44,201523.0,0.0,0.0
p012,Normal,Vascular,PDPN,2,2,44,201523.0,2.391001153770035,0.045454545454545456
p012,Normal,Vascular,PECAM1,369,42,44,201523.0,7.513194387944342,0.9545454545454546
p012,Normal,Vascular,POSTN,12,4,44,201523.0,4.103412540202137,0.09090909090909091
p012,Normal,Vascular,PTPRC,2,1,44,201523.0,2.391001153770035,0.022727272727272728
p012,Normal,Vascular,TAGLN,6,1,44,201523.0,3.426646667235229,0.022727272727272728
p012,Normal,Vascular,TGFB1,10,10,44,201523.0,3.9243887830582564,0.22727272727272727
p012,Normal,Vascular,THY1,5,3,44,201523.0,3.2508032275091656,0.06818181818181818
p012,Normal,Vascular,VWF,270,40,44,201523.0,7.2010198222644455,0.9090909090909091
p012,Normal,Vascular,WNT2,1,1,44,201523.0,1.785441678938136,0.022727272727272728
p012,Normal,Vascular,WNT5A,0,0,44,201523.0,0.0,0.0
p012,Tumor,CAF_like,ACTA2,390,27,45,295947.0,7.18448018455712,0.6
p012,Tumor,CAF_like,CLDN1,0,0,45,295947.0,0.0,0.0
p012,Tumor,CAF_like,CLDN2,0,0,45,295947.0,0.0,0.0
p012,Tumor,CAF_like,CLDN4,2,1,45,295947.0,2.0487202893114174,0.022222222222222223
p012,Tumor,CAF_like,CLDN7,0,0,45,295947.0,0.0,0.0
p012,Tumor,CAF_like,COL1A1,738,41,45,295947.0,7.821919651155915,0.9111111111111111
p012,Tumor,CAF_like,COL1A2,1190,44,45,295947.0,8.299532144888316,0.9777777777777777
p012,Tumor,CAF_like,COL3A1,1135,42,45,295947.0,8.252223536926834,0.9333333333333333
p012,Tumor,CAF_like,CXCL12,20,12,45,295947.0,4.227996105685802,0.26666666666666666
p012,Tumor,CAF_like,EPCAM,2,2,45,295947.0,2.0487202893114174,0.044444444444444446
p012,Tumor,CAF_like,FAP,7,3,45,295947.0,3.204893883235481,0.06666666666666667
p012,Tumor,CAF_like,FN1,386,37,45,295947.0,7.174178672515702,0.8222222222222222
p012,Tumor,CAF_like,INHBA,0,0,45,295947.0,0.0,0.0
p012,Tumor,CAF_like,KRT19,2,2,45,295947.0,2.0487202893114174,0.044444444444444446
p012,Tumor,CAF_like,MMP2,112,27,45,295947.0,5.938712665009191,0.6
p012,Tumor,CAF_like,MMP9,0,0,45,295947.0,0.0,0.0
p012,Tumor,CAF_like,PDPN,97,20,45,295947.0,5.795332228392342,0.4444444444444444
p012,Tumor,CAF_like,PECAM1,1,1,45,295947.0,1.4768165967763502,0.022222222222222223
p012,Tumor,CAF_like,POSTN,134,17,45,295947.0,6.117620819113634,0.37777777777777777
p012,Tumor,CAF_like,PTPRC,30,5,45,295947.0,4.6285888359363225,0.1111111111111111
p012,Tumor,CAF_like,TAGLN,730,27,45,295947.0,7.811024753580821,0.6
p012,Tumor,CAF_like,TGFB1,11,10,45,295947.0,3.642018883557755,0.2222222222222222
p012,Tumor,CAF_like,THY1,298,32,45,295947.0,6.915660999179661,0.7111111111111111
p012,Tumor,CAF_like,VWF,0,0,45,295947.0,0.0,0.0
p012,Tumor,CAF_like,WNT2,0,0,45,295947.0,0.0,0.0
p012,Tumor,CAF_like,WNT5A,97,18,45,295947.0,5.795332228392342,0.4
p012,Tumor,Epithelial,ACTA2,6,6,906,4851138.0,0.8050566426778863,0.006622516556291391
p012,Tumor,Epithelial,CLDN1,276,148,906,4851138.0,4.058611454354094,0.16335540838852097
p012,Tumor,Epithelial,CLDN2,343,134,906,4851138.0,4.272561307288198,0.1479028697571744
p012,Tumor,Epithelial,CLDN4,7795,835,906,4851138.0,7.382646611022587,0.9216335540838853
p012,Tumor,Epithelial,CLDN7,152,126,906,4851138.0,3.47608387334868,0.1390728476821192
p012,Tumor,Epithelial,COL1A1,10,10,906,4851138.0,1.118863178708,0.011037527593818985
p012,Tumor,Epithelial,COL1A2,3,3,906,4851138.0,0.4814451728391324,0.0033112582781456954
p012,Tumor,Epithelial,COL3A1,1,1,906,4851138.0,0.18742285563862104,0.0011037527593818985
p012,Tumor,Epithelial,CXCL12,19,12,906,4851138.0,1.5926186144795438,0.013245033112582781
p012,Tumor,Epithelial,EPCAM,6518,712,906,4851138.0,7.2038535338399186,0.7858719646799117
p012,Tumor,Epithelial,FAP,2,2,906,4851138.0,0.34520145326152096,0.002207505518763797
p012,Tumor,Epithelial,FN1,5,3,906,4851138.0,0.7083736649043153,0.0033112582781456954
p012,Tumor,Epithelial,INHBA,0,0,906,4851138.0,0.0,0.0
p012,Tumor,Epithelial,KRT19,7017,692,906,4851138.0,7.277568840529086,0.7637969094922737
p012,Tumor,Epithelial,MMP2,0,0,906,4851138.0,0.0,0.0
p012,Tumor,Epithelial,MMP9,6,6,906,4851138.0,0.8050566426778863,0.006622516556291391
p012,Tumor,Epithelial,PDPN,1,1,906,4851138.0,0.18742285563862104,0.0011037527593818985
p012,Tumor,Epithelial,PECAM1,19,13,906,4851138.0,1.5926186144795438,0.01434878587196468
p012,Tumor,Epithelial,POSTN,0,0,906,4851138.0,0.0,0.0
p012,Tumor,Epithelial,PTPRC,163,72,906,4851138.0,3.54386418666485,0.07947019867549669
p012,Tumor,Epithelial,TAGLN,49,44,906,4851138.0,2.4070102195541505,0.04856512141280353
p012,Tumor,Epithelial,TGFB1,37,30,906,4851138.0,2.1549056723182396,0.033112582781456956
p012,Tumor,Epithelial,THY1,0,0,906,4851138.0,0.0,0.0
p012,Tumor,Epithelial,VWF,2,2,906,4851138.0,0.34520145326152096,0.002207505518763797
p012,Tumor,Epithelial,WNT2,0,0,906,4851138.0,0.0,0.0
p012,Tumor,Epithelial,WNT5A,8,8,906,4851138.0,0.9742190511300963,0.008830022075055188
p012,Tumor,Immune,ACTA2,35,33,3149,23361666.0,0.91556279628696,0.010479517307081613
p012,Tumor,Immune,CLDN1,19,9,3149,23361666.0,0.5951473756058698,0.0028580501746586218
p012,Tumor,Immune,CLDN2,7,7,3149,23361666.0,0.26208435194703594,0.0022229279136233727
p012,Tumor,Immune,CLDN4,231,148,3149,23361666.0,2.3876606622396,0.04699904731660845
p012,Tumor,Immune,CLDN7,5,5,3149,23361666.0,0.19394197073924999,0.0015878056525881232
p012,Tumor,Immune,COL1A1,19,17,3149,23361666.0,0.5951473756058698,0.005398539218799619
p012,Tumor,Immune,COL1A2,49,39,3149,23361666.0,1.130580210121956,0.012384884090187362
p012,Tumor,Immune,COL3A1,6,6,3149,23361666.0,0.22859347209551797,0.001905366783105748
p012,Tumor,Immune,CXCL12,25,17,3149,23361666.0,0.7276110012017151,0.005398539218799619
p012,Tumor,Immune,EPCAM,107,88,3149,23361666.0,1.7192161599714262,0.027945379485550967
p012,Tumor,Immune,FAP,0,0,3149,23361666.0,0.0,0.0
p012,Tumor,Immune,FN1,6,6,3149,23361666.0,0.22859347209551797,0.001905366783105748
p012,Tumor,Immune,INHBA,3,3,3149,23361666.0,0.12081443554796216,0.000952683391552874
p012,Tumor,Immune,KRT19,162,119,3149,23361666.0,2.0712123940890033,0.037789774531597334
p012,Tumor,Immune,MMP2,5,4,3149,23361666.0,0.19394197073924999,0.0012702445220704986
p012,Tumor,Immune,MMP9,875,129,3149,23361666.0,3.649476259414073,0.04096538583677358
p012,Tumor,Immune,PDPN,31,16,3149,23361666.0,0.8445627624381348,0.0050809780882819944
p012,Tumor,Immune,PECAM1,1110,702,3149,23361666.0,3.8818469471252937,0.2229279136233725
p012,Tumor,Immune,POSTN,0,0,3149,23361666.0,0.0,0.0
p012,Tumor,Immune,PTPRC,7575,2004,3149,23361666.0,5.784591458862521,0.6363925055573197
p012,Tumor,Immune,TAGLN,85,80,3149,23361666.0,1.5343779178655736,0.02540489044140997
p012,Tumor,Immune,TGFB1,1371,981,3149,23361666.0,4.089095528523634,0.3115274690377898
p012,Tumor,Immune,THY1,14,14,3149,23361666.0,0.4695487316040145,0.004445855827246745
p012,Tumor,Immune,VWF,4,4,3149,23361666.0,0.15804650880324986,0.0012702445220704986
p012,Tumor,Immune,WNT2,0,0,3149,23361666.0,0.0,0.0
p012,Tumor,Immune,WNT5A,50,34,3149,23361666.0,1.144305063703873,0.010797078437599238
p012,Tumor,Other_stromal,ACTA2,0,0,5,13115.0,0.0,0.0
p012,Tumor,Other_stromal,CLDN1,0,0,5,13115.0,0.0,0.0
p012,Tumor,Other_stromal,CLDN2,0,0,5,13115.0,0.0,0.0
p012,Tumor,Other_stromal,CLDN4,0,0,5,13115.0,0.0,0.0
p012,Tumor,Other_stromal,CLDN7,0,0,5,13115.0,0.0,0.0
p012,Tumor,Other_stromal,COL1A1,14,4,5,13115.0,6.973992342482946,0.8
p012,Tumor,Other_stromal,COL1A2,13,5,5,13115.0,6.899956360735401,1.0
p012,Tumor,Other_stromal,COL3A1,19,5,5,13115.0,7.279127669865593,1.0
p012,Tumor,Other_stromal,CXCL12,0,0,5,13115.0,0.0,0.0
p012,Tumor,Other_stromal,EPCAM,0,0,5,13115.0,0.0,0.0
p012,Tumor,Other_stromal,FAP,0,0,5,13115.0,0.0,0.0
p012,Tumor,Other_stromal,FN1,10,5,5,13115.0,6.637894399392422,1.0
p012,Tumor,Other_stromal,INHBA,0,0,5,13115.0,0.0,0.0
p012,Tumor,Other_stromal,KRT19,1,1,5,13115.0,4.347028408672051,0.2
p012,Tumor,Other_stromal,MMP2,0,0,5,13115.0,0.0,0.0
p012,Tumor,Other_stromal,MMP9,0,0,5,13115.0,0.0,0.0
p012,Tumor,Other_stromal,PDPN,2,1,5,13115.0,5.033681939352861,0.2
p012,Tumor,Other_stromal,PECAM1,0,0,5,13115.0,0.0,0.0
p012,Tumor,Other_stromal,POSTN,0,0,5,13115.0,0.0,0.0
p012,Tumor,Other_stromal,PTPRC,0,0,5,13115.0,0.0,0.0
p012,Tumor,Other_stromal,TAGLN,2,1,5,13115.0,5.033681939352861,0.2
p012,Tumor,Other_stromal,TGFB1,7,3,5,13115.0,6.281780633201407,0.6
p012,Tumor,Other_stromal,THY1,0,0,5,13115.0,0.0,0.0
p012,Tumor,Other_stromal,VWF,0,0,5,13115.0,0.0,0.0
p012,Tumor,Other_stromal,WNT2,0,0,5,13115.0,0.0,0.0
p012,Tumor,Other_stromal,WNT5A,0,0,5,13115.0,0.0,0.0
p012,Tumor,Vascular,ACTA2,117,6,17,114185.0,6.933084737947291,0.35294117647058826
p012,Tumor,Vascular,CLDN1,3,1,17,114185.0,3.3059028196658393,0.058823529411764705
p012,Tumor,Vascular,CLDN2,0,0,17,114185.0,0.0,0.0
p012,Tumor,Vascular,CLDN4,0,0,17,114185.0,0.0,0.0
p012,Tumor,Vascular,CLDN7,0,0,17,114185.0,0.0,0.0
p012,Tumor,Vascular,COL1A1,80,10,17,114185.0,6.553388268430191,0.5882352941176471
p012,Tumor,Vascular,COL1A2,121,10,17,114185.0,6.966669117197411,0.5882352941176471
p012,Tumor,Vascular,COL3A1,192,10,17,114185.0,7.428025247696014,0.5882352941176471
p012,Tumor,Vascular,CXCL12,22,6,17,114185.0,5.266154596724959,0.35294117647058826
p012,Tumor,Vascular,EPCAM,3,2,17,114185.0,3.3059028196658393,0.11764705882352941
p012,Tumor,Vascular,FAP,1,1,17,114185.0,2.2780585348384945,0.058823529411764705
p012,Tumor,Vascular,FN1,13,4,17,114185.0,4.743629807701662,0.23529411764705882
p012,Tumor,Vascular,INHBA,0,0,17,114185.0,0.0,0.0
p012,Tumor,Vascular,KRT19,1,1,17,114185.0,2.2780585348384945,0.058823529411764705
p012,Tumor,Vascular,MMP2,3,1,17,114185.0,3.3059028196658393,0.058823529411764705
p012,Tumor,Vascular,MMP9,0,0,17,114185.0,0.0,0.0
p012,Tumor,Vascular,PDPN,0,0,17,114185.0,0.0,0.0
p012,Tumor,Vascular,PECAM1,115,10,17,114185.0,6.915859887693208,0.5882352941176471
p012,Tumor,Vascular,POSTN,9,3,17,114185.0,4.37976732997622,0.17647058823529413
p012,Tumor,Vascular,PTPRC,0,0,17,114185.0,0.0,0.0
p012,Tumor,Vascular,TAGLN,48,5,17,114185.0,6.043512378978845,0.29411764705882354
p012,Tumor,Vascular,TGFB1,10,6,17,114185.0,4.483874232866246,0.35294117647058826
p012,Tumor,Vascular,THY1,63,11,17,114185.0,6.314880885083332,0.6470588235294118
p012,Tumor,Vascular,VWF,102,10,17,114185.0,6.796026986838184,0.5882352941176471
p012,Tumor,Vascular,WNT2,0,0,17,114185.0,0.0,0.0
p012,Tumor,Vascular,WNT5A,2,2,17,114185.0,2.9186047343436137,0.11764705882352941
p013,Normal,CAF_like,ACTA2,397,22,32,115688.0,8.14108601044805,0.6875
p013,Normal,CAF_like,CLDN1,0,0,32,115688.0,0.0,0.0
p013,Normal,CAF_like,CLDN2,0,0,32,115688.0,0.0,0.0
p013,Normal,CAF_like,CLDN4,4,2,32,115688.0,3.5716643800190804,0.0625
p013,Normal,CAF_like,CLDN7,0,0,32,115688.0,0.0,0.0
p013,Normal,CAF_like,COL1A1,108,24,32,115688.0,6.840060205669578,0.75
p013,Normal,CAF_like,COL1A2,144,26,32,115688.0,7.127474732590423,0.8125
p013,Normal,CAF_like,COL3A1,340,21,32,115688.0,7.986144185228477,0.65625
p013,Normal,CAF_like,CXCL12,3,2,32,115688.0,3.293308361295263,0.0625
p013,Normal,CAF_like,EPCAM,3,1,32,115688.0,3.293308361295263,0.03125
p013,Normal,CAF_like,FAP,0,0,32,115688.0,0.0,0.0
p013,Normal,CAF_like,FN1,89,17,32,115688.0,6.646793757476989,0.53125
p013,Normal,CAF_like,INHBA,0,0,32,115688.0,0.0,0.0
p013,Normal,CAF_like,KRT19,17,1,32,115688.0,4.9968538365,0.03125
p013,Normal,CAF_like,MMP2,53,15,32,115688.0,6.129330693844185,0.46875
p013,Normal,CAF_like,MMP9,0,0,32,115688.0,0.0,0.0
p013,Normal,CAF_like,PDPN,4,3,32,115688.0,3.5716643800190804,0.09375
p013,Normal,CAF_like,PECAM1,0,0,32,115688.0,0.0,0.0
p013,Normal,CAF_like,POSTN,174,10,32,115688.0,7.316578318516887,0.3125
p013,Normal,CAF_like,PTPRC,1,1,32,115688.0,2.2663296216493447,0.03125
p013,Normal,CAF_like,TAGLN,612,15,32,115688.0,8.573779663997286,0.46875
p013,Normal,CAF_like,TGFB1,4,4,32,115688.0,3.5716643800190804,0.125
p013,Normal,CAF_like,THY1,12,7,32,115688.0,4.651359508430111,0.21875
p013,Normal,CAF_like,VWF,0,0,32,115688.0,0.0,0.0
p013,Normal,CAF_like,WNT2,0,0,32,115688.0,0.0,0.0
p013,Normal,CAF_like,WNT5A,16,6,32,115688.0,4.9366515741687556,0.1875
p013,Normal,Epithelial,ACTA2,24,15,1396,6278649.0,1.5732879807166769,0.010744985673352435
p013,Normal,Epithelial,CLDN1,20,16,1396,6278649.0,1.431601954431857,0.011461318051575931
p013,Normal,Epithelial,CLDN2,0,0,1396,6278649.0,0.0,0.0
p013,Normal,Epithelial,CLDN4,19063,1234,1396,6278649.0,8.018679041449285,0.8839541547277937
p013,Normal,Epithelial,CLDN7,331,253,1396,6278649.0,3.9837546103825603,0.1812320916905444
p013,Normal,Epithelial,COL1A1,4,4,1396,6278649.0,0.4929140012088041,0.0028653295128939827
p013,Normal,Epithelial,COL1A2,2,1,1396,6278649.0,0.2765249608848696,0.0007163323782234957
p013,Normal,Epithelial,COL3A1,4,3,1396,6278649.0,0.4929140012088041,0.002148997134670487
p013,Normal,Epithelial,CXCL12,1,1,1396,6278649.0,0.14779043811563344,0.0007163323782234957
p013,Normal,Epithelial,EPCAM,10554,1176,1396,6278649.0,7.427700114179669,0.8424068767908309
p013,Normal,Epithelial,FAP,3,3,1396,6278649.0,0.39056112435512813,0.002148997134670487
p013,Normal,Epithelial,FN1,8,8,1396,6278649.0,0.8216105146443404,0.0057306590257879654
p013,Normal,Epithelial,INHBA,0,0,1396,6278649.0,0.0,0.0
p013,Normal,Epithelial,KRT19,19742,1065,1396,6278649.0,8.05366677956986,0.7628939828080229
p013,Normal,Epithelial,MMP2,0,0,1396,6278649.0,0.0,0.0
p013,Normal,Epithelial,MMP9,0,0,1396,6278649.0,0.0,0.0
p013,Normal,Epithelial,PDPN,0,0,1396,6278649.0,0.0,0.0
p013,Normal,Epithelial,PECAM1,14,11,1396,6278649.0,1.1724137291985894,0.007879656160458453
p013,Normal,Epithelial,POSTN,11,3,1396,6278649.0,1.0123167475007429,0.002148997134670487
p013,Normal,Epithelial,PTPRC,73,42,1396,6278649.0,2.5358140190603686,0.03008595988538682
p013,Normal,Epithelial,TAGLN,133,90,1396,6278649.0,3.0993217655794094,0.06446991404011461
p013,Normal,Epithelial,TGFB1,41,33,1396,6278649.0,2.0189039682911445,0.02363896848137536
p013,Normal,Epithelial,THY1,0,0,1396,6278649.0,0.0,0.0
p013,Normal,Epithelial,VWF,0,0,1396,6278649.0,0.0,0.0
p013,Normal,Epithelial,WNT2,0,0,1396,6278649.0,0.0,0.0
p013,Normal,Epithelial,WNT5A,12,6,1396,6278649.0,1.068578827438375,0.004297994269340974
p013,Normal,Immune,ACTA2,36,33,2224,19536701.0,1.0447492822848974,0.014838129496402877
p013,Normal,Immune,CLDN1,2,2,2224,19536701.0,0.09746370388319034,0.0008992805755395684
p013,Normal,Immune,CLDN2,0,0,2224,19536701.0,0.0,0.0
p013,Normal,Immune,CLDN4,262,123,2224,19536701.0,2.6679680164376642,0.055305755395683456
p013,Normal,Immune,CLDN7,2,2,2224,19536701.0,0.09746370388319034,0.0008992805755395684
p013,Normal,Immune,COL1A1,12,12,2224,19536701.0,0.47885717952952334,0.00539568345323741
p013,Normal,Immune,COL1A2,3,3,2224,19536701.0,0.14285033667862324,0.0013489208633093526
p013,Normal,Immune,COL3A1,1,1,2224,19536701.0,0.0499187789655263,0.0004496402877697842
p013,Normal,Immune,CXCL12,5,2,2224,19536701.0,0.22787519746995913,0.0008992805755395684
p013,Normal,Immune,EPCAM,131,64,2224,19536701.0,2.0419121157269458,0.02877697841726619
p013,Normal,Immune,FAP,2,2,2224,19536701.0,0.09746370388319034,0.0008992805755395684
p013,Normal,Immune,FN1,2,2,2224,19536701.0,0.09746370388319034,0.0008992805755395684
p013,Normal,Immune,INHBA,0,0,2224,19536701.0,0.0,0.0
p013,Normal,Immune,KRT19,374,96,2224,19536701.0,3.002879532417022,0.04316546762589928
p013,Normal,Immune,MMP2,1,1,2224,19536701.0,0.0499187789655263,0.0004496402877697842
p013,Normal,Immune,MMP9,48,6,2224,19536701.0,1.2403763694376762,0.002697841726618705
p013,Normal,Immune,PDPN,0,0,2224,19536701.0,0.0,0.0
p013,Normal,Immune,PECAM1,309,249,2224,19536701.0,2.822353755469404,0.11196043165467626
p013,Normal,Immune,POSTN,1,1,2224,19536701.0,0.0499187789655263,0.0004496402877697842
p013,Normal,Immune,PTPRC,3315,1205,2224,19536701.0,5.139794229261563,0.54181654676259
p013,Normal,Immune,TAGLN,30,29,2224,19536701.0,0.9304190299934515,0.013039568345323741
p013,Normal,Immune,TGFB1,780,597,2224,19536701.0,3.7117376369630266,0.26843525179856115
p013,Normal,Immune,THY1,2,2,2224,19536701.0,0.09746370388319034,0.0008992805755395684
p013,Normal,Immune,VWF,1,1,2224,19536701.0,0.0499187789655263,0.0004496402877697842
p013,Normal,Immune,WNT2,0,0,2224,19536701.0,0.0,0.0
p013,Normal,Immune,WNT5A,4,4,2224,19536701.0,0.1862661483780067,0.0017985611510791368
p013,Normal,Other_stromal,ACTA2,1,1,7,10000.0,4.61512051684126,0.14285714285714285
p013,Normal,Other_stromal,CLDN1,0,0,7,10000.0,0.0,0.0
p013,Normal,Other_stromal,CLDN2,0,0,7,10000.0,0.0,0.0
p013,Normal,Other_stromal,CLDN4,3,2,7,10000.0,5.707110264748875,0.2857142857142857
p013,Normal,Other_stromal,CLDN7,0,0,7,10000.0,0.0,0.0
p013,Normal,Other_stromal,COL1A1,2,2,7,10000.0,5.303304908059076,0.2857142857142857
p013,Normal,Other_stromal,COL1A2,14,7,7,10000.0,7.244941546337007,1.0
p013,Normal,Other_stromal,COL3A1,6,3,7,10000.0,6.398594934535208,0.42857142857142855
p013,Normal,Other_stromal,CXCL12,0,0,7,10000.0,0.0,0.0
p013,Normal,Other_stromal,EPCAM,1,1,7,10000.0,4.61512051684126,0.14285714285714285
p013,Normal,Other_stromal,FAP,0,0,7,10000.0,0.0,0.0
p013,Normal,Other_stromal,FN1,6,4,7,10000.0,6.398594934535208,0.5714285714285714
p013,Normal,Other_stromal,INHBA,0,0,7,10000.0,0.0,0.0
p013,Normal,Other_stromal,KRT19,1,1,7,10000.0,4.61512051684126,0.14285714285714285
p013,Normal,Other_stromal,MMP2,0,0,7,10000.0,0.0,0.0
p013,Normal,Other_stromal,MMP9,0,0,7,10000.0,0.0,0.0
p013,Normal,Other_stromal,PDPN,0,0,7,10000.0,0.0,0.0
p013,Normal,Other_stromal,PECAM1,0,0,7,10000.0,0.0,0.0
p013,Normal,Other_stromal,POSTN,0,0,7,10000.0,0.0,0.0
p013,Normal,Other_stromal,PTPRC,0,0,7,10000.0,0.0,0.0
p013,Normal,Other_stromal,TAGLN,0,0,7,10000.0,0.0,0.0
p013,Normal,Other_stromal,TGFB1,0,0,7,10000.0,0.0,0.0
p013,Normal,Other_stromal,THY1,1,1,7,10000.0,4.61512051684126,0.14285714285714285
p013,Normal,Other_stromal,VWF,0,0,7,10000.0,0.0,0.0
p013,Normal,Other_stromal,WNT2,0,0,7,10000.0,0.0,0.0
p013,Normal,Other_stromal,WNT5A,0,0,7,10000.0,0.0,0.0
p013,Normal,Vascular,ACTA2,2,1,11,56896.0,3.5877282894167632,0.09090909090909091
p013,Normal,Vascular,CLDN1,0,0,11,56896.0,0.0,0.0
p013,Normal,Vascular,CLDN2,0,0,11,56896.0,0.0,0.0
p013,Normal,Vascular,CLDN4,0,0,11,56896.0,0.0,0.0
p013,Normal,Vascular,CLDN7,0,0,11,56896.0,0.0,0.0
p013,Normal,Vascular,COL1A1,9,3,11,56896.0,5.070056695586621,0.2727272727272727
p013,Normal,Vascular,COL1A2,8,3,11,56896.0,4.953058609772163,0.2727272727272727
p013,Normal,Vascular,COL3A1,20,3,11,56896.0,5.865103273859047,0.2727272727272727
p013,Normal,Vascular,CXCL12,2,2,11,56896.0,3.5877282894167632,0.18181818181818182
p013,Normal,Vascular,EPCAM,0,0,11,56896.0,0.0,0.0
p013,Normal,Vascular,FAP,0,0,11,56896.0,0.0,0.0
p013,Normal,Vascular,FN1,1,1,11,56896.0,2.9218665494634695,0.09090909090909091
p013,Normal,Vascular,INHBA,0,0,11,56896.0,0.0,0.0
p013,Normal,Vascular,KRT19,0,0,11,56896.0,0.0,0.0
p013,Normal,Vascular,MMP2,0,0,11,56896.0,0.0,0.0
p013,Normal,Vascular,MMP9,0,0,11,56896.0,0.0,0.0
p013,Normal,Vascular,PDPN,0,0,11,56896.0,0.0,0.0
p013,Normal,Vascular,PECAM1,43,8,11,56896.0,6.629052642966487,0.7272727272727273
p013,Normal,Vascular,POSTN,3,1,11,56896.0,3.9839302611393705,0.09090909090909091
p013,Normal,Vascular,PTPRC,5,2,11,56896.0,4.48728309542437,0.18181818181818182
p013,Normal,Vascular,TAGLN,2,2,11,56896.0,3.5877282894167632,0.18181818181818182
p013,Normal,Vascular,TGFB1,3,2,11,56896.0,3.9839302611393705,0.18181818181818182
p013,Normal,Vascular,THY1,6,1,11,56896.0,4.667727696725819,0.09090909090909091
p013,Normal,Vascular,VWF,46,8,11,56896.0,6.696407740852005,0.7272727272727273
p013,Normal,Vascular,WNT2,0,0,11,56896.0,0.0,0.0
p013,Normal,Vascular,WNT5A,0,0,11,56896.0,0.0,0.0
p013,Tumor,CAF_like,ACTA2,254,34,47,279124.0,6.8145317284935425,0.723404255319149
p013,Tumor,CAF_like,CLDN1,3,1,47,279124.0,2.463675465007435,0.02127659574468085
p013,Tumor,CAF_like,CLDN2,0,0,47,279124.0,0.0,0.0
p013,Tumor,CAF_like,CLDN4,4,4,47,279124.0,2.7298474672006585,0.0851063829787234
p013,Tumor,CAF_like,CLDN7,0,0,47,279124.0,0.0,0.0
p013,Tumor,CAF_like,COL1A1,1458,44,47,279124.0,8.561111488770925,0.9361702127659575
p013,Tumor,CAF_like,COL1A2,1281,47,47,279124.0,8.431713325007708,1.0
p013,Tumor,CAF_like,COL3A1,1407,43,47,279124.0,8.525512571265558,0.9148936170212766
p013,Tumor,CAF_like,CXCL12,4,4,47,279124.0,2.7298474672006585,0.0851063829787234
p013,Tumor,CAF_like,EPCAM,2,2,47,279124.0,2.0998903100647635,0.0425531914893617
p013,Tumor,CAF_like,FAP,23,8,47,279124.0,4.423656144741779,0.1702127659574468
p013,Tumor,CAF_like,FN1,280,36,47,279124.0,6.911885129503971,0.7659574468085106
p013,Tumor,CAF_like,INHBA,2,2,47,279124.0,2.0998903100647635,0.0425531914893617
p013,Tumor,CAF_like,KRT19,1,1,47,279124.0,1.522274620092559,0.02127659574468085
p013,Tumor,CAF_like,MMP2,198,40,47,279124.0,6.565774906600364,0.851063829787234
p013,Tumor,CAF_like,MMP9,0,0,47,279124.0,0.0,0.0
p013,Tumor,CAF_like,PDPN,88,26,47,279124.0,5.756602809819447,0.5531914893617021
p013,Tumor,CAF_like,PECAM1,0,0,47,279124.0,0.0,0.0
p013,Tumor,CAF_like,POSTN,334,28,47,279124.0,7.088075496024691,0.5957446808510638
p013,Tumor,CAF_like,PTPRC,7,3,47,279124.0,3.2611096767505745,0.06382978723404255
p013,Tumor,CAF_like,TAGLN,707,28,47,279124.0,7.837524540001612,0.5957446808510638
p013,Tumor,CAF_like,TGFB1,8,7,47,279124.0,3.389836317151316,0.14893617021276595
p013,Tumor,CAF_like,THY1,238,31,47,279124.0,6.749541927859079,0.6595744680851063
p013,Tumor,CAF_like,VWF,0,0,47,279124.0,0.0,0.0
p013,Tumor,CAF_like,WNT2,3,2,47,279124.0,2.463675465007435,0.0425531914893617
p013,Tumor,CAF_like,WNT5A,61,21,47,279124.0,5.391538381743501,0.44680851063829785
p013,Tumor,Epithelial,ACTA2,5,5,1125,8212854.0,0.47548965574270907,0.0044444444444444444
p013,Tumor,Epithelial,CLDN1,356,210,1125,8212854.0,3.7920379725607494,0.18666666666666668
p013,Tumor,Epithelial,CLDN2,349,113,1125,8212854.0,3.7726313458926475,0.10044444444444445
p013,Tumor,Epithelial,CLDN4,13121,1029,1125,8212854.0,7.376894527404788,0.9146666666666666
p013,Tumor,Epithelial,CLDN7,92,83,1125,8212854.0,2.5015959759517172,0.07377777777777778
p013,Tumor,Epithelial,COL1A1,16,14,1125,8212854.0,1.081183161268908,0.012444444444444444
p013,Tumor,Epithelial,COL1A2,6,6,1125,8212854.0,0.5484462785136138,0.005333333333333333
p013,Tumor,Epithelial,COL3A1,4,4,1125,8212854.0,0.396788515738191,0.0035555555555555557
p013,Tumor,Epithelial,CXCL12,4,4,1125,8212854.0,0.396788515738191,0.0035555555555555557
p013,Tumor,Epithelial,EPCAM,16446,1002,1125,8212854.0,7.602636336047918,0.8906666666666667
p013,Tumor,Epithelial,FAP,1,1,1125,8212854.0,0.11489919492418842,0.0008888888888888889
p013,Tumor,Epithelial,FN1,1166,105,1125,8212854.0,4.962652802693365,0.09333333333333334
p013,Tumor,Epithelial,INHBA,0,0,1125,8212854.0,0.0,0.0
p013,Tumor,Epithelial,KRT19,15499,958,1125,8212854.0,7.543360052182526,0.8515555555555555
p013,Tumor,Epithelial,MMP2,0,0,1125,8212854.0,0.0,0.0
p013,Tumor,Epithelial,MMP9,3,3,1125,8212854.0,0.3113603108883217,0.0026666666666666666
p013,Tumor,Epithelial,PDPN,0,0,1125,8212854.0,0.0,0.0
p013,Tumor,Epithelial,PECAM1,8,8,1125,8212854.0,0.680103896503472,0.0071111111111111115
p013,Tumor,Epithelial,POSTN,1,1,1125,8212854.0,0.11489919492418842,0.0008888888888888889
p013,Tumor,Epithelial,PTPRC,126,56,1125,8212854.0,2.793726514460481,0.049777777777777775
p013,Tumor,Epithelial,TAGLN,766,101,1125,8212854.0,4.54614635304613,0.08977777777777778
p013,Tumor,Epithelial,TGFB1,17,16,1125,8212854.0,1.1216534559316333,0.014222222222222223
p013,Tumor,Epithelial,THY1,1,1,1125,8212854.0,0.11489919492418842,0.0008888888888888889
p013,Tumor,Epithelial,VWF,2,2,1125,8212854.0,0.21794663508348708,0.0017777777777777779
p013,Tumor,Epithelial,WNT2,0,0,1125,8212854.0,0.0,0.0
p013,Tumor,Epithelial,WNT5A,11,11,1125,8212854.0,0.8498790462946305,0.009777777777777778
p013,Tumor,Immune,ACTA2,59,58,2203,14769114.0,1.6084020262368053,0.026327734906945077
p013,Tumor,Immune,CLDN1,27,17,2203,14769114.0,1.0396190586033904,0.007716749886518384
p013,Tumor,Immune,CLDN2,4,3,2203,14769114.0,0.239674538215847,0.0013617793917385383
p013,Tumor,Immune,CLDN4,275,179,2203,14769114.0,2.976546338972245,0.08125283704039946
p013,Tumor,Immune,CLDN7,2,2,2203,14769114.0,0.12700063371556583,0.0009078529278256923
p013,Tumor,Immune,COL1A1,15,15,2203,14769114.0,0.7009333047949418,0.006808896958692692
p013,Tumor,Immune,COL1A2,2,2,2203,14769114.0,0.12700063371556583,0.0009078529278256923
p013,Tumor,Immune,COL3A1,7,7,2203,14769114.0,0.3879540679247274,0.0031774852473899226
p013,Tumor,Immune,CXCL12,12,7,2203,14769114.0,0.5947106519494679,0.0031774852473899226
p013,Tumor,Immune,EPCAM,294,157,2203,14769114.0,3.0400556854333023,0.07126645483431684
p013,Tumor,Immune,FAP,0,0,2203,14769114.0,0.0,0.0
p013,Tumor,Immune,FN1,228,42,2203,14769114.0,2.799572735230529,0.019064911484339538
p013,Tumor,Immune,INHBA,5,3,2203,14769114.0,0.29158271251646267,0.0013617793917385383
p013,Tumor,Immune,KRT19,367,190,2203,14769114.0,3.252277903977478,0.08624602814344076
p013,Tumor,Immune,MMP2,31,24,2203,14769114.0,1.131071388535344,0.010894235133908307
p013,Tumor,Immune,MMP9,1743,116,2203,14769114.0,4.779262626864016,0.05265546981389015
p013,Tumor,Immune,PDPN,76,30,2203,14769114.0,1.815780965271678,0.013617793917385384
p013,Tumor,Immune,PECAM1,615,377,2203,14769114.0,3.752815158214001,0.17113027689514299
p013,Tumor,Immune,POSTN,0,0,2203,14769114.0,0.0,0.0
p013,Tumor,Immune,PTPRC,5220,1506,2203,14769114.0,5.87053990974903,0.6836132546527462
p013,Tumor,Immune,TAGLN,86,74,2203,14769114.0,1.920293791669373,0.033590558329550615
p013,Tumor,Immune,TGFB1,599,476,2203,14769114.0,3.7270807133123314,0.21606899682251476
p013,Tumor,Immune,THY1,5,4,2203,14769114.0,0.29158271251646267,0.0018157058556513845
p013,Tumor,Immune,VWF,5,5,2203,14769114.0,0.29158271251646267,0.0022696323195642307
p013,Tumor,Immune,WNT2,0,0,2203,14769114.0,0.0,0.0
p013,Tumor,Immune,WNT5A,100,67,2203,14769114.0,2.050384297590388,0.03041307308216069
p013,Tumor,Other_stromal,ACTA2,2,1,10,37514.0,3.994771519618906,0.1
p013,Tumor,Other_stromal,CLDN1,0,0,10,37514.0,0.0,0.0
p013,Tumor,Other_stromal,CLDN2,0,0,10,37514.0,0.0,0.0
p013,Tumor,Other_stromal,CLDN4,1,1,10,37514.0,3.3198685493515647,0.1
p013,Tumor,Other_stromal,CLDN7,0,0,10,37514.0,0.0,0.0
p013,Tumor,Other_stromal,COL1A1,49,8,10,37514.0,7.175626679375412,0.8
p013,Tumor,Other_stromal,COL1A2,61,7,10,37514.0,7.394529741098932,0.7
p013,Tumor,Other_stromal,COL3A1,22,3,10,37514.0,6.375787265348546,0.3
p013,Tumor,Other_stromal,CXCL12,1,1,10,37514.0,3.3198685493515647,0.1
p013,Tumor,Other_stromal,EPCAM,1,1,10,37514.0,3.3198685493515647,0.1
p013,Tumor,Other_stromal,FAP,1,1,10,37514.0,3.3198685493515647,0.1
p013,Tumor,Other_stromal,FN1,69,8,10,37514.0,7.517691120359612,0.8
p013,Tumor,Other_stromal,INHBA,0,0,10,37514.0,0.0,0.0
p013,Tumor,Other_stromal,KRT19,1,1,10,37514.0,3.3198685493515647,0.1
p013,Tumor,Other_stromal,MMP2,4,4,10,37514.0,4.678670238379011,0.4
p013,Tumor,Other_stromal,MMP9,0,0,10,37514.0,0.0,0.0
p013,Tumor,Other_stromal,PDPN,15,5,10,37514.0,5.99358909465017,0.5
p013,Tumor,Other_stromal,PECAM1,0,0,10,37514.0,0.0,0.0
p013,Tumor,Other_stromal,POSTN,0,0,10,37514.0,0.0,0.0
p013,Tumor,Other_stromal,PTPRC,3,1,10,37514.0,4.394080500053531,0.1
p013,Tumor,Other_stromal,TAGLN,0,0,10,37514.0,0.0,0.0
p013,Tumor,Other_stromal,TGFB1,1,1,10,37514.0,3.3198685493515647,0.1
p013,Tumor,Other_stromal,THY1,0,0,10,37514.0,0.0,0.0
p013,Tumor,Other_stromal,VWF,0,0,10,37514.0,0.0,0.0
p013,Tumor,Other_stromal,WNT2,0,0,10,37514.0,0.0,0.0
p013,Tumor,Other_stromal,WNT5A,1,1,10,37514.0,3.3198685493515647,0.1
p013,Tumor,Vascular,ACTA2,310,20,39,292528.0,6.966710381637741,0.5128205128205128
p013,Tumor,Vascular,CLDN1,1,1,39,292528.0,1.4857948810047261,0.02564102564102564
p013,Tumor,Vascular,CLDN2,0,0,39,292528.0,0.0,0.0
p013,Tumor,Vascular,CLDN4,11,5,39,292528.0,3.6533361584613426,0.1282051282051282
p013,Tumor,Vascular,CLDN7,0,0,39,292528.0,0.0,0.0
p013,Tumor,Vascular,COL1A1,905,19,39,292528.0,8.037453017225737,0.48717948717948717
p013,Tumor,Vascular,COL1A2,699,20,39,292528.0,7.779264040078039,0.5128205128205128
p013,Tumor,Vascular,COL3A1,716,21,39,292528.0,7.8032835325784875,0.5384615384615384
p013,Tumor,Vascular,CXCL12,16,6,39,292528.0,4.0199014882010795,0.15384615384615385
p013,Tumor,Vascular,EPCAM,5,5,39,292528.0,2.895490904914309,0.1282051282051282
p013,Tumor,Vascular,FAP,24,15,39,292528.0,4.419363703745902,0.38461538461538464
p013,Tumor,Vascular,FN1,355,27,39,292528.0,7.102136363086438,0.6923076923076923
p013,Tumor,Vascular,INHBA,0,0,39,292528.0,0.0,0.0
p013,Tumor,Vascular,KRT19,9,6,39,292528.0,3.458405526763393,0.15384615384615385
p013,Tumor,Vascular,MMP2,28,10,39,292528.0,4.571792631915029,0.2564102564102564
p013,Tumor,Vascular,MMP9,3,2,39,292528.0,2.4208505491712846,0.05128205128205128
p013,Tumor,Vascular,PDPN,0,0,39,292528.0,0.0,0.0
p013,Tumor,Vascular,PECAM1,359,23,39,292528.0,7.113331788307014,0.5897435897435898
p013,Tumor,Vascular,POSTN,65,9,39,292528.0,5.4080724944038385,0.23076923076923078
p013,Tumor,Vascular,PTPRC,0,0,39,292528.0,0.0,0.0
p013,Tumor,Vascular,TAGLN,419,19,39,292528.0,7.267763724237439,0.48717948717948717
p013,Tumor,Vascular,TGFB1,22,19,39,292528.0,4.333446445449908,0.48717948717948717
p013,Tumor,Vascular,THY1,286,23,39,292528.0,6.886209003661406,0.5897435897435898
p013,Tumor,Vascular,VWF,267,23,39,292528.0,6.817538559539976,0.5897435897435898
p013,Tumor,Vascular,WNT2,0,0,39,292528.0,0.0,0.0
p013,Tumor,Vascular,WNT5A,1,1,39,292528.0,1.4857948810047261,0.02564102564102564
p014,Normal,CAF_like,ACTA2,554,19,35,170177.0,8.0883880253875,0.5428571428571428
p014,Normal,CAF_like,CLDN1,1,1,35,170177.0,1.9280712265285447,0.02857142857142857
p014,Normal,CAF_like,CLDN2,0,0,35,170177.0,0.0,0.0
p014,Normal,CAF_like,CLDN4,28,4,35,170177.0,5.1091800722582,0.11428571428571428
p014,Normal,CAF_like,CLDN7,0,0,35,170177.0,0.0,0.0
p014,Normal,CAF_like,COL1A1,220,27,35,170177.0,7.1653169862585715,0.7714285714285715
p014,Normal,CAF_like,COL1A2,426,25,35,170177.0,7.825754950135262,0.7142857142857143
p014,Normal,CAF_like,COL3A1,536,22,35,170177.0,8.055367812192678,0.6285714285714286
p014,Normal,CAF_like,CXCL12,7,5,35,170177.0,3.740846547608872,0.14285714285714285
p014,Normal,CAF_like,EPCAM,11,2,35,170177.0,4.1841636660812505,0.05714285714285714
p014,Normal,CAF_like,FAP,0,0,35,170177.0,0.0,0.0
p014,Normal,CAF_like,FN1,91,17,35,170177.0,6.283644044132601,0.4857142857142857
p014,Normal,CAF_like,INHBA,0,0,35,170177.0,0.0,0.0
p014,Normal,CAF_like,KRT19,3,2,35,170177.0,2.9247036294021385,0.05714285714285714
p014,Normal,CAF_like,MMP2,71,17,35,170177.0,6.035990075420611,0.4857142857142857
p014,Normal,CAF_like,MMP9,0,0,35,170177.0,0.0,0.0
p014,Normal,CAF_like,PDPN,8,7,35,170177.0,3.8714067803734933,0.2
p014,Normal,CAF_like,PECAM1,0,0,35,170177.0,0.0,0.0
p014,Normal,CAF_like,POSTN,212,13,35,170177.0,7.128304881470948,0.37142857142857144
p014,Normal,CAF_like,PTPRC,2,2,35,170177.0,2.545724938155826,0.05714285714285714
p014,Normal,CAF_like,TAGLN,800,17,35,170177.0,8.455740633405544,0.4857142857142857
p014,Normal,CAF_like,TGFB1,6,5,35,170177.0,3.5906437318115105,0.14285714285714285
p014,Normal,CAF_like,THY1,47,12,35,170177.0,5.6246780567836945,0.34285714285714286
p014,Normal,CAF_like,VWF,0,0,35,170177.0,0.0,0.0
p014,Normal,CAF_like,WNT2,0,0,35,170177.0,0.0,0.0
p014,Normal,CAF_like,WNT5A,21,5,35,170177.0,4.823509653109444,0.14285714285714285
p014,Normal,Epithelial,ACTA2,38,34,1961,8986938.0,1.654097458392402,0.017338092809790925
p014,Normal,Epithelial,CLDN1,15,13,1961,8986938.0,0.9817372423916163,0.006629270780214177
p014,Normal,Epithelial,CLDN2,4,4,1961,8986938.0,0.36817189331324446,0.002039775624681285
p014,Normal,Epithelial,CLDN4,18222,1755,1961,8986938.0,7.6151058145327255,0.8949515553289138
p014,Normal,Epithelial,CLDN7,446,351,1961,8986938.0,3.92449652104803,0.17899031106578275
p014,Normal,Epithelial,COL1A1,61,54,1961,8986938.0,2.0525364348388737,0.027536970933197347
p014,Normal,Epithelial,COL1A2,8,6,1961,8986938.0,0.636672505982089,0.0030596634370219276
p014,Normal,Epithelial,COL3A1,10,5,1961,8986938.0,0.7479790792652972,0.0025497195308516064
p014,Normal,Epithelial,CXCL12,9,7,1961,8986938.0,0.6938736380074573,0.0035696073431922487
p014,Normal,Epithelial,EPCAM,13185,1648,1961,8986938.0,7.291744279988334,0.8403875573686894
p014,Normal,Epithelial,FAP,1,1,1961,8986938.0,0.10550584937269669,0.0005099439061703213
p014,Normal,Epithelial,FN1,10,9,1961,8986938.0,0.7479790792652972,0.004589495155532891
p014,Normal,Epithelial,INHBA,1,1,1961,8986938.0,0.10550584937269669,0.0005099439061703213
p014,Normal,Epithelial,KRT19,20336,1449,1961,8986938.0,7.724817628611977,0.7389087200407956
p014,Normal,Epithelial,MMP2,0,0,1961,8986938.0,0.0,0.0
p014,Normal,Epithelial,MMP9,0,0,1961,8986938.0,0.0,0.0
p014,Normal,Epithelial,PDPN,0,0,1961,8986938.0,0.0,0.0
p014,Normal,Epithelial,PECAM1,7,7,1961,8986938.0,0.5759998240256982,0.0035696073431922487
p014,Normal,Epithelial,POSTN,0,0,1961,8986938.0,0.0,0.0
p014,Normal,Epithelial,PTPRC,63,35,1961,8986938.0,2.0807124960928554,0.017848036715961243
p014,Normal,Epithelial,TAGLN,201,168,1961,8986938.0,3.1512731389844295,0.08567057623661398
p014,Normal,Epithelial,TGFB1,23,20,1961,8986938.0,1.2695554421699926,0.010198878123406425
p014,Normal,Epithelial,THY1,0,0,1961,8986938.0,0.0,0.0
p014,Normal,Epithelial,VWF,1,1,1961,8986938.0,0.10550584937269669,0.0005099439061703213
p014,Normal,Epithelial,WNT2,0,0,1961,8986938.0,0.0,0.0
p014,Normal,Epithelial,WNT5A,38,33,1961,8986938.0,1.654097458392402,0.016828148903620603
p014,Normal,Immune,ACTA2,29,27,943,9483044.0,1.4007123669251749,0.02863202545068929
p014,Normal,Immune,CLDN1,1,1,943,9483044.0,0.10025373296068038,0.0010604453870625664
p014,Normal,Immune,CLDN2,0,0,943,9483044.0,0.0,0.0
p014,Normal,Immune,CLDN4,203,81,943,9483044.0,3.109356830466949,0.08589607635206786
p014,Normal,Immune,CLDN7,6,6,943,9483044.0,0.49024012788446114,0.006362672322375398
p014,Normal,Immune,COL1A1,12,10,943,9483044.0,0.8177586110491752,0.010604453870625663
p014,Normal,Immune,COL1A2,7,7,943,9483044.0,0.552826854389911,0.007423117709437964
p014,Normal,Immune,COL3A1,0,0,943,9483044.0,0.0,0.0
p014,Normal,Immune,CXCL12,1,1,943,9483044.0,0.10025373296068038,0.0010604453870625664
p014,Normal,Immune,EPCAM,137,46,943,9483044.0,2.7374043193716058,0.04878048780487805
p014,Normal,Immune,FAP,0,0,943,9483044.0,0.0,0.0
p014,Normal,Immune,FN1,1,1,943,9483044.0,0.10025373296068038,0.0010604453870625664
p014,Normal,Immune,INHBA,1,1,943,9483044.0,0.10025373296068038,0.0010604453870625664
p014,Normal,Immune,KRT19,276,52,943,9483044.0,3.4046772750167498,0.05514316012725345
p014,Normal,Immune,MMP2,0,0,943,9483044.0,0.0,0.0
p014,Normal,Immune,MMP9,40,10,943,9483044.0,1.6521247036652835,0.010604453870625663
p014,Normal,Immune,PDPN,0,0,943,9483044.0,0.0,0.0
p014,Normal,Immune,PECAM1,166,131,943,9483044.0,2.918037061081018,0.13891834570519618
p014,Normal,Immune,POSTN,0,0,943,9483044.0,0.0,0.0
p014,Normal,Immune,PTPRC,2698,609,943,9483044.0,5.654269354478937,0.6458112407211029
p014,Normal,Immune,TAGLN,24,22,943,9483044.0,1.2615337996677964,0.02332979851537646
p014,Normal,Immune,TGFB1,433,300,943,9483044.0,3.8428967832970184,0.3181336161187699
p014,Normal,Immune,THY1,1,1,943,9483044.0,0.10025373296068038,0.0010604453870625664
p014,Normal,Immune,VWF,0,0,943,9483044.0,0.0,0.0
p014,Normal,Immune,WNT2,0,0,943,9483044.0,0.0,0.0
p014,Normal,Immune,WNT5A,2,2,943,9483044.0,0.19136615076527558,0.0021208907741251328
p014,Normal,Other_stromal,ACTA2,0,0,2,13771.0,0.0,0.0
p014,Normal,Other_stromal,CLDN1,0,0,2,13771.0,0.0,0.0
p014,Normal,Other_stromal,CLDN2,0,0,2,13771.0,0.0,0.0
p014,Normal,Other_stromal,CLDN4,0,0,2,13771.0,0.0,0.0
p014,Normal,Other_stromal,CLDN7,0,0,2,13771.0,0.0,0.0
p014,Normal,Other_stromal,COL1A1,21,2,2,13771.0,7.330368331947446,1.0
p014,Normal,Other_stromal,COL1A2,42,2,2,13771.0,8.023187792731685,1.0
p014,Normal,Other_stromal,COL3A1,15,2,2,13771.0,6.994158193840575,1.0
p014,Normal,Other_stromal,CXCL12,2,1,2,13771.0,4.985199430997222,0.5
p014,Normal,Other_stromal,EPCAM,0,0,2,13771.0,0.0,0.0
p014,Normal,Other_stromal,FAP,0,0,2,13771.0,0.0,0.0
p014,Normal,Other_stromal,FN1,4,2,2,13771.0,5.674921545659997,1.0
p014,Normal,Other_stromal,INHBA,0,0,2,13771.0,0.0,0.0
p014,Normal,Other_stromal,KRT19,0,0,2,13771.0,0.0,0.0
p014,Normal,Other_stromal,MMP2,1,1,2,13771.0,4.2988673886365385,0.5
p014,Normal,Other_stromal,MMP9,0,0,2,13771.0,0.0,0.0
p014,Normal,Other_stromal,PDPN,1,1,2,13771.0,4.2988673886365385,0.5
p014,Normal,Other_stromal,PECAM1,0,0,2,13771.0,0.0,0.0
p014,Normal,Other_stromal,POSTN,0,0,2,13771.0,0.0,0.0
p014,Normal,Other_stromal,PTPRC,0,0,2,13771.0,0.0,0.0
p014,Normal,Other_stromal,TAGLN,0,0,2,13771.0,0.0,0.0
p014,Normal,Other_stromal,TGFB1,0,0,2,13771.0,0.0,0.0
p014,Normal,Other_stromal,THY1,0,0,2,13771.0,0.0,0.0
p014,Normal,Other_stromal,VWF,0,0,2,13771.0,0.0,0.0
p014,Normal,Other_stromal,WNT2,0,0,2,13771.0,0.0,0.0
p014,Normal,Other_stromal,WNT5A,0,0,2,13771.0,0.0,0.0
p014,Normal,Vascular,ACTA2,7,3,15,75620.0,4.538689552717981,0.2
p014,Normal,Vascular,CLDN1,0,0,15,75620.0,0.0,0.0
p014,Normal,Vascular,CLDN2,0,0,15,75620.0,0.0,0.0
p014,Normal,Vascular,CLDN4,12,2,15,75620.0,5.073223024495532,0.13333333333333333
p014,Normal,Vascular,CLDN7,1,1,15,75620.0,2.6549317200320153,0.06666666666666667
p014,Normal,Vascular,COL1A1,10,2,15,75620.0,4.892153124920222,0.13333333333333333
p014,Normal,Vascular,COL1A2,18,3,15,75620.0,5.476598549497333,0.2
p014,Normal,Vascular,COL3A1,30,2,15,75620.0,5.985749357296449,0.13333333333333333
p014,Normal,Vascular,CXCL12,32,7,15,75620.0,6.050130720530259,0.4666666666666667
p014,Normal,Vascular,EPCAM,20,2,15,75620.0,5.581540624059578,0.13333333333333333
p014,Normal,Vascular,FAP,1,1,15,75620.0,2.6549317200320153,0.06666666666666667
p014,Normal,Vascular,FN1,1,1,15,75620.0,2.6549317200320153,0.06666666666666667
p014,Normal,Vascular,INHBA,0,0,15,75620.0,0.0,0.0
p014,Normal,Vascular,KRT19,34,3,15,75620.0,6.110616653094157,0.2
p014,Normal,Vascular,MMP2,1,1,15,75620.0,2.6549317200320153,0.06666666666666667
p014,Normal,Vascular,MMP9,0,0,15,75620.0,0.0,0.0
p014,Normal,Vascular,PDPN,0,0,15,75620.0,0.0,0.0
p014,Normal,Vascular,PECAM1,109,12,15,75620.0,7.274075883675143,0.8
p014,Normal,Vascular,POSTN,3,1,15,75620.0,3.705540987470298,0.06666666666666667
p014,Normal,Vascular,PTPRC,0,0,15,75620.0,0.0,0.0
p014,Normal,Vascular,TAGLN,1,1,15,75620.0,2.6549317200320153,0.06666666666666667
p014,Normal,Vascular,TGFB1,10,7,15,75620.0,4.892153124920222,0.4666666666666667
p014,Normal,Vascular,THY1,6,2,15,75620.0,4.3863185221516074,0.13333333333333333
p014,Normal,Vascular,VWF,161,13,15,75620.0,7.663908424675249,0.8666666666666667
p014,Normal,Vascular,WNT2,0,0,15,75620.0,0.0,0.0
p014,Normal,Vascular,WNT5A,0,0,15,75620.0,0.0,0.0
p014,Tumor,CAF_like,ACTA2,2157,88,123,794873.0,7.906415012599891,0.7154471544715447
p014,Tumor,CAF_like,CLDN1,4,3,123,794873.0,1.7971201475784242,0.024390243902439025
p014,Tumor,CAF_like,CLDN2,2,1,123,794873.0,1.257359592808682,0.008130081300813009
p014,Tumor,CAF_like,CLDN4,19,8,123,794873.0,3.2149958902925744,0.06504065040650407
p014,Tumor,CAF_like,CLDN7,1,1,123,794873.0,0.8145071928646758,0.008130081300813009
p014,Tumor,CAF_like,COL1A1,7316,108,123,794873.0,9.127500577704003,0.8780487804878049
p014,Tumor,CAF_like,COL1A2,5157,109,123,794873.0,8.777837342458309,0.8861788617886179
p014,Tumor,CAF_like,COL3A1,7318,109,123,794873.0,9.127773884082107,0.8861788617886179
p014,Tumor,CAF_like,CXCL12,65,31,123,794873.0,4.416114842878998,0.25203252032520324
p014,Tumor,CAF_like,EPCAM,2,1,123,794873.0,1.257359592808682,0.008130081300813009
p014,Tumor,CAF_like,FAP,127,33,123,794873.0,5.079999349284436,0.2682926829268293
p014,Tumor,CAF_like,FN1,1033,81,123,794873.0,7.170564578893072,0.6585365853658537
p014,Tumor,CAF_like,INHBA,4,4,123,794873.0,1.7971201475784242,0.032520325203252036
p014,Tumor,CAF_like,KRT19,31,10,123,794873.0,3.6888779758892785,0.08130081300813008
p014,Tumor,CAF_like,MMP2,657,71,123,794873.0,6.7184660650788395,0.5772357723577236
p014,Tumor,CAF_like,MMP9,87,15,123,794873.0,4.704576030375239,0.12195121951219512
p014,Tumor,CAF_like,PDPN,198,43,123,794873.0,5.521846429668099,0.34959349593495936
p014,Tumor,CAF_like,PECAM1,16,5,123,794873.0,3.0506465867779453,0.04065040650406504
p014,Tumor,CAF_like,POSTN,1142,67,123,794873.0,7.270805109513854,0.5447154471544715
p014,Tumor,CAF_like,PTPRC,26,8,123,794873.0,3.5177834887619577,0.06504065040650407
p014,Tumor,CAF_like,TAGLN,4884,99,123,794873.0,8.723455497914301,0.8048780487804879
p014,Tumor,CAF_like,TGFB1,39,30,123,794873.0,3.9133110104136395,0.24390243902439024
p014,Tumor,CAF_like,THY1,341,45,123,794873.0,6.063783696085607,0.36585365853658536
p014,Tumor,CAF_like,VWF,1,1,123,794873.0,0.8145071928646758,0.008130081300813009
p014,Tumor,CAF_like,WNT2,30,12,123,794873.0,3.6569211406010083,0.0975609756097561
p014,Tumor,CAF_like,WNT5A,198,41,123,794873.0,5.521846429668099,0.3333333333333333
p014,Tumor,Epithelial,ACTA2,74,69,1277,7611148.0,2.372351855650236,0.05403288958496476
p014,Tumor,Epithelial,CLDN1,233,156,1277,7611148.0,3.4535681219962293,0.12216131558339859
p014,Tumor,Epithelial,CLDN2,773,277,1277,7611148.0,4.630463121331054,0.2169146436961629
p014,Tumor,Epithelial,CLDN4,7667,1062,1277,7611148.0,6.9160588917806525,0.831636648394675
p014,Tumor,Epithelial,CLDN7,113,98,1277,7611148.0,2.762957703196376,0.07674236491777604
p014,Tumor,Epithelial,COL1A1,146,135,1277,7611148.0,3.0048103815693636,0.105716523101018
p014,Tumor,Epithelial,COL1A2,61,58,1277,7611148.0,2.198841014182047,0.04541895066562255
p014,Tumor,Epithelial,COL3A1,68,64,1277,7611148.0,2.2959897179962003,0.050117462803445575
p014,Tumor,Epithelial,CXCL12,3,3,1277,7611148.0,0.3322911319486695,0.0023492560689115116
p014,Tumor,Epithelial,EPCAM,7124,1017,1277,7611148.0,6.842678440707427,0.7963978073610023
p014,Tumor,Epithelial,FAP,3,3,1277,7611148.0,0.3322911319486695,0.0023492560689115116
p014,Tumor,Epithelial,FN1,83,51,1277,7611148.0,2.476963237201424,0.039937353171495694
p014,Tumor,Epithelial,INHBA,0,0,1277,7611148.0,0.0,0.0
p014,Tumor,Epithelial,KRT19,13218,1015,1277,7611148.0,7.4602964525922335,0.7948316366483946
p014,Tumor,Epithelial,MMP2,7,7,1277,7611148.0,0.6521707843576983,0.00548159749412686
p014,Tumor,Epithelial,MMP9,12,12,1277,7611148.0,0.9464841654196495,0.009397024275646046
p014,Tumor,Epithelial,PDPN,3,3,1277,7611148.0,0.3322911319486695,0.0023492560689115116
p014,Tumor,Epithelial,PECAM1,22,19,1277,7611148.0,1.358536897411972,0.014878621769772905
p014,Tumor,Epithelial,POSTN,17,17,1277,7611148.0,1.173585496383636,0.01331245105716523
p014,Tumor,Epithelial,PTPRC,156,77,1277,7611148.0,3.0678785490208464,0.060297572435395456
p014,Tumor,Epithelial,TAGLN,128,105,1277,7611148.0,2.880177569880879,0.0822239624119029
p014,Tumor,Epithelial,TGFB1,64,57,1277,7611148.0,2.2416367455353527,0.04463586530931871
p014,Tumor,Epithelial,THY1,4,4,1277,7611148.0,0.422351656461549,0.0031323414252153485
p014,Tumor,Epithelial,VWF,12,12,1277,7611148.0,0.9464841654196495,0.009397024275646046
p014,Tumor,Epithelial,WNT2,1,1,1277,7611148.0,0.12344362824933053,0.0007830853563038371
p014,Tumor,Epithelial,WNT5A,13,12,1277,7611148.0,0.9962180798315379,0.009397024275646046
p014,Tumor,Immune,ACTA2,61,59,1991,10352298.0,1.9304210267802704,0.029633350075339026
p014,Tumor,Immune,CLDN1,14,10,1991,10352298.0,0.8554176947402142,0.005022601707684581
p014,Tumor,Immune,CLDN2,18,11,1991,10352298.0,1.007499561037683,0.0055248618784530384
p014,Tumor,Immune,CLDN4,439,150,1991,10352298.0,3.7705986840928407,0.07533902561526871
p014,Tumor,Immune,CLDN7,4,4,1991,10352298.0,0.32670154470541385,0.0020090406830738324
p014,Tumor,Immune,COL1A1,88,83,1991,10352298.0,2.251347386041266,0.04168759417378202
p014,Tumor,Immune,COL1A2,65,55,1991,10352298.0,1.9849658982328668,0.027624309392265192
p014,Tumor,Immune,COL3A1,71,67,1991,10352298.0,2.0615805575237456,0.03365143144148669
p014,Tumor,Immune,CXCL12,12,10,1991,10352298.0,0.7697206105139365,0.005022601707684581
p014,Tumor,Immune,EPCAM,356,107,1991,10352298.0,3.5663869092242524,0.053741838272225013
p014,Tumor,Immune,FAP,1,1,1991,10352298.0,0.09221166634199728,0.0005022601707684581
p014,Tumor,Immune,FN1,335,70,1991,10352298.0,3.507356525579755,0.03515821195379206
p014,Tumor,Immune,INHBA,10,9,1991,10352298.0,0.6759853052940138,0.0045203415369161224
p014,Tumor,Immune,KRT19,402,196,1991,10352298.0,3.6846695521473505,0.09844299347061777
p014,Tumor,Immune,MMP2,11,11,1991,10352298.0,0.7239508444907627,0.0055248618784530384
p014,Tumor,Immune,MMP9,1312,88,1991,10352298.0,4.8499589495112945,0.04419889502762431
p014,Tumor,Immune,PDPN,44,21,1991,10352298.0,1.6582783701300223,0.01054746358613762
p014,Tumor,Immune,PECAM1,522,297,1991,10352298.0,3.940096960408132,0.14917127071823205
p014,Tumor,Immune,POSTN,17,16,1991,10352298.0,0.9715920232240898,0.00803616273229533
p014,Tumor,Immune,PTPRC,6253,1567,1991,10352298.0,6.405262307569894,0.7870416875941738
p014,Tumor,Immune,TAGLN,109,95,1991,10352298.0,2.4448710828414724,0.047714716223003516
p014,Tumor,Immune,TGFB1,713,520,1991,10352298.0,4.24668785190378,0.26117528879959817
p014,Tumor,Immune,THY1,5,5,1991,10352298.0,0.3940566456165483,0.0025113008538422904
p014,Tumor,Immune,VWF,16,15,1991,10352298.0,0.9343469577588338,0.007533902561526871
p014,Tumor,Immune,WNT2,1,1,1991,10352298.0,0.09221166634199728,0.0005022601707684581
p014,Tumor,Immune,WNT5A,45,31,1991,10352298.0,1.6765096518558917,0.0155700652938222
p014,Tumor,Other_stromal,ACTA2,0,0,8,25603.0,0.0,0.0
p014,Tumor,Other_stromal,CLDN1,0,0,8,25603.0,0.0,0.0
p014,Tumor,Other_stromal,CLDN2,0,0,8,25603.0,0.0,0.0
p014,Tumor,Other_stromal,CLDN4,3,3,8,25603.0,4.772156157322971,0.375
p014,Tumor,Other_stromal,CLDN7,0,0,8,25603.0,0.0,0.0
p014,Tumor,Other_stromal,COL1A1,56,7,8,25603.0,7.6908545295438175,0.875
p014,Tumor,Other_stromal,COL1A2,53,8,8,25603.0,7.635820619242967,1.0
p014,Tumor,Other_stromal,COL3A1,40,7,8,25603.0,7.354565071215842,0.875
p014,Tumor,Other_stromal,CXCL12,1,1,8,25603.0,3.690326479159534,0.125
p014,Tumor,Other_stromal,EPCAM,0,0,8,25603.0,0.0,0.0
p014,Tumor,Other_stromal,FAP,0,0,8,25603.0,0.0,0.0
p014,Tumor,Other_stromal,FN1,20,7,8,25603.0,6.662057351723145,0.875
p014,Tumor,Other_stromal,INHBA,0,0,8,25603.0,0.0,0.0
p014,Tumor,Other_stromal,KRT19,0,0,8,25603.0,0.0,0.0
p014,Tumor,Other_stromal,MMP2,1,1,8,25603.0,3.690326479159534,0.125
p014,Tumor,Other_stromal,MMP9,0,0,8,25603.0,0.0,0.0
p014,Tumor,Other_stromal,PDPN,1,1,8,25603.0,3.690326479159534,0.125
p014,Tumor,Other_stromal,PECAM1,0,0,8,25603.0,0.0,0.0
p014,Tumor,Other_stromal,POSTN,0,0,8,25603.0,0.0,0.0
p014,Tumor,Other_stromal,PTPRC,1,1,8,25603.0,3.690326479159534,0.125
p014,Tumor,Other_stromal,TAGLN,0,0,8,25603.0,0.0,0.0
p014,Tumor,Other_stromal,TGFB1,1,1,8,25603.0,3.690326479159534,0.125
p014,Tumor,Other_stromal,THY1,2,1,8,25603.0,4.370913180871816,0.125
p014,Tumor,Other_stromal,VWF,1,1,8,25603.0,3.690326479159534,0.125
p014,Tumor,Other_stromal,WNT2,0,0,8,25603.0,0.0,0.0
p014,Tumor,Other_stromal,WNT5A,0,0,8,25603.0,0.0,0.0
p014,Tumor,Vascular,ACTA2,825,35,102,821539.0,6.912954564197419,0.3431372549019608
p014,Tumor,Vascular,CLDN1,1,1,102,821539.0,0.7962576166613238,0.00980392156862745
p014,Tumor,Vascular,CLDN2,0,0,102,821539.0,0.0,0.0
p014,Tumor,Vascular,CLDN4,3,3,102,821539.0,1.5372290895644392,0.029411764705882353
p014,Tumor,Vascular,CLDN7,0,0,102,821539.0,0.0,0.0
p014,Tumor,Vascular,COL1A1,2568,38,102,821539.0,8.0477783960881,0.37254901960784315
p014,Tumor,Vascular,COL1A2,1737,42,102,821539.0,7.656963487234008,0.4117647058823529
p014,Tumor,Vascular,COL3A1,2145,38,102,821539.0,7.867853628399418,0.37254901960784315
p014,Tumor,Vascular,CXCL12,444,42,102,821539.0,6.294249034273751,0.4117647058823529
p014,Tumor,Vascular,EPCAM,6,6,102,821539.0,2.1166609747210603,0.058823529411764705
p014,Tumor,Vascular,FAP,45,30,102,821539.0,4.021330132913137,0.29411764705882354
p014,Tumor,Vascular,FN1,1884,64,102,821539.0,7.738164289628654,0.6274509803921569
p014,Tumor,Vascular,INHBA,0,0,102,821539.0,0.0,0.0
p014,Tumor,Vascular,KRT19,16,16,102,821539.0,3.019236017074496,0.1568627450980392
p014,Tumor,Vascular,MMP2,113,33,102,821539.0,4.931207642932056,0.3235294117647059
p014,Tumor,Vascular,MMP9,37,9,102,821539.0,3.829454623656531,0.08823529411764706
p014,Tumor,Vascular,PDPN,0,0,102,821539.0,0.0,0.0
p014,Tumor,Vascular,PECAM1,1183,71,102,821539.0,7.27307894538651,0.696078431372549
p014,Tumor,Vascular,POSTN,1226,38,102,821539.0,7.30875785764398,0.37254901960784315
p014,Tumor,Vascular,PTPRC,17,10,102,821539.0,3.076983650448894,0.09803921568627451
p014,Tumor,Vascular,TAGLN,1395,38,102,821539.0,7.437814306256863,0.37254901960784315
p014,Tumor,Vascular,TGFB1,46,36,102,821539.0,4.0429192005896635,0.35294117647058826
p014,Tumor,Vascular,THY1,501,44,102,821539.0,6.414820424985615,0.43137254901960786
p014,Tumor,Vascular,VWF,1232,67,102,821539.0,7.313636623961615,0.6568627450980392
p014,Tumor,Vascular,WNT2,0,0,102,821539.0,0.0,0.0
p014,Tumor,Vascular,WNT5A,23,5,102,821539.0,3.367166039910825,0.049019607843137254
p016,Normal,CAF_like,ACTA2,397,21,43,170632.0,7.752612080117976,0.4883720930232558
p016,Normal,CAF_like,CLDN1,0,0,43,170632.0,0.0,0.0
p016,Normal,CAF_like,CLDN2,0,0,43,170632.0,0.0,0.0
p016,Normal,CAF_like,CLDN4,26,4,43,170632.0,5.0328839542837045,0.09302325581395349
p016,Normal,CAF_like,CLDN7,0,0,43,170632.0,0.0,0.0
p016,Normal,CAF_like,COL1A1,230,34,43,170632.0,7.207067000371834,0.7906976744186046
p016,Normal,CAF_like,COL1A2,351,36,43,170632.0,7.629518324639993,0.8372093023255814
p016,Normal,CAF_like,COL3A1,850,34,43,170632.0,8.513683161110905,0.7906976744186046
p016,Normal,CAF_like,CXCL12,5,5,43,170632.0,3.411241013006333,0.11627906976744186
p016,Normal,CAF_like,EPCAM,18,5,43,170632.0,4.66805275265529,0.11627906976744186
p016,Normal,CAF_like,FAP,4,2,43,170632.0,3.196313671323256,0.046511627906976744
p016,Normal,CAF_like,FN1,225,22,43,170632.0,7.185104567479265,0.5116279069767442
p016,Normal,CAF_like,INHBA,0,0,43,170632.0,0.0,0.0
p016,Normal,CAF_like,KRT19,15,3,43,170632.0,4.487607541909423,0.06976744186046512
p016,Normal,CAF_like,MMP2,101,29,43,170632.0,6.385054605352843,0.6744186046511628
p016,Normal,CAF_like,MMP9,0,0,43,170632.0,0.0,0.0
p016,Normal,CAF_like,PDPN,9,6,43,170632.0,3.9842522925294728,0.13953488372093023
p016,Normal,CAF_like,PECAM1,0,0,43,170632.0,0.0,0.0
p016,Normal,CAF_like,POSTN,474,18,43,170632.0,7.929813328282477,0.4186046511627907
p016,Normal,CAF_like,PTPRC,0,0,43,170632.0,0.0,0.0
p016,Normal,CAF_like,TAGLN,620,16,43,170632.0,8.198240741321655,0.37209302325581395
p016,Normal,CAF_like,TGFB1,11,10,43,170632.0,4.1815342798492665,0.23255813953488372
p016,Normal,CAF_like,THY1,33,16,43,170632.0,5.269910994382335,0.37209302325581395
p016,Normal,CAF_like,VWF,0,0,43,170632.0,0.0,0.0
p016,Normal,CAF_like,WNT2,0,0,43,170632.0,0.0,0.0
p016,Normal,CAF_like,WNT5A,15,10,43,170632.0,4.487607541909423,0.23255813953488372
p016,Normal,Epithelial,ACTA2,48,44,2709,12332922.0,1.587605652826323,0.016242155777039496
p016,Normal,Epithelial,CLDN1,17,16,2709,12332922.0,0.86643823091591,0.005906238464377999
p016,Normal,Epithelial,CLDN2,3,3,2709,12332922.0,0.21773000930560815,0.0011074197120708748
p016,Normal,Epithelial,CLDN4,15831,2397,2709,12332922.0,7.158231782908801,0.884828349944629
p016,Normal,Epithelial,CLDN7,293,255,2709,12332922.0,3.2091304567749463,0.09413067552602436
p016,Normal,Epithelial,COL1A1,40,40,2709,12332922.0,1.4453533847081033,0.014765596160944998
p016,Normal,Epithelial,COL1A2,12,9,2709,12332922.0,0.6795579761592215,0.0033222591362126247
p016,Normal,Epithelial,COL3A1,12,12,2709,12332922.0,0.6795579761592215,0.004429678848283499
p016,Normal,Epithelial,CXCL12,7,6,2709,12332922.0,0.44953717372131163,0.0022148394241417496
p016,Normal,Epithelial,EPCAM,17463,2273,2709,12332922.0,7.2562733461824145,0.8390550018456995
p016,Normal,Epithelial,FAP,3,3,2709,12332922.0,0.21773000930560815,0.0011074197120708748
p016,Normal,Epithelial,FN1,74,54,2709,12332922.0,1.9459387364727188,0.019933554817275746
p016,Normal,Epithelial,INHBA,0,0,2709,12332922.0,0.0,0.0
p016,Normal,Epithelial,KRT19,34190,2227,2709,12332922.0,7.927776862749194,0.8220745662606128
p016,Normal,Epithelial,MMP2,3,3,2709,12332922.0,0.21773000930560815,0.0011074197120708748
p016,Normal,Epithelial,MMP9,3,3,2709,12332922.0,0.21773000930560815,0.0011074197120708748
p016,Normal,Epithelial,PDPN,0,0,2709,12332922.0,0.0,0.0
p016,Normal,Epithelial,PECAM1,5,5,2709,12332922.0,0.340335426793913,0.0018456995201181247
p016,Normal,Epithelial,POSTN,3,3,2709,12332922.0,0.21773000930560815,0.0011074197120708748
p016,Normal,Epithelial,PTPRC,37,25,2709,12332922.0,1.3863193751548128,0.009228497600590625
p016,Normal,Epithelial,TAGLN,163,152,2709,12332922.0,2.654414305990649,0.056109265411590996
p016,Normal,Epithelial,TGFB1,18,18,2709,12332922.0,0.8999613852486417,0.006644518272425249
p016,Normal,Epithelial,THY1,0,0,2709,12332922.0,0.0,0.0
p016,Normal,Epithelial,VWF,2,2,2709,12332922.0,0.15028685687065327,0.0007382798080472499
p016,Normal,Epithelial,WNT2,0,0,2709,12332922.0,0.0,0.0
p016,Normal,Epithelial,WNT5A,34,31,2709,12332922.0,1.3235804946567387,0.011443337024732374
p016,Normal,Immune,ACTA2,13,13,1114,8895359.0,0.9007450165004488,0.011669658886894075
p016,Normal,Immune,CLDN1,0,0,1114,8895359.0,0.0,0.0
p016,Normal,Immune,CLDN2,0,0,1114,8895359.0,0.0,0.0
p016,Normal,Immune,CLDN4,216,100,1114,8895359.0,3.2301055428581624,0.08976660682226212
p016,Normal,Immune,CLDN7,6,6,1114,8895359.0,0.5155200078664274,0.005385996409335727
p016,Normal,Immune,COL1A1,5,5,1114,8895359.0,0.4460252194365533,0.004488330341113106
p016,Normal,Immune,COL1A2,4,4,1114,8895359.0,0.3713377991378982,0.003590664272890485
p016,Normal,Immune,COL3A1,3,3,1114,8895359.0,0.2906186439916693,0.0026929982046678637
p016,Normal,Immune,CXCL12,1,1,1114,8895359.0,0.10653617929033045,0.0008976660682226212
p016,Normal,Immune,EPCAM,203,72,1114,8895359.0,3.1705628831378783,0.06463195691202872
p016,Normal,Immune,FAP,0,0,1114,8895359.0,0.0,0.0
p016,Normal,Immune,FN1,5,5,1114,8895359.0,0.4460252194365533,0.004488330341113106
p016,Normal,Immune,INHBA,0,0,1114,8895359.0,0.0,0.0
p016,Normal,Immune,KRT19,414,116,1114,8895359.0,3.8615950901366047,0.10412926391382406
p016,Normal,Immune,MMP2,1,1,1114,8895359.0,0.10653617929033045,0.0008976660682226212
p016,Normal,Immune,MMP9,38,5,1114,8895359.0,1.6623890352759263,0.004488330341113106
p016,Normal,Immune,PDPN,1,1,1114,8895359.0,0.10653617929033045,0.0008976660682226212
p016,Normal,Immune,PECAM1,132,102,1114,8895359.0,2.762487800052042,0.09156193895870736
p016,Normal,Immune,POSTN,0,0,1114,8895359.0,0.0,0.0
p016,Normal,Immune,PTPRC,1664,637,1114,8895359.0,5.23678147205295,0.5718132854578097
p016,Normal,Immune,TAGLN,12,12,1114,8895359.0,0.8539973968400633,0.010771992818671455
p016,Normal,Immune,TGFB1,462,342,1114,8895359.0,3.969106221549239,0.30700179533213645
p016,Normal,Immune,THY1,0,0,1114,8895359.0,0.0,0.0
p016,Normal,Immune,VWF,0,0,1114,8895359.0,0.0,0.0
p016,Normal,Immune,WNT2,0,0,1114,8895359.0,0.0,0.0
p016,Normal,Immune,WNT5A,1,1,1114,8895359.0,0.10653617929033045,0.0008976660682226212
p016,Normal,Other_stromal,ACTA2,1,1,7,12615.0,4.385404790684839,0.14285714285714285
p016,Normal,Other_stromal,CLDN1,0,0,7,12615.0,0.0,0.0
p016,Normal,Other_stromal,CLDN2,0,0,7,12615.0,0.0,0.0
p016,Normal,Other_stromal,CLDN4,0,0,7,12615.0,0.0,0.0
p016,Normal,Other_stromal,CLDN7,0,0,7,12615.0,0.0,0.0
p016,Normal,Other_stromal,COL1A1,2,2,7,12615.0,5.07230356842425,0.2857142857142857
p016,Normal,Other_stromal,COL1A2,13,6,7,12615.0,6.938787968447251,0.8571428571428571
p016,Normal,Other_stromal,COL3A1,6,2,7,12615.0,6.166728458957207,0.2857142857142857
p016,Normal,Other_stromal,CXCL12,0,0,7,12615.0,0.0,0.0
p016,Normal,Other_stromal,EPCAM,1,1,7,12615.0,4.385404790684839,0.14285714285714285
p016,Normal,Other_stromal,FAP,0,0,7,12615.0,0.0,0.0
p016,Normal,Other_stromal,FN1,2,1,7,12615.0,5.07230356842425,0.14285714285714285
p016,Normal,Other_stromal,INHBA,0,0,7,12615.0,0.0,0.0
p016,Normal,Other_stromal,KRT19,0,0,7,12615.0,0.0,0.0
p016,Normal,Other_stromal,MMP2,0,0,7,12615.0,0.0,0.0
p016,Normal,Other_stromal,MMP9,0,0,7,12615.0,0.0,0.0
p016,Normal,Other_stromal,PDPN,1,1,7,12615.0,4.385404790684839,0.14285714285714285
p016,Normal,Other_stromal,PECAM1,0,0,7,12615.0,0.0,0.0
p016,Normal,Other_stromal,POSTN,0,0,7,12615.0,0.0,0.0
p016,Normal,Other_stromal,PTPRC,1,1,7,12615.0,4.385404790684839,0.14285714285714285
p016,Normal,Other_stromal,TAGLN,0,0,7,12615.0,0.0,0.0
p016,Normal,Other_stromal,TGFB1,0,0,7,12615.0,0.0,0.0
p016,Normal,Other_stromal,THY1,1,1,7,12615.0,4.385404790684839,0.14285714285714285
p016,Normal,Other_stromal,VWF,0,0,7,12615.0,0.0,0.0
p016,Normal,Other_stromal,WNT2,0,0,7,12615.0,0.0,0.0
p016,Normal,Other_stromal,WNT5A,0,0,7,12615.0,0.0,0.0
p016,Normal,Vascular,ACTA2,4,3,21,100914.0,3.7046964857038236,0.14285714285714285
p016,Normal,Vascular,CLDN1,0,0,21,100914.0,0.0,0.0
p016,Normal,Vascular,CLDN2,0,0,21,100914.0,0.0,0.0
p016,Normal,Vascular,CLDN4,4,2,21,100914.0,3.7046964857038236,0.09523809523809523
p016,Normal,Vascular,CLDN7,0,0,21,100914.0,0.0,0.0
p016,Normal,Vascular,COL1A1,20,6,21,100914.0,5.2942518966767835,0.2857142857142857
p016,Normal,Vascular,COL1A2,24,5,21,100914.0,5.475736375097452,0.23809523809523808
p016,Normal,Vascular,COL3A1,47,7,21,100914.0,6.1457790163630435,0.3333333333333333
p016,Normal,Vascular,CXCL12,11,2,21,100914.0,4.700514057279473,0.09523809523809523
p016,Normal,Vascular,EPCAM,0,0,21,100914.0,0.0,0.0
p016,Normal,Vascular,FAP,1,1,21,100914.0,2.389627353890165,0.047619047619047616
p016,Normal,Vascular,FN1,22,8,21,100914.0,5.38910557514336,0.38095238095238093
p016,Normal,Vascular,INHBA,0,0,21,100914.0,0.0,0.0
p016,Normal,Vascular,KRT19,7,2,21,100914.0,4.2537101181651185,0.09523809523809523
p016,Normal,Vascular,MMP2,5,2,21,100914.0,3.9229063493681284,0.09523809523809523
p016,Normal,Vascular,MMP9,0,0,21,100914.0,0.0,0.0
p016,Normal,Vascular,PDPN,0,0,21,100914.0,0.0,0.0
p016,Normal,Vascular,PECAM1,182,14,21,100914.0,7.498047615949961,0.6666666666666666
p016,Normal,Vascular,POSTN,22,4,21,100914.0,5.38910557514336,0.19047619047619047
p016,Normal,Vascular,PTPRC,0,0,21,100914.0,0.0,0.0
p016,Normal,Vascular,TAGLN,5,1,21,100914.0,3.9229063493681284,0.047619047619047616
p016,Normal,Vascular,TGFB1,8,5,21,100914.0,4.385463504827454,0.23809523809523808
p016,Normal,Vascular,THY1,17,6,21,100914.0,5.1326185223813825,0.2857142857142857
p016,Normal,Vascular,VWF,162,14,21,100914.0,7.381705677229276,0.6666666666666666
p016,Normal,Vascular,WNT2,0,0,21,100914.0,0.0,0.0
p016,Normal,Vascular,WNT5A,2,1,21,100914.0,3.0358590981447757,0.047619047619047616
p016,Tumor,CAF_like,ACTA2,3227,170,261,2917314.0,7.009548486575344,0.6513409961685823
p016,Tumor,CAF_like,CLDN1,2,2,261,2917314.0,0.5220991165352334,0.007662835249042145
p016,Tumor,CAF_like,CLDN2,1,1,261,2917314.0,0.29474288492824724,0.0038314176245210726
p016,Tumor,CAF_like,CLDN4,69,24,261,2917314.0,3.204853712480782,0.09195402298850575
p016,Tumor,CAF_like,CLDN7,0,0,261,2917314.0,0.0,0.0
p016,Tumor,CAF_like,COL1A1,64775,257,261,2917314.0,10.008056712136678,0.9846743295019157
p016,Tumor,CAF_like,COL1A2,56690,259,261,2917314.0,9.874741236883418,0.9923371647509579
p016,Tumor,CAF_like,COL3A1,51576,261,261,2917314.0,9.780204958859505,1.0
p016,Tumor,CAF_like,CXCL12,111,60,261,2917314.0,3.6648095395033793,0.22988505747126436
p016,Tumor,CAF_like,EPCAM,31,16,261,2917314.0,2.4532622915346614,0.06130268199233716
p016,Tumor,CAF_like,FAP,594,186,261,2917314.0,5.321115271354797,0.7126436781609196
p016,Tumor,CAF_like,FN1,3927,216,261,2917314.0,7.205710335014429,0.8275862068965517
p016,Tumor,CAF_like,INHBA,55,46,261,2917314.0,2.9883530427598632,0.17624521072796934
p016,Tumor,CAF_like,KRT19,62,41,261,2917314.0,3.1024510378588115,0.15708812260536398
p016,Tumor,CAF_like,MMP2,4217,253,261,2917314.0,7.276907483066349,0.9693486590038314
p016,Tumor,CAF_like,MMP9,2,1,261,2917314.0,0.5220991165352334,0.0038314176245210726
p016,Tumor,CAF_like,PDPN,1226,227,261,2917314.0,6.043225498281122,0.8697318007662835
p016,Tumor,CAF_like,PECAM1,2,2,261,2917314.0,0.5220991165352334,0.007662835249042145
p016,Tumor,CAF_like,POSTN,5850,179,261,2917314.0,7.604032172144248,0.685823754789272
p016,Tumor,CAF_like,PTPRC,15,7,261,2917314.0,1.8151041779866555,0.02681992337164751
p016,Tumor,CAF_like,TAGLN,6106,209,261,2917314.0,7.646841507513153,0.8007662835249042
p016,Tumor,CAF_like,TGFB1,190,119,261,2917314.0,4.19159834230138,0.4559386973180077
p016,Tumor,CAF_like,THY1,4871,243,261,2917314.0,7.420989939397655,0.9310344827586207
p016,Tumor,CAF_like,VWF,4,4,261,2917314.0,0.8633642140578548,0.01532567049808429
p016,Tumor,CAF_like,WNT2,316,93,261,2917314.0,4.694268535491104,0.3563218390804598
p016,Tumor,CAF_like,WNT5A,575,168,261,2917314.0,5.288767473142777,0.6436781609195402
p016,Tumor,Epithelial,ACTA2,49,47,967,8613057.0,1.9004699183523732,0.04860392967942089
p016,Tumor,Epithelial,CLDN1,337,185,967,8613057.0,3.6920405091992174,0.19131334022750776
p016,Tumor,Epithelial,CLDN2,270,82,967,8613057.0,3.476544619034432,0.08479834539813857
p016,Tumor,Epithelial,CLDN4,8705,885,967,8613057.0,6.9193624932521836,0.9152016546018614
p016,Tumor,Epithelial,CLDN7,179,146,967,8613057.0,3.0811023266750537,0.15098241985522234
p016,Tumor,Epithelial,COL1A1,207,178,967,8613057.0,3.220206090737267,0.18407445708376421
p016,Tumor,Epithelial,COL1A2,102,92,967,8613057.0,2.5527588304897244,0.09513960703205791
p016,Tumor,Epithelial,COL3A1,117,108,967,8613057.0,2.6799268979490045,0.11168562564632885
p016,Tumor,Epithelial,CXCL12,25,12,967,8613057.0,1.3616352849854394,0.012409513960703205
p016,Tumor,Epithelial,EPCAM,13042,866,967,8613057.0,7.323311081507014,0.8955532574974147
p016,Tumor,Epithelial,FAP,3,3,967,8613057.0,0.298850760855698,0.0031023784901758012
p016,Tumor,Epithelial,FN1,405,93,967,8613057.0,3.8716515841565524,0.09617373319544985
p016,Tumor,Epithelial,INHBA,2,2,967,8613057.0,0.20880572784865,0.002068252326783868
p016,Tumor,Epithelial,KRT19,24786,886,967,8613057.0,7.965102385426526,0.9162357807652534
p016,Tumor,Epithelial,MMP2,22,22,967,8613057.0,1.2681473096061546,0.022750775594622543
p016,Tumor,Epithelial,MMP9,3,3,967,8613057.0,0.298850760855698,0.0031023784901758012
p016,Tumor,Epithelial,PDPN,2,2,967,8613057.0,0.20880572784865,0.002068252326783868
p016,Tumor,Epithelial,PECAM1,10,10,967,8613057.0,0.770584015998958,0.010341261633919338
p016,Tumor,Epithelial,POSTN,9,9,967,8613057.0,0.7153611943025686,0.009307135470527405
p016,Tumor,Epithelial,PTPRC,148,56,967,8613057.0,2.900498850425845,0.057911065149948295
p016,Tumor,Epithelial,TAGLN,65,54,967,8613057.0,2.1455431072034403,0.055842812823164424
p016,Tumor,Epithelial,TGFB1,31,29,967,8613057.0,1.5258794784479228,0.02998965873836608
p016,Tumor,Epithelial,THY1,15,14,967,8613057.0,1.0085205140617344,0.014477766287487074
p016,Tumor,Epithelial,VWF,10,9,967,8613057.0,0.770584015998958,0.009307135470527405
p016,Tumor,Epithelial,WNT2,0,0,967,8613057.0,0.0,0.0
p016,Tumor,Epithelial,WNT5A,3,3,967,8613057.0,0.298850760855698,0.0031023784901758012
p016,Tumor,Immune,ACTA2,104,98,1576,7675636.0,2.6775474058298085,0.06218274111675127
p016,Tumor,Immune,CLDN1,35,15,1576,7675636.0,1.7155770154191046,0.00951776649746193
p016,Tumor,Immune,CLDN2,5,5,1576,7675636.0,0.5016305692436527,0.0031725888324873096
p016,Tumor,Immune,CLDN4,145,86,1576,7675636.0,2.9902644883224627,0.05456852791878172
p016,Tumor,Immune,CLDN7,3,3,1576,7675636.0,0.3299129793047575,0.0019035532994923859
p016,Tumor,Immune,COL1A1,281,115,1576,7675636.0,3.6272525345156095,0.07296954314720812
p016,Tumor,Immune,COL1A2,205,94,1576,7675636.0,3.3217170128463684,0.05964467005076142
p016,Tumor,Immune,COL3A1,184,80,1576,7675636.0,3.2177533910665193,0.050761421319796954
p016,Tumor,Immune,CXCL12,18,14,1576,7675636.0,1.2074913701964725,0.008883248730964468
p016,Tumor,Immune,EPCAM,187,92,1576,7675636.0,3.2332836119516095,0.0583756345177665
p016,Tumor,Immune,FAP,5,2,1576,7675636.0,0.5016305692436527,0.0012690355329949238
p016,Tumor,Immune,FN1,519,32,1576,7675636.0,4.2285337110980965,0.02030456852791878
p016,Tumor,Immune,INHBA,6,5,1576,7675636.0,0.5775646989637242,0.0031725888324873096
p016,Tumor,Immune,KRT19,310,155,1576,7675636.0,3.7229796931451724,0.0983502538071066
p016,Tumor,Immune,MMP2,59,42,1576,7675636.0,2.161788452340695,0.0266497461928934
p016,Tumor,Immune,MMP9,223,44,1576,7675636.0,3.4029613940971073,0.027918781725888325
p016,Tumor,Immune,PDPN,30,17,1576,7675636.0,1.5909624691015043,0.010786802030456852
p016,Tumor,Immune,PECAM1,368,200,1576,7675636.0,3.8906749443735045,0.12690355329949238
p016,Tumor,Immune,POSTN,26,11,1576,7675636.0,1.4787234520427979,0.006979695431472081
p016,Tumor,Immune,PTPRC,6465,1392,1576,7675636.0,6.7372936904960685,0.883248730964467
p016,Tumor,Immune,TAGLN,72,53,1576,7675636.0,2.339912686210619,0.03362944162436548
p016,Tumor,Immune,TGFB1,501,389,1576,7675636.0,4.193759399558818,0.2468274111675127
p016,Tumor,Immune,THY1,34,16,1576,7675636.0,1.6918655329786834,0.01015228426395939
p016,Tumor,Immune,VWF,19,18,1576,7675636.0,1.2456994829632537,0.011421319796954314
p016,Tumor,Immune,WNT2,2,2,1576,7675636.0,0.23155981669987163,0.0012690355329949238
p016,Tumor,Immune,WNT5A,19,15,1576,7675636.0,1.2456994829632537,0.00951776649746193
p016,Tumor,Vascular,ACTA2,2763,68,115,1037002.0,7.88811371403223,0.591304347826087
p016,Tumor,Vascular,CLDN1,2,2,115,1037002.0,1.0745369867221723,0.017391304347826087
p016,Tumor,Vascular,CLDN2,0,0,115,1037002.0,0.0,0.0
p016,Tumor,Vascular,CLDN4,27,11,115,1037002.0,3.297191279876751,0.09565217391304348
p016,Tumor,Vascular,CLDN7,0,0,115,1037002.0,0.0,0.0
p016,Tumor,Vascular,COL1A1,3087,78,115,1037002.0,7.998957035699991,0.6782608695652174
p016,Tumor,Vascular,COL1A2,3431,82,115,1037002.0,8.104575384132426,0.7130434782608696
p016,Tumor,Vascular,COL3A1,3584,78,115,1037002.0,8.148190216433528,0.6782608695652174
p016,Tumor,Vascular,CXCL12,350,21,115,1037002.0,5.824557778827274,0.1826086956521739
p016,Tumor,Vascular,EPCAM,14,3,115,1037002.0,2.674180105659589,0.02608695652173913
p016,Tumor,Vascular,FAP,30,21,115,1037002.0,3.398846247712996,0.1826086956521739
p016,Tumor,Vascular,FN1,1297,105,115,1037002.0,7.132274545905625,0.9130434782608695
p016,Tumor,Vascular,INHBA,1,1,115,1037002.0,0.6751452611943811,0.008695652173913044
p016,Tumor,Vascular,KRT19,26,18,115,1037002.0,3.260872514361018,0.1565217391304348
p016,Tumor,Vascular,MMP2,109,43,115,1037002.0,4.664482833161079,0.3739130434782609
p016,Tumor,Vascular,MMP9,120,5,115,1037002.0,4.759762442615999,0.043478260869565216
p016,Tumor,Vascular,PDPN,42,1,115,1037002.0,3.7257263994077596,0.008695652173913044
p016,Tumor,Vascular,PECAM1,1074,41,115,1037002.0,6.94377650254867,0.3565217391304348
p016,Tumor,Vascular,POSTN,531,52,115,1037002.0,6.240379181668712,0.45217391304347826
p016,Tumor,Vascular,PTPRC,19,7,115,1037002.0,2.9612468063411064,0.06086956521739131
p016,Tumor,Vascular,TAGLN,1567,73,115,1037002.0,7.321245940960367,0.6347826086956522
p016,Tumor,Vascular,TGFB1,77,47,115,1037002.0,4.320849240934328,0.40869565217391307
p016,Tumor,Vascular,THY1,1124,83,115,1037002.0,6.989237346878462,0.7217391304347827
p016,Tumor,Vascular,VWF,1349,41,115,1037002.0,7.171553422059908,0.3565217391304348
p016,Tumor,Vascular,WNT2,0,0,115,1037002.0,0.0,0.0
p016,Tumor,Vascular,WNT5A,19,11,115,1037002.0,2.9612468063411064,0.09565217391304348
p017,Normal,CAF_like,ACTA2,104,22,77,285668.0,5.900058922870194,0.2857142857142857
p017,Normal,CAF_like,CLDN1,0,0,77,285668.0,0.0,0.0
p017,Normal,CAF_like,CLDN2,0,0,77,285668.0,0.0,0.0
p017,Normal,CAF_like,CLDN4,15,4,77,285668.0,3.9798406389834105,0.05194805194805195
p017,Normal,CAF_like,CLDN7,1,1,77,285668.0,1.5042034092516758,0.012987012987012988
p017,Normal,CAF_like,COL1A1,451,67,77,285668.0,7.365025530801449,0.8701298701298701
p017,Normal,CAF_like,COL1A2,866,69,77,285668.0,8.017139706455598,0.8961038961038961
p017,Normal,CAF_like,COL3A1,764,67,77,285668.0,7.891866611892775,0.8701298701298701
p017,Normal,CAF_like,CXCL12,25,17,77,285668.0,4.483162734627151,0.22077922077922077
p017,Normal,CAF_like,EPCAM,7,3,77,285668.0,3.2388341123264413,0.03896103896103896
p017,Normal,CAF_like,FAP,16,12,77,285668.0,4.043210438848666,0.15584415584415584
p017,Normal,CAF_like,FN1,245,46,77,285668.0,6.755348504759707,0.5974025974025974
p017,Normal,CAF_like,INHBA,0,0,77,285668.0,0.0,0.0
p017,Normal,CAF_like,KRT19,17,6,77,285668.0,4.1028027004706775,0.07792207792207792
p017,Normal,CAF_like,MMP2,195,57,77,285668.0,6.527388432272032,0.7402597402597403
p017,Normal,CAF_like,MMP9,0,0,77,285668.0,0.0,0.0
p017,Normal,CAF_like,PDPN,10,9,77,285668.0,3.583676451569402,0.11688311688311688
p017,Normal,CAF_like,PECAM1,0,0,77,285668.0,0.0,0.0
p017,Normal,CAF_like,POSTN,250,20,77,285668.0,6.775527919128285,0.2597402597402597
p017,Normal,CAF_like,PTPRC,9,5,77,285668.0,3.481397117831301,0.06493506493506493
p017,Normal,CAF_like,TAGLN,149,21,77,285668.0,6.258786686914489,0.2727272727272727
p017,Normal,CAF_like,TGFB1,8,8,77,285668.0,3.367452256887392,0.1038961038961039
p017,Normal,CAF_like,THY1,171,43,77,285668.0,6.396257717365762,0.5584415584415584
p017,Normal,CAF_like,VWF,0,0,77,285668.0,0.0,0.0
p017,Normal,CAF_like,WNT2,3,3,77,285668.0,2.4424949614368776,0.03896103896103896
p017,Normal,CAF_like,WNT5A,27,12,77,285668.0,4.5592865642735845,0.15584415584415584
p017,Normal,Epithelial,ACTA2,16,14,1475,5352379.0,1.383622027070942,0.009491525423728813
p017,Normal,Epithelial,CLDN1,16,15,1475,5352379.0,1.383622027070942,0.010169491525423728
p017,Normal,Epithelial,CLDN2,0,0,1475,5352379.0,0.0,0.0
p017,Normal,Epithelial,CLDN4,8590,1263,1475,5352379.0,7.381435780147584,0.856271186440678
p017,Normal,Epithelial,CLDN7,348,288,1475,5352379.0,4.189924664848069,0.1952542372881356
p017,Normal,Epithelial,COL1A1,11,11,1475,5352379.0,1.116832256378235,0.007457627118644068
p017,Normal,Epithelial,COL1A2,7,6,1475,5352379.0,0.8363075411344353,0.004067796610169492
p017,Normal,Epithelial,COL3A1,8,7,1475,5352379.0,0.9141534362498972,0.0047457627118644066
p017,Normal,Epithelial,CXCL12,8,8,1475,5352379.0,0.9141534362498972,0.005423728813559322
p017,Normal,Epithelial,EPCAM,5223,1162,1475,5352379.0,6.884310339762342,0.7877966101694915
p017,Normal,Epithelial,FAP,1,1,1475,5352379.0,0.17128825344430837,0.0006779661016949153
p017,Normal,Epithelial,FN1,21,16,1475,5352379.0,1.5940174205745223,0.010847457627118645
p017,Normal,Epithelial,INHBA,0,0,1475,5352379.0,0.0,0.0
p017,Normal,Epithelial,KRT19,14108,1133,1475,5352379.0,7.877335470532815,0.768135593220339
p017,Normal,Epithelial,MMP2,3,2,1475,5352379.0,0.4450052734957891,0.0013559322033898306
p017,Normal,Epithelial,MMP9,4,2,1475,5352379.0,0.5580896144718653,0.0013559322033898306
p017,Normal,Epithelial,PDPN,0,0,1475,5352379.0,0.0,0.0
p017,Normal,Epithelial,PECAM1,13,7,1475,5352379.0,1.2322180769064408,0.0047457627118644066
p017,Normal,Epithelial,POSTN,0,0,1475,5352379.0,0.0,0.0
p017,Normal,Epithelial,PTPRC,82,53,1475,5352379.0,2.7924091365022212,0.03593220338983051
p017,Normal,Epithelial,TAGLN,84,72,1475,5352379.0,2.81504673191311,0.0488135593220339
p017,Normal,Epithelial,TGFB1,25,22,1475,5352379.0,1.7353337649685776,0.014915254237288136
p017,Normal,Epithelial,THY1,2,2,1475,5352379.0,0.3174827993557582,0.0013559322033898306
p017,Normal,Epithelial,VWF,6,1,1475,5352379.0,0.7518861905204732,0.0006779661016949153
p017,Normal,Epithelial,WNT2,0,0,1475,5352379.0,0.0,0.0
p017,Normal,Epithelial,WNT5A,10,7,1475,5352379.0,1.0537293107704084,0.0047457627118644066
p017,Normal,Immune,ACTA2,26,25,1464,4869438.0,1.8467881029462778,0.01707650273224044
p017,Normal,Immune,CLDN1,1,1,1464,4869438.0,0.18678035817563846,0.0006830601092896175
p017,Normal,Immune,CLDN2,0,0,1464,4869438.0,0.0,0.0
p017,Normal,Immune,CLDN4,85,46,1464,4869438.0,2.915379398148803,0.031420765027322405
p017,Normal,Immune,CLDN7,5,4,1464,4869438.0,0.7064643815766554,0.00273224043715847
p017,Normal,Immune,COL1A1,7,7,1464,4869438.0,0.8909883312249733,0.0047814207650273225
p017,Normal,Immune,COL1A2,6,6,1464,4869438.0,0.8029764678399234,0.004098360655737705
p017,Normal,Immune,COL3A1,5,5,1464,4869438.0,0.7064643815766554,0.0034153005464480873
p017,Normal,Immune,CXCL12,3,2,1464,4869438.0,0.4800081194354715,0.001366120218579235
p017,Normal,Immune,EPCAM,38,23,1464,4869438.0,2.1751806410987626,0.015710382513661202
p017,Normal,Immune,FAP,0,0,1464,4869438.0,0.0,0.0
p017,Normal,Immune,FN1,1,1,1464,4869438.0,0.18678035817563846,0.0006830601092896175
p017,Normal,Immune,INHBA,0,0,1464,4869438.0,0.0,0.0
p017,Normal,Immune,KRT19,130,54,1464,4869438.0,3.3213286545197973,0.036885245901639344
p017,Normal,Immune,MMP2,3,3,1464,4869438.0,0.4800081194354715,0.0020491803278688526
p017,Normal,Immune,MMP9,62,14,1464,4869438.0,2.6197635016392073,0.009562841530054645
p017,Normal,Immune,PDPN,0,0,1464,4869438.0,0.0,0.0
p017,Normal,Immune,PECAM1,131,110,1464,4869438.0,3.3287158798962326,0.07513661202185792
p017,Normal,Immune,POSTN,1,1,1464,4869438.0,0.18678035817563846,0.0006830601092896175
p017,Normal,Immune,PTPRC,2977,1092,1464,4869438.0,6.417327180974615,0.7459016393442623
p017,Normal,Immune,TAGLN,8,8,1464,4869438.0,0.9718768231862361,0.00546448087431694
p017,Normal,Immune,TGFB1,262,228,1464,4869438.0,4.003781012523228,0.1557377049180328
p017,Normal,Immune,THY1,1,1,1464,4869438.0,0.18678035817563846,0.0006830601092896175
p017,Normal,Immune,VWF,1,1,1464,4869438.0,0.18678035817563846,0.0006830601092896175
p017,Normal,Immune,WNT2,0,0,1464,4869438.0,0.0,0.0
p017,Normal,Immune,WNT5A,1,1,1464,4869438.0,0.18678035817563846,0.0006830601092896175
p017,Normal,Other_stromal,ACTA2,0,0,7,10704.0,0.0,0.0
p017,Normal,Other_stromal,CLDN1,0,0,7,10704.0,0.0,0.0
p017,Normal,Other_stromal,CLDN2,0,0,7,10704.0,0.0,0.0
p017,Normal,Other_stromal,CLDN4,0,0,7,10704.0,0.0,0.0
p017,Normal,Other_stromal,CLDN7,0,0,7,10704.0,0.0,0.0
p017,Normal,Other_stromal,COL1A1,10,3,7,10704.0,6.840792696120708,0.42857142857142855
p017,Normal,Other_stromal,COL1A2,8,3,7,10704.0,6.617916422951748,0.42857142857142855
p017,Normal,Other_stromal,COL3A1,4,2,7,10704.0,5.926104562602953,0.2857142857142857
p017,Normal,Other_stromal,CXCL12,0,0,7,10704.0,0.0,0.0
p017,Normal,Other_stromal,EPCAM,0,0,7,10704.0,0.0,0.0
p017,Normal,Other_stromal,FAP,0,0,7,10704.0,0.0,0.0
p017,Normal,Other_stromal,FN1,1,1,7,10704.0,4.547784893340024,0.14285714285714285
p017,Normal,Other_stromal,INHBA,0,0,7,10704.0,0.0,0.0
p017,Normal,Other_stromal,KRT19,1,1,7,10704.0,4.547784893340024,0.14285714285714285
p017,Normal,Other_stromal,MMP2,1,1,7,10704.0,4.547784893340024,0.14285714285714285
p017,Normal,Other_stromal,MMP9,0,0,7,10704.0,0.0,0.0
p017,Normal,Other_stromal,PDPN,1,1,7,10704.0,4.547784893340024,0.14285714285714285
p017,Normal,Other_stromal,PECAM1,0,0,7,10704.0,0.0,0.0
p017,Normal,Other_stromal,POSTN,0,0,7,10704.0,0.0,0.0
p017,Normal,Other_stromal,PTPRC,0,0,7,10704.0,0.0,0.0
p017,Normal,Other_stromal,TAGLN,0,0,7,10704.0,0.0,0.0
p017,Normal,Other_stromal,TGFB1,0,0,7,10704.0,0.0,0.0
p017,Normal,Other_stromal,THY1,0,0,7,10704.0,0.0,0.0
p017,Normal,Other_stromal,VWF,0,0,7,10704.0,0.0,0.0
p017,Normal,Other_stromal,WNT2,0,0,7,10704.0,0.0,0.0
p017,Normal,Other_stromal,WNT5A,0,0,7,10704.0,0.0,0.0
p017,Normal,Vascular,ACTA2,9,3,7,34786.0,5.559622510093006,0.42857142857142855
p017,Normal,Vascular,CLDN1,0,0,7,34786.0,0.0,0.0
p017,Normal,Vascular,CLDN2,0,0,7,34786.0,0.0,0.0
p017,Normal,Vascular,CLDN4,0,0,7,34786.0,0.0,0.0
p017,Normal,Vascular,CLDN7,0,0,7,34786.0,0.0,0.0
p017,Normal,Vascular,COL1A1,13,2,7,34786.0,5.926161901908938,0.2857142857142857
p017,Normal,Vascular,COL1A2,14,2,7,34786.0,6.000079234098478,0.2857142857142857
p017,Normal,Vascular,COL3A1,19,2,7,34786.0,6.3048084193193175,0.2857142857142857
p017,Normal,Vascular,CXCL12,34,6,7,34786.0,6.885923391231252,0.8571428571428571
p017,Normal,Vascular,EPCAM,0,0,7,34786.0,0.0,0.0
p017,Normal,Vascular,FAP,1,1,7,34786.0,3.392734914050009,0.14285714285714285
p017,Normal,Vascular,FN1,15,3,7,34786.0,6.0689068548801,0.42857142857142855
p017,Normal,Vascular,INHBA,0,0,7,34786.0,0.0,0.0
p017,Normal,Vascular,KRT19,0,0,7,34786.0,0.0,0.0
p017,Normal,Vascular,MMP2,0,0,7,34786.0,0.0,0.0
p017,Normal,Vascular,MMP9,0,0,7,34786.0,0.0,0.0
p017,Normal,Vascular,PDPN,0,0,7,34786.0,0.0,0.0
p017,Normal,Vascular,PECAM1,74,7,7,34786.0,7.663075335827928,1.0
p017,Normal,Vascular,POSTN,2,1,7,34786.0,4.068930925655905,0.14285714285714285
p017,Normal,Vascular,PTPRC,0,0,7,34786.0,0.0,0.0
p017,Normal,Vascular,TAGLN,3,1,7,34786.0,4.4686811833132385,0.14285714285714285
p017,Normal,Vascular,TGFB1,5,4,7,34786.0,4.974911294780823,0.5714285714285714
p017,Normal,Vascular,THY1,5,1,7,34786.0,4.974911294780823,0.14285714285714285
p017,Normal,Vascular,VWF,45,6,7,34786.0,7.165975485360927,0.8571428571428571
p017,Normal,Vascular,WNT2,0,0,7,34786.0,0.0,0.0
p017,Normal,Vascular,WNT5A,0,0,7,34786.0,0.0,0.0
p017,Tumor,CAF_like,ACTA2,2175,201,402,1562672.0,7.239104978861851,0.5
p017,Tumor,CAF_like,CLDN1,68,27,402,1562672.0,3.7958309250592315,0.06716417910447761
p017,Tumor,CAF_like,CLDN2,2,1,402,1562672.0,0.8241136485609869,0.0024875621890547263
p017,Tumor,CAF_like,CLDN4,74,23,402,1562672.0,3.878565228063733,0.05721393034825871
p017,Tumor,CAF_like,CLDN7,5,3,402,1562672.0,1.435000660528027,0.007462686567164179
p017,Tumor,CAF_like,COL1A1,4541,333,402,1562672.0,7.974849420413015,0.8283582089552238
p017,Tumor,CAF_like,COL1A2,5606,339,402,1562672.0,8.185474266221945,0.8432835820895522
p017,Tumor,CAF_like,COL3A1,5904,336,402,1562672.0,8.237252834905421,0.835820895522388
p017,Tumor,CAF_like,CXCL12,106,78,402,1562672.0,4.231676496470727,0.19402985074626866
p017,Tumor,CAF_like,EPCAM,34,9,402,1562672.0,3.124899371860153,0.022388059701492536
p017,Tumor,CAF_like,FAP,152,94,402,1562672.0,4.58771159377583,0.23383084577114427
p017,Tumor,CAF_like,FN1,988,247,402,1562672.0,6.450865923505763,0.6144278606965174
p017,Tumor,CAF_like,INHBA,5,5,402,1562672.0,1.435000660528027,0.012437810945273632
p017,Tumor,CAF_like,KRT19,168,25,402,1562672.0,4.6868254282238055,0.06218905472636816
p017,Tumor,CAF_like,MMP2,887,257,402,1562672.0,6.343208005396914,0.6393034825870647
p017,Tumor,CAF_like,MMP9,4,2,402,1562672.0,1.2696813917925573,0.004975124378109453
p017,Tumor,CAF_like,PDPN,138,92,402,1562672.0,4.4921165854523055,0.22885572139303484
p017,Tumor,CAF_like,PECAM1,17,9,402,1562672.0,2.4747555059431945,0.022388059701492536
p017,Tumor,CAF_like,POSTN,1014,112,402,1562672.0,6.476800917957188,0.27860696517412936
p017,Tumor,CAF_like,PTPRC,57,28,402,1562672.0,3.6237003204573512,0.06965174129353234
p017,Tumor,CAF_like,TAGLN,3377,265,402,1562672.0,7.678808476494306,0.6592039800995025
p017,Tumor,CAF_like,TGFB1,39,35,402,1562672.0,3.2564510582550574,0.08706467661691543
p017,Tumor,CAF_like,THY1,1149,232,402,1562672.0,6.601609205128805,0.5771144278606966
p017,Tumor,CAF_like,VWF,11,2,402,1562672.0,2.084332700697794,0.004975124378109453
p017,Tumor,CAF_like,WNT2,10,6,402,1562672.0,2.0013848018335163,0.014925373134328358
p017,Tumor,CAF_like,WNT5A,122,69,402,1562672.0,4.370351316367899,0.17164179104477612
p017,Tumor,Epithelial,ACTA2,50,43,1775,7940696.0,1.9874190758476171,0.024225352112676058
p017,Tumor,Epithelial,CLDN1,181,120,1775,7940696.0,3.1694322591952306,0.0676056338028169
p017,Tumor,Epithelial,CLDN2,131,69,1775,7940696.0,2.8620462657606582,0.038873239436619716
p017,Tumor,Epithelial,CLDN4,8259,1525,1775,7940696.0,6.948018862797149,0.8591549295774648
p017,Tumor,Epithelial,CLDN7,332,281,1775,7940696.0,3.7567702500191555,0.15830985915492957
p017,Tumor,Epithelial,COL1A1,49,35,1775,7940696.0,1.970009376320145,0.01971830985915493
p017,Tumor,Epithelial,COL1A2,20,14,1775,7940696.0,1.2580833351930154,0.007887323943661971
p017,Tumor,Epithelial,COL3A1,19,9,1775,7940696.0,1.221637076989718,0.0050704225352112674
p017,Tumor,Epithelial,CXCL12,9,7,1775,7940696.0,0.7577178457183481,0.003943661971830986
p017,Tumor,Epithelial,EPCAM,6409,1398,1775,7940696.0,6.694695827157994,0.7876056338028169
p017,Tumor,Epithelial,FAP,4,4,1775,7940696.0,0.4079514688747747,0.0022535211267605635
p017,Tumor,Epithelial,FN1,12,8,1775,7940696.0,0.9207617397905926,0.004507042253521127
p017,Tumor,Epithelial,INHBA,0,0,1775,7940696.0,0.0,0.0
p017,Tumor,Epithelial,KRT19,20423,1522,1775,7940696.0,7.852804802739576,0.8574647887323944
p017,Tumor,Epithelial,MMP2,5,5,1775,7940696.0,0.48837614548609715,0.0028169014084507044
p017,Tumor,Epithelial,MMP9,4,4,1775,7940696.0,0.4079514688747747,0.0022535211267605635
p017,Tumor,Epithelial,PDPN,0,0,1775,7940696.0,0.0,0.0
p017,Tumor,Epithelial,PECAM1,11,10,1775,7940696.0,0.8693119058587441,0.005633802816901409
p017,Tumor,Epithelial,POSTN,2,2,1775,7940696.0,0.22463610948982604,0.0011267605633802818
p017,Tumor,Epithelial,PTPRC,124,73,1775,7940696.0,2.8103516200577814,0.04112676056338028
p017,Tumor,Epithelial,TAGLN,117,97,1775,7940696.0,2.7558382638757446,0.05464788732394366
p017,Tumor,Epithelial,TGFB1,34,30,1775,7940696.0,1.664255691623898,0.016901408450704224
p017,Tumor,Epithelial,THY1,5,4,1775,7940696.0,0.48837614548609715,0.0022535211267605635
p017,Tumor,Epithelial,VWF,5,5,1775,7940696.0,0.48837614548609715,0.0028169014084507044
p017,Tumor,Epithelial,WNT2,0,0,1775,7940696.0,0.0,0.0
p017,Tumor,Epithelial,WNT5A,15,15,1775,7940696.0,1.0609115224103256,0.008450704225352112
p017,Tumor,Immune,ACTA2,31,29,3192,13161205.0,1.2105732016793693,0.009085213032581453
p017,Tumor,Immune,CLDN1,8,8,3192,13161205.0,0.4748960653837546,0.002506265664160401
p017,Tumor,Immune,CLDN2,3,2,3192,13161205.0,0.2053401300898,0.0006265664160401002
p017,Tumor,Immune,CLDN4,178,105,3192,13161205.0,2.6758435902552296,0.03289473684210526
p017,Tumor,Immune,CLDN7,4,4,3192,13161205.0,0.2653778259847629,0.0012531328320802004
p017,Tumor,Immune,COL1A1,25,19,3192,13161205.0,1.0645459365947947,0.005952380952380952
p017,Tumor,Immune,COL1A2,30,29,3192,13161205.0,1.187668572315118,0.009085213032581453
p017,Tumor,Immune,COL3A1,17,12,3192,13161205.0,0.8292830088676697,0.0037593984962406013
p017,Tumor,Immune,CXCL12,9,7,3192,13161205.0,0.5210697506021469,0.0021929824561403508
p017,Tumor,Immune,EPCAM,71,48,3192,13161205.0,1.8554605797978136,0.015037593984962405
p017,Tumor,Immune,FAP,2,2,3192,13161205.0,0.14146637548868374,0.0006265664160401002
p017,Tumor,Immune,FN1,135,23,3192,13161205.0,2.4210274169092836,0.0072055137844611525
p017,Tumor,Immune,INHBA,0,0,3192,13161205.0,0.0,0.0
p017,Tumor,Immune,KRT19,344,174,3192,13161205.0,3.3009137474265158,0.05451127819548872
p017,Tumor,Immune,MMP2,6,6,3192,13161205.0,0.3756141749507673,0.0018796992481203006
p017,Tumor,Immune,MMP9,288,62,3192,13161205.0,3.13037219911443,0.019423558897243107
p017,Tumor,Immune,PDPN,5,4,3192,13161205.0,0.3220142385424626,0.0012531328320802004
p017,Tumor,Immune,PECAM1,376,291,3192,13161205.0,3.386720179460355,0.09116541353383459
p017,Tumor,Immune,POSTN,8,3,3192,13161205.0,0.4748960653837546,0.0009398496240601503
p017,Tumor,Immune,PTPRC,4667,1922,3192,13161205.0,5.873814346776415,0.6021303258145363
p017,Tumor,Immune,TAGLN,53,50,3192,13161205.0,1.6148207769167162,0.015664160401002505
p017,Tumor,Immune,TGFB1,627,540,3192,13161205.0,3.8844465403942032,0.16917293233082706
p017,Tumor,Immune,THY1,7,7,3192,13161205.0,0.4264867261874358,0.0021929824561403508
p017,Tumor,Immune,VWF,5,4,3192,13161205.0,0.3220142385424626,0.0012531328320802004
p017,Tumor,Immune,WNT2,0,0,3192,13161205.0,0.0,0.0
p017,Tumor,Immune,WNT5A,21,14,3192,13161205.0,0.9538171564189943,0.0043859649122807015
p017,Tumor,Other_stromal,ACTA2,3,2,33,61246.0,3.911678760439896,0.06060606060606061
p017,Tumor,Other_stromal,CLDN1,0,0,33,61246.0,0.0,0.0
p017,Tumor,Other_stromal,CLDN2,0,0,33,61246.0,0.0,0.0
p017,Tumor,Other_stromal,CLDN4,3,2,33,61246.0,3.911678760439896,0.06060606060606061
p017,Tumor,Other_stromal,CLDN7,0,0,33,61246.0,0.0,0.0
p017,Tumor,Other_stromal,COL1A1,65,26,33,61246.0,6.968185810226517,0.7878787878787878
p017,Tumor,Other_stromal,COL1A2,71,22,33,61246.0,7.056398862729347,0.6666666666666666
p017,Tumor,Other_stromal,COL3A1,30,13,33,61246.0,6.196093571710539,0.3939393939393939
p017,Tumor,Other_stromal,CXCL12,2,1,33,61246.0,3.5161673921320338,0.030303030303030304
p017,Tumor,Other_stromal,EPCAM,1,1,33,61246.0,2.8523004273084394,0.030303030303030304
p017,Tumor,Other_stromal,FAP,1,1,33,61246.0,2.8523004273084394,0.030303030303030304
p017,Tumor,Other_stromal,FN1,24,13,33,61246.0,5.9734592342165795,0.3939393939393939
p017,Tumor,Other_stromal,INHBA,1,1,33,61246.0,2.8523004273084394,0.030303030303030304
p017,Tumor,Other_stromal,KRT19,0,0,33,61246.0,0.0,0.0
p017,Tumor,Other_stromal,MMP2,0,0,33,61246.0,0.0,0.0
p017,Tumor,Other_stromal,MMP9,0,0,33,61246.0,0.0,0.0
p017,Tumor,Other_stromal,PDPN,8,5,33,61246.0,4.879924872953653,0.15151515151515152
p017,Tumor,Other_stromal,PECAM1,0,0,33,61246.0,0.0,0.0
p017,Tumor,Other_stromal,POSTN,0,0,33,61246.0,0.0,0.0
p017,Tumor,Other_stromal,PTPRC,3,2,33,61246.0,3.911678760439896,0.06060606060606061
p017,Tumor,Other_stromal,TAGLN,0,0,33,61246.0,0.0,0.0
p017,Tumor,Other_stromal,TGFB1,0,0,33,61246.0,0.0,0.0
p017,Tumor,Other_stromal,THY1,0,0,33,61246.0,0.0,0.0
p017,Tumor,Other_stromal,VWF,0,0,33,61246.0,0.0,0.0
p017,Tumor,Other_stromal,WNT2,0,0,33,61246.0,0.0,0.0
p017,Tumor,Other_stromal,WNT5A,1,1,33,61246.0,2.8523004273084394,0.030303030303030304
p017,Tumor,Vascular,ACTA2,395,48,130,671663.0,6.378583285835954,0.36923076923076925
p017,Tumor,Vascular,CLDN1,4,2,130,671663.0,1.93951366341642,0.015384615384615385
p017,Tumor,Vascular,CLDN2,0,0,130,671663.0,0.0,0.0
p017,Tumor,Vascular,CLDN4,4,4,130,671663.0,1.93951366341642,0.03076923076923077
p017,Tumor,Vascular,CLDN7,0,0,130,671663.0,0.0,0.0
p017,Tumor,Vascular,COL1A1,522,45,130,671663.0,6.656952023849214,0.34615384615384615
p017,Tumor,Vascular,COL1A2,626,50,130,671663.0,6.838421292337879,0.38461538461538464
p017,Tumor,Vascular,COL3A1,766,50,130,671663.0,7.040057182525854,0.38461538461538464
p017,Tumor,Vascular,CXCL12,208,47,130,671663.0,5.738760578576227,0.36153846153846153
p017,Tumor,Vascular,EPCAM,12,6,130,671663.0,2.937366792994221,0.046153846153846156
p017,Tumor,Vascular,FAP,16,12,130,671663.0,3.2117090041764262,0.09230769230769231
p017,Tumor,Vascular,FN1,306,61,130,671663.0,6.123776225974997,0.46923076923076923
p017,Tumor,Vascular,INHBA,0,0,130,671663.0,0.0,0.0
p017,Tumor,Vascular,KRT19,8,7,130,671663.0,2.5580591355825226,0.05384615384615385
p017,Tumor,Vascular,MMP2,45,24,130,671663.0,4.219476592275874,0.18461538461538463
p017,Tumor,Vascular,MMP9,5,2,130,671663.0,2.133480925137594,0.015384615384615385
p017,Tumor,Vascular,PDPN,3,3,130,671663.0,1.6986432452889135,0.023076923076923078
p017,Tumor,Vascular,PECAM1,1023,106,130,671663.0,7.329149664922817,0.8153846153846154
p017,Tumor,Vascular,POSTN,156,29,130,671663.0,5.4521508493582695,0.2230769230769231
p017,Tumor,Vascular,PTPRC,10,3,130,671663.0,2.7655904630550903,0.023076923076923078
p017,Tumor,Vascular,TAGLN,332,52,130,671663.0,6.205154558910082,0.4
p017,Tumor,Vascular,TGFB1,20,18,130,671663.0,3.4267623775641622,0.13846153846153847
p017,Tumor,Vascular,THY1,226,51,130,671663.0,5.821501104247602,0.3923076923076923
p017,Tumor,Vascular,VWF,1001,99,130,671663.0,7.307424098650161,0.7615384615384615
p017,Tumor,Vascular,WNT2,0,0,130,671663.0,0.0,0.0
p017,Tumor,Vascular,WNT5A,11,7,130,671663.0,2.85516249062968,0.05384615384615385
p020,Normal,Epithelial,ACTA2,9,9,658,3333029.0,1.3083994478381524,0.013677811550151976
p020,Normal,Epithelial,CLDN1,0,0,658,3333029.0,0.0,0.0
p020,Normal,Epithelial,CLDN2,0,0,658,3333029.0,0.0,0.0
p020,Normal,Epithelial,CLDN4,7891,634,658,3333029.0,7.770018942785927,0.9635258358662614
p020,Normal,Epithelial,CLDN7,266,173,658,3333029.0,4.392067139744015,0.2629179331306991
p020,Normal,Epithelial,COL1A1,9,7,658,3333029.0,1.3083994478381524,0.010638297872340425
p020,Normal,Epithelial,COL1A2,1,1,658,3333029.0,0.262385335400063,0.001519756838905775
p020,Normal,Epithelial,COL3A1,2,2,658,3333029.0,0.47003786928570784,0.00303951367781155
p020,Normal,Epithelial,CXCL12,1,1,658,3333029.0,0.262385335400063,0.001519756838905775
p020,Normal,Epithelial,EPCAM,4118,592,658,3333029.0,7.120050440582641,0.8996960486322189
p020,Normal,Epithelial,FAP,1,1,658,3333029.0,0.262385335400063,0.001519756838905775
p020,Normal,Epithelial,FN1,5,5,658,3333029.0,0.9163455153753823,0.007598784194528876
p020,Normal,Epithelial,INHBA,0,0,658,3333029.0,0.0,0.0
p020,Normal,Epithelial,KRT19,17623,630,658,3333029.0,8.573267757513676,0.9574468085106383
p020,Normal,Epithelial,MMP2,0,0,658,3333029.0,0.0,0.0
p020,Normal,Epithelial,MMP9,0,0,658,3333029.0,0.0,0.0
p020,Normal,Epithelial,PDPN,0,0,658,3333029.0,0.0,0.0
p020,Normal,Epithelial,PECAM1,1,1,658,3333029.0,0.262385335400063,0.001519756838905775
p020,Normal,Epithelial,POSTN,1,1,658,3333029.0,0.262385335400063,0.001519756838905775
p020,Normal,Epithelial,PTPRC,21,11,658,3333029.0,1.9879531453949177,0.016717325227963525
p020,Normal,Epithelial,TAGLN,39,37,658,3333029.0,2.5416861086304254,0.05623100303951368
p020,Normal,Epithelial,TGFB1,6,6,658,3333029.0,1.0296781136747755,0.00911854103343465
p020,Normal,Epithelial,THY1,0,0,658,3333029.0,0.0,0.0
p020,Normal,Epithelial,VWF,0,0,658,3333029.0,0.0,0.0
p020,Normal,Epithelial,WNT2,0,0,658,3333029.0,0.0,0.0
p020,Normal,Epithelial,WNT5A,4,3,658,3333029.0,0.78850716367122,0.004559270516717325
p020,Normal,Immune,ACTA2,12,6,224,2830120.0,1.6563411342400776,0.026785714285714284
p020,Normal,Immune,CLDN1,0,0,224,2830120.0,0.0,0.0
p020,Normal,Immune,CLDN2,0,0,224,2830120.0,0.0,0.0
p020,Normal,Immune,CLDN4,116,31,224,2830120.0,3.737375796564397,0.13839285714285715
p020,Normal,Immune,CLDN7,5,5,224,2830120.0,1.017658721972746,0.022321428571428572
p020,Normal,Immune,COL1A1,71,18,224,2830120.0,3.2614476648422728,0.08035714285714286
p020,Normal,Immune,COL1A2,143,23,224,2830120.0,3.94212326901806,0.10267857142857142
p020,Normal,Immune,COL3A1,204,21,224,2830120.0,4.291578666414663,0.09375
p020,Normal,Immune,CXCL12,5,3,224,2830120.0,1.017658721972746,0.013392857142857142
p020,Normal,Immune,EPCAM,73,23,224,2830120.0,3.2881764616157074,0.10267857142857142
p020,Normal,Immune,FAP,0,0,224,2830120.0,0.0,0.0
p020,Normal,Immune,FN1,89,18,224,2830120.0,3.479621234804046,0.08035714285714286
p020,Normal,Immune,INHBA,0,0,224,2830120.0,0.0,0.0
p020,Normal,Immune,KRT19,326,45,224,2830120.0,4.755222151242855,0.20089285714285715
p020,Normal,Immune,MMP2,15,9,224,2830120.0,1.8405700484993237,0.04017857142857143
p020,Normal,Immune,MMP9,1,1,224,2830120.0,0.30257702071139286,0.004464285714285714
p020,Normal,Immune,PDPN,2,2,224,2830120.0,0.5345521984933264,0.008928571428571428
p020,Normal,Immune,PECAM1,63,53,224,2830120.0,3.1467583707722047,0.23660714285714285
p020,Normal,Immune,POSTN,12,3,224,2830120.0,1.6563411342400776,0.013392857142857142
p020,Normal,Immune,PTPRC,305,108,224,2830120.0,4.689228958784677,0.48214285714285715
p020,Normal,Immune,TAGLN,22,8,224,2830120.0,2.1717383187888415,0.03571428571428571
p020,Normal,Immune,TGFB1,112,69,224,2830120.0,3.7031347052276025,0.3080357142857143
p020,Normal,Immune,THY1,29,4,224,2830120.0,2.4200938977321433,0.017857142857142856
p020,Normal,Immune,VWF,0,0,224,2830120.0,0.0,0.0
p020,Normal,Immune,WNT2,0,0,224,2830120.0,0.0,0.0
p020,Normal,Immune,WNT5A,4,4,224,2830120.0,0.8810231293914491,0.017857142857142856
p020,Tumor,Epithelial,ACTA2,3,3,320,2125814.0,0.8801345538291229,0.009375
p020,Tumor,Epithelial,CLDN1,124,72,320,2125814.0,4.083125144716105,0.225
p020,Tumor,Epithelial,CLDN2,108,73,320,2125814.0,3.947468687977871,0.228125
p020,Tumor,Epithelial,CLDN4,2264,289,320,2125814.0,6.971672174701645,0.903125
p020,Tumor,Epithelial,CLDN7,63,52,320,2125814.0,3.4221662111841167,0.1625
p020,Tumor,Epithelial,COL1A1,12,9,320,2125814.0,1.893849115839032,0.028125
p020,Tumor,Epithelial,COL1A2,0,0,320,2125814.0,0.0,0.0
p020,Tumor,Epithelial,COL3A1,0,0,320,2125814.0,0.0,0.0
p020,Tumor,Epithelial,CXCL12,2,1,320,2125814.0,0.6631085458007075,0.003125
p020,Tumor,Epithelial,EPCAM,1629,253,320,2125814.0,6.64287095097275,0.790625
p020,Tumor,Epithelial,FAP,3,3,320,2125814.0,0.8801345538291229,0.009375
p020,Tumor,Epithelial,FN1,13,9,320,2125814.0,1.962248032798968,0.028125
p020,Tumor,Epithelial,INHBA,0,0,320,2125814.0,0.0,0.0
p020,Tumor,Epithelial,KRT19,3161,281,320,2125814.0,7.305161211457147,0.878125
p020,Tumor,Epithelial,MMP2,0,0,320,2125814.0,0.0,0.0
p020,Tumor,Epithelial,MMP9,0,0,320,2125814.0,0.0,0.0
p020,Tumor,Epithelial,PDPN,0,0,320,2125814.0,0.0,0.0
p020,Tumor,Epithelial,PECAM1,2,2,320,2125814.0,0.6631085458007075,0.00625
p020,Tumor,Epithelial,POSTN,0,0,320,2125814.0,0.0,0.0
p020,Tumor,Epithelial,PTPRC,44,19,320,2125814.0,3.0772179620498403,0.059375
p020,Tumor,Epithelial,TAGLN,15,13,320,2125814.0,2.0864321280137452,0.040625
p020,Tumor,Epithelial,TGFB1,4,4,320,2125814.0,1.0583568577082139,0.0125
p020,Tumor,Epithelial,THY1,0,0,320,2125814.0,0.0,0.0
p020,Tumor,Epithelial,VWF,0,0,320,2125814.0,0.0,0.0
p020,Tumor,Epithelial,WNT2,0,0,320,2125814.0,0.0,0.0
p020,Tumor,Epithelial,WNT5A,0,0,320,2125814.0,0.0,0.0
p020,Tumor,Immune,ACTA2,2,2,97,461054.0,1.6748298196540834,0.020618556701030927
p020,Tumor,Immune,CLDN1,1,1,97,461054.0,1.1533981992571636,0.010309278350515464
p020,Tumor,Immune,CLDN2,1,1,97,461054.0,1.1533981992571636,0.010309278350515464
p020,Tumor,Immune,CLDN4,24,6,97,461054.0,3.9713223262770865,0.061855670103092786
p020,Tumor,Immune,CLDN7,0,0,97,461054.0,0.0,0.0
p020,Tumor,Immune,COL1A1,374,1,97,461054.0,6.699727909075924,0.010309278350515464
p020,Tumor,Immune,COL1A2,278,2,97,461054.0,6.403518313763777,0.020618556701030927
p020,Tumor,Immune,COL3A1,304,1,97,461054.0,6.492783283678043,0.010309278350515464
p020,Tumor,Immune,CXCL12,8,2,97,461054.0,2.9097138583323363,0.020618556701030927
p020,Tumor,Immune,EPCAM,12,10,97,461054.0,3.2968482066579403,0.10309278350515463
p020,Tumor,Immune,FAP,10,1,97,461054.0,3.1218993245647146,0.010309278350515464
p020,Tumor,Immune,FN1,86,4,97,461054.0,5.23393417595957,0.041237113402061855
p020,Tumor,Immune,INHBA,1,1,97,461054.0,1.1533981992571636,0.010309278350515464
p020,Tumor,Immune,KRT19,28,9,97,461054.0,4.122776732596257,0.09278350515463918
p020,Tumor,Immune,MMP2,16,3,97,461054.0,3.57523733340672,0.030927835051546393
p020,Tumor,Immune,MMP9,19,4,97,461054.0,3.7426553438615238,0.041237113402061855
p020,Tumor,Immune,PDPN,15,1,97,461054.0,3.5125643229593217,0.010309278350515464
p020,Tumor,Immune,PECAM1,48,23,97,461054.0,4.655000571234692,0.23711340206185566
p020,Tumor,Immune,POSTN,68,1,97,461054.0,5.000505135021132,0.010309278350515464
p020,Tumor,Immune,PTPRC,383,81,97,461054.0,6.723478167729449,0.8350515463917526
p020,Tumor,Immune,TAGLN,10,1,97,461054.0,3.1218993245647146,0.010309278350515464
p020,Tumor,Immune,TGFB1,37,29,97,461054.0,4.3975419394852535,0.29896907216494845
p020,Tumor,Immune,THY1,32,1,97,461054.0,4.2542811384785075,0.010309278350515464
p020,Tumor,Immune,VWF,32,2,97,461054.0,4.2542811384785075,0.020618556701030927
p020,Tumor,Immune,WNT2,13,1,97,461054.0,3.3740407334289597,0.010309278350515464
p020,Tumor,Immune,WNT5A,1,1,97,461054.0,1.1533981992571636,0.010309278350515464
p021,Normal,Epithelial,ACTA2,12,11,1090,3873006.0,1.4105889808723189,0.010091743119266056
p021,Normal,Epithelial,CLDN1,7,7,1090,3873006.0,1.032252254122991,0.006422018348623854
p021,Normal,Epithelial,CLDN2,0,0,1090,3873006.0,0.0,0.0
p021,Normal,Epithelial,CLDN4,7483,1041,1090,3873006.0,7.566875550434719,0.955045871559633
p021,Normal,Epithelial,CLDN7,203,173,1090,3873006.0,3.978074157696088,0.15871559633027524
p021,Normal,Epithelial,COL1A1,2,2,1090,3873006.0,0.4163356484461512,0.001834862385321101
p021,Normal,Epithelial,COL1A2,2,2,1090,3873006.0,0.4163356484461512,0.001834862385321101
p021,Normal,Epithelial,COL3A1,1,1,1090,3873006.0,0.2296800454168879,0.0009174311926605505
p021,Normal,Epithelial,CXCL12,1,1,1090,3873006.0,0.2296800454168879,0.0009174311926605505
p021,Normal,Epithelial,EPCAM,4545,928,1090,3873006.0,7.068603840557413,0.8513761467889909
p021,Normal,Epithelial,FAP,0,0,1090,3873006.0,0.0,0.0
p021,Normal,Epithelial,FN1,14,14,1090,3873006.0,1.5292605801919898,0.012844036697247707
p021,Normal,Epithelial,INHBA,0,0,1090,3873006.0,0.0,0.0
p021,Normal,Epithelial,KRT19,14023,990,1090,3873006.0,8.194699319420993,0.908256880733945
p021,Normal,Epithelial,MMP2,1,1,1090,3873006.0,0.2296800454168879,0.0009174311926605505
p021,Normal,Epithelial,MMP9,4,4,1090,3873006.0,0.7094089965822582,0.003669724770642202
p021,Normal,Epithelial,PDPN,0,0,1090,3873006.0,0.0,0.0
p021,Normal,Epithelial,PECAM1,5,3,1090,3873006.0,0.828982684343603,0.0027522935779816515
p021,Normal,Epithelial,POSTN,0,0,1090,3873006.0,0.0,0.0
p021,Normal,Epithelial,PTPRC,34,15,1090,3873006.0,2.2802076658608597,0.013761467889908258
p021,Normal,Epithelial,TAGLN,91,81,1090,3873006.0,3.1985082686490394,0.07431192660550459
p021,Normal,Epithelial,TGFB1,34,26,1090,3873006.0,2.2802076658608597,0.023853211009174313
p021,Normal,Epithelial,THY1,0,0,1090,3873006.0,0.0,0.0
p021,Normal,Epithelial,VWF,0,0,1090,3873006.0,0.0,0.0
p021,Normal,Epithelial,WNT2,0,0,1090,3873006.0,0.0,0.0
p021,Normal,Epithelial,WNT5A,3,3,1090,3873006.0,0.5735706154022259,0.0027522935779816515
p021,Normal,Immune,ACTA2,3,3,77,815770.0,1.5427653057267876,0.03896103896103896
p021,Normal,Immune,CLDN1,0,0,77,815770.0,0.0,0.0
p021,Normal,Immune,CLDN2,0,0,77,815770.0,0.0,0.0
p021,Normal,Immune,CLDN4,79,11,77,815770.0,4.583343930473208,0.14285714285714285
p021,Normal,Immune,CLDN7,2,2,77,815770.0,1.2388585853176526,0.025974025974025976
p021,Normal,Immune,COL1A1,1,1,77,815770.0,0.8001324466695806,0.012987012987012988
p021,Normal,Immune,COL1A2,0,0,77,815770.0,0.0,0.0
p021,Normal,Immune,COL3A1,0,0,77,815770.0,0.0,0.0
p021,Normal,Immune,CXCL12,0,0,77,815770.0,0.0,0.0
p021,Normal,Immune,EPCAM,17,8,77,815770.0,3.0837068466215825,0.1038961038961039
p021,Normal,Immune,FAP,0,0,77,815770.0,0.0,0.0
p021,Normal,Immune,FN1,1,1,77,815770.0,0.8001324466695806,0.012987012987012988
p021,Normal,Immune,INHBA,0,0,77,815770.0,0.0,0.0
p021,Normal,Immune,KRT19,83,15,77,815770.0,4.632244002434659,0.19480519480519481
p021,Normal,Immune,MMP2,0,0,77,815770.0,0.0,0.0
p021,Normal,Immune,MMP9,3,1,77,815770.0,1.5427653057267876,0.012987012987012988
p021,Normal,Immune,PDPN,0,0,77,815770.0,0.0,0.0
p021,Normal,Immune,PECAM1,20,15,77,815770.0,3.239333699010076,0.19480519480519481
p021,Normal,Immune,POSTN,0,0,77,815770.0,0.0,0.0
p021,Normal,Immune,PTPRC,90,29,77,815770.0,4.712455775434893,0.37662337662337664
p021,Normal,Immune,TAGLN,3,3,77,815770.0,1.5427653057267876,0.03896103896103896
p021,Normal,Immune,TGFB1,42,27,77,815770.0,3.960529319161615,0.35064935064935066
p021,Normal,Immune,THY1,0,0,77,815770.0,0.0,0.0
p021,Normal,Immune,VWF,0,0,77,815770.0,0.0,0.0
p021,Normal,Immune,WNT2,0,0,77,815770.0,0.0,0.0
p021,Normal,Immune,WNT5A,0,0,77,815770.0,0.0,0.0
p021,Tumor,CAF_like,ACTA2,658,35,44,639246.0,6.937641880369556,0.7954545454545454
p021,Tumor,CAF_like,CLDN1,0,0,44,639246.0,0.0,0.0
p021,Tumor,CAF_like,CLDN2,0,0,44,639246.0,0.0,0.0
p021,Tumor,CAF_like,CLDN4,1,1,44,639246.0,0.9417023021815366,0.022727272727272728
p021,Tumor,CAF_like,CLDN7,1,1,44,639246.0,0.9417023021815366,0.022727272727272728
p021,Tumor,CAF_like,COL1A1,16566,44,44,639246.0,10.162612190407444,1.0
p021,Tumor,CAF_like,COL1A2,11596,44,44,639246.0,9.805936537108275,1.0
p021,Tumor,CAF_like,COL3A1,12760,44,44,639246.0,9.901586575456069,1.0
p021,Tumor,CAF_like,CXCL12,38,13,44,639246.0,4.101734417859601,0.29545454545454547
p021,Tumor,CAF_like,EPCAM,0,0,44,639246.0,0.0,0.0
p021,Tumor,CAF_like,FAP,276,39,44,639246.0,6.070180218530586,0.8863636363636364
p021,Tumor,CAF_like,FN1,1769,44,44,639246.0,7.925996911138629,1.0
p021,Tumor,CAF_like,INHBA,30,19,44,639246.0,3.869747658377739,0.4318181818181818
p021,Tumor,CAF_like,KRT19,1,1,44,639246.0,0.9417023021815366,0.022727272727272728
p021,Tumor,CAF_like,MMP2,636,40,44,639246.0,6.903669084498348,0.9090909090909091
p021,Tumor,CAF_like,MMP9,12,6,44,639246.0,2.984272657203962,0.13636363636363635
p021,Tumor,CAF_like,PDPN,309,35,44,639246.0,6.182873819410871,0.7954545454545454
p021,Tumor,CAF_like,PECAM1,11,7,44,639246.0,2.901848585736123,0.1590909090909091
p021,Tumor,CAF_like,POSTN,3065,42,44,639246.0,8.475477311919413,0.9545454545454546
p021,Tumor,CAF_like,PTPRC,6,4,44,639246.0,2.340464324986937,0.09090909090909091
p021,Tumor,CAF_like,TAGLN,2267,42,44,639246.0,8.173960511748845,0.9545454545454546
p021,Tumor,CAF_like,TGFB1,80,27,44,639246.0,4.837451376244163,0.6136363636363636
p021,Tumor,CAF_like,THY1,765,39,44,639246.0,7.088177022743621,0.8863636363636364
p021,Tumor,CAF_like,VWF,0,0,44,639246.0,0.0,0.0
p021,Tumor,CAF_like,WNT2,82,27,44,639246.0,4.861950623022051,0.6136363636363636
p021,Tumor,CAF_like,WNT5A,79,24,44,639246.0,4.824972933710189,0.5454545454545454
p021,Tumor,Epithelial,ACTA2,1,1,132,450118.0,1.1698904408014985,0.007575757575757576
p021,Tumor,Epithelial,CLDN1,4,4,132,450118.0,2.291176121050303,0.030303030303030304
p021,Tumor,Epithelial,CLDN2,11,7,132,450118.0,3.236245543993789,0.05303030303030303
p021,Tumor,Epithelial,CLDN4,774,102,132,450118.0,7.450398760729739,0.7727272727272727
p021,Tumor,Epithelial,CLDN7,9,4,132,450118.0,3.044272736569966,0.030303030303030304
p021,Tumor,Epithelial,COL1A1,17,15,132,450118.0,3.6575919191730106,0.11363636363636363
p021,Tumor,Epithelial,COL1A2,16,13,132,450118.0,3.59857815880772,0.09848484848484848
p021,Tumor,Epithelial,COL3A1,20,17,132,450118.0,3.8162341610131,0.12878787878787878
p021,Tumor,Epithelial,CXCL12,1,1,132,450118.0,1.1698904408014985,0.007575757575757576
p021,Tumor,Epithelial,EPCAM,269,53,132,450118.0,6.394628790678312,0.4015151515151515
p021,Tumor,Epithelial,FAP,0,0,132,450118.0,0.0,0.0
p021,Tumor,Epithelial,FN1,11,8,132,450118.0,3.236245543993789,0.06060606060606061
p021,Tumor,Epithelial,INHBA,0,0,132,450118.0,0.0,0.0
p021,Tumor,Epithelial,KRT19,520,86,132,450118.0,7.05293955705811,0.6515151515151515
p021,Tumor,Epithelial,MMP2,0,0,132,450118.0,0.0,0.0
p021,Tumor,Epithelial,MMP9,16,5,132,450118.0,3.59857815880772,0.03787878787878788
p021,Tumor,Epithelial,PDPN,1,1,132,450118.0,1.1698904408014985,0.007575757575757576
p021,Tumor,Epithelial,PECAM1,3,3,132,450118.0,2.0366539417267004,0.022727272727272728
p021,Tumor,Epithelial,POSTN,4,3,132,450118.0,2.291176121050303,0.022727272727272728
p021,Tumor,Epithelial,PTPRC,40,25,132,450118.0,4.498315069051739,0.1893939393939394
p021,Tumor,Epithelial,TAGLN,5,5,132,450118.0,2.4938827681866993,0.03787878787878788
p021,Tumor,Epithelial,TGFB1,11,11,132,450118.0,3.236245543993789,0.08333333333333333
p021,Tumor,Epithelial,THY1,1,1,132,450118.0,1.1698904408014985,0.007575757575757576
p021,Tumor,Epithelial,VWF,2,1,132,450118.0,1.6943816950319162,0.007575757575757576
p021,Tumor,Epithelial,WNT2,0,0,132,450118.0,0.0,0.0
p021,Tumor,Epithelial,WNT5A,0,0,132,450118.0,0.0,0.0
p021,Tumor,Immune,ACTA2,40,34,1056,7608765.0,1.8337160107028514,0.032196969696969696
p021,Tumor,Immune,CLDN1,3,3,1056,7608765.0,0.33237967398938895,0.002840909090909091
p021,Tumor,Immune,CLDN2,1,1,1056,7608765.0,0.12347999804995147,0.000946969696969697
p021,Tumor,Immune,CLDN4,77,61,1056,7608765.0,2.4087369942079313,0.05776515151515151
p021,Tumor,Immune,CLDN7,2,2,1056,7608765.0,0.2333748305185856,0.001893939393939394
p021,Tumor,Immune,COL1A1,89,81,1056,7608765.0,2.5413685998534064,0.07670454545454546
p021,Tumor,Immune,COL1A2,87,80,1056,7608765.0,2.5204492528041946,0.07575757575757576
p021,Tumor,Immune,COL3A1,98,86,1056,7608765.0,2.63044049748309,0.08143939393939394
p021,Tumor,Immune,CXCL12,2,2,1056,7608765.0,0.2333748305185856,0.001893939393939394
p021,Tumor,Immune,EPCAM,24,23,1056,7608765.0,1.4241335833111495,0.021780303030303032
p021,Tumor,Immune,FAP,5,5,1056,7608765.0,0.5050913347977013,0.004734848484848485
p021,Tumor,Immune,FN1,117,44,1056,7608765.0,2.795878076745042,0.041666666666666664
p021,Tumor,Immune,INHBA,6,3,1056,7608765.0,0.5814131982061214,0.002840909090909091
p021,Tumor,Immune,KRT19,54,48,1056,7608765.0,2.0915032771398554,0.045454545454545456
p021,Tumor,Immune,MMP2,8,7,1056,7608765.0,0.7185317432076517,0.006628787878787879
p021,Tumor,Immune,MMP9,694,48,1056,7608765.0,4.524075061614826,0.045454545454545456
p021,Tumor,Immune,PDPN,1,1,1056,7608765.0,0.12347999804995147,0.000946969696969697
p021,Tumor,Immune,PECAM1,518,273,1056,7608765.0,4.235256270972416,0.2585227272727273
p021,Tumor,Immune,POSTN,19,18,1056,7608765.0,1.2519398005503868,0.017045454545454544
p021,Tumor,Immune,PTPRC,3879,753,1056,7608765.0,6.2359914013739965,0.7130681818181818
p021,Tumor,Immune,TAGLN,57,51,1056,7608765.0,2.1390492104607133,0.048295454545454544
p021,Tumor,Immune,TGFB1,552,380,1056,7608765.0,4.297937033403672,0.35984848484848486
p021,Tumor,Immune,THY1,7,7,1056,7608765.0,0.6523208188080531,0.006628787878787879
p021,Tumor,Immune,VWF,5,5,1056,7608765.0,0.5050913347977013,0.004734848484848485
p021,Tumor,Immune,WNT2,0,0,1056,7608765.0,0.0,0.0
p021,Tumor,Immune,WNT5A,18,15,1056,7608765.0,1.213633803459853,0.014204545454545454
p021,Tumor,Other_stromal,ACTA2,0,0,1,5743.0,0.0,0.0
p021,Tumor,Other_stromal,CLDN1,0,0,1,5743.0,0.0,0.0
p021,Tumor,Other_stromal,CLDN2,0,0,1,5743.0,0.0,0.0
p021,Tumor,Other_stromal,CLDN4,0,0,1,5743.0,0.0,0.0
p021,Tumor,Other_stromal,CLDN7,0,0,1,5743.0,0.0,0.0
p021,Tumor,Other_stromal,COL1A1,1,1,1,5743.0,5.165500128943403,1.0
p021,Tumor,Other_stromal,COL1A2,3,1,1,5743.0,6.260298349100481,1.0
p021,Tumor,Other_stromal,COL3A1,0,0,1,5743.0,0.0,0.0
p021,Tumor,Other_stromal,CXCL12,0,0,1,5743.0,0.0,0.0
p021,Tumor,Other_stromal,EPCAM,0,0,1,5743.0,0.0,0.0
p021,Tumor,Other_stromal,FAP,0,0,1,5743.0,0.0,0.0
p021,Tumor,Other_stromal,FN1,0,0,1,5743.0,0.0,0.0
p021,Tumor,Other_stromal,INHBA,0,0,1,5743.0,0.0,0.0
p021,Tumor,Other_stromal,KRT19,0,0,1,5743.0,0.0,0.0
p021,Tumor,Other_stromal,MMP2,0,0,1,5743.0,0.0,0.0
p021,Tumor,Other_stromal,MMP9,0,0,1,5743.0,0.0,0.0
p021,Tumor,Other_stromal,PDPN,3,1,1,5743.0,6.260298349100481,1.0
p021,Tumor,Other_stromal,PECAM1,0,0,1,5743.0,0.0,0.0
p021,Tumor,Other_stromal,POSTN,0,0,1,5743.0,0.0,0.0
p021,Tumor,Other_stromal,PTPRC,0,0,1,5743.0,0.0,0.0
p021,Tumor,Other_stromal,TAGLN,0,0,1,5743.0,0.0,0.0
p021,Tumor,Other_stromal,TGFB1,0,0,1,5743.0,0.0,0.0
p021,Tumor,Other_stromal,THY1,0,0,1,5743.0,0.0,0.0
p021,Tumor,Other_stromal,VWF,0,0,1,5743.0,0.0,0.0
p021,Tumor,Other_stromal,WNT2,0,0,1,5743.0,0.0,0.0
p021,Tumor,Other_stromal,WNT5A,0,0,1,5743.0,0.0,0.0
p021,Tumor,Vascular,ACTA2,499,9,22,259614.0,7.561685595480441,0.4090909090909091
p021,Tumor,Vascular,CLDN1,1,1,22,259614.0,1.5793646913071326,0.045454545454545456
p021,Tumor,Vascular,CLDN2,0,0,22,259614.0,0.0,0.0
p021,Tumor,Vascular,CLDN4,2,2,22,259614.0,2.16375336872124,0.09090909090909091
p021,Tumor,Vascular,CLDN7,0,0,22,259614.0,0.0,0.0
p021,Tumor,Vascular,COL1A1,672,11,22,259614.0,7.859203962758534,0.5
p021,Tumor,Vascular,COL1A2,508,10,22,259614.0,7.579551734702003,0.45454545454545453
p021,Tumor,Vascular,COL3A1,510,12,22,259614.0,7.583479009741293,0.5454545454545454
p021,Tumor,Vascular,CXCL12,36,6,22,259614.0,4.939263926415426,0.2727272727272727
p021,Tumor,Vascular,EPCAM,0,0,22,259614.0,0.0,0.0
p021,Tumor,Vascular,FAP,10,7,22,259614.0,3.6767745836871453,0.3181818181818182
p021,Tumor,Vascular,FN1,201,18,22,259614.0,6.653155053070825,0.8181818181818182
p021,Tumor,Vascular,INHBA,0,0,22,259614.0,0.0,0.0
p021,Tumor,Vascular,KRT19,0,0,22,259614.0,0.0,0.0
p021,Tumor,Vascular,MMP2,24,6,22,259614.0,4.537372358909372,0.2727272727272727
p021,Tumor,Vascular,MMP9,6,4,22,259614.0,3.1826778883536146,0.18181818181818182
p021,Tumor,Vascular,PDPN,0,0,22,259614.0,0.0,0.0
p021,Tumor,Vascular,PECAM1,258,12,22,259614.0,6.902524701284161,0.5454545454545454
p021,Tumor,Vascular,POSTN,67,12,22,259614.0,5.557119333856675,0.5454545454545454
p021,Tumor,Vascular,PTPRC,3,1,22,259614.0,2.5301681499448256,0.045454545454545456
p021,Tumor,Vascular,TAGLN,407,11,22,259614.0,7.358010220809043,0.5
p021,Tumor,Vascular,TGFB1,17,12,22,259614.0,4.196928688042761,0.5454545454545454
p021,Tumor,Vascular,THY1,273,13,22,259614.0,6.958981676819838,0.5909090909090909
p021,Tumor,Vascular,VWF,320,12,22,259614.0,7.117691327107486,0.5454545454545454
p021,Tumor,Vascular,WNT2,0,0,22,259614.0,0.0,0.0
p021,Tumor,Vascular,WNT5A,0,0,22,259614.0,0.0,0.0
p025,Normal,CAF_like,ACTA2,36,21,57,404820.0,4.499013938573427,0.3684210526315789
p025,Normal,CAF_like,CLDN1,0,0,57,404820.0,0.0,0.0
p025,Normal,CAF_like,CLDN2,0,0,57,404820.0,0.0,0.0
p025,Normal,CAF_like,CLDN4,0,0,57,404820.0,0.0,0.0
p025,Normal,CAF_like,CLDN7,0,0,57,404820.0,0.0,0.0
p025,Normal,CAF_like,COL1A1,538,56,57,404820.0,7.192923485856902,0.9824561403508771
p025,Normal,CAF_like,COL1A2,1429,56,57,404820.0,8.169326181939155,0.9824561403508771
p025,Normal,CAF_like,COL3A1,1124,57,57,404820.0,7.929321880868637,1.0
p025,Normal,CAF_like,CXCL12,28,21,57,404820.0,4.250871604191245,0.3684210526315789
p025,Normal,CAF_like,EPCAM,0,0,57,404820.0,0.0,0.0
p025,Normal,CAF_like,FAP,6,3,57,404820.0,2.761363587024051,0.05263157894736842
p025,Normal,CAF_like,FN1,318,35,57,404820.0,6.667636347161349,0.6140350877192983
p025,Normal,CAF_like,INHBA,0,0,57,404820.0,0.0,0.0
p025,Normal,CAF_like,KRT19,2,2,57,404820.0,1.7817878117966708,0.03508771929824561
p025,Normal,CAF_like,MMP2,305,50,57,404820.0,6.625950930354959,0.8771929824561403
p025,Normal,CAF_like,MMP9,0,0,57,404820.0,0.0,0.0
p025,Normal,CAF_like,PDPN,45,26,57,404820.0,4.719931021927572,0.45614035087719296
p025,Normal,CAF_like,PECAM1,0,0,57,404820.0,0.0,0.0
p025,Normal,CAF_like,POSTN,98,7,57,404820.0,5.493402541713129,0.12280701754385964
p025,Normal,CAF_like,PTPRC,27,6,57,404820.0,4.215031665446758,0.10526315789473684
p025,Normal,CAF_like,TAGLN,23,10,57,404820.0,4.057254739172821,0.17543859649122806
p025,Normal,CAF_like,TGFB1,24,14,57,404820.0,4.0990934088888595,0.24561403508771928
p025,Normal,CAF_like,THY1,134,31,57,404820.0,5.80516904565597,0.543859649122807
p025,Normal,CAF_like,VWF,0,0,57,404820.0,0.0,0.0
p025,Normal,CAF_like,WNT2,0,0,57,404820.0,0.0,0.0
p025,Normal,CAF_like,WNT5A,4,4,57,404820.0,2.387012151011917,0.07017543859649122
p025,Normal,Epithelial,ACTA2,3,3,232,1177665.0,1.2662188135343702,0.01293103448275862
p025,Normal,Epithelial,CLDN1,4,3,232,1177665.0,1.4808205179622436,0.01293103448275862
p025,Normal,Epithelial,CLDN2,0,0,232,1177665.0,0.0,0.0
p025,Normal,Epithelial,CLDN4,2414,215,232,1177665.0,7.625994466188472,0.9267241379310345
p025,Normal,Epithelial,CLDN7,16,16,232,1177665.0,2.6800763289856215,0.06896551724137931
p025,Normal,Epithelial,COL1A1,11,7,232,1177665.0,2.3360698717058623,0.03017241379310345
p025,Normal,Epithelial,COL1A2,2,2,232,1177665.0,0.992612985869285,0.008620689655172414
p025,Normal,Epithelial,COL3A1,1,1,232,1177665.0,0.6147195373649947,0.004310344827586207
p025,Normal,Epithelial,CXCL12,0,0,232,1177665.0,0.0,0.0
p025,Normal,Epithelial,EPCAM,900,180,232,1177665.0,6.640168760149088,0.7758620689655172
p025,Normal,Epithelial,FAP,1,1,232,1177665.0,0.6147195373649947,0.004310344827586207
p025,Normal,Epithelial,FN1,0,0,232,1177665.0,0.0,0.0
p025,Normal,Epithelial,INHBA,0,0,232,1177665.0,0.0,0.0
p025,Normal,Epithelial,KRT19,3963,188,232,1177665.0,8.121520049592103,0.8103448275862069
p025,Normal,Epithelial,MMP2,1,1,232,1177665.0,0.6147195373649947,0.004310344827586207
p025,Normal,Epithelial,MMP9,1,1,232,1177665.0,0.6147195373649947,0.004310344827586207
p025,Normal,Epithelial,PDPN,0,0,232,1177665.0,0.0,0.0
p025,Normal,Epithelial,PECAM1,2,1,232,1177665.0,0.992612985869285,0.004310344827586207
p025,Normal,Epithelial,POSTN,0,0,232,1177665.0,0.0,0.0
p025,Normal,Epithelial,PTPRC,44,18,232,1177665.0,3.647069163063995,0.07758620689655173
p025,Normal,Epithelial,TAGLN,28,23,232,1177665.0,3.2098698548507496,0.09913793103448276
p025,Normal,Epithelial,TGFB1,2,2,232,1177665.0,0.992612985869285,0.008620689655172414
p025,Normal,Epithelial,THY1,0,0,232,1177665.0,0.0,0.0
p025,Normal,Epithelial,VWF,0,0,232,1177665.0,0.0,0.0
p025,Normal,Epithelial,WNT2,0,0,232,1177665.0,0.0,0.0
p025,Normal,Epithelial,WNT5A,2,2,232,1177665.0,0.992612985869285,0.008620689655172414
p025,Normal,Immune,ACTA2,4,4,411,5738429.0,0.5288943315199138,0.009732360097323601
p025,Normal,Immune,CLDN1,1,1,411,5738429.0,0.16064133221121152,0.0024330900243309003
p025,Normal,Immune,CLDN2,0,0,411,5738429.0,0.0,0.0
p025,Normal,Immune,CLDN4,23,21,411,5738429.0,1.6110497371747134,0.051094890510948905
p025,Normal,Immune,CLDN7,1,1,411,5738429.0,0.16064133221121152,0.0024330900243309003
p025,Normal,Immune,COL1A1,19,10,411,5738429.0,1.4611723850530864,0.024330900243309004
p025,Normal,Immune,COL1A2,4,1,411,5738429.0,0.5288943315199138,0.0024330900243309003
p025,Normal,Immune,COL3A1,6,1,411,5738429.0,0.7156825099413445,0.0024330900243309003
p025,Normal,Immune,CXCL12,7,4,411,5738429.0,0.7974378506477184,0.009732360097323601
p025,Normal,Immune,EPCAM,5,4,411,5738429.0,0.6266433232853691,0.009732360097323601
p025,Normal,Immune,FAP,0,0,411,5738429.0,0.0,0.0
p025,Normal,Immune,FN1,0,0,411,5738429.0,0.0,0.0
p025,Normal,Immune,INHBA,0,0,411,5738429.0,0.0,0.0
p025,Normal,Immune,KRT19,22,15,411,5738429.0,1.575633300771251,0.0364963503649635
p025,Normal,Immune,MMP2,2,2,411,5738429.0,0.2990132159330745,0.004866180048661801
p025,Normal,Immune,MMP9,29,14,411,5738429.0,1.8006610586530967,0.0340632603406326
p025,Normal,Immune,PDPN,0,0,411,5738429.0,0.0,0.0
p025,Normal,Immune,PECAM1,116,79,411,5738429.0,3.0546892389410165,0.1922141119221411
p025,Normal,Immune,POSTN,0,0,411,5738429.0,0.0,0.0
p025,Normal,Immune,PTPRC,878,264,411,5738429.0,5.036975644564945,0.6423357664233577
p025,Normal,Immune,TAGLN,12,12,411,5738429.0,1.1285479365357374,0.029197080291970802
p025,Normal,Immune,TGFB1,234,162,411,5738429.0,3.732362970334324,0.39416058394160586
p025,Normal,Immune,THY1,3,3,411,5738429.0,0.42054494573621665,0.0072992700729927005
p025,Normal,Immune,VWF,0,0,411,5738429.0,0.0,0.0
p025,Normal,Immune,WNT2,0,0,411,5738429.0,0.0,0.0
p025,Normal,Immune,WNT5A,0,0,411,5738429.0,0.0,0.0
p025,Normal,Other_stromal,ACTA2,0,0,1,4053.0,0.0,0.0
p025,Normal,Other_stromal,CLDN1,0,0,1,4053.0,0.0,0.0
p025,Normal,Other_stromal,CLDN2,0,0,1,4053.0,0.0,0.0
p025,Normal,Other_stromal,CLDN4,0,0,1,4053.0,0.0,0.0
p025,Normal,Other_stromal,CLDN7,0,0,1,4053.0,0.0,0.0
p025,Normal,Other_stromal,COL1A1,0,0,1,4053.0,0.0,0.0
p025,Normal,Other_stromal,COL1A2,1,1,1,4053.0,5.512342740056843,1.0
p025,Normal,Other_stromal,COL3A1,0,0,1,4053.0,0.0,0.0
p025,Normal,Other_stromal,CXCL12,0,0,1,4053.0,0.0,0.0
p025,Normal,Other_stromal,EPCAM,0,0,1,4053.0,0.0,0.0
p025,Normal,Other_stromal,FAP,0,0,1,4053.0,0.0,0.0
p025,Normal,Other_stromal,FN1,0,0,1,4053.0,0.0,0.0
p025,Normal,Other_stromal,INHBA,0,0,1,4053.0,0.0,0.0
p025,Normal,Other_stromal,KRT19,0,0,1,4053.0,0.0,0.0
p025,Normal,Other_stromal,MMP2,3,1,1,4053.0,6.6082603082246925,1.0
p025,Normal,Other_stromal,MMP9,0,0,1,4053.0,0.0,0.0
p025,Normal,Other_stromal,PDPN,0,0,1,4053.0,0.0,0.0
p025,Normal,Other_stromal,PECAM1,0,0,1,4053.0,0.0,0.0
p025,Normal,Other_stromal,POSTN,0,0,1,4053.0,0.0,0.0
p025,Normal,Other_stromal,PTPRC,0,0,1,4053.0,0.0,0.0
p025,Normal,Other_stromal,TAGLN,0,0,1,4053.0,0.0,0.0
p025,Normal,Other_stromal,TGFB1,0,0,1,4053.0,0.0,0.0
p025,Normal,Other_stromal,THY1,0,0,1,4053.0,0.0,0.0
p025,Normal,Other_stromal,VWF,0,0,1,4053.0,0.0,0.0
p025,Normal,Other_stromal,WNT2,0,0,1,4053.0,0.0,0.0
p025,Normal,Other_stromal,WNT5A,0,0,1,4053.0,0.0,0.0
p025,Normal,Vascular,ACTA2,2,1,3,31766.0,4.158264109173962,0.3333333333333333
p025,Normal,Vascular,CLDN1,0,0,3,31766.0,0.0,0.0
p025,Normal,Vascular,CLDN2,0,0,3,31766.0,0.0,0.0
p025,Normal,Vascular,CLDN4,0,0,3,31766.0,0.0,0.0
p025,Normal,Vascular,CLDN7,0,0,3,31766.0,0.0,0.0
p025,Normal,Vascular,COL1A1,3,1,3,31766.0,4.558504031590015,0.3333333333333333
p025,Normal,Vascular,COL1A2,13,1,3,31766.0,6.0167486589066055,0.3333333333333333
p025,Normal,Vascular,COL3A1,3,1,3,31766.0,4.558504031590015,0.3333333333333333
p025,Normal,Vascular,CXCL12,23,1,3,31766.0,6.586233137049737,0.3333333333333333
p025,Normal,Vascular,EPCAM,0,0,3,31766.0,0.0,0.0
p025,Normal,Vascular,FAP,0,0,3,31766.0,0.0,0.0
p025,Normal,Vascular,FN1,8,2,3,31766.0,5.532763172628024,0.6666666666666666
p025,Normal,Vascular,INHBA,0,0,3,31766.0,0.0,0.0
p025,Normal,Vascular,KRT19,0,0,3,31766.0,0.0,0.0
p025,Normal,Vascular,MMP2,1,1,3,31766.0,3.480630640732149,0.3333333333333333
p025,Normal,Vascular,MMP9,0,0,3,31766.0,0.0,0.0
p025,Normal,Vascular,PDPN,2,1,3,31766.0,4.158264109173962,0.3333333333333333
p025,Normal,Vascular,PECAM1,15,3,3,31766.0,6.159524438768328,1.0
p025,Normal,Vascular,POSTN,0,0,3,31766.0,0.0,0.0
p025,Normal,Vascular,PTPRC,2,1,3,31766.0,4.158264109173962,0.3333333333333333
p025,Normal,Vascular,TAGLN,5,1,3,31766.0,5.065129759501306,0.3333333333333333
p025,Normal,Vascular,TGFB1,1,1,3,31766.0,3.480630640732149,0.3333333333333333
p025,Normal,Vascular,THY1,0,0,3,31766.0,0.0,0.0
p025,Normal,Vascular,VWF,6,3,3,31766.0,5.246398580418909,1.0
p025,Normal,Vascular,WNT2,0,0,3,31766.0,0.0,0.0
p025,Normal,Vascular,WNT5A,1,1,3,31766.0,3.480630640732149,0.3333333333333333
p025,Tumor,CAF_like,ACTA2,152,6,9,56712.0,7.894023006952394,0.6666666666666666
p025,Tumor,CAF_like,CLDN1,2,1,9,56712.0,3.590878041575067,0.1111111111111111
p025,Tumor,CAF_like,CLDN2,0,0,9,56712.0,0.0,0.0
p025,Tumor,CAF_like,CLDN4,6,1,9,56712.0,4.670936529006542,0.1111111111111111
p025,Tumor,CAF_like,CLDN7,0,0,9,56712.0,0.0,0.0
p025,Tumor,CAF_like,COL1A1,443,9,9,56712.0,8.963467230339635,1.0
p025,Tumor,CAF_like,COL1A2,478,9,9,56712.0,9.039498820234657,1.0
p025,Tumor,CAF_like,COL3A1,433,9,9,56712.0,8.94063814445133,1.0
p025,Tumor,CAF_like,CXCL12,1,1,9,56712.0,2.9249316509384284,0.1111111111111111
p025,Tumor,CAF_like,EPCAM,9,1,9,56712.0,5.073275590707835,0.1111111111111111
p025,Tumor,CAF_like,FAP,8,4,9,56712.0,4.956274983270967,0.4444444444444444
p025,Tumor,CAF_like,FN1,87,5,9,56712.0,7.336329218783177,0.5555555555555556
p025,Tumor,CAF_like,INHBA,0,0,9,56712.0,0.0,0.0
p025,Tumor,CAF_like,KRT19,0,0,9,56712.0,0.0,0.0
p025,Tumor,CAF_like,MMP2,42,8,9,56712.0,6.608788443611135,0.8888888888888888
p025,Tumor,CAF_like,MMP9,0,0,9,56712.0,0.0,0.0
p025,Tumor,CAF_like,PDPN,4,3,9,56712.0,4.2701422437188485,0.3333333333333333
p025,Tumor,CAF_like,PECAM1,0,0,9,56712.0,0.0,0.0
p025,Tumor,CAF_like,POSTN,52,6,9,56712.0,6.822103190106559,0.6666666666666666
p025,Tumor,CAF_like,PTPRC,0,0,9,56712.0,0.0,0.0
p025,Tumor,CAF_like,TAGLN,160,7,9,56712.0,7.9452976528606865,0.7777777777777778
p025,Tumor,CAF_like,TGFB1,3,3,9,56712.0,3.9871092788902627,0.3333333333333333
p025,Tumor,CAF_like,THY1,52,6,9,56712.0,6.822103190106559,0.6666666666666666
p025,Tumor,CAF_like,VWF,0,0,9,56712.0,0.0,0.0
p025,Tumor,CAF_like,WNT2,11,3,9,56712.0,5.27280711480231,0.3333333333333333
p025,Tumor,CAF_like,WNT5A,2,2,9,56712.0,3.590878041575067,0.2222222222222222
p025,Tumor,Epithelial,ACTA2,11,8,414,3004474.0,1.5392743389234926,0.01932367149758454
p025,Tumor,Epithelial,CLDN1,297,124,414,3004474.0,4.603694876810067,0.2995169082125604
p025,Tumor,Epithelial,CLDN2,178,69,414,3004474.0,4.098419238124115,0.16666666666666666
p025,Tumor,Epithelial,CLDN4,3929,378,414,3004474.0,7.176802108041482,0.9130434782608695
p025,Tumor,Epithelial,CLDN7,23,21,414,3004474.0,2.1581660890727585,0.050724637681159424
p025,Tumor,Epithelial,COL1A1,8,8,414,3004474.0,1.298199406311717,0.01932367149758454
p025,Tumor,Epithelial,COL1A2,1,1,414,3004474.0,0.2873097249965402,0.0024154589371980675
p025,Tumor,Epithelial,COL3A1,2,2,414,3004474.0,0.5102298012709677,0.004830917874396135
p025,Tumor,Epithelial,CXCL12,4,4,414,3004474.0,0.8464465766793845,0.00966183574879227
p025,Tumor,Epithelial,EPCAM,3996,310,414,3004474.0,7.193698216557623,0.748792270531401
p025,Tumor,Epithelial,FAP,2,2,414,3004474.0,0.5102298012709677,0.004830917874396135
p025,Tumor,Epithelial,FN1,340,32,414,3004474.0,4.737640979744385,0.07729468599033816
p025,Tumor,Epithelial,INHBA,0,0,414,3004474.0,0.0,0.0
p025,Tumor,Epithelial,KRT19,2800,268,414,3004474.0,6.838344636242235,0.6473429951690821
p025,Tumor,Epithelial,MMP2,0,0,414,3004474.0,0.0,0.0
p025,Tumor,Epithelial,MMP9,3,3,414,3004474.0,0.6924023469551923,0.007246376811594203
p025,Tumor,Epithelial,PDPN,0,0,414,3004474.0,0.0,0.0
p025,Tumor,Epithelial,PECAM1,5,5,414,3004474.0,0.9798981242895691,0.012077294685990338
p025,Tumor,Epithelial,POSTN,0,0,414,3004474.0,0.0,0.0
p025,Tumor,Epithelial,PTPRC,73,31,414,3004474.0,3.2306896959064413,0.0748792270531401
p025,Tumor,Epithelial,TAGLN,80,22,414,3004474.0,3.318791998890043,0.05314009661835749
p025,Tumor,Epithelial,TGFB1,15,12,414,3004474.0,1.7905177714986409,0.028985507246376812
p025,Tumor,Epithelial,THY1,1,1,414,3004474.0,0.2873097249965402,0.0024154589371980675
p025,Tumor,Epithelial,VWF,2,2,414,3004474.0,0.5102298012709677,0.004830917874396135
p025,Tumor,Epithelial,WNT2,0,0,414,3004474.0,0.0,0.0
p025,Tumor,Epithelial,WNT5A,5,5,414,3004474.0,0.9798981242895691,0.012077294685990338
p025,Tumor,Immune,ACTA2,25,20,680,2545460.0,2.3815263504991004,0.029411764705882353
p025,Tumor,Immune,CLDN1,13,6,680,2545460.0,1.8094572543497405,0.008823529411764706
p025,Tumor,Immune,CLDN2,5,3,680,2545460.0,1.086634677657852,0.004411764705882353
p025,Tumor,Immune,CLDN4,80,50,680,2545460.0,3.4790377916505353,0.07352941176470588
p025,Tumor,Immune,CLDN7,0,0,680,2545460.0,0.0,0.0
p025,Tumor,Immune,COL1A1,2,1,680,2545460.0,0.5798175523973751,0.0014705882352941176
p025,Tumor,Immune,COL1A2,2,1,680,2545460.0,0.5798175523973751,0.0014705882352941176
p025,Tumor,Immune,COL3A1,2,2,680,2545460.0,0.5798175523973751,0.0029411764705882353
p025,Tumor,Immune,CXCL12,1,1,680,2545460.0,0.3313565315599506,0.0014705882352941176
p025,Tumor,Immune,EPCAM,16,14,680,2545460.0,1.9859136349317692,0.020588235294117647
p025,Tumor,Immune,FAP,0,0,680,2545460.0,0.0,0.0
p025,Tumor,Immune,FN1,160,14,680,2545460.0,4.156646336260455,0.020588235294117647
p025,Tumor,Immune,INHBA,0,0,680,2545460.0,0.0,0.0
p025,Tumor,Immune,KRT19,35,24,680,2545460.0,2.6912410852094215,0.03529411764705882
p025,Tumor,Immune,MMP2,1,1,680,2545460.0,0.3313565315599506,0.0014705882352941176
p025,Tumor,Immune,MMP9,147,27,680,2545460.0,4.073289046643585,0.039705882352941174
p025,Tumor,Immune,PDPN,6,5,680,2545460.0,1.2110887675376216,0.007352941176470588
p025,Tumor,Immune,PECAM1,123,74,680,2545460.0,3.898356543826018,0.10882352941176471
p025,Tumor,Immune,POSTN,0,0,680,2545460.0,0.0,0.0
p025,Tumor,Immune,PTPRC,1659,528,680,2545460.0,6.481192068007205,0.7764705882352941
p025,Tumor,Immune,TAGLN,42,19,680,2545460.0,2.8621988605235935,0.027941176470588237
p025,Tumor,Immune,TGFB1,183,146,680,2545460.0,4.288988539177148,0.21470588235294116
p025,Tumor,Immune,THY1,2,1,680,2545460.0,0.5798175523973751,0.0014705882352941176
p025,Tumor,Immune,VWF,1,1,680,2545460.0,0.3313565315599506,0.0014705882352941176
p025,Tumor,Immune,WNT2,0,0,680,2545460.0,0.0,0.0
p025,Tumor,Immune,WNT5A,7,7,680,2545460.0,1.3217542685558807,0.010294117647058823
p025,Tumor,Vascular,ACTA2,104,4,14,114029.0,6.816789208163712,0.2857142857142857
p025,Tumor,Vascular,CLDN1,1,1,14,114029.0,2.2792856504555887,0.07142857142857142
p025,Tumor,Vascular,CLDN2,0,0,14,114029.0,0.0,0.0
p025,Tumor,Vascular,CLDN4,14,3,14,114029.0,4.8184717442473435,0.21428571428571427
p025,Tumor,Vascular,CLDN7,0,0,14,114029.0,0.0,0.0
p025,Tumor,Vascular,COL1A1,35,3,14,114029.0,5.729903214201443,0.21428571428571427
p025,Tumor,Vascular,COL1A2,48,3,14,114029.0,6.044876274761288,0.21428571428571427
p025,Tumor,Vascular,COL3A1,62,3,14,114029.0,6.30027435022187,0.21428571428571427
p025,Tumor,Vascular,CXCL12,8,2,14,114029.0,4.264897015820731,0.14285714285714285
p025,Tumor,Vascular,EPCAM,0,0,14,114029.0,0.0,0.0
p025,Tumor,Vascular,FAP,4,3,14,114029.0,3.5857053172799054,0.21428571428571427
p025,Tumor,Vascular,FN1,60,6,14,114029.0,6.267545718895159,0.42857142857142855
p025,Tumor,Vascular,INHBA,0,0,14,114029.0,0.0,0.0
p025,Tumor,Vascular,KRT19,11,4,14,114029.0,4.579510661149254,0.2857142857142857
p025,Tumor,Vascular,MMP2,10,3,14,114029.0,4.48522594693967,0.21428571428571427
p025,Tumor,Vascular,MMP9,0,0,14,114029.0,0.0,0.0
p025,Tumor,Vascular,PDPN,0,0,14,114029.0,0.0,0.0
p025,Tumor,Vascular,PECAM1,139,12,14,114029.0,7.106596426316816,0.8571428571428571
p025,Tumor,Vascular,POSTN,78,7,14,114029.0,6.529472146368871,0.5
p025,Tumor,Vascular,PTPRC,7,3,14,114029.0,4.133371226960242,0.21428571428571427
p025,Tumor,Vascular,TAGLN,76,3,14,114029.0,6.503535074390784,0.21428571428571427
p025,Tumor,Vascular,TGFB1,10,6,14,114029.0,4.48522594693967,0.42857142857142855
p025,Tumor,Vascular,THY1,26,4,14,114029.0,5.433775156474015,0.2857142857142857
p025,Tumor,Vascular,VWF,176,12,14,114029.0,7.342434154265518,0.8571428571428571
p025,Tumor,Vascular,WNT2,0,0,14,114029.0,0.0,0.0
p025,Tumor,Vascular,WNT5A,0,0,14,114029.0,0.0,0.0
p026,Tumor,CAF_like,ACTA2,940,56,93,717866.0,7.17811562791521,0.6021505376344086
p026,Tumor,CAF_like,CLDN1,0,0,93,717866.0,0.0,0.0
p026,Tumor,CAF_like,CLDN2,1,1,93,717866.0,0.8725551797262082,0.010752688172043012
p026,Tumor,CAF_like,CLDN4,6,6,93,717866.0,2.2362429014563783,0.06451612903225806
p026,Tumor,CAF_like,CLDN7,0,0,93,717866.0,0.0,0.0
p026,Tumor,CAF_like,COL1A1,4886,86,93,717866.0,8.825748520948821,0.9247311827956989
p026,Tumor,CAF_like,COL1A2,5433,88,93,717866.0,8.93185122538373,0.946236559139785
p026,Tumor,CAF_like,COL3A1,4544,88,93,717866.0,8.753193285875067,0.946236559139785
p026,Tumor,CAF_like,CXCL12,84,30,93,717866.0,4.7707988689963265,0.3225806451612903
p026,Tumor,CAF_like,EPCAM,3,1,93,717866.0,1.6446222046454018,0.010752688172043012
p026,Tumor,CAF_like,FAP,102,36,93,717866.0,4.963458421681564,0.3870967741935484
p026,Tumor,CAF_like,FN1,1112,65,93,717866.0,7.3460331863518755,0.6989247311827957
p026,Tumor,CAF_like,INHBA,3,3,93,717866.0,1.6446222046454018,0.03225806451612903
p026,Tumor,CAF_like,KRT19,9,7,93,717866.0,2.605438403921035,0.07526881720430108
p026,Tumor,CAF_like,MMP2,645,76,93,717866.0,6.801835025323689,0.8172043010752689
p026,Tumor,CAF_like,MMP9,5,3,93,717866.0,2.075068015735953,0.03225806451612903
p026,Tumor,CAF_like,PDPN,185,46,93,717866.0,5.555701029547858,0.4946236559139785
p026,Tumor,CAF_like,PECAM1,1,1,93,717866.0,0.8725551797262082,0.010752688172043012
p026,Tumor,CAF_like,POSTN,555,35,93,717866.0,6.651733087087779,0.3763440860215054
p026,Tumor,CAF_like,PTPRC,10,4,93,717866.0,2.703384425539811,0.043010752688172046
p026,Tumor,CAF_like,TAGLN,1850,60,93,717866.0,7.854801235359506,0.6451612903225806
p026,Tumor,CAF_like,TGFB1,17,13,93,717866.0,3.2060458659087208,0.13978494623655913
p026,Tumor,CAF_like,THY1,475,66,93,717866.0,6.496297316894814,0.7096774193548387
p026,Tumor,CAF_like,VWF,0,0,93,717866.0,0.0,0.0
p026,Tumor,CAF_like,WNT2,58,21,93,717866.0,4.4042163985618545,0.22580645161290322
p026,Tumor,CAF_like,WNT5A,91,31,93,717866.0,4.850189548133719,0.3333333333333333
p026,Tumor,Epithelial,ACTA2,10,9,890,4417519.0,1.1828658380717278,0.010112359550561797
p026,Tumor,Epithelial,CLDN1,120,91,890,4417519.0,3.3380647720862937,0.10224719101123596
p026,Tumor,Epithelial,CLDN2,99,58,890,4417519.0,3.1531961508454422,0.0651685393258427
p026,Tumor,Epithelial,CLDN4,6323,713,890,4417519.0,7.2670692307345774,0.801123595505618
p026,Tumor,Epithelial,CLDN7,47,44,890,4417519.0,2.4544007246876705,0.04943820224719101
p026,Tumor,Epithelial,COL1A1,79,70,890,4417519.0,2.938280120979503,0.07865168539325842
p026,Tumor,Epithelial,COL1A2,21,20,890,4417519.0,1.749860434405641,0.02247191011235955
p026,Tumor,Epithelial,COL3A1,10,10,890,4417519.0,1.1828658380717278,0.011235955056179775
p026,Tumor,Epithelial,CXCL12,1,1,890,4417519.0,0.20405973529723914,0.0011235955056179776
p026,Tumor,Epithelial,EPCAM,3958,640,890,4417519.0,6.7990313762968375,0.7191011235955056
p026,Tumor,Epithelial,FAP,16,12,890,4417519.0,1.5308150805463894,0.01348314606741573
p026,Tumor,Epithelial,FN1,30,26,890,4417519.0,2.0529874817218197,0.029213483146067417
p026,Tumor,Epithelial,INHBA,0,0,890,4417519.0,0.0,0.0
p026,Tumor,Epithelial,KRT19,7164,695,890,4417519.0,7.3918619743090535,0.7808988764044944
p026,Tumor,Epithelial,MMP2,7,7,890,4417519.0,0.9495707039100073,0.007865168539325843
p026,Tumor,Epithelial,MMP9,20,13,890,4417519.0,1.709722640191898,0.014606741573033709
p026,Tumor,Epithelial,PDPN,1,1,890,4417519.0,0.20405973529723914,0.0011235955056179776
p026,Tumor,Epithelial,PECAM1,10,9,890,4417519.0,1.1828658380717278,0.010112359550561797
p026,Tumor,Epithelial,POSTN,0,0,890,4417519.0,0.0,0.0
p026,Tumor,Epithelial,PTPRC,97,67,890,4417519.0,3.1336676211592795,0.07528089887640449
p026,Tumor,Epithelial,TAGLN,76,68,890,4417519.0,2.901653824180814,0.07640449438202247
p026,Tumor,Epithelial,TGFB1,41,33,890,4417519.0,2.33031968539389,0.03707865168539326
p026,Tumor,Epithelial,THY1,1,1,890,4417519.0,0.20405973529723914,0.0011235955056179776
p026,Tumor,Epithelial,VWF,4,2,890,4417519.0,0.6447369029750686,0.0022471910112359553
p026,Tumor,Epithelial,WNT2,0,0,890,4417519.0,0.0,0.0
p026,Tumor,Epithelial,WNT5A,13,11,890,4417519.0,1.3718983125007052,0.012359550561797753
p026,Tumor,Immune,ACTA2,72,68,2532,14646924.0,1.777611168850207,0.026856240126382307
p026,Tumor,Immune,CLDN1,33,16,2532,14646924.0,1.1795877264297854,0.00631911532385466
p026,Tumor,Immune,CLDN2,0,0,2532,14646924.0,0.0,0.0
p026,Tumor,Immune,CLDN4,158,137,2532,14646924.0,2.4670182597388943,0.05410742496050553
p026,Tumor,Immune,CLDN7,1,1,2532,14646924.0,0.0660440006001572,0.00039494470774091627
p026,Tumor,Immune,COL1A1,44,36,2532,14646924.0,1.38730477945944,0.014218009478672985
p026,Tumor,Immune,COL1A2,29,28,2532,14646924.0,1.0919024626107565,0.011058451816745656
p026,Tumor,Immune,COL3A1,34,34,2532,14646924.0,1.2003582319536652,0.013428120063191154
p026,Tumor,Immune,CXCL12,14,10,2532,14646924.0,0.6708157251029457,0.0039494470774091624
p026,Tumor,Immune,EPCAM,48,41,2532,14646924.0,1.4532842344254677,0.016192733017377565
p026,Tumor,Immune,FAP,4,3,2532,14646924.0,0.24145085196416444,0.001184834123222749
p026,Tumor,Immune,FN1,5688,112,2532,14646924.0,5.964455371119768,0.044233807266982623
p026,Tumor,Immune,INHBA,15,14,2532,14646924.0,0.7051280288389147,0.005529225908372828
p026,Tumor,Immune,KRT19,108,91,2532,14646924.0,2.125079343348656,0.03593996840442338
p026,Tumor,Immune,MMP2,41,28,2532,14646924.0,1.3347964546128963,0.011058451816745656
p026,Tumor,Immune,MMP9,2147,158,2532,14646924.0,4.994395327417548,0.06240126382306477
p026,Tumor,Immune,PDPN,97,46,2532,14646924.0,2.0311110799791448,0.018167456556082148
p026,Tumor,Immune,PECAM1,842,455,2532,14646924.0,4.0687954954943475,0.1796998420221169
p026,Tumor,Immune,POSTN,4,4,2532,14646924.0,0.24145085196416444,0.001579778830963665
p026,Tumor,Immune,PTPRC,8216,1959,2532,14646924.0,6.3313895486243155,0.773696682464455
p026,Tumor,Immune,TAGLN,74,71,2532,14646924.0,1.8004309861198178,0.028041074249605055
p026,Tumor,Immune,TGFB1,752,589,2532,14646924.0,3.9577960140663633,0.23262243285939968
p026,Tumor,Immune,THY1,1,1,2532,14646924.0,0.0660440006001572,0.00039494470774091627
p026,Tumor,Immune,VWF,3,3,2532,14646924.0,0.18633114302395024,0.001184834123222749
p026,Tumor,Immune,WNT2,0,0,2532,14646924.0,0.0,0.0
p026,Tumor,Immune,WNT5A,54,32,2532,14646924.0,1.5447459766712788,0.01263823064770932
p026,Tumor,Other_stromal,ACTA2,0,0,4,10001.0,0.0,0.0
p026,Tumor,Other_stromal,CLDN1,0,0,4,10001.0,0.0,0.0
p026,Tumor,Other_stromal,CLDN2,0,0,4,10001.0,0.0,0.0
p026,Tumor,Other_stromal,CLDN4,0,0,4,10001.0,0.0,0.0
p026,Tumor,Other_stromal,CLDN7,0,0,4,10001.0,0.0,0.0
p026,Tumor,Other_stromal,COL1A1,9,4,4,10001.0,6.80340537359579,1.0
p026,Tumor,Other_stromal,COL1A2,30,4,4,10001.0,8.006600883762259,1.0
p026,Tumor,Other_stromal,COL3A1,9,4,4,10001.0,6.80340537359579,1.0
p026,Tumor,Other_stromal,CXCL12,0,0,4,10001.0,0.0,0.0
p026,Tumor,Other_stromal,EPCAM,0,0,4,10001.0,0.0,0.0
p026,Tumor,Other_stromal,FAP,0,0,4,10001.0,0.0,0.0
p026,Tumor,Other_stromal,FN1,1,1,4,10001.0,4.615021511939446,0.25
p026,Tumor,Other_stromal,INHBA,0,0,4,10001.0,0.0,0.0
p026,Tumor,Other_stromal,KRT19,0,0,4,10001.0,0.0,0.0
p026,Tumor,Other_stromal,MMP2,0,0,4,10001.0,0.0,0.0
p026,Tumor,Other_stromal,MMP9,0,0,4,10001.0,0.0,0.0
p026,Tumor,Other_stromal,PDPN,1,1,4,10001.0,4.615021511939446,0.25
p026,Tumor,Other_stromal,PECAM1,0,0,4,10001.0,0.0,0.0
p026,Tumor,Other_stromal,POSTN,0,0,4,10001.0,0.0,0.0
p026,Tumor,Other_stromal,PTPRC,0,0,4,10001.0,0.0,0.0
p026,Tumor,Other_stromal,TAGLN,1,1,4,10001.0,4.615021511939446,0.25
p026,Tumor,Other_stromal,TGFB1,0,0,4,10001.0,0.0,0.0
p026,Tumor,Other_stromal,THY1,0,0,4,10001.0,0.0,0.0
p026,Tumor,Other_stromal,VWF,0,0,4,10001.0,0.0,0.0
p026,Tumor,Other_stromal,WNT2,0,0,4,10001.0,0.0,0.0
p026,Tumor,Other_stromal,WNT5A,0,0,4,10001.0,0.0,0.0
p026,Tumor,Vascular,ACTA2,102,11,46,311993.0,5.7928014270346235,0.2391304347826087
p026,Tumor,Vascular,CLDN1,0,0,46,311993.0,0.0,0.0
p026,Tumor,Vascular,CLDN2,0,0,46,311993.0,0.0,0.0
p026,Tumor,Vascular,CLDN4,3,3,46,311993.0,2.3623246503159887,0.06521739130434782
p026,Tumor,Vascular,CLDN7,0,0,46,311993.0,0.0,0.0
p026,Tumor,Vascular,COL1A1,334,12,46,311993.0,6.97684919506695,0.2608695652173913
p026,Tumor,Vascular,COL1A2,472,12,46,311993.0,7.322414296660299,0.2608695652173913
p026,Tumor,Vascular,COL3A1,353,10,46,311993.0,7.032126026765988,0.21739130434782608
p026,Tumor,Vascular,CXCL12,72,14,46,311993.0,5.445764521015141,0.30434782608695654
p026,Tumor,Vascular,EPCAM,0,0,46,311993.0,0.0,0.0
p026,Tumor,Vascular,FAP,15,14,46,311993.0,3.8934109048744885,0.30434782608695654
p026,Tumor,Vascular,FN1,105,23,46,311993.0,5.821701833613548,0.5
p026,Tumor,Vascular,INHBA,1,1,46,311993.0,1.4363218824635895,0.021739130434782608
p026,Tumor,Vascular,KRT19,8,2,46,311993.0,3.2824739389624313,0.043478260869565216
p026,Tumor,Vascular,MMP2,49,19,46,311993.0,5.062941844506197,0.41304347826086957
p026,Tumor,Vascular,MMP9,0,0,46,311993.0,0.0,0.0
p026,Tumor,Vascular,PDPN,16,4,46,311993.0,3.9566751314619135,0.08695652173913043
p026,Tumor,Vascular,PECAM1,512,36,46,311993.0,7.403708328104186,0.782608695652174
p026,Tumor,Vascular,POSTN,84,11,46,311993.0,5.599298647928456,0.2391304347826087
p026,Tumor,Vascular,PTPRC,10,3,46,311993.0,3.498082114137644,0.06521739130434782
p026,Tumor,Vascular,TAGLN,190,12,46,311993.0,6.413439321183038,0.2608695652173913
p026,Tumor,Vascular,TGFB1,23,16,46,311993.0,4.313742476500046,0.34782608695652173
p026,Tumor,Vascular,THY1,77,16,46,311993.0,5.512623619651851,0.34782608695652173
p026,Tumor,Vascular,VWF,373,35,46,311993.0,7.0871890397018795,0.7608695652173914
p026,Tumor,Vascular,WNT2,0,0,46,311993.0,0.0,0.0
p026,Tumor,Vascular,WNT5A,7,1,46,311993.0,3.154290404142754,0.021739130434782608
