sample_id,patient,sample_origin,analysis_group,gene,count_sum,positive_cells,cell_count,total_umi
p007n,p007,Normal,CAF_like,ACTA2,108,4,23,195413.0
p007n,p007,Normal,CAF_like,CLDN1,2,2,23,195413.0
p007n,p007,Normal,CAF_like,CLDN2,0,0,23,195413.0
p007n,p007,Normal,CAF_like,CLDN4,9,2,23,195413.0
p007n,p007,Normal,CAF_like,CLDN7,0,0,23,195413.0
p007n,p007,Normal,CAF_like,COL1A1,117,7,23,195413.0
p007n,p007,Normal,CAF_like,COL1A2,152,6,23,195413.0
p007n,p007,Normal,CAF_like,COL3A1,254,6,23,195413.0
p007n,p007,Normal,CAF_like,CXCL12,5,3,23,195413.0
p007n,p007,Normal,CAF_like,EPCAM,22,3,23,195413.0
p007n,p007,Normal,CAF_like,FAP,1,1,23,195413.0
p007n,p007,Normal,CAF_like,FN1,19,4,23,195413.0
p007n,p007,Normal,CAF_like,INHBA,0,0,23,195413.0
p007n,p007,Normal,CAF_like,KRT19,17,3,23,195413.0
p007n,p007,Normal,CAF_like,MMP2,25,5,23,195413.0
p007n,p007,Normal,CAF_like,MMP9,10,3,23,195413.0
p007n,p007,Normal,CAF_like,PDPN,0,0,23,195413.0
p007n,p007,Normal,CAF_like,PECAM1,8,4,23,195413.0
p007n,p007,Normal,CAF_like,POSTN,228,3,23,195413.0
p007n,p007,Normal,CAF_like,PTPRC,88,10,23,195413.0
p007n,p007,Normal,CAF_like,TAGLN,176,6,23,195413.0
p007n,p007,Normal,CAF_like,TGFB1,18,6,23,195413.0
p007n,p007,Normal,CAF_like,THY1,15,3,23,195413.0
p007n,p007,Normal,CAF_like,VWF,0,0,23,195413.0
p007n,p007,Normal,CAF_like,WNT2,0,0,23,195413.0
p007n,p007,Normal,CAF_like,WNT5A,3,2,23,195413.0
p007n,p007,Normal,Epithelial,ACTA2,11,11,837,3243414.0
p007n,p007,Normal,Epithelial,CLDN1,2,2,837,3243414.0
p007n,p007,Normal,Epithelial,CLDN2,0,0,837,3243414.0
p007n,p007,Normal,Epithelial,CLDN4,4903,749,837,3243414.0
p007n,p007,Normal,Epithelial,CLDN7,176,138,837,3243414.0
p007n,p007,Normal,Epithelial,COL1A1,24,20,837,3243414.0
p007n,p007,Normal,Epithelial,COL1A2,4,4,837,3243414.0
p007n,p007,Normal,Epithelial,COL3A1,2,2,837,3243414.0
p007n,p007,Normal,Epithelial,CXCL12,0,0,837,3243414.0
p007n,p007,Normal,Epithelial,EPCAM,2022,588,837,3243414.0
p007n,p007,Normal,Epithelial,FAP,0,0,837,3243414.0
p007n,p007,Normal,Epithelial,FN1,18,15,837,3243414.0
p007n,p007,Normal,Epithelial,INHBA,1,1,837,3243414.0
p007n,p007,Normal,Epithelial,KRT19,12434,691,837,3243414.0
p007n,p007,Normal,Epithelial,MMP2,1,1,837,3243414.0
p007n,p007,Normal,Epithelial,MMP9,1,1,837,3243414.0
p007n,p007,Normal,Epithelial,PDPN,0,0,837,3243414.0
p007n,p007,Normal,Epithelial,PECAM1,1,1,837,3243414.0
p007n,p007,Normal,Epithelial,POSTN,0,0,837,3243414.0
p007n,p007,Normal,Epithelial,PTPRC,10,10,837,3243414.0
p007n,p007,Normal,Epithelial,TAGLN,71,65,837,3243414.0
p007n,p007,Normal,Epithelial,TGFB1,24,20,837,3243414.0
p007n,p007,Normal,Epithelial,THY1,0,0,837,3243414.0
p007n,p007,Normal,Epithelial,VWF,1,1,837,3243414.0
p007n,p007,Normal,Epithelial,WNT2,1,1,837,3243414.0
p007n,p007,Normal,Epithelial,WNT5A,2,2,837,3243414.0
p007n,p007,Normal,Immune,ACTA2,3,3,344,2995196.0
p007n,p007,Normal,Immune,CLDN1,0,0,344,2995196.0
p007n,p007,Normal,Immune,CLDN2,0,0,344,2995196.0
p007n,p007,Normal,Immune,CLDN4,16,16,344,2995196.0
p007n,p007,Normal,Immune,CLDN7,0,0,344,2995196.0
p007n,p007,Normal,Immune,COL1A1,1,1,344,2995196.0
p007n,p007,Normal,Immune,COL1A2,0,0,344,2995196.0
p007n,p007,Normal,Immune,COL3A1,2,2,344,2995196.0
p007n,p007,Normal,Immune,CXCL12,0,0,344,2995196.0
p007n,p007,Normal,Immune,EPCAM,11,10,344,2995196.0
p007n,p007,Normal,Immune,FAP,1,1,344,2995196.0
p007n,p007,Normal,Immune,FN1,0,0,344,2995196.0
p007n,p007,Normal,Immune,INHBA,0,0,344,2995196.0
p007n,p007,Normal,Immune,KRT19,46,35,344,2995196.0
p007n,p007,Normal,Immune,MMP2,0,0,344,2995196.0
p007n,p007,Normal,Immune,MMP9,1,1,344,2995196.0
p007n,p007,Normal,Immune,PDPN,0,0,344,2995196.0
p007n,p007,Normal,Immune,PECAM1,80,55,344,2995196.0
p007n,p007,Normal,Immune,POSTN,0,0,344,2995196.0
p007n,p007,Normal,Immune,PTPRC,568,151,344,2995196.0
p007n,p007,Normal,Immune,TAGLN,10,10,344,2995196.0
p007n,p007,Normal,Immune,TGFB1,391,199,344,2995196.0
p007n,p007,Normal,Immune,THY1,0,0,344,2995196.0
p007n,p007,Normal,Immune,VWF,0,0,344,2995196.0
p007n,p007,Normal,Immune,WNT2,0,0,344,2995196.0
p007n,p007,Normal,Immune,WNT5A,5,3,344,2995196.0
p007n,p007,Normal,Vascular,ACTA2,0,0,4,20517.0
p007n,p007,Normal,Vascular,CLDN1,0,0,4,20517.0
p007n,p007,Normal,Vascular,CLDN2,0,0,4,20517.0
p007n,p007,Normal,Vascular,CLDN4,0,0,4,20517.0
p007n,p007,Normal,Vascular,CLDN7,0,0,4,20517.0
p007n,p007,Normal,Vascular,COL1A1,4,1,4,20517.0
p007n,p007,Normal,Vascular,COL1A2,10,1,4,20517.0
p007n,p007,Normal,Vascular,COL3A1,5,1,4,20517.0
p007n,p007,Normal,Vascular,CXCL12,0,0,4,20517.0
p007n,p007,Normal,Vascular,EPCAM,0,0,4,20517.0
p007n,p007,Normal,Vascular,FAP,0,0,4,20517.0
p007n,p007,Normal,Vascular,FN1,0,0,4,20517.0
p007n,p007,Normal,Vascular,INHBA,0,0,4,20517.0
p007n,p007,Normal,Vascular,KRT19,0,0,4,20517.0
p007n,p007,Normal,Vascular,MMP2,0,0,4,20517.0
p007n,p007,Normal,Vascular,MMP9,0,0,4,20517.0
p007n,p007,Normal,Vascular,PDPN,0,0,4,20517.0
p007n,p007,Normal,Vascular,PECAM1,27,4,4,20517.0
p007n,p007,Normal,Vascular,POSTN,0,0,4,20517.0
p007n,p007,Normal,Vascular,PTPRC,0,0,4,20517.0
p007n,p007,Normal,Vascular,TAGLN,1,1,4,20517.0
p007n,p007,Normal,Vascular,TGFB1,0,0,4,20517.0
p007n,p007,Normal,Vascular,THY1,0,0,4,20517.0
p007n,p007,Normal,Vascular,VWF,42,4,4,20517.0
p007n,p007,Normal,Vascular,WNT2,0,0,4,20517.0
p007n,p007,Normal,Vascular,WNT5A,0,0,4,20517.0
p007t,p007,Tumor,CAF_like,ACTA2,301,22,35,206666.0
p007t,p007,Tumor,CAF_like,CLDN1,0,0,35,206666.0
p007t,p007,Tumor,CAF_like,CLDN2,1,1,35,206666.0
p007t,p007,Tumor,CAF_like,CLDN4,5,4,35,206666.0
p007t,p007,Tumor,CAF_like,CLDN7,0,0,35,206666.0
p007t,p007,Tumor,CAF_like,COL1A1,1255,31,35,206666.0
p007t,p007,Tumor,CAF_like,COL1A2,1045,30,35,206666.0
p007t,p007,Tumor,CAF_like,COL3A1,1031,28,35,206666.0
p007t,p007,Tumor,CAF_like,CXCL12,9,5,35,206666.0
p007t,p007,Tumor,CAF_like,EPCAM,3,2,35,206666.0
p007t,p007,Tumor,CAF_like,FAP,24,6,35,206666.0
p007t,p007,Tumor,CAF_like,FN1,253,23,35,206666.0
p007t,p007,Tumor,CAF_like,INHBA,1,1,35,206666.0
p007t,p007,Tumor,CAF_like,KRT19,10,6,35,206666.0
p007t,p007,Tumor,CAF_like,MMP2,174,21,35,206666.0
p007t,p007,Tumor,CAF_like,MMP9,0,0,35,206666.0
p007t,p007,Tumor,CAF_like,PDPN,53,13,35,206666.0
p007t,p007,Tumor,CAF_like,PECAM1,0,0,35,206666.0
p007t,p007,Tumor,CAF_like,POSTN,259,10,35,206666.0
p007t,p007,Tumor,CAF_like,PTPRC,5,5,35,206666.0
p007t,p007,Tumor,CAF_like,TAGLN,743,31,35,206666.0
p007t,p007,Tumor,CAF_like,TGFB1,19,11,35,206666.0
p007t,p007,Tumor,CAF_like,THY1,125,14,35,206666.0
p007t,p007,Tumor,CAF_like,VWF,0,0,35,206666.0
p007t,p007,Tumor,CAF_like,WNT2,2,1,35,206666.0
p007t,p007,Tumor,CAF_like,WNT5A,26,7,35,206666.0
p007t,p007,Tumor,Epithelial,ACTA2,12,12,1011,5953867.0
p007t,p007,Tumor,Epithelial,CLDN1,172,107,1011,5953867.0
p007t,p007,Tumor,Epithelial,CLDN2,139,55,1011,5953867.0
p007t,p007,Tumor,Epithelial,CLDN4,7376,862,1011,5953867.0
p007t,p007,Tumor,Epithelial,CLDN7,52,48,1011,5953867.0
p007t,p007,Tumor,Epithelial,COL1A1,55,50,1011,5953867.0
p007t,p007,Tumor,Epithelial,COL1A2,4,3,1011,5953867.0
p007t,p007,Tumor,Epithelial,COL3A1,4,4,1011,5953867.0
p007t,p007,Tumor,Epithelial,CXCL12,0,0,1011,5953867.0
p007t,p007,Tumor,Epithelial,EPCAM,6540,773,1011,5953867.0
p007t,p007,Tumor,Epithelial,FAP,0,0,1011,5953867.0
p007t,p007,Tumor,Epithelial,FN1,12,10,1011,5953867.0
p007t,p007,Tumor,Epithelial,INHBA,0,0,1011,5953867.0
p007t,p007,Tumor,Epithelial,KRT19,16833,849,1011,5953867.0
p007t,p007,Tumor,Epithelial,MMP2,1,1,1011,5953867.0
p007t,p007,Tumor,Epithelial,MMP9,1,1,1011,5953867.0
p007t,p007,Tumor,Epithelial,PDPN,0,0,1011,5953867.0
p007t,p007,Tumor,Epithelial,PECAM1,1,1,1011,5953867.0
p007t,p007,Tumor,Epithelial,POSTN,1,1,1011,5953867.0
p007t,p007,Tumor,Epithelial,PTPRC,47,23,1011,5953867.0
p007t,p007,Tumor,Epithelial,TAGLN,98,77,1011,5953867.0
p007t,p007,Tumor,Epithelial,TGFB1,47,39,1011,5953867.0
p007t,p007,Tumor,Epithelial,THY1,0,0,1011,5953867.0
p007t,p007,Tumor,Epithelial,VWF,4,4,1011,5953867.0
p007t,p007,Tumor,Epithelial,WNT2,0,0,1011,5953867.0
p007t,p007,Tumor,Epithelial,WNT5A,10,9,1011,5953867.0
p007t,p007,Tumor,Immune,ACTA2,21,20,973,4437573.0
p007t,p007,Tumor,Immune,CLDN1,5,5,973,4437573.0
p007t,p007,Tumor,Immune,CLDN2,6,5,973,4437573.0
p007t,p007,Tumor,Immune,CLDN4,97,57,973,4437573.0
p007t,p007,Tumor,Immune,CLDN7,0,0,973,4437573.0
p007t,p007,Tumor,Immune,COL1A1,13,12,973,4437573.0
p007t,p007,Tumor,Immune,COL1A2,6,3,973,4437573.0
p007t,p007,Tumor,Immune,COL3A1,5,5,973,4437573.0
p007t,p007,Tumor,Immune,CXCL12,5,4,973,4437573.0
p007t,p007,Tumor,Immune,EPCAM,48,33,973,4437573.0
p007t,p007,Tumor,Immune,FAP,1,1,973,4437573.0
p007t,p007,Tumor,Immune,FN1,7,6,973,4437573.0
p007t,p007,Tumor,Immune,INHBA,0,0,973,4437573.0
p007t,p007,Tumor,Immune,KRT19,173,120,973,4437573.0
p007t,p007,Tumor,Immune,MMP2,1,1,973,4437573.0
p007t,p007,Tumor,Immune,MMP9,142,39,973,4437573.0
p007t,p007,Tumor,Immune,PDPN,25,11,973,4437573.0
p007t,p007,Tumor,Immune,PECAM1,262,155,973,4437573.0
p007t,p007,Tumor,Immune,POSTN,1,1,973,4437573.0
p007t,p007,Tumor,Immune,PTPRC,3562,765,973,4437573.0
p007t,p007,Tumor,Immune,TAGLN,52,47,973,4437573.0
p007t,p007,Tumor,Immune,TGFB1,538,354,973,4437573.0
p007t,p007,Tumor,Immune,THY1,3,2,973,4437573.0
p007t,p007,Tumor,Immune,VWF,1,1,973,4437573.0
p007t,p007,Tumor,Immune,WNT2,0,0,973,4437573.0
p007t,p007,Tumor,Immune,WNT5A,6,4,973,4437573.0
p007t,p007,Tumor,Other_stromal,ACTA2,1,1,2,10568.0
p007t,p007,Tumor,Other_stromal,CLDN1,0,0,2,10568.0
p007t,p007,Tumor,Other_stromal,CLDN2,0,0,2,10568.0
p007t,p007,Tumor,Other_stromal,CLDN4,0,0,2,10568.0
p007t,p007,Tumor,Other_stromal,CLDN7,0,0,2,10568.0
p007t,p007,Tumor,Other_stromal,COL1A1,8,2,2,10568.0
p007t,p007,Tumor,Other_stromal,COL1A2,20,2,2,10568.0
p007t,p007,Tumor,Other_stromal,COL3A1,13,1,2,10568.0
p007t,p007,Tumor,Other_stromal,CXCL12,1,1,2,10568.0
p007t,p007,Tumor,Other_stromal,EPCAM,0,0,2,10568.0
p007t,p007,Tumor,Other_stromal,FAP,0,0,2,10568.0
p007t,p007,Tumor,Other_stromal,FN1,14,1,2,10568.0
p007t,p007,Tumor,Other_stromal,INHBA,0,0,2,10568.0
p007t,p007,Tumor,Other_stromal,KRT19,2,2,2,10568.0
p007t,p007,Tumor,Other_stromal,MMP2,0,0,2,10568.0
p007t,p007,Tumor,Other_stromal,MMP9,0,0,2,10568.0
p007t,p007,Tumor,Other_stromal,PDPN,1,1,2,10568.0
p007t,p007,Tumor,Other_stromal,PECAM1,0,0,2,10568.0
p007t,p007,Tumor,Other_stromal,POSTN,0,0,2,10568.0
p007t,p007,Tumor,Other_stromal,PTPRC,0,0,2,10568.0
p007t,p007,Tumor,Other_stromal,TAGLN,0,0,2,10568.0
p007t,p007,Tumor,Other_stromal,TGFB1,1,1,2,10568.0
p007t,p007,Tumor,Other_stromal,THY1,0,0,2,10568.0
p007t,p007,Tumor,Other_stromal,VWF,0,0,2,10568.0
p007t,p007,Tumor,Other_stromal,WNT2,0,0,2,10568.0
p007t,p007,Tumor,Other_stromal,WNT5A,0,0,2,10568.0
p007t,p007,Tumor,Vascular,ACTA2,65,5,23,161894.0
p007t,p007,Tumor,Vascular,CLDN1,0,0,23,161894.0
p007t,p007,Tumor,Vascular,CLDN2,0,0,23,161894.0
p007t,p007,Tumor,Vascular,CLDN4,0,0,23,161894.0
p007t,p007,Tumor,Vascular,CLDN7,0,0,23,161894.0
p007t,p007,Tumor,Vascular,COL1A1,213,5,23,161894.0
p007t,p007,Tumor,Vascular,COL1A2,191,6,23,161894.0
p007t,p007,Tumor,Vascular,COL3A1,288,5,23,161894.0
p007t,p007,Tumor,Vascular,CXCL12,61,10,23,161894.0
p007t,p007,Tumor,Vascular,EPCAM,1,1,23,161894.0
p007t,p007,Tumor,Vascular,FAP,3,3,23,161894.0
p007t,p007,Tumor,Vascular,FN1,48,8,23,161894.0
p007t,p007,Tumor,Vascular,INHBA,0,0,23,161894.0
p007t,p007,Tumor,Vascular,KRT19,4,4,23,161894.0
p007t,p007,Tumor,Vascular,MMP2,20,6,23,161894.0
p007t,p007,Tumor,Vascular,MMP9,0,0,23,161894.0
p007t,p007,Tumor,Vascular,PDPN,0,0,23,161894.0
p007t,p007,Tumor,Vascular,PECAM1,232,15,23,161894.0
p007t,p007,Tumor,Vascular,POSTN,65,7,23,161894.0
p007t,p007,Tumor,Vascular,PTPRC,3,2,23,161894.0
p007t,p007,Tumor,Vascular,TAGLN,86,7,23,161894.0
p007t,p007,Tumor,Vascular,TGFB1,13,7,23,161894.0
p007t,p007,Tumor,Vascular,THY1,106,7,23,161894.0
p007t,p007,Tumor,Vascular,VWF,465,17,23,161894.0
p007t,p007,Tumor,Vascular,WNT2,0,0,23,161894.0
p007t,p007,Tumor,Vascular,WNT5A,5,2,23,161894.0
p008n,p008,Normal,Epithelial,ACTA2,274,31,757,4440689.0
p008n,p008,Normal,Epithelial,CLDN1,20,17,757,4440689.0
p008n,p008,Normal,Epithelial,CLDN2,8,3,757,4440689.0
p008n,p008,Normal,Epithelial,CLDN4,10354,694,757,4440689.0
p008n,p008,Normal,Epithelial,CLDN7,301,207,757,4440689.0
p008n,p008,Normal,Epithelial,COL1A1,13,10,757,4440689.0
p008n,p008,Normal,Epithelial,COL1A2,4,4,757,4440689.0
p008n,p008,Normal,Epithelial,COL3A1,6,3,757,4440689.0
p008n,p008,Normal,Epithelial,CXCL12,0,0,757,4440689.0
p008n,p008,Normal,Epithelial,EPCAM,2702,588,757,4440689.0
p008n,p008,Normal,Epithelial,FAP,0,0,757,4440689.0
p008n,p008,Normal,Epithelial,FN1,20,6,757,4440689.0
p008n,p008,Normal,Epithelial,INHBA,0,0,757,4440689.0
p008n,p008,Normal,Epithelial,KRT19,10123,602,757,4440689.0
p008n,p008,Normal,Epithelial,MMP2,1,1,757,4440689.0
p008n,p008,Normal,Epithelial,MMP9,0,0,757,4440689.0
p008n,p008,Normal,Epithelial,PDPN,0,0,757,4440689.0
p008n,p008,Normal,Epithelial,PECAM1,11,2,757,4440689.0
p008n,p008,Normal,Epithelial,POSTN,0,0,757,4440689.0
p008n,p008,Normal,Epithelial,PTPRC,14,11,757,4440689.0
p008n,p008,Normal,Epithelial,TAGLN,547,110,757,4440689.0
p008n,p008,Normal,Epithelial,TGFB1,13,13,757,4440689.0
p008n,p008,Normal,Epithelial,THY1,0,0,757,4440689.0
p008n,p008,Normal,Epithelial,VWF,3,2,757,4440689.0
p008n,p008,Normal,Epithelial,WNT2,0,0,757,4440689.0
p008n,p008,Normal,Epithelial,WNT5A,0,0,757,4440689.0
p008n,p008,Normal,Immune,ACTA2,21,20,550,4342257.0
p008n,p008,Normal,Immune,CLDN1,2,1,550,4342257.0
p008n,p008,Normal,Immune,CLDN2,0,0,550,4342257.0
p008n,p008,Normal,Immune,CLDN4,103,43,550,4342257.0
p008n,p008,Normal,Immune,CLDN7,5,5,550,4342257.0
p008n,p008,Normal,Immune,COL1A1,2,2,550,4342257.0
p008n,p008,Normal,Immune,COL1A2,0,0,550,4342257.0
p008n,p008,Normal,Immune,COL3A1,0,0,550,4342257.0
p008n,p008,Normal,Immune,CXCL12,0,0,550,4342257.0
p008n,p008,Normal,Immune,EPCAM,11,8,550,4342257.0
p008n,p008,Normal,Immune,FAP,0,0,550,4342257.0
p008n,p008,Normal,Immune,FN1,1,1,550,4342257.0
p008n,p008,Normal,Immune,INHBA,2,2,550,4342257.0
p008n,p008,Normal,Immune,KRT19,35,32,550,4342257.0
p008n,p008,Normal,Immune,MMP2,0,0,550,4342257.0
p008n,p008,Normal,Immune,MMP9,7,7,550,4342257.0
p008n,p008,Normal,Immune,PDPN,1,1,550,4342257.0
p008n,p008,Normal,Immune,PECAM1,108,86,550,4342257.0
p008n,p008,Normal,Immune,POSTN,0,0,550,4342257.0
p008n,p008,Normal,Immune,PTPRC,1617,360,550,4342257.0
p008n,p008,Normal,Immune,TAGLN,14,14,550,4342257.0
p008n,p008,Normal,Immune,TGFB1,563,281,550,4342257.0
p008n,p008,Normal,Immune,THY1,0,0,550,4342257.0
p008n,p008,Normal,Immune,VWF,0,0,550,4342257.0
p008n,p008,Normal,Immune,WNT2,0,0,550,4342257.0
p008n,p008,Normal,Immune,WNT5A,2,1,550,4342257.0
p008t,p008,Tumor,CAF_like,ACTA2,6822,209,238,2419366.0
p008t,p008,Tumor,CAF_like,CLDN1,50,20,238,2419366.0
p008t,p008,Tumor,CAF_like,CLDN2,0,0,238,2419366.0
p008t,p008,Tumor,CAF_like,CLDN4,36,20,238,2419366.0
p008t,p008,Tumor,CAF_like,CLDN7,1,1,238,2419366.0
p008t,p008,Tumor,CAF_like,COL1A1,25919,216,238,2419366.0
p008t,p008,Tumor,CAF_like,COL1A2,19877,212,238,2419366.0
p008t,p008,Tumor,CAF_like,COL3A1,22049,221,238,2419366.0
p008t,p008,Tumor,CAF_like,CXCL12,91,51,238,2419366.0
p008t,p008,Tumor,CAF_like,EPCAM,26,6,238,2419366.0
p008t,p008,Tumor,CAF_like,FAP,598,149,238,2419366.0
p008t,p008,Tumor,CAF_like,FN1,4477,208,238,2419366.0
p008t,p008,Tumor,CAF_like,INHBA,16,13,238,2419366.0
p008t,p008,Tumor,CAF_like,KRT19,20,13,238,2419366.0
p008t,p008,Tumor,CAF_like,MMP2,2239,132,238,2419366.0
p008t,p008,Tumor,CAF_like,MMP9,6,6,238,2419366.0
p008t,p008,Tumor,CAF_like,PDPN,523,105,238,2419366.0
p008t,p008,Tumor,CAF_like,PECAM1,9,9,238,2419366.0
p008t,p008,Tumor,CAF_like,POSTN,4580,140,238,2419366.0
p008t,p008,Tumor,CAF_like,PTPRC,11,7,238,2419366.0
p008t,p008,Tumor,CAF_like,TAGLN,16098,225,238,2419366.0
p008t,p008,Tumor,CAF_like,TGFB1,219,110,238,2419366.0
p008t,p008,Tumor,CAF_like,THY1,3198,169,238,2419366.0
p008t,p008,Tumor,CAF_like,VWF,29,4,238,2419366.0
p008t,p008,Tumor,CAF_like,WNT2,184,57,238,2419366.0
p008t,p008,Tumor,CAF_like,WNT5A,106,40,238,2419366.0
p008t,p008,Tumor,Epithelial,ACTA2,31,29,570,4705338.0
p008t,p008,Tumor,Epithelial,CLDN1,208,137,570,4705338.0
p008t,p008,Tumor,Epithelial,CLDN2,24,16,570,4705338.0
p008t,p008,Tumor,Epithelial,CLDN4,10188,529,570,4705338.0
p008t,p008,Tumor,Epithelial,CLDN7,191,138,570,4705338.0
p008t,p008,Tumor,Epithelial,COL1A1,141,108,570,4705338.0
p008t,p008,Tumor,Epithelial,COL1A2,68,54,570,4705338.0
p008t,p008,Tumor,Epithelial,COL3A1,86,74,570,4705338.0
p008t,p008,Tumor,Epithelial,CXCL12,0,0,570,4705338.0
p008t,p008,Tumor,Epithelial,EPCAM,2867,472,570,4705338.0
p008t,p008,Tumor,Epithelial,FAP,17,17,570,4705338.0
p008t,p008,Tumor,Epithelial,FN1,37,33,570,4705338.0
p008t,p008,Tumor,Epithelial,INHBA,0,0,570,4705338.0
p008t,p008,Tumor,Epithelial,KRT19,8478,486,570,4705338.0
p008t,p008,Tumor,Epithelial,MMP2,16,16,570,4705338.0
p008t,p008,Tumor,Epithelial,MMP9,154,20,570,4705338.0
p008t,p008,Tumor,Epithelial,PDPN,6,4,570,4705338.0
p008t,p008,Tumor,Epithelial,PECAM1,12,10,570,4705338.0
p008t,p008,Tumor,Epithelial,POSTN,12,12,570,4705338.0
p008t,p008,Tumor,Epithelial,PTPRC,79,44,570,4705338.0
p008t,p008,Tumor,Epithelial,TAGLN,268,98,570,4705338.0
p008t,p008,Tumor,Epithelial,TGFB1,63,48,570,4705338.0
p008t,p008,Tumor,Epithelial,THY1,9,9,570,4705338.0
p008t,p008,Tumor,Epithelial,VWF,50,14,570,4705338.0
p008t,p008,Tumor,Epithelial,WNT2,0,0,570,4705338.0
p008t,p008,Tumor,Epithelial,WNT5A,56,42,570,4705338.0
p008t,p008,Tumor,Immune,ACTA2,167,145,2360,12167053.0
p008t,p008,Tumor,Immune,CLDN1,17,13,2360,12167053.0
p008t,p008,Tumor,Immune,CLDN2,0,0,2360,12167053.0
p008t,p008,Tumor,Immune,CLDN4,177,134,2360,12167053.0
p008t,p008,Tumor,Immune,CLDN7,2,2,2360,12167053.0
p008t,p008,Tumor,Immune,COL1A1,205,195,2360,12167053.0
p008t,p008,Tumor,Immune,COL1A2,174,160,2360,12167053.0
p008t,p008,Tumor,Immune,COL3A1,167,159,2360,12167053.0
p008t,p008,Tumor,Immune,CXCL12,29,18,2360,12167053.0
p008t,p008,Tumor,Immune,EPCAM,26,11,2360,12167053.0
p008t,p008,Tumor,Immune,FAP,7,7,2360,12167053.0
p008t,p008,Tumor,Immune,FN1,1168,149,2360,12167053.0
p008t,p008,Tumor,Immune,INHBA,7,7,2360,12167053.0
p008t,p008,Tumor,Immune,KRT19,141,111,2360,12167053.0
p008t,p008,Tumor,Immune,MMP2,141,111,2360,12167053.0
p008t,p008,Tumor,Immune,MMP9,4752,268,2360,12167053.0
p008t,p008,Tumor,Immune,PDPN,184,91,2360,12167053.0
p008t,p008,Tumor,Immune,PECAM1,886,425,2360,12167053.0
p008t,p008,Tumor,Immune,POSTN,64,27,2360,12167053.0
p008t,p008,Tumor,Immune,PTPRC,6912,1891,2360,12167053.0
p008t,p008,Tumor,Immune,TAGLN,191,173,2360,12167053.0
p008t,p008,Tumor,Immune,TGFB1,1433,928,2360,12167053.0
p008t,p008,Tumor,Immune,THY1,27,27,2360,12167053.0
p008t,p008,Tumor,Immune,VWF,67,35,2360,12167053.0
p008t,p008,Tumor,Immune,WNT2,0,0,2360,12167053.0
p008t,p008,Tumor,Immune,WNT5A,87,53,2360,12167053.0
p008t,p008,Tumor,Other_stromal,ACTA2,0,0,10,39281.0
p008t,p008,Tumor,Other_stromal,CLDN1,0,0,10,39281.0
p008t,p008,Tumor,Other_stromal,CLDN2,0,0,10,39281.0
p008t,p008,Tumor,Other_stromal,CLDN4,0,0,10,39281.0
p008t,p008,Tumor,Other_stromal,CLDN7,0,0,10,39281.0
p008t,p008,Tumor,Other_stromal,COL1A1,50,9,10,39281.0
p008t,p008,Tumor,Other_stromal,COL1A2,38,9,10,39281.0
p008t,p008,Tumor,Other_stromal,COL3A1,9,3,10,39281.0
p008t,p008,Tumor,Other_stromal,CXCL12,0,0,10,39281.0
p008t,p008,Tumor,Other_stromal,EPCAM,1,1,10,39281.0
p008t,p008,Tumor,Other_stromal,FAP,3,3,10,39281.0
p008t,p008,Tumor,Other_stromal,FN1,11,3,10,39281.0
p008t,p008,Tumor,Other_stromal,INHBA,0,0,10,39281.0
p008t,p008,Tumor,Other_stromal,KRT19,0,0,10,39281.0
p008t,p008,Tumor,Other_stromal,MMP2,0,0,10,39281.0
p008t,p008,Tumor,Other_stromal,MMP9,1,1,10,39281.0
p008t,p008,Tumor,Other_stromal,PDPN,10,5,10,39281.0
p008t,p008,Tumor,Other_stromal,PECAM1,0,0,10,39281.0
p008t,p008,Tumor,Other_stromal,POSTN,0,0,10,39281.0
p008t,p008,Tumor,Other_stromal,PTPRC,2,1,10,39281.0
p008t,p008,Tumor,Other_stromal,TAGLN,1,1,10,39281.0
p008t,p008,Tumor,Other_stromal,TGFB1,13,4,10,39281.0
p008t,p008,Tumor,Other_stromal,THY1,0,0,10,39281.0
p008t,p008,Tumor,Other_stromal,VWF,1,1,10,39281.0
p008t,p008,Tumor,Other_stromal,WNT2,0,0,10,39281.0
p008t,p008,Tumor,Other_stromal,WNT5A,0,0,10,39281.0
p008t,p008,Tumor,Vascular,ACTA2,1088,49,158,1223343.0
p008t,p008,Tumor,Vascular,CLDN1,1,1,158,1223343.0
p008t,p008,Tumor,Vascular,CLDN2,0,0,158,1223343.0
p008t,p008,Tumor,Vascular,CLDN4,12,12,158,1223343.0
p008t,p008,Tumor,Vascular,CLDN7,0,0,158,1223343.0
p008t,p008,Tumor,Vascular,COL1A1,1011,61,158,1223343.0
p008t,p008,Tumor,Vascular,COL1A2,1220,65,158,1223343.0
p008t,p008,Tumor,Vascular,COL3A1,1169,62,158,1223343.0
p008t,p008,Tumor,Vascular,CXCL12,92,32,158,1223343.0
p008t,p008,Tumor,Vascular,EPCAM,4,4,158,1223343.0
p008t,p008,Tumor,Vascular,FAP,72,45,158,1223343.0
p008t,p008,Tumor,Vascular,FN1,1508,117,158,1223343.0
p008t,p008,Tumor,Vascular,INHBA,1,1,158,1223343.0
p008t,p008,Tumor,Vascular,KRT19,9,8,158,1223343.0
p008t,p008,Tumor,Vascular,MMP2,217,71,158,1223343.0
p008t,p008,Tumor,Vascular,MMP9,4,3,158,1223343.0
p008t,p008,Tumor,Vascular,PDPN,0,0,158,1223343.0
p008t,p008,Tumor,Vascular,PECAM1,2234,109,158,1223343.0
p008t,p008,Tumor,Vascular,POSTN,1330,66,158,1223343.0
p008t,p008,Tumor,Vascular,PTPRC,19,8,158,1223343.0
p008t,p008,Tumor,Vascular,TAGLN,1493,78,158,1223343.0
p008t,p008,Tumor,Vascular,TGFB1,131,75,158,1223343.0
p008t,p008,Tumor,Vascular,THY1,541,61,158,1223343.0
p008t,p008,Tumor,Vascular,VWF,3677,105,158,1223343.0
p008t,p008,Tumor,Vascular,WNT2,1,1,158,1223343.0
p008t,p008,Tumor,Vascular,WNT5A,14,9,158,1223343.0
p009n1,p009,Normal,CAF_like,ACTA2,281,12,19,75480.0
p009n1,p009,Normal,CAF_like,CLDN1,1,1,19,75480.0
p009n1,p009,Normal,CAF_like,CLDN2,0,0,19,75480.0
p009n1,p009,Normal,CAF_like,CLDN4,3,3,19,75480.0
p009n1,p009,Normal,CAF_like,CLDN7,0,0,19,75480.0
p009n1,p009,Normal,CAF_like,COL1A1,135,10,19,75480.0
p009n1,p009,Normal,CAF_like,COL1A2,273,11,19,75480.0
p009n1,p009,Normal,CAF_like,COL3A1,226,9,19,75480.0
p009n1,p009,Normal,CAF_like,CXCL12,3,2,19,75480.0
p009n1,p009,Normal,CAF_like,EPCAM,3,3,19,75480.0
p009n1,p009,Normal,CAF_like,FAP,0,0,19,75480.0
p009n1,p009,Normal,CAF_like,FN1,267,12,19,75480.0
p009n1,p009,Normal,CAF_like,INHBA,0,0,19,75480.0
p009n1,p009,Normal,CAF_like,KRT19,16,4,19,75480.0
p009n1,p009,Normal,CAF_like,MMP2,41,8,19,75480.0
p009n1,p009,Normal,CAF_like,MMP9,0,0,19,75480.0
p009n1,p009,Normal,CAF_like,PDPN,1,1,19,75480.0
p009n1,p009,Normal,CAF_like,PECAM1,0,0,19,75480.0
p009n1,p009,Normal,CAF_like,POSTN,10,3,19,75480.0
p009n1,p009,Normal,CAF_like,PTPRC,0,0,19,75480.0
p009n1,p009,Normal,CAF_like,TAGLN,249,12,19,75480.0
p009n1,p009,Normal,CAF_like,TGFB1,3,2,19,75480.0
p009n1,p009,Normal,CAF_like,THY1,36,8,19,75480.0
p009n1,p009,Normal,CAF_like,VWF,0,0,19,75480.0
p009n1,p009,Normal,CAF_like,WNT2,0,0,19,75480.0
p009n1,p009,Normal,CAF_like,WNT5A,1,1,19,75480.0
p009n1,p009,Normal,Epithelial,ACTA2,31,30,2303,10856809.0
p009n1,p009,Normal,Epithelial,CLDN1,20,18,2303,10856809.0
p009n1,p009,Normal,Epithelial,CLDN2,6,5,2303,10856809.0
p009n1,p009,Normal,Epithelial,CLDN4,19142,2125,2303,10856809.0
p009n1,p009,Normal,Epithelial,CLDN7,437,372,2303,10856809.0
p009n1,p009,Normal,Epithelial,COL1A1,48,46,2303,10856809.0
p009n1,p009,Normal,Epithelial,COL1A2,5,5,2303,10856809.0
p009n1,p009,Normal,Epithelial,COL3A1,8,8,2303,10856809.0
p009n1,p009,Normal,Epithelial,CXCL12,5,5,2303,10856809.0
p009n1,p009,Normal,Epithelial,EPCAM,13436,2011,2303,10856809.0
p009n1,p009,Normal,Epithelial,FAP,5,2,2303,10856809.0
p009n1,p009,Normal,Epithelial,FN1,17,14,2303,10856809.0
p009n1,p009,Normal,Epithelial,INHBA,0,0,2303,10856809.0
p009n1,p009,Normal,Epithelial,KRT19,44565,2101,2303,10856809.0
p009n1,p009,Normal,Epithelial,MMP2,1,1,2303,10856809.0
p009n1,p009,Normal,Epithelial,MMP9,2,1,2303,10856809.0
p009n1,p009,Normal,Epithelial,PDPN,0,0,2303,10856809.0
p009n1,p009,Normal,Epithelial,PECAM1,6,4,2303,10856809.0
p009n1,p009,Normal,Epithelial,POSTN,1,1,2303,10856809.0
p009n1,p009,Normal,Epithelial,PTPRC,62,38,2303,10856809.0
p009n1,p009,Normal,Epithelial,TAGLN,231,193,2303,10856809.0
p009n1,p009,Normal,Epithelial,TGFB1,36,31,2303,10856809.0
p009n1,p009,Normal,Epithelial,THY1,0,0,2303,10856809.0
p009n1,p009,Normal,Epithelial,VWF,0,0,2303,10856809.0
p009n1,p009,Normal,Epithelial,WNT2,0,0,2303,10856809.0
p009n1,p009,Normal,Epithelial,WNT5A,9,8,2303,10856809.0
p009n1,p009,Normal,Immune,ACTA2,14,13,754,6371422.0
p009n1,p009,Normal,Immune,CLDN1,6,5,754,6371422.0
p009n1,p009,Normal,Immune,CLDN2,0,0,754,6371422.0
p009n1,p009,Normal,Immune,CLDN4,253,76,754,6371422.0
p009n1,p009,Normal,Immune,CLDN7,4,4,754,6371422.0
p009n1,p009,Normal,Immune,COL1A1,3,2,754,6371422.0
p009n1,p009,Normal,Immune,COL1A2,4,2,754,6371422.0
p009n1,p009,Normal,Immune,COL3A1,2,2,754,6371422.0
p009n1,p009,Normal,Immune,CXCL12,2,2,754,6371422.0
p009n1,p009,Normal,Immune,EPCAM,184,60,754,6371422.0
p009n1,p009,Normal,Immune,FAP,0,0,754,6371422.0
p009n1,p009,Normal,Immune,FN1,2,2,754,6371422.0
p009n1,p009,Normal,Immune,INHBA,0,0,754,6371422.0
p009n1,p009,Normal,Immune,KRT19,536,128,754,6371422.0
p009n1,p009,Normal,Immune,MMP2,0,0,754,6371422.0
p009n1,p009,Normal,Immune,MMP9,53,3,754,6371422.0
p009n1,p009,Normal,Immune,PDPN,0,0,754,6371422.0
p009n1,p009,Normal,Immune,PECAM1,188,119,754,6371422.0
p009n1,p009,Normal,Immune,POSTN,0,0,754,6371422.0
p009n1,p009,Normal,Immune,PTPRC,1934,525,754,6371422.0
p009n1,p009,Normal,Immune,TAGLN,17,17,754,6371422.0
p009n1,p009,Normal,Immune,TGFB1,214,171,754,6371422.0
p009n1,p009,Normal,Immune,THY1,1,1,754,6371422.0
p009n1,p009,Normal,Immune,VWF,0,0,754,6371422.0
p009n1,p009,Normal,Immune,WNT2,0,0,754,6371422.0
p009n1,p009,Normal,Immune,WNT5A,5,4,754,6371422.0
p009n1,p009,Normal,Other_stromal,ACTA2,0,0,3,6985.0
p009n1,p009,Normal,Other_stromal,CLDN1,0,0,3,6985.0
p009n1,p009,Normal,Other_stromal,CLDN2,0,0,3,6985.0
p009n1,p009,Normal,Other_stromal,CLDN4,0,0,3,6985.0
p009n1,p009,Normal,Other_stromal,CLDN7,0,0,3,6985.0
p009n1,p009,Normal,Other_stromal,COL1A1,17,3,3,6985.0
p009n1,p009,Normal,Other_stromal,COL1A2,10,3,3,6985.0
p009n1,p009,Normal,Other_stromal,COL3A1,2,1,3,6985.0
p009n1,p009,Normal,Other_stromal,CXCL12,0,0,3,6985.0
p009n1,p009,Normal,Other_stromal,EPCAM,0,0,3,6985.0
p009n1,p009,Normal,Other_stromal,FAP,0,0,3,6985.0
p009n1,p009,Normal,Other_stromal,FN1,1,1,3,6985.0
p009n1,p009,Normal,Other_stromal,INHBA,0,0,3,6985.0
p009n1,p009,Normal,Other_stromal,KRT19,1,1,3,6985.0
p009n1,p009,Normal,Other_stromal,MMP2,0,0,3,6985.0
p009n1,p009,Normal,Other_stromal,MMP9,0,0,3,6985.0
p009n1,p009,Normal,Other_stromal,PDPN,0,0,3,6985.0
p009n1,p009,Normal,Other_stromal,PECAM1,0,0,3,6985.0
p009n1,p009,Normal,Other_stromal,POSTN,0,0,3,6985.0
p009n1,p009,Normal,Other_stromal,PTPRC,0,0,3,6985.0
p009n1,p009,Normal,Other_stromal,TAGLN,0,0,3,6985.0
p009n1,p009,Normal,Other_stromal,TGFB1,0,0,3,6985.0
p009n1,p009,Normal,Other_stromal,THY1,0,0,3,6985.0
p009n1,p009,Normal,Other_stromal,VWF,0,0,3,6985.0
p009n1,p009,Normal,Other_stromal,WNT2,0,0,3,6985.0
p009n1,p009,Normal,Other_stromal,WNT5A,0,0,3,6985.0
p009n1,p009,Normal,Vascular,ACTA2,0,0,9,51949.0
p009n1,p009,Normal,Vascular,CLDN1,0,0,9,51949.0
p009n1,p009,Normal,Vascular,CLDN2,0,0,9,51949.0
p009n1,p009,Normal,Vascular,CLDN4,0,0,9,51949.0
p009n1,p009,Normal,Vascular,CLDN7,0,0,9,51949.0
p009n1,p009,Normal,Vascular,COL1A1,0,0,9,51949.0
p009n1,p009,Normal,Vascular,COL1A2,0,0,9,51949.0
p009n1,p009,Normal,Vascular,COL3A1,3,1,9,51949.0
p009n1,p009,Normal,Vascular,CXCL12,3,2,9,51949.0
p009n1,p009,Normal,Vascular,EPCAM,0,0,9,51949.0
p009n1,p009,Normal,Vascular,FAP,0,0,9,51949.0
p009n1,p009,Normal,Vascular,FN1,50,7,9,51949.0
p009n1,p009,Normal,Vascular,INHBA,0,0,9,51949.0
p009n1,p009,Normal,Vascular,KRT19,0,0,9,51949.0
p009n1,p009,Normal,Vascular,MMP2,1,1,9,51949.0
p009n1,p009,Normal,Vascular,MMP9,0,0,9,51949.0
p009n1,p009,Normal,Vascular,PDPN,3,1,9,51949.0
p009n1,p009,Normal,Vascular,PECAM1,49,9,9,51949.0
p009n1,p009,Normal,Vascular,POSTN,53,4,9,51949.0
p009n1,p009,Normal,Vascular,PTPRC,0,0,9,51949.0
p009n1,p009,Normal,Vascular,TAGLN,6,1,9,51949.0
p009n1,p009,Normal,Vascular,TGFB1,3,3,9,51949.0
p009n1,p009,Normal,Vascular,THY1,2,2,9,51949.0
p009n1,p009,Normal,Vascular,VWF,81,7,9,51949.0
p009n1,p009,Normal,Vascular,WNT2,0,0,9,51949.0
p009n1,p009,Normal,Vascular,WNT5A,0,0,9,51949.0
p009n2,p009,Normal,CAF_like,ACTA2,1727,47,72,362594.0
p009n2,p009,Normal,CAF_like,CLDN1,1,1,72,362594.0
p009n2,p009,Normal,CAF_like,CLDN2,0,0,72,362594.0
p009n2,p009,Normal,CAF_like,CLDN4,31,11,72,362594.0
p009n2,p009,Normal,CAF_like,CLDN7,0,0,72,362594.0
p009n2,p009,Normal,CAF_like,COL1A1,397,50,72,362594.0
p009n2,p009,Normal,CAF_like,COL1A2,894,48,72,362594.0
p009n2,p009,Normal,CAF_like,COL3A1,481,46,72,362594.0
p009n2,p009,Normal,CAF_like,CXCL12,23,16,72,362594.0
p009n2,p009,Normal,CAF_like,EPCAM,23,7,72,362594.0
p009n2,p009,Normal,CAF_like,FAP,8,6,72,362594.0
p009n2,p009,Normal,CAF_like,FN1,693,46,72,362594.0
p009n2,p009,Normal,CAF_like,INHBA,0,0,72,362594.0
p009n2,p009,Normal,CAF_like,KRT19,83,14,72,362594.0
p009n2,p009,Normal,CAF_like,MMP2,180,29,72,362594.0
p009n2,p009,Normal,CAF_like,MMP9,0,0,72,362594.0
p009n2,p009,Normal,CAF_like,PDPN,12,9,72,362594.0
p009n2,p009,Normal,CAF_like,PECAM1,0,0,72,362594.0
p009n2,p009,Normal,CAF_like,POSTN,46,4,72,362594.0
p009n2,p009,Normal,CAF_like,PTPRC,0,0,72,362594.0
p009n2,p009,Normal,CAF_like,TAGLN,1788,41,72,362594.0
p009n2,p009,Normal,CAF_like,TGFB1,5,5,72,362594.0
p009n2,p009,Normal,CAF_like,THY1,139,27,72,362594.0
p009n2,p009,Normal,CAF_like,VWF,0,0,72,362594.0
p009n2,p009,Normal,CAF_like,WNT2,0,0,72,362594.0
p009n2,p009,Normal,CAF_like,WNT5A,3,3,72,362594.0
p009n2,p009,Normal,Epithelial,ACTA2,73,69,3332,15127118.0
p009n2,p009,Normal,Epithelial,CLDN1,10,9,3332,15127118.0
p009n2,p009,Normal,Epithelial,CLDN2,3,3,3332,15127118.0
p009n2,p009,Normal,Epithelial,CLDN4,25197,3022,3332,15127118.0
p009n2,p009,Normal,Epithelial,CLDN7,731,605,3332,15127118.0
p009n2,p009,Normal,Epithelial,COL1A1,45,44,3332,15127118.0
p009n2,p009,Normal,Epithelial,COL1A2,20,19,3332,15127118.0
p009n2,p009,Normal,Epithelial,COL3A1,14,13,3332,15127118.0
p009n2,p009,Normal,Epithelial,CXCL12,15,14,3332,15127118.0
p009n2,p009,Normal,Epithelial,EPCAM,19987,2892,3332,15127118.0
p009n2,p009,Normal,Epithelial,FAP,2,2,3332,15127118.0
p009n2,p009,Normal,Epithelial,FN1,28,27,3332,15127118.0
p009n2,p009,Normal,Epithelial,INHBA,0,0,3332,15127118.0
p009n2,p009,Normal,Epithelial,KRT19,64601,3035,3332,15127118.0
p009n2,p009,Normal,Epithelial,MMP2,5,4,3332,15127118.0
p009n2,p009,Normal,Epithelial,MMP9,15,3,3332,15127118.0
p009n2,p009,Normal,Epithelial,PDPN,0,0,3332,15127118.0
p009n2,p009,Normal,Epithelial,PECAM1,29,16,3332,15127118.0
p009n2,p009,Normal,Epithelial,POSTN,4,4,3332,15127118.0
p009n2,p009,Normal,Epithelial,PTPRC,123,41,3332,15127118.0
p009n2,p009,Normal,Epithelial,TAGLN,333,286,3332,15127118.0
p009n2,p009,Normal,Epithelial,TGFB1,36,35,3332,15127118.0
p009n2,p009,Normal,Epithelial,THY1,2,2,3332,15127118.0
p009n2,p009,Normal,Epithelial,VWF,5,3,3332,15127118.0
p009n2,p009,Normal,Epithelial,WNT2,0,0,3332,15127118.0
p009n2,p009,Normal,Epithelial,WNT5A,23,18,3332,15127118.0
p009n2,p009,Normal,Immune,ACTA2,10,9,582,3577277.0
p009n2,p009,Normal,Immune,CLDN1,1,1,582,3577277.0
p009n2,p009,Normal,Immune,CLDN2,0,0,582,3577277.0
p009n2,p009,Normal,Immune,CLDN4,240,57,582,3577277.0
p009n2,p009,Normal,Immune,CLDN7,8,6,582,3577277.0
p009n2,p009,Normal,Immune,COL1A1,4,4,582,3577277.0
p009n2,p009,Normal,Immune,COL1A2,1,1,582,3577277.0
p009n2,p009,Normal,Immune,COL3A1,5,5,582,3577277.0
p009n2,p009,Normal,Immune,CXCL12,0,0,582,3577277.0
p009n2,p009,Normal,Immune,EPCAM,150,49,582,3577277.0
p009n2,p009,Normal,Immune,FAP,0,0,582,3577277.0
p009n2,p009,Normal,Immune,FN1,4,4,582,3577277.0
p009n2,p009,Normal,Immune,INHBA,0,0,582,3577277.0
p009n2,p009,Normal,Immune,KRT19,578,87,582,3577277.0
p009n2,p009,Normal,Immune,MMP2,0,0,582,3577277.0
p009n2,p009,Normal,Immune,MMP9,4,3,582,3577277.0
p009n2,p009,Normal,Immune,PDPN,0,0,582,3577277.0
p009n2,p009,Normal,Immune,PECAM1,110,85,582,3577277.0
p009n2,p009,Normal,Immune,POSTN,1,1,582,3577277.0
p009n2,p009,Normal,Immune,PTPRC,1599,434,582,3577277.0
p009n2,p009,Normal,Immune,TAGLN,20,19,582,3577277.0
p009n2,p009,Normal,Immune,TGFB1,113,96,582,3577277.0
p009n2,p009,Normal,Immune,THY1,3,3,582,3577277.0
p009n2,p009,Normal,Immune,VWF,0,0,582,3577277.0
p009n2,p009,Normal,Immune,WNT2,0,0,582,3577277.0
p009n2,p009,Normal,Immune,WNT5A,1,1,582,3577277.0
p009n2,p009,Normal,Other_stromal,ACTA2,0,0,3,5010.0
p009n2,p009,Normal,Other_stromal,CLDN1,0,0,3,5010.0
p009n2,p009,Normal,Other_stromal,CLDN2,0,0,3,5010.0
p009n2,p009,Normal,Other_stromal,CLDN4,1,1,3,5010.0
p009n2,p009,Normal,Other_stromal,CLDN7,0,0,3,5010.0
p009n2,p009,Normal,Other_stromal,COL1A1,5,2,3,5010.0
p009n2,p009,Normal,Other_stromal,COL1A2,7,3,3,5010.0
p009n2,p009,Normal,Other_stromal,COL3A1,3,2,3,5010.0
p009n2,p009,Normal,Other_stromal,CXCL12,0,0,3,5010.0
p009n2,p009,Normal,Other_stromal,EPCAM,0,0,3,5010.0
p009n2,p009,Normal,Other_stromal,FAP,0,0,3,5010.0
p009n2,p009,Normal,Other_stromal,FN1,1,1,3,5010.0
p009n2,p009,Normal,Other_stromal,INHBA,0,0,3,5010.0
p009n2,p009,Normal,Other_stromal,KRT19,3,1,3,5010.0
p009n2,p009,Normal,Other_stromal,MMP2,0,0,3,5010.0
p009n2,p009,Normal,Other_stromal,MMP9,0,0,3,5010.0
p009n2,p009,Normal,Other_stromal,PDPN,1,1,3,5010.0
p009n2,p009,Normal,Other_stromal,PECAM1,0,0,3,5010.0
p009n2,p009,Normal,Other_stromal,POSTN,0,0,3,5010.0
p009n2,p009,Normal,Other_stromal,PTPRC,0,0,3,5010.0
p009n2,p009,Normal,Other_stromal,TAGLN,0,0,3,5010.0
p009n2,p009,Normal,Other_stromal,TGFB1,0,0,3,5010.0
p009n2,p009,Normal,Other_stromal,THY1,0,0,3,5010.0
p009n2,p009,Normal,Other_stromal,VWF,0,0,3,5010.0
p009n2,p009,Normal,Other_stromal,WNT2,0,0,3,5010.0
p009n2,p009,Normal,Other_stromal,WNT5A,0,0,3,5010.0
p009n2,p009,Normal,Vascular,ACTA2,45,4,8,21891.0
p009n2,p009,Normal,Vascular,CLDN1,0,0,8,21891.0
p009n2,p009,Normal,Vascular,CLDN2,0,0,8,21891.0
p009n2,p009,Normal,Vascular,CLDN4,0,0,8,21891.0
p009n2,p009,Normal,Vascular,CLDN7,0,0,8,21891.0
p009n2,p009,Normal,Vascular,COL1A1,6,2,8,21891.0
p009n2,p009,Normal,Vascular,COL1A2,16,3,8,21891.0
p009n2,p009,Normal,Vascular,COL3A1,13,3,8,21891.0
p009n2,p009,Normal,Vascular,CXCL12,0,0,8,21891.0
p009n2,p009,Normal,Vascular,EPCAM,0,0,8,21891.0
p009n2,p009,Normal,Vascular,FAP,0,0,8,21891.0
p009n2,p009,Normal,Vascular,FN1,4,1,8,21891.0
p009n2,p009,Normal,Vascular,INHBA,0,0,8,21891.0
p009n2,p009,Normal,Vascular,KRT19,0,0,8,21891.0
p009n2,p009,Normal,Vascular,MMP2,0,0,8,21891.0
p009n2,p009,Normal,Vascular,MMP9,0,0,8,21891.0
p009n2,p009,Normal,Vascular,PDPN,0,0,8,21891.0
p009n2,p009,Normal,Vascular,PECAM1,37,5,8,21891.0
p009n2,p009,Normal,Vascular,POSTN,5,2,8,21891.0
p009n2,p009,Normal,Vascular,PTPRC,0,0,8,21891.0
p009n2,p009,Normal,Vascular,TAGLN,27,2,8,21891.0
p009n2,p009,Normal,Vascular,TGFB1,3,2,8,21891.0
p009n2,p009,Normal,Vascular,THY1,4,2,8,21891.0
p009n2,p009,Normal,Vascular,VWF,21,4,8,21891.0
p009n2,p009,Normal,Vascular,WNT2,0,0,8,21891.0
p009n2,p009,Normal,Vascular,WNT5A,0,0,8,21891.0
p009t1,p009,Tumor,CAF_like,ACTA2,191,6,7,39176.0
p009t1,p009,Tumor,CAF_like,CLDN1,0,0,7,39176.0
p009t1,p009,Tumor,CAF_like,CLDN2,0,0,7,39176.0
p009t1,p009,Tumor,CAF_like,CLDN4,0,0,7,39176.0
p009t1,p009,Tumor,CAF_like,CLDN7,0,0,7,39176.0
p009t1,p009,Tumor,CAF_like,COL1A1,1192,7,7,39176.0
p009t1,p009,Tumor,CAF_like,COL1A2,688,7,7,39176.0
p009t1,p009,Tumor,CAF_like,COL3A1,518,7,7,39176.0
p009t1,p009,Tumor,CAF_like,CXCL12,0,0,7,39176.0
p009t1,p009,Tumor,CAF_like,EPCAM,0,0,7,39176.0
p009t1,p009,Tumor,CAF_like,FAP,4,3,7,39176.0
p009t1,p009,Tumor,CAF_like,FN1,175,7,7,39176.0
p009t1,p009,Tumor,CAF_like,INHBA,0,0,7,39176.0
p009t1,p009,Tumor,CAF_like,KRT19,4,3,7,39176.0
p009t1,p009,Tumor,CAF_like,MMP2,49,4,7,39176.0
p009t1,p009,Tumor,CAF_like,MMP9,2,1,7,39176.0
p009t1,p009,Tumor,CAF_like,PDPN,10,3,7,39176.0
p009t1,p009,Tumor,CAF_like,PECAM1,0,0,7,39176.0
p009t1,p009,Tumor,CAF_like,POSTN,134,5,7,39176.0
p009t1,p009,Tumor,CAF_like,PTPRC,0,0,7,39176.0
p009t1,p009,Tumor,CAF_like,TAGLN,215,5,7,39176.0
p009t1,p009,Tumor,CAF_like,TGFB1,5,2,7,39176.0
p009t1,p009,Tumor,CAF_like,THY1,35,4,7,39176.0
p009t1,p009,Tumor,CAF_like,VWF,0,0,7,39176.0
p009t1,p009,Tumor,CAF_like,WNT2,3,2,7,39176.0
p009t1,p009,Tumor,CAF_like,WNT5A,11,2,7,39176.0
p009t1,p009,Tumor,Epithelial,ACTA2,31,30,2055,12011533.0
p009t1,p009,Tumor,Epithelial,CLDN1,314,212,2055,12011533.0
p009t1,p009,Tumor,Epithelial,CLDN2,273,100,2055,12011533.0
p009t1,p009,Tumor,Epithelial,CLDN4,11489,1783,2055,12011533.0
p009t1,p009,Tumor,Epithelial,CLDN7,385,309,2055,12011533.0
p009t1,p009,Tumor,Epithelial,COL1A1,178,159,2055,12011533.0
p009t1,p009,Tumor,Epithelial,COL1A2,16,16,2055,12011533.0
p009t1,p009,Tumor,Epithelial,COL3A1,18,18,2055,12011533.0
p009t1,p009,Tumor,Epithelial,CXCL12,7,6,2055,12011533.0
p009t1,p009,Tumor,Epithelial,EPCAM,16889,1806,2055,12011533.0
p009t1,p009,Tumor,Epithelial,FAP,2,2,2055,12011533.0
p009t1,p009,Tumor,Epithelial,FN1,2379,228,2055,12011533.0
p009t1,p009,Tumor,Epithelial,INHBA,0,0,2055,12011533.0
p009t1,p009,Tumor,Epithelial,KRT19,35499,1894,2055,12011533.0
p009t1,p009,Tumor,Epithelial,MMP2,8,7,2055,12011533.0
p009t1,p009,Tumor,Epithelial,MMP9,9,7,2055,12011533.0
p009t1,p009,Tumor,Epithelial,PDPN,1,1,2055,12011533.0
p009t1,p009,Tumor,Epithelial,PECAM1,5,5,2055,12011533.0
p009t1,p009,Tumor,Epithelial,POSTN,2,2,2055,12011533.0
p009t1,p009,Tumor,Epithelial,PTPRC,58,44,2055,12011533.0
p009t1,p009,Tumor,Epithelial,TAGLN,226,192,2055,12011533.0
p009t1,p009,Tumor,Epithelial,TGFB1,13,13,2055,12011533.0
p009t1,p009,Tumor,Epithelial,THY1,5,5,2055,12011533.0
p009t1,p009,Tumor,Epithelial,VWF,16,16,2055,12011533.0
p009t1,p009,Tumor,Epithelial,WNT2,0,0,2055,12011533.0
p009t1,p009,Tumor,Epithelial,WNT5A,6,5,2055,12011533.0
p009t1,p009,Tumor,Immune,ACTA2,20,17,785,5118309.0
p009t1,p009,Tumor,Immune,CLDN1,4,3,785,5118309.0
p009t1,p009,Tumor,Immune,CLDN2,0,0,785,5118309.0
p009t1,p009,Tumor,Immune,CLDN4,99,69,785,5118309.0
p009t1,p009,Tumor,Immune,CLDN7,2,2,785,5118309.0
p009t1,p009,Tumor,Immune,COL1A1,5,5,785,5118309.0
p009t1,p009,Tumor,Immune,COL1A2,9,9,785,5118309.0
p009t1,p009,Tumor,Immune,COL3A1,9,7,785,5118309.0
p009t1,p009,Tumor,Immune,CXCL12,3,2,785,5118309.0
p009t1,p009,Tumor,Immune,EPCAM,102,51,785,5118309.0
p009t1,p009,Tumor,Immune,FAP,3,3,785,5118309.0
p009t1,p009,Tumor,Immune,FN1,39,12,785,5118309.0
p009t1,p009,Tumor,Immune,INHBA,0,0,785,5118309.0
p009t1,p009,Tumor,Immune,KRT19,167,90,785,5118309.0
p009t1,p009,Tumor,Immune,MMP2,7,7,785,5118309.0
p009t1,p009,Tumor,Immune,MMP9,73,27,785,5118309.0
p009t1,p009,Tumor,Immune,PDPN,21,8,785,5118309.0
p009t1,p009,Tumor,Immune,PECAM1,454,201,785,5118309.0
p009t1,p009,Tumor,Immune,POSTN,3,3,785,5118309.0
p009t1,p009,Tumor,Immune,PTPRC,2401,602,785,5118309.0
p009t1,p009,Tumor,Immune,TAGLN,32,32,785,5118309.0
p009t1,p009,Tumor,Immune,TGFB1,225,177,785,5118309.0
p009t1,p009,Tumor,Immune,THY1,2,2,785,5118309.0
p009t1,p009,Tumor,Immune,VWF,5,5,785,5118309.0
p009t1,p009,Tumor,Immune,WNT2,0,0,785,5118309.0
p009t1,p009,Tumor,Immune,WNT5A,40,25,785,5118309.0
p009t1,p009,Tumor,Vascular,ACTA2,253,10,42,252352.0
p009t1,p009,Tumor,Vascular,CLDN1,0,0,42,252352.0
p009t1,p009,Tumor,Vascular,CLDN2,0,0,42,252352.0
p009t1,p009,Tumor,Vascular,CLDN4,14,6,42,252352.0
p009t1,p009,Tumor,Vascular,CLDN7,0,0,42,252352.0
p009t1,p009,Tumor,Vascular,COL1A1,1238,9,42,252352.0
p009t1,p009,Tumor,Vascular,COL1A2,816,8,42,252352.0
p009t1,p009,Tumor,Vascular,COL3A1,442,8,42,252352.0
p009t1,p009,Tumor,Vascular,CXCL12,43,11,42,252352.0
p009t1,p009,Tumor,Vascular,EPCAM,12,6,42,252352.0
p009t1,p009,Tumor,Vascular,FAP,19,13,42,252352.0
p009t1,p009,Tumor,Vascular,FN1,719,25,42,252352.0
p009t1,p009,Tumor,Vascular,INHBA,0,0,42,252352.0
p009t1,p009,Tumor,Vascular,KRT19,16,6,42,252352.0
p009t1,p009,Tumor,Vascular,MMP2,70,21,42,252352.0
p009t1,p009,Tumor,Vascular,MMP9,1,1,42,252352.0
p009t1,p009,Tumor,Vascular,PDPN,0,0,42,252352.0
p009t1,p009,Tumor,Vascular,PECAM1,385,31,42,252352.0
p009t1,p009,Tumor,Vascular,POSTN,106,5,42,252352.0
p009t1,p009,Tumor,Vascular,PTPRC,2,2,42,252352.0
p009t1,p009,Tumor,Vascular,TAGLN,314,12,42,252352.0
p009t1,p009,Tumor,Vascular,TGFB1,21,13,42,252352.0
p009t1,p009,Tumor,Vascular,THY1,268,22,42,252352.0
p009t1,p009,Tumor,Vascular,VWF,476,32,42,252352.0
p009t1,p009,Tumor,Vascular,WNT2,0,0,42,252352.0
p009t1,p009,Tumor,Vascular,WNT5A,5,3,42,252352.0
p009t2,p009,Tumor,CAF_like,ACTA2,326,15,20,138082.0
p009t2,p009,Tumor,CAF_like,CLDN1,0,0,20,138082.0
p009t2,p009,Tumor,CAF_like,CLDN2,0,0,20,138082.0
p009t2,p009,Tumor,CAF_like,CLDN4,4,3,20,138082.0
p009t2,p009,Tumor,CAF_like,CLDN7,0,0,20,138082.0
p009t2,p009,Tumor,CAF_like,COL1A1,2179,18,20,138082.0
p009t2,p009,Tumor,CAF_like,COL1A2,1830,19,20,138082.0
p009t2,p009,Tumor,CAF_like,COL3A1,1876,20,20,138082.0
p009t2,p009,Tumor,CAF_like,CXCL12,2,1,20,138082.0
p009t2,p009,Tumor,CAF_like,EPCAM,3,2,20,138082.0
p009t2,p009,Tumor,CAF_like,FAP,31,12,20,138082.0
p009t2,p009,Tumor,CAF_like,FN1,658,19,20,138082.0
p009t2,p009,Tumor,CAF_like,INHBA,0,0,20,138082.0
p009t2,p009,Tumor,CAF_like,KRT19,17,3,20,138082.0
p009t2,p009,Tumor,CAF_like,MMP2,105,15,20,138082.0
p009t2,p009,Tumor,CAF_like,MMP9,0,0,20,138082.0
p009t2,p009,Tumor,CAF_like,PDPN,32,9,20,138082.0
p009t2,p009,Tumor,CAF_like,PECAM1,0,0,20,138082.0
p009t2,p009,Tumor,CAF_like,POSTN,443,13,20,138082.0
p009t2,p009,Tumor,CAF_like,PTPRC,0,0,20,138082.0
p009t2,p009,Tumor,CAF_like,TAGLN,888,15,20,138082.0
p009t2,p009,Tumor,CAF_like,TGFB1,14,8,20,138082.0
p009t2,p009,Tumor,CAF_like,THY1,140,13,20,138082.0
p009t2,p009,Tumor,CAF_like,VWF,0,0,20,138082.0
p009t2,p009,Tumor,CAF_like,WNT2,3,1,20,138082.0
p009t2,p009,Tumor,CAF_like,WNT5A,45,10,20,138082.0
p009t2,p009,Tumor,Epithelial,ACTA2,16,16,1931,13082454.0
p009t2,p009,Tumor,Epithelial,CLDN1,425,262,1931,13082454.0
p009t2,p009,Tumor,Epithelial,CLDN2,115,59,1931,13082454.0
p009t2,p009,Tumor,Epithelial,CLDN4,11134,1685,1931,13082454.0
p009t2,p009,Tumor,Epithelial,CLDN7,179,164,1931,13082454.0
p009t2,p009,Tumor,Epithelial,COL1A1,111,103,1931,13082454.0
p009t2,p009,Tumor,Epithelial,COL1A2,13,13,1931,13082454.0
p009t2,p009,Tumor,Epithelial,COL3A1,10,10,1931,13082454.0
p009t2,p009,Tumor,Epithelial,CXCL12,12,6,1931,13082454.0
p009t2,p009,Tumor,Epithelial,EPCAM,17081,1750,1931,13082454.0
p009t2,p009,Tumor,Epithelial,FAP,1,1,1931,13082454.0
p009t2,p009,Tumor,Epithelial,FN1,7849,440,1931,13082454.0
p009t2,p009,Tumor,Epithelial,INHBA,0,0,1931,13082454.0
p009t2,p009,Tumor,Epithelial,KRT19,34736,1802,1931,13082454.0
p009t2,p009,Tumor,Epithelial,MMP2,5,5,1931,13082454.0
p009t2,p009,Tumor,Epithelial,MMP9,10,7,1931,13082454.0
p009t2,p009,Tumor,Epithelial,PDPN,2,2,1931,13082454.0
p009t2,p009,Tumor,Epithelial,PECAM1,31,25,1931,13082454.0
p009t2,p009,Tumor,Epithelial,POSTN,0,0,1931,13082454.0
p009t2,p009,Tumor,Epithelial,PTPRC,294,121,1931,13082454.0
p009t2,p009,Tumor,Epithelial,TAGLN,240,142,1931,13082454.0
p009t2,p009,Tumor,Epithelial,TGFB1,36,30,1931,13082454.0
p009t2,p009,Tumor,Epithelial,THY1,4,4,1931,13082454.0
p009t2,p009,Tumor,Epithelial,VWF,15,11,1931,13082454.0
p009t2,p009,Tumor,Epithelial,WNT2,0,0,1931,13082454.0
p009t2,p009,Tumor,Epithelial,WNT5A,8,7,1931,13082454.0
p009t2,p009,Tumor,Immune,ACTA2,47,45,2089,12458623.0
p009t2,p009,Tumor,Immune,CLDN1,53,28,2089,12458623.0
p009t2,p009,Tumor,Immune,CLDN2,2,2,2089,12458623.0
p009t2,p009,Tumor,Immune,CLDN4,227,130,2089,12458623.0
p009t2,p009,Tumor,Immune,CLDN7,2,2,2089,12458623.0
p009t2,p009,Tumor,Immune,COL1A1,23,18,2089,12458623.0
p009t2,p009,Tumor,Immune,COL1A2,26,16,2089,12458623.0
p009t2,p009,Tumor,Immune,COL3A1,18,14,2089,12458623.0
p009t2,p009,Tumor,Immune,CXCL12,8,6,2089,12458623.0
p009t2,p009,Tumor,Immune,EPCAM,214,120,2089,12458623.0
p009t2,p009,Tumor,Immune,FAP,2,1,2089,12458623.0
p009t2,p009,Tumor,Immune,FN1,140,105,2089,12458623.0
p009t2,p009,Tumor,Immune,INHBA,1,1,2089,12458623.0
p009t2,p009,Tumor,Immune,KRT19,576,235,2089,12458623.0
p009t2,p009,Tumor,Immune,MMP2,7,6,2089,12458623.0
p009t2,p009,Tumor,Immune,MMP9,532,86,2089,12458623.0
p009t2,p009,Tumor,Immune,PDPN,20,13,2089,12458623.0
p009t2,p009,Tumor,Immune,PECAM1,933,472,2089,12458623.0
p009t2,p009,Tumor,Immune,POSTN,4,4,2089,12458623.0
p009t2,p009,Tumor,Immune,PTPRC,6438,1592,2089,12458623.0
p009t2,p009,Tumor,Immune,TAGLN,69,59,2089,12458623.0
p009t2,p009,Tumor,Immune,TGFB1,510,423,2089,12458623.0
p009t2,p009,Tumor,Immune,THY1,9,5,2089,12458623.0
p009t2,p009,Tumor,Immune,VWF,11,11,2089,12458623.0
p009t2,p009,Tumor,Immune,WNT2,1,1,2089,12458623.0
p009t2,p009,Tumor,Immune,WNT5A,156,91,2089,12458623.0
p009t2,p009,Tumor,Vascular,ACTA2,315,12,72,417704.0
p009t2,p009,Tumor,Vascular,CLDN1,0,0,72,417704.0
p009t2,p009,Tumor,Vascular,CLDN2,0,0,72,417704.0
p009t2,p009,Tumor,Vascular,CLDN4,4,3,72,417704.0
p009t2,p009,Tumor,Vascular,CLDN7,0,0,72,417704.0
p009t2,p009,Tumor,Vascular,COL1A1,252,12,72,417704.0
p009t2,p009,Tumor,Vascular,COL1A2,249,13,72,417704.0
p009t2,p009,Tumor,Vascular,COL3A1,265,12,72,417704.0
p009t2,p009,Tumor,Vascular,CXCL12,73,17,72,417704.0
p009t2,p009,Tumor,Vascular,EPCAM,5,3,72,417704.0
p009t2,p009,Tumor,Vascular,FAP,37,24,72,417704.0
p009t2,p009,Tumor,Vascular,FN1,654,51,72,417704.0
p009t2,p009,Tumor,Vascular,INHBA,1,1,72,417704.0
p009t2,p009,Tumor,Vascular,KRT19,21,8,72,417704.0
p009t2,p009,Tumor,Vascular,MMP2,108,41,72,417704.0
p009t2,p009,Tumor,Vascular,MMP9,3,3,72,417704.0
p009t2,p009,Tumor,Vascular,PDPN,0,0,72,417704.0
p009t2,p009,Tumor,Vascular,PECAM1,835,60,72,417704.0
p009t2,p009,Tumor,Vascular,POSTN,195,22,72,417704.0
p009t2,p009,Tumor,Vascular,PTPRC,4,3,72,417704.0
p009t2,p009,Tumor,Vascular,TAGLN,267,18,72,417704.0
p009t2,p009,Tumor,Vascular,TGFB1,20,17,72,417704.0
p009t2,p009,Tumor,Vascular,THY1,189,30,72,417704.0
p009t2,p009,Tumor,Vascular,VWF,1216,59,72,417704.0
p009t2,p009,Tumor,Vascular,WNT2,0,0,72,417704.0
p009t2,p009,Tumor,Vascular,WNT5A,4,3,72,417704.0
p012n,p012,Normal,CAF_like,ACTA2,2681,156,304,1347521.0
p012n,p012,Normal,CAF_like,CLDN1,3,3,304,1347521.0
p012n,p012,Normal,CAF_like,CLDN2,0,0,304,1347521.0
p012n,p012,Normal,CAF_like,CLDN4,43,12,304,1347521.0
p012n,p012,Normal,CAF_like,CLDN7,0,0,304,1347521.0
p012n,p012,Normal,CAF_like,COL1A1,2139,232,304,1347521.0
p012n,p012,Normal,CAF_like,COL1A2,3511,230,304,1347521.0
p012n,p012,Normal,CAF_like,COL3A1,3745,219,304,1347521.0
p012n,p012,Normal,CAF_like,CXCL12,77,57,304,1347521.0
p012n,p012,Normal,CAF_like,EPCAM,18,9,304,1347521.0
p012n,p012,Normal,CAF_like,FAP,7,5,304,1347521.0
p012n,p012,Normal,CAF_like,FN1,2050,181,304,1347521.0
p012n,p012,Normal,CAF_like,INHBA,0,0,304,1347521.0
p012n,p012,Normal,CAF_like,KRT19,114,9,304,1347521.0
p012n,p012,Normal,CAF_like,MMP2,513,158,304,1347521.0
p012n,p012,Normal,CAF_like,MMP9,0,0,304,1347521.0
p012n,p012,Normal,CAF_like,PDPN,82,49,304,1347521.0
p012n,p012,Normal,CAF_like,PECAM1,8,8,304,1347521.0
p012n,p012,Normal,CAF_like,POSTN,399,39,304,1347521.0
p012n,p012,Normal,CAF_like,PTPRC,49,21,304,1347521.0
p012n,p012,Normal,CAF_like,TAGLN,3629,132,304,1347521.0
p012n,p012,Normal,CAF_like,TGFB1,41,37,304,1347521.0
p012n,p012,Normal,CAF_like,THY1,348,125,304,1347521.0
p012n,p012,Normal,CAF_like,VWF,0,0,304,1347521.0
p012n,p012,Normal,CAF_like,WNT2,0,0,304,1347521.0
p012n,p012,Normal,CAF_like,WNT5A,33,18,304,1347521.0
p012n,p012,Normal,Epithelial,ACTA2,16,15,1124,3781347.0
p012n,p012,Normal,Epithelial,CLDN1,2,2,1124,3781347.0
p012n,p012,Normal,Epithelial,CLDN2,0,0,1124,3781347.0
p012n,p012,Normal,Epithelial,CLDN4,7463,1019,1124,3781347.0
p012n,p012,Normal,Epithelial,CLDN7,144,129,1124,3781347.0
p012n,p012,Normal,Epithelial,COL1A1,13,10,1124,3781347.0
p012n,p012,Normal,Epithelial,COL1A2,12,9,1124,3781347.0
p012n,p012,Normal,Epithelial,COL3A1,12,7,1124,3781347.0
p012n,p012,Normal,Epithelial,CXCL12,2,1,1124,3781347.0
p012n,p012,Normal,Epithelial,EPCAM,4708,890,1124,3781347.0
p012n,p012,Normal,Epithelial,FAP,0,0,1124,3781347.0
p012n,p012,Normal,Epithelial,FN1,13,13,1124,3781347.0
p012n,p012,Normal,Epithelial,INHBA,0,0,1124,3781347.0
p012n,p012,Normal,Epithelial,KRT19,11166,900,1124,3781347.0
p012n,p012,Normal,Epithelial,MMP2,2,2,1124,3781347.0
p012n,p012,Normal,Epithelial,MMP9,0,0,1124,3781347.0
p012n,p012,Normal,Epithelial,PDPN,1,1,1124,3781347.0
p012n,p012,Normal,Epithelial,PECAM1,14,13,1124,3781347.0
p012n,p012,Normal,Epithelial,POSTN,16,2,1124,3781347.0
p012n,p012,Normal,Epithelial,PTPRC,155,84,1124,3781347.0
p012n,p012,Normal,Epithelial,TAGLN,92,78,1124,3781347.0
p012n,p012,Normal,Epithelial,TGFB1,29,28,1124,3781347.0
p012n,p012,Normal,Epithelial,THY1,0,0,1124,3781347.0
p012n,p012,Normal,Epithelial,VWF,0,0,1124,3781347.0
p012n,p012,Normal,Epithelial,WNT2,0,0,1124,3781347.0
p012n,p012,Normal,Epithelial,WNT5A,5,4,1124,3781347.0
p012n,p012,Normal,Immune,ACTA2,23,23,3082,18804372.0
p012n,p012,Normal,Immune,CLDN1,2,2,3082,18804372.0
p012n,p012,Normal,Immune,CLDN2,0,0,3082,18804372.0
p012n,p012,Normal,Immune,CLDN4,309,108,3082,18804372.0
p012n,p012,Normal,Immune,CLDN7,4,4,3082,18804372.0
p012n,p012,Normal,Immune,COL1A1,47,36,3082,18804372.0
p012n,p012,Normal,Immune,COL1A2,38,32,3082,18804372.0
p012n,p012,Normal,Immune,COL3A1,14,13,3082,18804372.0
p012n,p012,Normal,Immune,CXCL12,23,16,3082,18804372.0
p012n,p012,Normal,Immune,EPCAM,140,63,3082,18804372.0
p012n,p012,Normal,Immune,FAP,0,0,3082,18804372.0
p012n,p012,Normal,Immune,FN1,9,9,3082,18804372.0
p012n,p012,Normal,Immune,INHBA,0,0,3082,18804372.0
p012n,p012,Normal,Immune,KRT19,494,110,3082,18804372.0
p012n,p012,Normal,Immune,MMP2,4,4,3082,18804372.0
p012n,p012,Normal,Immune,MMP9,82,42,3082,18804372.0
p012n,p012,Normal,Immune,PDPN,0,0,3082,18804372.0
p012n,p012,Normal,Immune,PECAM1,447,322,3082,18804372.0
p012n,p012,Normal,Immune,POSTN,1,1,3082,18804372.0
p012n,p012,Normal,Immune,PTPRC,4869,1775,3082,18804372.0
p012n,p012,Normal,Immune,TAGLN,69,68,3082,18804372.0
p012n,p012,Normal,Immune,TGFB1,787,635,3082,18804372.0
p012n,p012,Normal,Immune,THY1,9,8,3082,18804372.0
p012n,p012,Normal,Immune,VWF,1,1,3082,18804372.0
p012n,p012,Normal,Immune,WNT2,0,0,3082,18804372.0
p012n,p012,Normal,Immune,WNT5A,7,7,3082,18804372.0
p012n,p012,Normal,Other_stromal,ACTA2,2,2,12,27548.0
p012n,p012,Normal,Other_stromal,CLDN1,0,0,12,27548.0
p012n,p012,Normal,Other_stromal,CLDN2,0,0,12,27548.0
p012n,p012,Normal,Other_stromal,CLDN4,1,1,12,27548.0
p012n,p012,Normal,Other_stromal,CLDN7,1,1,12,27548.0
p012n,p012,Normal,Other_stromal,COL1A1,18,10,12,27548.0
p012n,p012,Normal,Other_stromal,COL1A2,30,10,12,27548.0
p012n,p012,Normal,Other_stromal,COL3A1,16,7,12,27548.0
p012n,p012,Normal,Other_stromal,CXCL12,3,3,12,27548.0
p012n,p012,Normal,Other_stromal,EPCAM,0,0,12,27548.0
p012n,p012,Normal,Other_stromal,FAP,0,0,12,27548.0
p012n,p012,Normal,Other_stromal,FN1,9,7,12,27548.0
p012n,p012,Normal,Other_stromal,INHBA,0,0,12,27548.0
p012n,p012,Normal,Other_stromal,KRT19,0,0,12,27548.0
p012n,p012,Normal,Other_stromal,MMP2,0,0,12,27548.0
p012n,p012,Normal,Other_stromal,MMP9,0,0,12,27548.0
p012n,p012,Normal,Other_stromal,PDPN,5,2,12,27548.0
p012n,p012,Normal,Other_stromal,PECAM1,0,0,12,27548.0
p012n,p012,Normal,Other_stromal,POSTN,0,0,12,27548.0
p012n,p012,Normal,Other_stromal,PTPRC,6,2,12,27548.0
p012n,p012,Normal,Other_stromal,TAGLN,0,0,12,27548.0
p012n,p012,Normal,Other_stromal,TGFB1,0,0,12,27548.0
p012n,p012,Normal,Other_stromal,THY1,0,0,12,27548.0
p012n,p012,Normal,Other_stromal,VWF,0,0,12,27548.0
p012n,p012,Normal,Other_stromal,WNT2,0,0,12,27548.0
p012n,p012,Normal,Other_stromal,WNT5A,0,0,12,27548.0
p012n,p012,Normal,Vascular,ACTA2,2,1,44,201523.0
p012n,p012,Normal,Vascular,CLDN1,1,1,44,201523.0
p012n,p012,Normal,Vascular,CLDN2,0,0,44,201523.0
p012n,p012,Normal,Vascular,CLDN4,1,1,44,201523.0
p012n,p012,Normal,Vascular,CLDN7,0,0,44,201523.0
p012n,p012,Normal,Vascular,COL1A1,14,5,44,201523.0
p012n,p012,Normal,Vascular,COL1A2,12,5,44,201523.0
p012n,p012,Normal,Vascular,COL3A1,22,5,44,201523.0
p012n,p012,Normal,Vascular,CXCL12,5,4,44,201523.0
p012n,p012,Normal,Vascular,EPCAM,2,2,44,201523.0
p012n,p012,Normal,Vascular,FAP,3,3,44,201523.0
p012n,p012,Normal,Vascular,FN1,5,5,44,201523.0
p012n,p012,Normal,Vascular,INHBA,0,0,44,201523.0
p012n,p012,Normal,Vascular,KRT19,4,3,44,201523.0
p012n,p012,Normal,Vascular,MMP2,0,0,44,201523.0
p012n,p012,Normal,Vascular,MMP9,0,0,44,201523.0
p012n,p012,Normal,Vascular,PDPN,2,2,44,201523.0
p012n,p012,Normal,Vascular,PECAM1,369,42,44,201523.0
p012n,p012,Normal,Vascular,POSTN,12,4,44,201523.0
p012n,p012,Normal,Vascular,PTPRC,2,1,44,201523.0
p012n,p012,Normal,Vascular,TAGLN,6,1,44,201523.0
p012n,p012,Normal,Vascular,TGFB1,10,10,44,201523.0
p012n,p012,Normal,Vascular,THY1,5,3,44,201523.0
p012n,p012,Normal,Vascular,VWF,270,40,44,201523.0
p012n,p012,Normal,Vascular,WNT2,1,1,44,201523.0
p012n,p012,Normal,Vascular,WNT5A,0,0,44,201523.0
p012t,p012,Tumor,CAF_like,ACTA2,390,27,45,295947.0
p012t,p012,Tumor,CAF_like,CLDN1,0,0,45,295947.0
p012t,p012,Tumor,CAF_like,CLDN2,0,0,45,295947.0
p012t,p012,Tumor,CAF_like,CLDN4,2,1,45,295947.0
p012t,p012,Tumor,CAF_like,CLDN7,0,0,45,295947.0
p012t,p012,Tumor,CAF_like,COL1A1,738,41,45,295947.0
p012t,p012,Tumor,CAF_like,COL1A2,1190,44,45,295947.0
p012t,p012,Tumor,CAF_like,COL3A1,1135,42,45,295947.0
p012t,p012,Tumor,CAF_like,CXCL12,20,12,45,295947.0
p012t,p012,Tumor,CAF_like,EPCAM,2,2,45,295947.0
p012t,p012,Tumor,CAF_like,FAP,7,3,45,295947.0
p012t,p012,Tumor,CAF_like,FN1,386,37,45,295947.0
p012t,p012,Tumor,CAF_like,INHBA,0,0,45,295947.0
p012t,p012,Tumor,CAF_like,KRT19,2,2,45,295947.0
p012t,p012,Tumor,CAF_like,MMP2,112,27,45,295947.0
p012t,p012,Tumor,CAF_like,MMP9,0,0,45,295947.0
p012t,p012,Tumor,CAF_like,PDPN,97,20,45,295947.0
p012t,p012,Tumor,CAF_like,PECAM1,1,1,45,295947.0
p012t,p012,Tumor,CAF_like,POSTN,134,17,45,295947.0
p012t,p012,Tumor,CAF_like,PTPRC,30,5,45,295947.0
p012t,p012,Tumor,CAF_like,TAGLN,730,27,45,295947.0
p012t,p012,Tumor,CAF_like,TGFB1,11,10,45,295947.0
p012t,p012,Tumor,CAF_like,THY1,298,32,45,295947.0
p012t,p012,Tumor,CAF_like,VWF,0,0,45,295947.0
p012t,p012,Tumor,CAF_like,WNT2,0,0,45,295947.0
p012t,p012,Tumor,CAF_like,WNT5A,97,18,45,295947.0
p012t,p012,Tumor,Epithelial,ACTA2,6,6,906,4851138.0
p012t,p012,Tumor,Epithelial,CLDN1,276,148,906,4851138.0
p012t,p012,Tumor,Epithelial,CLDN2,343,134,906,4851138.0
p012t,p012,Tumor,Epithelial,CLDN4,7795,835,906,4851138.0
p012t,p012,Tumor,Epithelial,CLDN7,152,126,906,4851138.0
p012t,p012,Tumor,Epithelial,COL1A1,10,10,906,4851138.0
p012t,p012,Tumor,Epithelial,COL1A2,3,3,906,4851138.0
p012t,p012,Tumor,Epithelial,COL3A1,1,1,906,4851138.0
p012t,p012,Tumor,Epithelial,CXCL12,19,12,906,4851138.0
p012t,p012,Tumor,Epithelial,EPCAM,6518,712,906,4851138.0
p012t,p012,Tumor,Epithelial,FAP,2,2,906,4851138.0
p012t,p012,Tumor,Epithelial,FN1,5,3,906,4851138.0
p012t,p012,Tumor,Epithelial,INHBA,0,0,906,4851138.0
p012t,p012,Tumor,Epithelial,KRT19,7017,692,906,4851138.0
p012t,p012,Tumor,Epithelial,MMP2,0,0,906,4851138.0
p012t,p012,Tumor,Epithelial,MMP9,6,6,906,4851138.0
p012t,p012,Tumor,Epithelial,PDPN,1,1,906,4851138.0
p012t,p012,Tumor,Epithelial,PECAM1,19,13,906,4851138.0
p012t,p012,Tumor,Epithelial,POSTN,0,0,906,4851138.0
p012t,p012,Tumor,Epithelial,PTPRC,163,72,906,4851138.0
p012t,p012,Tumor,Epithelial,TAGLN,49,44,906,4851138.0
p012t,p012,Tumor,Epithelial,TGFB1,37,30,906,4851138.0
p012t,p012,Tumor,Epithelial,THY1,0,0,906,4851138.0
p012t,p012,Tumor,Epithelial,VWF,2,2,906,4851138.0
p012t,p012,Tumor,Epithelial,WNT2,0,0,906,4851138.0
p012t,p012,Tumor,Epithelial,WNT5A,8,8,906,4851138.0
p012t,p012,Tumor,Immune,ACTA2,35,33,3149,23361666.0
p012t,p012,Tumor,Immune,CLDN1,19,9,3149,23361666.0
p012t,p012,Tumor,Immune,CLDN2,7,7,3149,23361666.0
p012t,p012,Tumor,Immune,CLDN4,231,148,3149,23361666.0
p012t,p012,Tumor,Immune,CLDN7,5,5,3149,23361666.0
p012t,p012,Tumor,Immune,COL1A1,19,17,3149,23361666.0
p012t,p012,Tumor,Immune,COL1A2,49,39,3149,23361666.0
p012t,p012,Tumor,Immune,COL3A1,6,6,3149,23361666.0
p012t,p012,Tumor,Immune,CXCL12,25,17,3149,23361666.0
p012t,p012,Tumor,Immune,EPCAM,107,88,3149,23361666.0
p012t,p012,Tumor,Immune,FAP,0,0,3149,23361666.0
p012t,p012,Tumor,Immune,FN1,6,6,3149,23361666.0
p012t,p012,Tumor,Immune,INHBA,3,3,3149,23361666.0
p012t,p012,Tumor,Immune,KRT19,162,119,3149,23361666.0
p012t,p012,Tumor,Immune,MMP2,5,4,3149,23361666.0
p012t,p012,Tumor,Immune,MMP9,875,129,3149,23361666.0
p012t,p012,Tumor,Immune,PDPN,31,16,3149,23361666.0
p012t,p012,Tumor,Immune,PECAM1,1110,702,3149,23361666.0
p012t,p012,Tumor,Immune,POSTN,0,0,3149,23361666.0
p012t,p012,Tumor,Immune,PTPRC,7575,2004,3149,23361666.0
p012t,p012,Tumor,Immune,TAGLN,85,80,3149,23361666.0
p012t,p012,Tumor,Immune,TGFB1,1371,981,3149,23361666.0
p012t,p012,Tumor,Immune,THY1,14,14,3149,23361666.0
p012t,p012,Tumor,Immune,VWF,4,4,3149,23361666.0
p012t,p012,Tumor,Immune,WNT2,0,0,3149,23361666.0
p012t,p012,Tumor,Immune,WNT5A,50,34,3149,23361666.0
p012t,p012,Tumor,Other_stromal,ACTA2,0,0,5,13115.0
p012t,p012,Tumor,Other_stromal,CLDN1,0,0,5,13115.0
p012t,p012,Tumor,Other_stromal,CLDN2,0,0,5,13115.0
p012t,p012,Tumor,Other_stromal,CLDN4,0,0,5,13115.0
p012t,p012,Tumor,Other_stromal,CLDN7,0,0,5,13115.0
p012t,p012,Tumor,Other_stromal,COL1A1,14,4,5,13115.0
p012t,p012,Tumor,Other_stromal,COL1A2,13,5,5,13115.0
p012t,p012,Tumor,Other_stromal,COL3A1,19,5,5,13115.0
p012t,p012,Tumor,Other_stromal,CXCL12,0,0,5,13115.0
p012t,p012,Tumor,Other_stromal,EPCAM,0,0,5,13115.0
p012t,p012,Tumor,Other_stromal,FAP,0,0,5,13115.0
p012t,p012,Tumor,Other_stromal,FN1,10,5,5,13115.0
p012t,p012,Tumor,Other_stromal,INHBA,0,0,5,13115.0
p012t,p012,Tumor,Other_stromal,KRT19,1,1,5,13115.0
p012t,p012,Tumor,Other_stromal,MMP2,0,0,5,13115.0
p012t,p012,Tumor,Other_stromal,MMP9,0,0,5,13115.0
p012t,p012,Tumor,Other_stromal,PDPN,2,1,5,13115.0
p012t,p012,Tumor,Other_stromal,PECAM1,0,0,5,13115.0
p012t,p012,Tumor,Other_stromal,POSTN,0,0,5,13115.0
p012t,p012,Tumor,Other_stromal,PTPRC,0,0,5,13115.0
p012t,p012,Tumor,Other_stromal,TAGLN,2,1,5,13115.0
p012t,p012,Tumor,Other_stromal,TGFB1,7,3,5,13115.0
p012t,p012,Tumor,Other_stromal,THY1,0,0,5,13115.0
p012t,p012,Tumor,Other_stromal,VWF,0,0,5,13115.0
p012t,p012,Tumor,Other_stromal,WNT2,0,0,5,13115.0
p012t,p012,Tumor,Other_stromal,WNT5A,0,0,5,13115.0
p012t,p012,Tumor,Vascular,ACTA2,117,6,17,114185.0
p012t,p012,Tumor,Vascular,CLDN1,3,1,17,114185.0
p012t,p012,Tumor,Vascular,CLDN2,0,0,17,114185.0
p012t,p012,Tumor,Vascular,CLDN4,0,0,17,114185.0
p012t,p012,Tumor,Vascular,CLDN7,0,0,17,114185.0
p012t,p012,Tumor,Vascular,COL1A1,80,10,17,114185.0
p012t,p012,Tumor,Vascular,COL1A2,121,10,17,114185.0
p012t,p012,Tumor,Vascular,COL3A1,192,10,17,114185.0
p012t,p012,Tumor,Vascular,CXCL12,22,6,17,114185.0
p012t,p012,Tumor,Vascular,EPCAM,3,2,17,114185.0
p012t,p012,Tumor,Vascular,FAP,1,1,17,114185.0
p012t,p012,Tumor,Vascular,FN1,13,4,17,114185.0
p012t,p012,Tumor,Vascular,INHBA,0,0,17,114185.0
p012t,p012,Tumor,Vascular,KRT19,1,1,17,114185.0
p012t,p012,Tumor,Vascular,MMP2,3,1,17,114185.0
p012t,p012,Tumor,Vascular,MMP9,0,0,17,114185.0
p012t,p012,Tumor,Vascular,PDPN,0,0,17,114185.0
p012t,p012,Tumor,Vascular,PECAM1,115,10,17,114185.0
p012t,p012,Tumor,Vascular,POSTN,9,3,17,114185.0
p012t,p012,Tumor,Vascular,PTPRC,0,0,17,114185.0
p012t,p012,Tumor,Vascular,TAGLN,48,5,17,114185.0
p012t,p012,Tumor,Vascular,TGFB1,10,6,17,114185.0
p012t,p012,Tumor,Vascular,THY1,63,11,17,114185.0
p012t,p012,Tumor,Vascular,VWF,102,10,17,114185.0
p012t,p012,Tumor,Vascular,WNT2,0,0,17,114185.0
p012t,p012,Tumor,Vascular,WNT5A,2,2,17,114185.0
p013n,p013,Normal,CAF_like,ACTA2,397,22,32,115688.0
p013n,p013,Normal,CAF_like,CLDN1,0,0,32,115688.0
p013n,p013,Normal,CAF_like,CLDN2,0,0,32,115688.0
p013n,p013,Normal,CAF_like,CLDN4,4,2,32,115688.0
p013n,p013,Normal,CAF_like,CLDN7,0,0,32,115688.0
p013n,p013,Normal,CAF_like,COL1A1,108,24,32,115688.0
p013n,p013,Normal,CAF_like,COL1A2,144,26,32,115688.0
p013n,p013,Normal,CAF_like,COL3A1,340,21,32,115688.0
p013n,p013,Normal,CAF_like,CXCL12,3,2,32,115688.0
p013n,p013,Normal,CAF_like,EPCAM,3,1,32,115688.0
p013n,p013,Normal,CAF_like,FAP,0,0,32,115688.0
p013n,p013,Normal,CAF_like,FN1,89,17,32,115688.0
p013n,p013,Normal,CAF_like,INHBA,0,0,32,115688.0
p013n,p013,Normal,CAF_like,KRT19,17,1,32,115688.0
p013n,p013,Normal,CAF_like,MMP2,53,15,32,115688.0
p013n,p013,Normal,CAF_like,MMP9,0,0,32,115688.0
p013n,p013,Normal,CAF_like,PDPN,4,3,32,115688.0
p013n,p013,Normal,CAF_like,PECAM1,0,0,32,115688.0
p013n,p013,Normal,CAF_like,POSTN,174,10,32,115688.0
p013n,p013,Normal,CAF_like,PTPRC,1,1,32,115688.0
p013n,p013,Normal,CAF_like,TAGLN,612,15,32,115688.0
p013n,p013,Normal,CAF_like,TGFB1,4,4,32,115688.0
p013n,p013,Normal,CAF_like,THY1,12,7,32,115688.0
p013n,p013,Normal,CAF_like,VWF,0,0,32,115688.0
p013n,p013,Normal,CAF_like,WNT2,0,0,32,115688.0
p013n,p013,Normal,CAF_like,WNT5A,16,6,32,115688.0
p013n,p013,Normal,Epithelial,ACTA2,24,15,1396,6278649.0
p013n,p013,Normal,Epithelial,CLDN1,20,16,1396,6278649.0
p013n,p013,Normal,Epithelial,CLDN2,0,0,1396,6278649.0
p013n,p013,Normal,Epithelial,CLDN4,19063,1234,1396,6278649.0
p013n,p013,Normal,Epithelial,CLDN7,331,253,1396,6278649.0
p013n,p013,Normal,Epithelial,COL1A1,4,4,1396,6278649.0
p013n,p013,Normal,Epithelial,COL1A2,2,1,1396,6278649.0
p013n,p013,Normal,Epithelial,COL3A1,4,3,1396,6278649.0
p013n,p013,Normal,Epithelial,CXCL12,1,1,1396,6278649.0
p013n,p013,Normal,Epithelial,EPCAM,10554,1176,1396,6278649.0
p013n,p013,Normal,Epithelial,FAP,3,3,1396,6278649.0
p013n,p013,Normal,Epithelial,FN1,8,8,1396,6278649.0
p013n,p013,Normal,Epithelial,INHBA,0,0,1396,6278649.0
p013n,p013,Normal,Epithelial,KRT19,19742,1065,1396,6278649.0
p013n,p013,Normal,Epithelial,MMP2,0,0,1396,6278649.0
p013n,p013,Normal,Epithelial,MMP9,0,0,1396,6278649.0
p013n,p013,Normal,Epithelial,PDPN,0,0,1396,6278649.0
p013n,p013,Normal,Epithelial,PECAM1,14,11,1396,6278649.0
p013n,p013,Normal,Epithelial,POSTN,11,3,1396,6278649.0
p013n,p013,Normal,Epithelial,PTPRC,73,42,1396,6278649.0
p013n,p013,Normal,Epithelial,TAGLN,133,90,1396,6278649.0
p013n,p013,Normal,Epithelial,TGFB1,41,33,1396,6278649.0
p013n,p013,Normal,Epithelial,THY1,0,0,1396,6278649.0
p013n,p013,Normal,Epithelial,VWF,0,0,1396,6278649.0
p013n,p013,Normal,Epithelial,WNT2,0,0,1396,6278649.0
p013n,p013,Normal,Epithelial,WNT5A,12,6,1396,6278649.0
p013n,p013,Normal,Immune,ACTA2,36,33,2224,19536701.0
p013n,p013,Normal,Immune,CLDN1,2,2,2224,19536701.0
p013n,p013,Normal,Immune,CLDN2,0,0,2224,19536701.0
p013n,p013,Normal,Immune,CLDN4,262,123,2224,19536701.0
p013n,p013,Normal,Immune,CLDN7,2,2,2224,19536701.0
p013n,p013,Normal,Immune,COL1A1,12,12,2224,19536701.0
p013n,p013,Normal,Immune,COL1A2,3,3,2224,19536701.0
p013n,p013,Normal,Immune,COL3A1,1,1,2224,19536701.0
p013n,p013,Normal,Immune,CXCL12,5,2,2224,19536701.0
p013n,p013,Normal,Immune,EPCAM,131,64,2224,19536701.0
p013n,p013,Normal,Immune,FAP,2,2,2224,19536701.0
p013n,p013,Normal,Immune,FN1,2,2,2224,19536701.0
p013n,p013,Normal,Immune,INHBA,0,0,2224,19536701.0
p013n,p013,Normal,Immune,KRT19,374,96,2224,19536701.0
p013n,p013,Normal,Immune,MMP2,1,1,2224,19536701.0
p013n,p013,Normal,Immune,MMP9,48,6,2224,19536701.0
p013n,p013,Normal,Immune,PDPN,0,0,2224,19536701.0
p013n,p013,Normal,Immune,PECAM1,309,249,2224,19536701.0
p013n,p013,Normal,Immune,POSTN,1,1,2224,19536701.0
p013n,p013,Normal,Immune,PTPRC,3315,1205,2224,19536701.0
p013n,p013,Normal,Immune,TAGLN,30,29,2224,19536701.0
p013n,p013,Normal,Immune,TGFB1,780,597,2224,19536701.0
p013n,p013,Normal,Immune,THY1,2,2,2224,19536701.0
p013n,p013,Normal,Immune,VWF,1,1,2224,19536701.0
p013n,p013,Normal,Immune,WNT2,0,0,2224,19536701.0
p013n,p013,Normal,Immune,WNT5A,4,4,2224,19536701.0
p013n,p013,Normal,Other_stromal,ACTA2,1,1,7,10000.0
p013n,p013,Normal,Other_stromal,CLDN1,0,0,7,10000.0
p013n,p013,Normal,Other_stromal,CLDN2,0,0,7,10000.0
p013n,p013,Normal,Other_stromal,CLDN4,3,2,7,10000.0
p013n,p013,Normal,Other_stromal,CLDN7,0,0,7,10000.0
p013n,p013,Normal,Other_stromal,COL1A1,2,2,7,10000.0
p013n,p013,Normal,Other_stromal,COL1A2,14,7,7,10000.0
p013n,p013,Normal,Other_stromal,COL3A1,6,3,7,10000.0
p013n,p013,Normal,Other_stromal,CXCL12,0,0,7,10000.0
p013n,p013,Normal,Other_stromal,EPCAM,1,1,7,10000.0
p013n,p013,Normal,Other_stromal,FAP,0,0,7,10000.0
p013n,p013,Normal,Other_stromal,FN1,6,4,7,10000.0
p013n,p013,Normal,Other_stromal,INHBA,0,0,7,10000.0
p013n,p013,Normal,Other_stromal,KRT19,1,1,7,10000.0
p013n,p013,Normal,Other_stromal,MMP2,0,0,7,10000.0
p013n,p013,Normal,Other_stromal,MMP9,0,0,7,10000.0
p013n,p013,Normal,Other_stromal,PDPN,0,0,7,10000.0
p013n,p013,Normal,Other_stromal,PECAM1,0,0,7,10000.0
p013n,p013,Normal,Other_stromal,POSTN,0,0,7,10000.0
p013n,p013,Normal,Other_stromal,PTPRC,0,0,7,10000.0
p013n,p013,Normal,Other_stromal,TAGLN,0,0,7,10000.0
p013n,p013,Normal,Other_stromal,TGFB1,0,0,7,10000.0
p013n,p013,Normal,Other_stromal,THY1,1,1,7,10000.0
p013n,p013,Normal,Other_stromal,VWF,0,0,7,10000.0
p013n,p013,Normal,Other_stromal,WNT2,0,0,7,10000.0
p013n,p013,Normal,Other_stromal,WNT5A,0,0,7,10000.0
p013n,p013,Normal,Vascular,ACTA2,2,1,11,56896.0
p013n,p013,Normal,Vascular,CLDN1,0,0,11,56896.0
p013n,p013,Normal,Vascular,CLDN2,0,0,11,56896.0
p013n,p013,Normal,Vascular,CLDN4,0,0,11,56896.0
p013n,p013,Normal,Vascular,CLDN7,0,0,11,56896.0
p013n,p013,Normal,Vascular,COL1A1,9,3,11,56896.0
p013n,p013,Normal,Vascular,COL1A2,8,3,11,56896.0
p013n,p013,Normal,Vascular,COL3A1,20,3,11,56896.0
p013n,p013,Normal,Vascular,CXCL12,2,2,11,56896.0
p013n,p013,Normal,Vascular,EPCAM,0,0,11,56896.0
p013n,p013,Normal,Vascular,FAP,0,0,11,56896.0
p013n,p013,Normal,Vascular,FN1,1,1,11,56896.0
p013n,p013,Normal,Vascular,INHBA,0,0,11,56896.0
p013n,p013,Normal,Vascular,KRT19,0,0,11,56896.0
p013n,p013,Normal,Vascular,MMP2,0,0,11,56896.0
p013n,p013,Normal,Vascular,MMP9,0,0,11,56896.0
p013n,p013,Normal,Vascular,PDPN,0,0,11,56896.0
p013n,p013,Normal,Vascular,PECAM1,43,8,11,56896.0
p013n,p013,Normal,Vascular,POSTN,3,1,11,56896.0
p013n,p013,Normal,Vascular,PTPRC,5,2,11,56896.0
p013n,p013,Normal,Vascular,TAGLN,2,2,11,56896.0
p013n,p013,Normal,Vascular,TGFB1,3,2,11,56896.0
p013n,p013,Normal,Vascular,THY1,6,1,11,56896.0
p013n,p013,Normal,Vascular,VWF,46,8,11,56896.0
p013n,p013,Normal,Vascular,WNT2,0,0,11,56896.0
p013n,p013,Normal,Vascular,WNT5A,0,0,11,56896.0
p013t,p013,Tumor,CAF_like,ACTA2,254,34,47,279124.0
p013t,p013,Tumor,CAF_like,CLDN1,3,1,47,279124.0
p013t,p013,Tumor,CAF_like,CLDN2,0,0,47,279124.0
p013t,p013,Tumor,CAF_like,CLDN4,4,4,47,279124.0
p013t,p013,Tumor,CAF_like,CLDN7,0,0,47,279124.0
p013t,p013,Tumor,CAF_like,COL1A1,1458,44,47,279124.0
p013t,p013,Tumor,CAF_like,COL1A2,1281,47,47,279124.0
p013t,p013,Tumor,CAF_like,COL3A1,1407,43,47,279124.0
p013t,p013,Tumor,CAF_like,CXCL12,4,4,47,279124.0
p013t,p013,Tumor,CAF_like,EPCAM,2,2,47,279124.0
p013t,p013,Tumor,CAF_like,FAP,23,8,47,279124.0
p013t,p013,Tumor,CAF_like,FN1,280,36,47,279124.0
p013t,p013,Tumor,CAF_like,INHBA,2,2,47,279124.0
p013t,p013,Tumor,CAF_like,KRT19,1,1,47,279124.0
p013t,p013,Tumor,CAF_like,MMP2,198,40,47,279124.0
p013t,p013,Tumor,CAF_like,MMP9,0,0,47,279124.0
p013t,p013,Tumor,CAF_like,PDPN,88,26,47,279124.0
p013t,p013,Tumor,CAF_like,PECAM1,0,0,47,279124.0
p013t,p013,Tumor,CAF_like,POSTN,334,28,47,279124.0
p013t,p013,Tumor,CAF_like,PTPRC,7,3,47,279124.0
p013t,p013,Tumor,CAF_like,TAGLN,707,28,47,279124.0
p013t,p013,Tumor,CAF_like,TGFB1,8,7,47,279124.0
p013t,p013,Tumor,CAF_like,THY1,238,31,47,279124.0
p013t,p013,Tumor,CAF_like,VWF,0,0,47,279124.0
p013t,p013,Tumor,CAF_like,WNT2,3,2,47,279124.0
p013t,p013,Tumor,CAF_like,WNT5A,61,21,47,279124.0
p013t,p013,Tumor,Epithelial,ACTA2,5,5,1125,8212854.0
p013t,p013,Tumor,Epithelial,CLDN1,356,210,1125,8212854.0
p013t,p013,Tumor,Epithelial,CLDN2,349,113,1125,8212854.0
p013t,p013,Tumor,Epithelial,CLDN4,13121,1029,1125,8212854.0
p013t,p013,Tumor,Epithelial,CLDN7,92,83,1125,8212854.0
p013t,p013,Tumor,Epithelial,COL1A1,16,14,1125,8212854.0
p013t,p013,Tumor,Epithelial,COL1A2,6,6,1125,8212854.0
p013t,p013,Tumor,Epithelial,COL3A1,4,4,1125,8212854.0
p013t,p013,Tumor,Epithelial,CXCL12,4,4,1125,8212854.0
p013t,p013,Tumor,Epithelial,EPCAM,16446,1002,1125,8212854.0
p013t,p013,Tumor,Epithelial,FAP,1,1,1125,8212854.0
p013t,p013,Tumor,Epithelial,FN1,1166,105,1125,8212854.0
p013t,p013,Tumor,Epithelial,INHBA,0,0,1125,8212854.0
p013t,p013,Tumor,Epithelial,KRT19,15499,958,1125,8212854.0
p013t,p013,Tumor,Epithelial,MMP2,0,0,1125,8212854.0
p013t,p013,Tumor,Epithelial,MMP9,3,3,1125,8212854.0
p013t,p013,Tumor,Epithelial,PDPN,0,0,1125,8212854.0
p013t,p013,Tumor,Epithelial,PECAM1,8,8,1125,8212854.0
p013t,p013,Tumor,Epithelial,POSTN,1,1,1125,8212854.0
p013t,p013,Tumor,Epithelial,PTPRC,126,56,1125,8212854.0
p013t,p013,Tumor,Epithelial,TAGLN,766,101,1125,8212854.0
p013t,p013,Tumor,Epithelial,TGFB1,17,16,1125,8212854.0
p013t,p013,Tumor,Epithelial,THY1,1,1,1125,8212854.0
p013t,p013,Tumor,Epithelial,VWF,2,2,1125,8212854.0
p013t,p013,Tumor,Epithelial,WNT2,0,0,1125,8212854.0
p013t,p013,Tumor,Epithelial,WNT5A,11,11,1125,8212854.0
p013t,p013,Tumor,Immune,ACTA2,59,58,2203,14769114.0
p013t,p013,Tumor,Immune,CLDN1,27,17,2203,14769114.0
p013t,p013,Tumor,Immune,CLDN2,4,3,2203,14769114.0
p013t,p013,Tumor,Immune,CLDN4,275,179,2203,14769114.0
p013t,p013,Tumor,Immune,CLDN7,2,2,2203,14769114.0
p013t,p013,Tumor,Immune,COL1A1,15,15,2203,14769114.0
p013t,p013,Tumor,Immune,COL1A2,2,2,2203,14769114.0
p013t,p013,Tumor,Immune,COL3A1,7,7,2203,14769114.0
p013t,p013,Tumor,Immune,CXCL12,12,7,2203,14769114.0
p013t,p013,Tumor,Immune,EPCAM,294,157,2203,14769114.0
p013t,p013,Tumor,Immune,FAP,0,0,2203,14769114.0
p013t,p013,Tumor,Immune,FN1,228,42,2203,14769114.0
p013t,p013,Tumor,Immune,INHBA,5,3,2203,14769114.0
p013t,p013,Tumor,Immune,KRT19,367,190,2203,14769114.0
p013t,p013,Tumor,Immune,MMP2,31,24,2203,14769114.0
p013t,p013,Tumor,Immune,MMP9,1743,116,2203,14769114.0
p013t,p013,Tumor,Immune,PDPN,76,30,2203,14769114.0
p013t,p013,Tumor,Immune,PECAM1,615,377,2203,14769114.0
p013t,p013,Tumor,Immune,POSTN,0,0,2203,14769114.0
p013t,p013,Tumor,Immune,PTPRC,5220,1506,2203,14769114.0
p013t,p013,Tumor,Immune,TAGLN,86,74,2203,14769114.0
p013t,p013,Tumor,Immune,TGFB1,599,476,2203,14769114.0
p013t,p013,Tumor,Immune,THY1,5,4,2203,14769114.0
p013t,p013,Tumor,Immune,VWF,5,5,2203,14769114.0
p013t,p013,Tumor,Immune,WNT2,0,0,2203,14769114.0
p013t,p013,Tumor,Immune,WNT5A,100,67,2203,14769114.0
p013t,p013,Tumor,Other_stromal,ACTA2,2,1,10,37514.0
p013t,p013,Tumor,Other_stromal,CLDN1,0,0,10,37514.0
p013t,p013,Tumor,Other_stromal,CLDN2,0,0,10,37514.0
p013t,p013,Tumor,Other_stromal,CLDN4,1,1,10,37514.0
p013t,p013,Tumor,Other_stromal,CLDN7,0,0,10,37514.0
p013t,p013,Tumor,Other_stromal,COL1A1,49,8,10,37514.0
p013t,p013,Tumor,Other_stromal,COL1A2,61,7,10,37514.0
p013t,p013,Tumor,Other_stromal,COL3A1,22,3,10,37514.0
p013t,p013,Tumor,Other_stromal,CXCL12,1,1,10,37514.0
p013t,p013,Tumor,Other_stromal,EPCAM,1,1,10,37514.0
p013t,p013,Tumor,Other_stromal,FAP,1,1,10,37514.0
p013t,p013,Tumor,Other_stromal,FN1,69,8,10,37514.0
p013t,p013,Tumor,Other_stromal,INHBA,0,0,10,37514.0
p013t,p013,Tumor,Other_stromal,KRT19,1,1,10,37514.0
p013t,p013,Tumor,Other_stromal,MMP2,4,4,10,37514.0
p013t,p013,Tumor,Other_stromal,MMP9,0,0,10,37514.0
p013t,p013,Tumor,Other_stromal,PDPN,15,5,10,37514.0
p013t,p013,Tumor,Other_stromal,PECAM1,0,0,10,37514.0
p013t,p013,Tumor,Other_stromal,POSTN,0,0,10,37514.0
p013t,p013,Tumor,Other_stromal,PTPRC,3,1,10,37514.0
p013t,p013,Tumor,Other_stromal,TAGLN,0,0,10,37514.0
p013t,p013,Tumor,Other_stromal,TGFB1,1,1,10,37514.0
p013t,p013,Tumor,Other_stromal,THY1,0,0,10,37514.0
p013t,p013,Tumor,Other_stromal,VWF,0,0,10,37514.0
p013t,p013,Tumor,Other_stromal,WNT2,0,0,10,37514.0
p013t,p013,Tumor,Other_stromal,WNT5A,1,1,10,37514.0
p013t,p013,Tumor,Vascular,ACTA2,310,20,39,292528.0
p013t,p013,Tumor,Vascular,CLDN1,1,1,39,292528.0
p013t,p013,Tumor,Vascular,CLDN2,0,0,39,292528.0
p013t,p013,Tumor,Vascular,CLDN4,11,5,39,292528.0
p013t,p013,Tumor,Vascular,CLDN7,0,0,39,292528.0
p013t,p013,Tumor,Vascular,COL1A1,905,19,39,292528.0
p013t,p013,Tumor,Vascular,COL1A2,699,20,39,292528.0
p013t,p013,Tumor,Vascular,COL3A1,716,21,39,292528.0
p013t,p013,Tumor,Vascular,CXCL12,16,6,39,292528.0
p013t,p013,Tumor,Vascular,EPCAM,5,5,39,292528.0
p013t,p013,Tumor,Vascular,FAP,24,15,39,292528.0
p013t,p013,Tumor,Vascular,FN1,355,27,39,292528.0
p013t,p013,Tumor,Vascular,INHBA,0,0,39,292528.0
p013t,p013,Tumor,Vascular,KRT19,9,6,39,292528.0
p013t,p013,Tumor,Vascular,MMP2,28,10,39,292528.0
p013t,p013,Tumor,Vascular,MMP9,3,2,39,292528.0
p013t,p013,Tumor,Vascular,PDPN,0,0,39,292528.0
p013t,p013,Tumor,Vascular,PECAM1,359,23,39,292528.0
p013t,p013,Tumor,Vascular,POSTN,65,9,39,292528.0
p013t,p013,Tumor,Vascular,PTPRC,0,0,39,292528.0
p013t,p013,Tumor,Vascular,TAGLN,419,19,39,292528.0
p013t,p013,Tumor,Vascular,TGFB1,22,19,39,292528.0
p013t,p013,Tumor,Vascular,THY1,286,23,39,292528.0
p013t,p013,Tumor,Vascular,VWF,267,23,39,292528.0
p013t,p013,Tumor,Vascular,WNT2,0,0,39,292528.0
p013t,p013,Tumor,Vascular,WNT5A,1,1,39,292528.0
p014n,p014,Normal,CAF_like,ACTA2,554,19,35,170177.0
p014n,p014,Normal,CAF_like,CLDN1,1,1,35,170177.0
p014n,p014,Normal,CAF_like,CLDN2,0,0,35,170177.0
p014n,p014,Normal,CAF_like,CLDN4,28,4,35,170177.0
p014n,p014,Normal,CAF_like,CLDN7,0,0,35,170177.0
p014n,p014,Normal,CAF_like,COL1A1,220,27,35,170177.0
p014n,p014,Normal,CAF_like,COL1A2,426,25,35,170177.0
p014n,p014,Normal,CAF_like,COL3A1,536,22,35,170177.0
p014n,p014,Normal,CAF_like,CXCL12,7,5,35,170177.0
p014n,p014,Normal,CAF_like,EPCAM,11,2,35,170177.0
p014n,p014,Normal,CAF_like,FAP,0,0,35,170177.0
p014n,p014,Normal,CAF_like,FN1,91,17,35,170177.0
p014n,p014,Normal,CAF_like,INHBA,0,0,35,170177.0
p014n,p014,Normal,CAF_like,KRT19,3,2,35,170177.0
p014n,p014,Normal,CAF_like,MMP2,71,17,35,170177.0
p014n,p014,Normal,CAF_like,MMP9,0,0,35,170177.0
p014n,p014,Normal,CAF_like,PDPN,8,7,35,170177.0
p014n,p014,Normal,CAF_like,PECAM1,0,0,35,170177.0
p014n,p014,Normal,CAF_like,POSTN,212,13,35,170177.0
p014n,p014,Normal,CAF_like,PTPRC,2,2,35,170177.0
p014n,p014,Normal,CAF_like,TAGLN,800,17,35,170177.0
p014n,p014,Normal,CAF_like,TGFB1,6,5,35,170177.0
p014n,p014,Normal,CAF_like,THY1,47,12,35,170177.0
p014n,p014,Normal,CAF_like,VWF,0,0,35,170177.0
p014n,p014,Normal,CAF_like,WNT2,0,0,35,170177.0
p014n,p014,Normal,CAF_like,WNT5A,21,5,35,170177.0
p014n,p014,Normal,Epithelial,ACTA2,38,34,1961,8986938.0
p014n,p014,Normal,Epithelial,CLDN1,15,13,1961,8986938.0
p014n,p014,Normal,Epithelial,CLDN2,4,4,1961,8986938.0
p014n,p014,Normal,Epithelial,CLDN4,18222,1755,1961,8986938.0
p014n,p014,Normal,Epithelial,CLDN7,446,351,1961,8986938.0
p014n,p014,Normal,Epithelial,COL1A1,61,54,1961,8986938.0
p014n,p014,Normal,Epithelial,COL1A2,8,6,1961,8986938.0
p014n,p014,Normal,Epithelial,COL3A1,10,5,1961,8986938.0
p014n,p014,Normal,Epithelial,CXCL12,9,7,1961,8986938.0
p014n,p014,Normal,Epithelial,EPCAM,13185,1648,1961,8986938.0
p014n,p014,Normal,Epithelial,FAP,1,1,1961,8986938.0
p014n,p014,Normal,Epithelial,FN1,10,9,1961,8986938.0
p014n,p014,Normal,Epithelial,INHBA,1,1,1961,8986938.0
p014n,p014,Normal,Epithelial,KRT19,20336,1449,1961,8986938.0
p014n,p014,Normal,Epithelial,MMP2,0,0,1961,8986938.0
p014n,p014,Normal,Epithelial,MMP9,0,0,1961,8986938.0
p014n,p014,Normal,Epithelial,PDPN,0,0,1961,8986938.0
p014n,p014,Normal,Epithelial,PECAM1,7,7,1961,8986938.0
p014n,p014,Normal,Epithelial,POSTN,0,0,1961,8986938.0
p014n,p014,Normal,Epithelial,PTPRC,63,35,1961,8986938.0
p014n,p014,Normal,Epithelial,TAGLN,201,168,1961,8986938.0
p014n,p014,Normal,Epithelial,TGFB1,23,20,1961,8986938.0
p014n,p014,Normal,Epithelial,THY1,0,0,1961,8986938.0
p014n,p014,Normal,Epithelial,VWF,1,1,1961,8986938.0
p014n,p014,Normal,Epithelial,WNT2,0,0,1961,8986938.0
p014n,p014,Normal,Epithelial,WNT5A,38,33,1961,8986938.0
p014n,p014,Normal,Immune,ACTA2,29,27,943,9483044.0
p014n,p014,Normal,Immune,CLDN1,1,1,943,9483044.0
p014n,p014,Normal,Immune,CLDN2,0,0,943,9483044.0
p014n,p014,Normal,Immune,CLDN4,203,81,943,9483044.0
p014n,p014,Normal,Immune,CLDN7,6,6,943,9483044.0
p014n,p014,Normal,Immune,COL1A1,12,10,943,9483044.0
p014n,p014,Normal,Immune,COL1A2,7,7,943,9483044.0
p014n,p014,Normal,Immune,COL3A1,0,0,943,9483044.0
p014n,p014,Normal,Immune,CXCL12,1,1,943,9483044.0
p014n,p014,Normal,Immune,EPCAM,137,46,943,9483044.0
p014n,p014,Normal,Immune,FAP,0,0,943,9483044.0
p014n,p014,Normal,Immune,FN1,1,1,943,9483044.0
p014n,p014,Normal,Immune,INHBA,1,1,943,9483044.0
p014n,p014,Normal,Immune,KRT19,276,52,943,9483044.0
p014n,p014,Normal,Immune,MMP2,0,0,943,9483044.0
p014n,p014,Normal,Immune,MMP9,40,10,943,9483044.0
p014n,p014,Normal,Immune,PDPN,0,0,943,9483044.0
p014n,p014,Normal,Immune,PECAM1,166,131,943,9483044.0
p014n,p014,Normal,Immune,POSTN,0,0,943,9483044.0
p014n,p014,Normal,Immune,PTPRC,2698,609,943,9483044.0
p014n,p014,Normal,Immune,TAGLN,24,22,943,9483044.0
p014n,p014,Normal,Immune,TGFB1,433,300,943,9483044.0
p014n,p014,Normal,Immune,THY1,1,1,943,9483044.0
p014n,p014,Normal,Immune,VWF,0,0,943,9483044.0
p014n,p014,Normal,Immune,WNT2,0,0,943,9483044.0
p014n,p014,Normal,Immune,WNT5A,2,2,943,9483044.0
p014n,p014,Normal,Other_stromal,ACTA2,0,0,2,13771.0
p014n,p014,Normal,Other_stromal,CLDN1,0,0,2,13771.0
p014n,p014,Normal,Other_stromal,CLDN2,0,0,2,13771.0
p014n,p014,Normal,Other_stromal,CLDN4,0,0,2,13771.0
p014n,p014,Normal,Other_stromal,CLDN7,0,0,2,13771.0
p014n,p014,Normal,Other_stromal,COL1A1,21,2,2,13771.0
p014n,p014,Normal,Other_stromal,COL1A2,42,2,2,13771.0
p014n,p014,Normal,Other_stromal,COL3A1,15,2,2,13771.0
p014n,p014,Normal,Other_stromal,CXCL12,2,1,2,13771.0
p014n,p014,Normal,Other_stromal,EPCAM,0,0,2,13771.0
p014n,p014,Normal,Other_stromal,FAP,0,0,2,13771.0
p014n,p014,Normal,Other_stromal,FN1,4,2,2,13771.0
p014n,p014,Normal,Other_stromal,INHBA,0,0,2,13771.0
p014n,p014,Normal,Other_stromal,KRT19,0,0,2,13771.0
p014n,p014,Normal,Other_stromal,MMP2,1,1,2,13771.0
p014n,p014,Normal,Other_stromal,MMP9,0,0,2,13771.0
p014n,p014,Normal,Other_stromal,PDPN,1,1,2,13771.0
p014n,p014,Normal,Other_stromal,PECAM1,0,0,2,13771.0
p014n,p014,Normal,Other_stromal,POSTN,0,0,2,13771.0
p014n,p014,Normal,Other_stromal,PTPRC,0,0,2,13771.0
p014n,p014,Normal,Other_stromal,TAGLN,0,0,2,13771.0
p014n,p014,Normal,Other_stromal,TGFB1,0,0,2,13771.0
p014n,p014,Normal,Other_stromal,THY1,0,0,2,13771.0
p014n,p014,Normal,Other_stromal,VWF,0,0,2,13771.0
p014n,p014,Normal,Other_stromal,WNT2,0,0,2,13771.0
p014n,p014,Normal,Other_stromal,WNT5A,0,0,2,13771.0
p014n,p014,Normal,Vascular,ACTA2,7,3,15,75620.0
p014n,p014,Normal,Vascular,CLDN1,0,0,15,75620.0
p014n,p014,Normal,Vascular,CLDN2,0,0,15,75620.0
p014n,p014,Normal,Vascular,CLDN4,12,2,15,75620.0
p014n,p014,Normal,Vascular,CLDN7,1,1,15,75620.0
p014n,p014,Normal,Vascular,COL1A1,10,2,15,75620.0
p014n,p014,Normal,Vascular,COL1A2,18,3,15,75620.0
p014n,p014,Normal,Vascular,COL3A1,30,2,15,75620.0
p014n,p014,Normal,Vascular,CXCL12,32,7,15,75620.0
p014n,p014,Normal,Vascular,EPCAM,20,2,15,75620.0
p014n,p014,Normal,Vascular,FAP,1,1,15,75620.0
p014n,p014,Normal,Vascular,FN1,1,1,15,75620.0
p014n,p014,Normal,Vascular,INHBA,0,0,15,75620.0
p014n,p014,Normal,Vascular,KRT19,34,3,15,75620.0
p014n,p014,Normal,Vascular,MMP2,1,1,15,75620.0
p014n,p014,Normal,Vascular,MMP9,0,0,15,75620.0
p014n,p014,Normal,Vascular,PDPN,0,0,15,75620.0
p014n,p014,Normal,Vascular,PECAM1,109,12,15,75620.0
p014n,p014,Normal,Vascular,POSTN,3,1,15,75620.0
p014n,p014,Normal,Vascular,PTPRC,0,0,15,75620.0
p014n,p014,Normal,Vascular,TAGLN,1,1,15,75620.0
p014n,p014,Normal,Vascular,TGFB1,10,7,15,75620.0
p014n,p014,Normal,Vascular,THY1,6,2,15,75620.0
p014n,p014,Normal,Vascular,VWF,161,13,15,75620.0
p014n,p014,Normal,Vascular,WNT2,0,0,15,75620.0
p014n,p014,Normal,Vascular,WNT5A,0,0,15,75620.0
p014t,p014,Tumor,CAF_like,ACTA2,2157,88,123,794873.0
p014t,p014,Tumor,CAF_like,CLDN1,4,3,123,794873.0
p014t,p014,Tumor,CAF_like,CLDN2,2,1,123,794873.0
p014t,p014,Tumor,CAF_like,CLDN4,19,8,123,794873.0
p014t,p014,Tumor,CAF_like,CLDN7,1,1,123,794873.0
p014t,p014,Tumor,CAF_like,COL1A1,7316,108,123,794873.0
p014t,p014,Tumor,CAF_like,COL1A2,5157,109,123,794873.0
p014t,p014,Tumor,CAF_like,COL3A1,7318,109,123,794873.0
p014t,p014,Tumor,CAF_like,CXCL12,65,31,123,794873.0
p014t,p014,Tumor,CAF_like,EPCAM,2,1,123,794873.0
p014t,p014,Tumor,CAF_like,FAP,127,33,123,794873.0
p014t,p014,Tumor,CAF_like,FN1,1033,81,123,794873.0
p014t,p014,Tumor,CAF_like,INHBA,4,4,123,794873.0
p014t,p014,Tumor,CAF_like,KRT19,31,10,123,794873.0
p014t,p014,Tumor,CAF_like,MMP2,657,71,123,794873.0
p014t,p014,Tumor,CAF_like,MMP9,87,15,123,794873.0
p014t,p014,Tumor,CAF_like,PDPN,198,43,123,794873.0
p014t,p014,Tumor,CAF_like,PECAM1,16,5,123,794873.0
p014t,p014,Tumor,CAF_like,POSTN,1142,67,123,794873.0
p014t,p014,Tumor,CAF_like,PTPRC,26,8,123,794873.0
p014t,p014,Tumor,CAF_like,TAGLN,4884,99,123,794873.0
p014t,p014,Tumor,CAF_like,TGFB1,39,30,123,794873.0
p014t,p014,Tumor,CAF_like,THY1,341,45,123,794873.0
p014t,p014,Tumor,CAF_like,VWF,1,1,123,794873.0
p014t,p014,Tumor,CAF_like,WNT2,30,12,123,794873.0
p014t,p014,Tumor,CAF_like,WNT5A,198,41,123,794873.0
p014t,p014,Tumor,Epithelial,ACTA2,74,69,1277,7611148.0
p014t,p014,Tumor,Epithelial,CLDN1,233,156,1277,7611148.0
p014t,p014,Tumor,Epithelial,CLDN2,773,277,1277,7611148.0
p014t,p014,Tumor,Epithelial,CLDN4,7667,1062,1277,7611148.0
p014t,p014,Tumor,Epithelial,CLDN7,113,98,1277,7611148.0
p014t,p014,Tumor,Epithelial,COL1A1,146,135,1277,7611148.0
p014t,p014,Tumor,Epithelial,COL1A2,61,58,1277,7611148.0
p014t,p014,Tumor,Epithelial,COL3A1,68,64,1277,7611148.0
p014t,p014,Tumor,Epithelial,CXCL12,3,3,1277,7611148.0
p014t,p014,Tumor,Epithelial,EPCAM,7124,1017,1277,7611148.0
p014t,p014,Tumor,Epithelial,FAP,3,3,1277,7611148.0
p014t,p014,Tumor,Epithelial,FN1,83,51,1277,7611148.0
p014t,p014,Tumor,Epithelial,INHBA,0,0,1277,7611148.0
p014t,p014,Tumor,Epithelial,KRT19,13218,1015,1277,7611148.0
p014t,p014,Tumor,Epithelial,MMP2,7,7,1277,7611148.0
p014t,p014,Tumor,Epithelial,MMP9,12,12,1277,7611148.0
p014t,p014,Tumor,Epithelial,PDPN,3,3,1277,7611148.0
p014t,p014,Tumor,Epithelial,PECAM1,22,19,1277,7611148.0
p014t,p014,Tumor,Epithelial,POSTN,17,17,1277,7611148.0
p014t,p014,Tumor,Epithelial,PTPRC,156,77,1277,7611148.0
p014t,p014,Tumor,Epithelial,TAGLN,128,105,1277,7611148.0
p014t,p014,Tumor,Epithelial,TGFB1,64,57,1277,7611148.0
p014t,p014,Tumor,Epithelial,THY1,4,4,1277,7611148.0
p014t,p014,Tumor,Epithelial,VWF,12,12,1277,7611148.0
p014t,p014,Tumor,Epithelial,WNT2,1,1,1277,7611148.0
p014t,p014,Tumor,Epithelial,WNT5A,13,12,1277,7611148.0
p014t,p014,Tumor,Immune,ACTA2,61,59,1991,10352298.0
p014t,p014,Tumor,Immune,CLDN1,14,10,1991,10352298.0
p014t,p014,Tumor,Immune,CLDN2,18,11,1991,10352298.0
p014t,p014,Tumor,Immune,CLDN4,439,150,1991,10352298.0
p014t,p014,Tumor,Immune,CLDN7,4,4,1991,10352298.0
p014t,p014,Tumor,Immune,COL1A1,88,83,1991,10352298.0
p014t,p014,Tumor,Immune,COL1A2,65,55,1991,10352298.0
p014t,p014,Tumor,Immune,COL3A1,71,67,1991,10352298.0
p014t,p014,Tumor,Immune,CXCL12,12,10,1991,10352298.0
p014t,p014,Tumor,Immune,EPCAM,356,107,1991,10352298.0
p014t,p014,Tumor,Immune,FAP,1,1,1991,10352298.0
p014t,p014,Tumor,Immune,FN1,335,70,1991,10352298.0
p014t,p014,Tumor,Immune,INHBA,10,9,1991,10352298.0
p014t,p014,Tumor,Immune,KRT19,402,196,1991,10352298.0
p014t,p014,Tumor,Immune,MMP2,11,11,1991,10352298.0
p014t,p014,Tumor,Immune,MMP9,1312,88,1991,10352298.0
p014t,p014,Tumor,Immune,PDPN,44,21,1991,10352298.0
p014t,p014,Tumor,Immune,PECAM1,522,297,1991,10352298.0
p014t,p014,Tumor,Immune,POSTN,17,16,1991,10352298.0
p014t,p014,Tumor,Immune,PTPRC,6253,1567,1991,10352298.0
p014t,p014,Tumor,Immune,TAGLN,109,95,1991,10352298.0
p014t,p014,Tumor,Immune,TGFB1,713,520,1991,10352298.0
p014t,p014,Tumor,Immune,THY1,5,5,1991,10352298.0
p014t,p014,Tumor,Immune,VWF,16,15,1991,10352298.0
p014t,p014,Tumor,Immune,WNT2,1,1,1991,10352298.0
p014t,p014,Tumor,Immune,WNT5A,45,31,1991,10352298.0
p014t,p014,Tumor,Other_stromal,ACTA2,0,0,8,25603.0
p014t,p014,Tumor,Other_stromal,CLDN1,0,0,8,25603.0
p014t,p014,Tumor,Other_stromal,CLDN2,0,0,8,25603.0
p014t,p014,Tumor,Other_stromal,CLDN4,3,3,8,25603.0
p014t,p014,Tumor,Other_stromal,CLDN7,0,0,8,25603.0
p014t,p014,Tumor,Other_stromal,COL1A1,56,7,8,25603.0
p014t,p014,Tumor,Other_stromal,COL1A2,53,8,8,25603.0
p014t,p014,Tumor,Other_stromal,COL3A1,40,7,8,25603.0
p014t,p014,Tumor,Other_stromal,CXCL12,1,1,8,25603.0
p014t,p014,Tumor,Other_stromal,EPCAM,0,0,8,25603.0
p014t,p014,Tumor,Other_stromal,FAP,0,0,8,25603.0
p014t,p014,Tumor,Other_stromal,FN1,20,7,8,25603.0
p014t,p014,Tumor,Other_stromal,INHBA,0,0,8,25603.0
p014t,p014,Tumor,Other_stromal,KRT19,0,0,8,25603.0
p014t,p014,Tumor,Other_stromal,MMP2,1,1,8,25603.0
p014t,p014,Tumor,Other_stromal,MMP9,0,0,8,25603.0
p014t,p014,Tumor,Other_stromal,PDPN,1,1,8,25603.0
p014t,p014,Tumor,Other_stromal,PECAM1,0,0,8,25603.0
p014t,p014,Tumor,Other_stromal,POSTN,0,0,8,25603.0
p014t,p014,Tumor,Other_stromal,PTPRC,1,1,8,25603.0
p014t,p014,Tumor,Other_stromal,TAGLN,0,0,8,25603.0
p014t,p014,Tumor,Other_stromal,TGFB1,1,1,8,25603.0
p014t,p014,Tumor,Other_stromal,THY1,2,1,8,25603.0
p014t,p014,Tumor,Other_stromal,VWF,1,1,8,25603.0
p014t,p014,Tumor,Other_stromal,WNT2,0,0,8,25603.0
p014t,p014,Tumor,Other_stromal,WNT5A,0,0,8,25603.0
p014t,p014,Tumor,Vascular,ACTA2,825,35,102,821539.0
p014t,p014,Tumor,Vascular,CLDN1,1,1,102,821539.0
p014t,p014,Tumor,Vascular,CLDN2,0,0,102,821539.0
p014t,p014,Tumor,Vascular,CLDN4,3,3,102,821539.0
p014t,p014,Tumor,Vascular,CLDN7,0,0,102,821539.0
p014t,p014,Tumor,Vascular,COL1A1,2568,38,102,821539.0
p014t,p014,Tumor,Vascular,COL1A2,1737,42,102,821539.0
p014t,p014,Tumor,Vascular,COL3A1,2145,38,102,821539.0
p014t,p014,Tumor,Vascular,CXCL12,444,42,102,821539.0
p014t,p014,Tumor,Vascular,EPCAM,6,6,102,821539.0
p014t,p014,Tumor,Vascular,FAP,45,30,102,821539.0
p014t,p014,Tumor,Vascular,FN1,1884,64,102,821539.0
p014t,p014,Tumor,Vascular,INHBA,0,0,102,821539.0
p014t,p014,Tumor,Vascular,KRT19,16,16,102,821539.0
p014t,p014,Tumor,Vascular,MMP2,113,33,102,821539.0
p014t,p014,Tumor,Vascular,MMP9,37,9,102,821539.0
p014t,p014,Tumor,Vascular,PDPN,0,0,102,821539.0
p014t,p014,Tumor,Vascular,PECAM1,1183,71,102,821539.0
p014t,p014,Tumor,Vascular,POSTN,1226,38,102,821539.0
p014t,p014,Tumor,Vascular,PTPRC,17,10,102,821539.0
p014t,p014,Tumor,Vascular,TAGLN,1395,38,102,821539.0
p014t,p014,Tumor,Vascular,TGFB1,46,36,102,821539.0
p014t,p014,Tumor,Vascular,THY1,501,44,102,821539.0
p014t,p014,Tumor,Vascular,VWF,1232,67,102,821539.0
p014t,p014,Tumor,Vascular,WNT2,0,0,102,821539.0
p014t,p014,Tumor,Vascular,WNT5A,23,5,102,821539.0
p016n,p016,Normal,CAF_like,ACTA2,397,21,43,170632.0
p016n,p016,Normal,CAF_like,CLDN1,0,0,43,170632.0
p016n,p016,Normal,CAF_like,CLDN2,0,0,43,170632.0
p016n,p016,Normal,CAF_like,CLDN4,26,4,43,170632.0
p016n,p016,Normal,CAF_like,CLDN7,0,0,43,170632.0
p016n,p016,Normal,CAF_like,COL1A1,230,34,43,170632.0
p016n,p016,Normal,CAF_like,COL1A2,351,36,43,170632.0
p016n,p016,Normal,CAF_like,COL3A1,850,34,43,170632.0
p016n,p016,Normal,CAF_like,CXCL12,5,5,43,170632.0
p016n,p016,Normal,CAF_like,EPCAM,18,5,43,170632.0
p016n,p016,Normal,CAF_like,FAP,4,2,43,170632.0
p016n,p016,Normal,CAF_like,FN1,225,22,43,170632.0
p016n,p016,Normal,CAF_like,INHBA,0,0,43,170632.0
p016n,p016,Normal,CAF_like,KRT19,15,3,43,170632.0
p016n,p016,Normal,CAF_like,MMP2,101,29,43,170632.0
p016n,p016,Normal,CAF_like,MMP9,0,0,43,170632.0
p016n,p016,Normal,CAF_like,PDPN,9,6,43,170632.0
p016n,p016,Normal,CAF_like,PECAM1,0,0,43,170632.0
p016n,p016,Normal,CAF_like,POSTN,474,18,43,170632.0
p016n,p016,Normal,CAF_like,PTPRC,0,0,43,170632.0
p016n,p016,Normal,CAF_like,TAGLN,620,16,43,170632.0
p016n,p016,Normal,CAF_like,TGFB1,11,10,43,170632.0
p016n,p016,Normal,CAF_like,THY1,33,16,43,170632.0
p016n,p016,Normal,CAF_like,VWF,0,0,43,170632.0
p016n,p016,Normal,CAF_like,WNT2,0,0,43,170632.0
p016n,p016,Normal,CAF_like,WNT5A,15,10,43,170632.0
p016n,p016,Normal,Epithelial,ACTA2,48,44,2709,12332922.0
p016n,p016,Normal,Epithelial,CLDN1,17,16,2709,12332922.0
p016n,p016,Normal,Epithelial,CLDN2,3,3,2709,12332922.0
p016n,p016,Normal,Epithelial,CLDN4,15831,2397,2709,12332922.0
p016n,p016,Normal,Epithelial,CLDN7,293,255,2709,12332922.0
p016n,p016,Normal,Epithelial,COL1A1,40,40,2709,12332922.0
p016n,p016,Normal,Epithelial,COL1A2,12,9,2709,12332922.0
p016n,p016,Normal,Epithelial,COL3A1,12,12,2709,12332922.0
p016n,p016,Normal,Epithelial,CXCL12,7,6,2709,12332922.0
p016n,p016,Normal,Epithelial,EPCAM,17463,2273,2709,12332922.0
p016n,p016,Normal,Epithelial,FAP,3,3,2709,12332922.0
p016n,p016,Normal,Epithelial,FN1,74,54,2709,12332922.0
p016n,p016,Normal,Epithelial,INHBA,0,0,2709,12332922.0
p016n,p016,Normal,Epithelial,KRT19,34190,2227,2709,12332922.0
p016n,p016,Normal,Epithelial,MMP2,3,3,2709,12332922.0
p016n,p016,Normal,Epithelial,MMP9,3,3,2709,12332922.0
p016n,p016,Normal,Epithelial,PDPN,0,0,2709,12332922.0
p016n,p016,Normal,Epithelial,PECAM1,5,5,2709,12332922.0
p016n,p016,Normal,Epithelial,POSTN,3,3,2709,12332922.0
p016n,p016,Normal,Epithelial,PTPRC,37,25,2709,12332922.0
p016n,p016,Normal,Epithelial,TAGLN,163,152,2709,12332922.0
p016n,p016,Normal,Epithelial,TGFB1,18,18,2709,12332922.0
p016n,p016,Normal,Epithelial,THY1,0,0,2709,12332922.0
p016n,p016,Normal,Epithelial,VWF,2,2,2709,12332922.0
p016n,p016,Normal,Epithelial,WNT2,0,0,2709,12332922.0
p016n,p016,Normal,Epithelial,WNT5A,34,31,2709,12332922.0
p016n,p016,Normal,Immune,ACTA2,13,13,1114,8895359.0
p016n,p016,Normal,Immune,CLDN1,0,0,1114,8895359.0
p016n,p016,Normal,Immune,CLDN2,0,0,1114,8895359.0
p016n,p016,Normal,Immune,CLDN4,216,100,1114,8895359.0
p016n,p016,Normal,Immune,CLDN7,6,6,1114,8895359.0
p016n,p016,Normal,Immune,COL1A1,5,5,1114,8895359.0
p016n,p016,Normal,Immune,COL1A2,4,4,1114,8895359.0
p016n,p016,Normal,Immune,COL3A1,3,3,1114,8895359.0
p016n,p016,Normal,Immune,CXCL12,1,1,1114,8895359.0
p016n,p016,Normal,Immune,EPCAM,203,72,1114,8895359.0
p016n,p016,Normal,Immune,FAP,0,0,1114,8895359.0
p016n,p016,Normal,Immune,FN1,5,5,1114,8895359.0
p016n,p016,Normal,Immune,INHBA,0,0,1114,8895359.0
p016n,p016,Normal,Immune,KRT19,414,116,1114,8895359.0
p016n,p016,Normal,Immune,MMP2,1,1,1114,8895359.0
p016n,p016,Normal,Immune,MMP9,38,5,1114,8895359.0
p016n,p016,Normal,Immune,PDPN,1,1,1114,8895359.0
p016n,p016,Normal,Immune,PECAM1,132,102,1114,8895359.0
p016n,p016,Normal,Immune,POSTN,0,0,1114,8895359.0
p016n,p016,Normal,Immune,PTPRC,1664,637,1114,8895359.0
p016n,p016,Normal,Immune,TAGLN,12,12,1114,8895359.0
p016n,p016,Normal,Immune,TGFB1,462,342,1114,8895359.0
p016n,p016,Normal,Immune,THY1,0,0,1114,8895359.0
p016n,p016,Normal,Immune,VWF,0,0,1114,8895359.0
p016n,p016,Normal,Immune,WNT2,0,0,1114,8895359.0
p016n,p016,Normal,Immune,WNT5A,1,1,1114,8895359.0
p016n,p016,Normal,Other_stromal,ACTA2,1,1,7,12615.0
p016n,p016,Normal,Other_stromal,CLDN1,0,0,7,12615.0
p016n,p016,Normal,Other_stromal,CLDN2,0,0,7,12615.0
p016n,p016,Normal,Other_stromal,CLDN4,0,0,7,12615.0
p016n,p016,Normal,Other_stromal,CLDN7,0,0,7,12615.0
p016n,p016,Normal,Other_stromal,COL1A1,2,2,7,12615.0
p016n,p016,Normal,Other_stromal,COL1A2,13,6,7,12615.0
p016n,p016,Normal,Other_stromal,COL3A1,6,2,7,12615.0
p016n,p016,Normal,Other_stromal,CXCL12,0,0,7,12615.0
p016n,p016,Normal,Other_stromal,EPCAM,1,1,7,12615.0
p016n,p016,Normal,Other_stromal,FAP,0,0,7,12615.0
p016n,p016,Normal,Other_stromal,FN1,2,1,7,12615.0
p016n,p016,Normal,Other_stromal,INHBA,0,0,7,12615.0
p016n,p016,Normal,Other_stromal,KRT19,0,0,7,12615.0
p016n,p016,Normal,Other_stromal,MMP2,0,0,7,12615.0
p016n,p016,Normal,Other_stromal,MMP9,0,0,7,12615.0
p016n,p016,Normal,Other_stromal,PDPN,1,1,7,12615.0
p016n,p016,Normal,Other_stromal,PECAM1,0,0,7,12615.0
p016n,p016,Normal,Other_stromal,POSTN,0,0,7,12615.0
p016n,p016,Normal,Other_stromal,PTPRC,1,1,7,12615.0
p016n,p016,Normal,Other_stromal,TAGLN,0,0,7,12615.0
p016n,p016,Normal,Other_stromal,TGFB1,0,0,7,12615.0
p016n,p016,Normal,Other_stromal,THY1,1,1,7,12615.0
p016n,p016,Normal,Other_stromal,VWF,0,0,7,12615.0
p016n,p016,Normal,Other_stromal,WNT2,0,0,7,12615.0
p016n,p016,Normal,Other_stromal,WNT5A,0,0,7,12615.0
p016n,p016,Normal,Vascular,ACTA2,4,3,21,100914.0
p016n,p016,Normal,Vascular,CLDN1,0,0,21,100914.0
p016n,p016,Normal,Vascular,CLDN2,0,0,21,100914.0
p016n,p016,Normal,Vascular,CLDN4,4,2,21,100914.0
p016n,p016,Normal,Vascular,CLDN7,0,0,21,100914.0
p016n,p016,Normal,Vascular,COL1A1,20,6,21,100914.0
p016n,p016,Normal,Vascular,COL1A2,24,5,21,100914.0
p016n,p016,Normal,Vascular,COL3A1,47,7,21,100914.0
p016n,p016,Normal,Vascular,CXCL12,11,2,21,100914.0
p016n,p016,Normal,Vascular,EPCAM,0,0,21,100914.0
p016n,p016,Normal,Vascular,FAP,1,1,21,100914.0
p016n,p016,Normal,Vascular,FN1,22,8,21,100914.0
p016n,p016,Normal,Vascular,INHBA,0,0,21,100914.0
p016n,p016,Normal,Vascular,KRT19,7,2,21,100914.0
p016n,p016,Normal,Vascular,MMP2,5,2,21,100914.0
p016n,p016,Normal,Vascular,MMP9,0,0,21,100914.0
p016n,p016,Normal,Vascular,PDPN,0,0,21,100914.0
p016n,p016,Normal,Vascular,PECAM1,182,14,21,100914.0
p016n,p016,Normal,Vascular,POSTN,22,4,21,100914.0
p016n,p016,Normal,Vascular,PTPRC,0,0,21,100914.0
p016n,p016,Normal,Vascular,TAGLN,5,1,21,100914.0
p016n,p016,Normal,Vascular,TGFB1,8,5,21,100914.0
p016n,p016,Normal,Vascular,THY1,17,6,21,100914.0
p016n,p016,Normal,Vascular,VWF,162,14,21,100914.0
p016n,p016,Normal,Vascular,WNT2,0,0,21,100914.0
p016n,p016,Normal,Vascular,WNT5A,2,1,21,100914.0
p016t,p016,Tumor,CAF_like,ACTA2,3227,170,261,2917314.0
p016t,p016,Tumor,CAF_like,CLDN1,2,2,261,2917314.0
p016t,p016,Tumor,CAF_like,CLDN2,1,1,261,2917314.0
p016t,p016,Tumor,CAF_like,CLDN4,69,24,261,2917314.0
p016t,p016,Tumor,CAF_like,CLDN7,0,0,261,2917314.0
p016t,p016,Tumor,CAF_like,COL1A1,64775,257,261,2917314.0
p016t,p016,Tumor,CAF_like,COL1A2,56690,259,261,2917314.0
p016t,p016,Tumor,CAF_like,COL3A1,51576,261,261,2917314.0
p016t,p016,Tumor,CAF_like,CXCL12,111,60,261,2917314.0
p016t,p016,Tumor,CAF_like,EPCAM,31,16,261,2917314.0
p016t,p016,Tumor,CAF_like,FAP,594,186,261,2917314.0
p016t,p016,Tumor,CAF_like,FN1,3927,216,261,2917314.0
p016t,p016,Tumor,CAF_like,INHBA,55,46,261,2917314.0
p016t,p016,Tumor,CAF_like,KRT19,62,41,261,2917314.0
p016t,p016,Tumor,CAF_like,MMP2,4217,253,261,2917314.0
p016t,p016,Tumor,CAF_like,MMP9,2,1,261,2917314.0
p016t,p016,Tumor,CAF_like,PDPN,1226,227,261,2917314.0
p016t,p016,Tumor,CAF_like,PECAM1,2,2,261,2917314.0
p016t,p016,Tumor,CAF_like,POSTN,5850,179,261,2917314.0
p016t,p016,Tumor,CAF_like,PTPRC,15,7,261,2917314.0
p016t,p016,Tumor,CAF_like,TAGLN,6106,209,261,2917314.0
p016t,p016,Tumor,CAF_like,TGFB1,190,119,261,2917314.0
p016t,p016,Tumor,CAF_like,THY1,4871,243,261,2917314.0
p016t,p016,Tumor,CAF_like,VWF,4,4,261,2917314.0
p016t,p016,Tumor,CAF_like,WNT2,316,93,261,2917314.0
p016t,p016,Tumor,CAF_like,WNT5A,575,168,261,2917314.0
p016t,p016,Tumor,Epithelial,ACTA2,49,47,967,8613057.0
p016t,p016,Tumor,Epithelial,CLDN1,337,185,967,8613057.0
p016t,p016,Tumor,Epithelial,CLDN2,270,82,967,8613057.0
p016t,p016,Tumor,Epithelial,CLDN4,8705,885,967,8613057.0
p016t,p016,Tumor,Epithelial,CLDN7,179,146,967,8613057.0
p016t,p016,Tumor,Epithelial,COL1A1,207,178,967,8613057.0
p016t,p016,Tumor,Epithelial,COL1A2,102,92,967,8613057.0
p016t,p016,Tumor,Epithelial,COL3A1,117,108,967,8613057.0
p016t,p016,Tumor,Epithelial,CXCL12,25,12,967,8613057.0
p016t,p016,Tumor,Epithelial,EPCAM,13042,866,967,8613057.0
p016t,p016,Tumor,Epithelial,FAP,3,3,967,8613057.0
p016t,p016,Tumor,Epithelial,FN1,405,93,967,8613057.0
p016t,p016,Tumor,Epithelial,INHBA,2,2,967,8613057.0
p016t,p016,Tumor,Epithelial,KRT19,24786,886,967,8613057.0
p016t,p016,Tumor,Epithelial,MMP2,22,22,967,8613057.0
p016t,p016,Tumor,Epithelial,MMP9,3,3,967,8613057.0
p016t,p016,Tumor,Epithelial,PDPN,2,2,967,8613057.0
p016t,p016,Tumor,Epithelial,PECAM1,10,10,967,8613057.0
p016t,p016,Tumor,Epithelial,POSTN,9,9,967,8613057.0
p016t,p016,Tumor,Epithelial,PTPRC,148,56,967,8613057.0
p016t,p016,Tumor,Epithelial,TAGLN,65,54,967,8613057.0
p016t,p016,Tumor,Epithelial,TGFB1,31,29,967,8613057.0
p016t,p016,Tumor,Epithelial,THY1,15,14,967,8613057.0
p016t,p016,Tumor,Epithelial,VWF,10,9,967,8613057.0
p016t,p016,Tumor,Epithelial,WNT2,0,0,967,8613057.0
p016t,p016,Tumor,Epithelial,WNT5A,3,3,967,8613057.0
p016t,p016,Tumor,Immune,ACTA2,104,98,1576,7675636.0
p016t,p016,Tumor,Immune,CLDN1,35,15,1576,7675636.0
p016t,p016,Tumor,Immune,CLDN2,5,5,1576,7675636.0
p016t,p016,Tumor,Immune,CLDN4,145,86,1576,7675636.0
p016t,p016,Tumor,Immune,CLDN7,3,3,1576,7675636.0
p016t,p016,Tumor,Immune,COL1A1,281,115,1576,7675636.0
p016t,p016,Tumor,Immune,COL1A2,205,94,1576,7675636.0
p016t,p016,Tumor,Immune,COL3A1,184,80,1576,7675636.0
p016t,p016,Tumor,Immune,CXCL12,18,14,1576,7675636.0
p016t,p016,Tumor,Immune,EPCAM,187,92,1576,7675636.0
p016t,p016,Tumor,Immune,FAP,5,2,1576,7675636.0
p016t,p016,Tumor,Immune,FN1,519,32,1576,7675636.0
p016t,p016,Tumor,Immune,INHBA,6,5,1576,7675636.0
p016t,p016,Tumor,Immune,KRT19,310,155,1576,7675636.0
p016t,p016,Tumor,Immune,MMP2,59,42,1576,7675636.0
p016t,p016,Tumor,Immune,MMP9,223,44,1576,7675636.0
p016t,p016,Tumor,Immune,PDPN,30,17,1576,7675636.0
p016t,p016,Tumor,Immune,PECAM1,368,200,1576,7675636.0
p016t,p016,Tumor,Immune,POSTN,26,11,1576,7675636.0
p016t,p016,Tumor,Immune,PTPRC,6465,1392,1576,7675636.0
p016t,p016,Tumor,Immune,TAGLN,72,53,1576,7675636.0
p016t,p016,Tumor,Immune,TGFB1,501,389,1576,7675636.0
p016t,p016,Tumor,Immune,THY1,34,16,1576,7675636.0
p016t,p016,Tumor,Immune,VWF,19,18,1576,7675636.0
p016t,p016,Tumor,Immune,WNT2,2,2,1576,7675636.0
p016t,p016,Tumor,Immune,WNT5A,19,15,1576,7675636.0
p016t,p016,Tumor,Vascular,ACTA2,2763,68,115,1037002.0
p016t,p016,Tumor,Vascular,CLDN1,2,2,115,1037002.0
p016t,p016,Tumor,Vascular,CLDN2,0,0,115,1037002.0
p016t,p016,Tumor,Vascular,CLDN4,27,11,115,1037002.0
p016t,p016,Tumor,Vascular,CLDN7,0,0,115,1037002.0
p016t,p016,Tumor,Vascular,COL1A1,3087,78,115,1037002.0
p016t,p016,Tumor,Vascular,COL1A2,3431,82,115,1037002.0
p016t,p016,Tumor,Vascular,COL3A1,3584,78,115,1037002.0
p016t,p016,Tumor,Vascular,CXCL12,350,21,115,1037002.0
p016t,p016,Tumor,Vascular,EPCAM,14,3,115,1037002.0
p016t,p016,Tumor,Vascular,FAP,30,21,115,1037002.0
p016t,p016,Tumor,Vascular,FN1,1297,105,115,1037002.0
p016t,p016,Tumor,Vascular,INHBA,1,1,115,1037002.0
p016t,p016,Tumor,Vascular,KRT19,26,18,115,1037002.0
p016t,p016,Tumor,Vascular,MMP2,109,43,115,1037002.0
p016t,p016,Tumor,Vascular,MMP9,120,5,115,1037002.0
p016t,p016,Tumor,Vascular,PDPN,42,1,115,1037002.0
p016t,p016,Tumor,Vascular,PECAM1,1074,41,115,1037002.0
p016t,p016,Tumor,Vascular,POSTN,531,52,115,1037002.0
p016t,p016,Tumor,Vascular,PTPRC,19,7,115,1037002.0
p016t,p016,Tumor,Vascular,TAGLN,1567,73,115,1037002.0
p016t,p016,Tumor,Vascular,TGFB1,77,47,115,1037002.0
p016t,p016,Tumor,Vascular,THY1,1124,83,115,1037002.0
p016t,p016,Tumor,Vascular,VWF,1349,41,115,1037002.0
p016t,p016,Tumor,Vascular,WNT2,0,0,115,1037002.0
p016t,p016,Tumor,Vascular,WNT5A,19,11,115,1037002.0
p017n,p017,Normal,CAF_like,ACTA2,104,22,77,285668.0
p017n,p017,Normal,CAF_like,CLDN1,0,0,77,285668.0
p017n,p017,Normal,CAF_like,CLDN2,0,0,77,285668.0
p017n,p017,Normal,CAF_like,CLDN4,15,4,77,285668.0
p017n,p017,Normal,CAF_like,CLDN7,1,1,77,285668.0
p017n,p017,Normal,CAF_like,COL1A1,451,67,77,285668.0
p017n,p017,Normal,CAF_like,COL1A2,866,69,77,285668.0
p017n,p017,Normal,CAF_like,COL3A1,764,67,77,285668.0
p017n,p017,Normal,CAF_like,CXCL12,25,17,77,285668.0
p017n,p017,Normal,CAF_like,EPCAM,7,3,77,285668.0
p017n,p017,Normal,CAF_like,FAP,16,12,77,285668.0
p017n,p017,Normal,CAF_like,FN1,245,46,77,285668.0
p017n,p017,Normal,CAF_like,INHBA,0,0,77,285668.0
p017n,p017,Normal,CAF_like,KRT19,17,6,77,285668.0
p017n,p017,Normal,CAF_like,MMP2,195,57,77,285668.0
p017n,p017,Normal,CAF_like,MMP9,0,0,77,285668.0
p017n,p017,Normal,CAF_like,PDPN,10,9,77,285668.0
p017n,p017,Normal,CAF_like,PECAM1,0,0,77,285668.0
p017n,p017,Normal,CAF_like,POSTN,250,20,77,285668.0
p017n,p017,Normal,CAF_like,PTPRC,9,5,77,285668.0
p017n,p017,Normal,CAF_like,TAGLN,149,21,77,285668.0
p017n,p017,Normal,CAF_like,TGFB1,8,8,77,285668.0
p017n,p017,Normal,CAF_like,THY1,171,43,77,285668.0
p017n,p017,Normal,CAF_like,VWF,0,0,77,285668.0
p017n,p017,Normal,CAF_like,WNT2,3,3,77,285668.0
p017n,p017,Normal,CAF_like,WNT5A,27,12,77,285668.0
p017n,p017,Normal,Epithelial,ACTA2,16,14,1475,5352379.0
p017n,p017,Normal,Epithelial,CLDN1,16,15,1475,5352379.0
p017n,p017,Normal,Epithelial,CLDN2,0,0,1475,5352379.0
p017n,p017,Normal,Epithelial,CLDN4,8590,1263,1475,5352379.0
p017n,p017,Normal,Epithelial,CLDN7,348,288,1475,5352379.0
p017n,p017,Normal,Epithelial,COL1A1,11,11,1475,5352379.0
p017n,p017,Normal,Epithelial,COL1A2,7,6,1475,5352379.0
p017n,p017,Normal,Epithelial,COL3A1,8,7,1475,5352379.0
p017n,p017,Normal,Epithelial,CXCL12,8,8,1475,5352379.0
p017n,p017,Normal,Epithelial,EPCAM,5223,1162,1475,5352379.0
p017n,p017,Normal,Epithelial,FAP,1,1,1475,5352379.0
p017n,p017,Normal,Epithelial,FN1,21,16,1475,5352379.0
p017n,p017,Normal,Epithelial,INHBA,0,0,1475,5352379.0
p017n,p017,Normal,Epithelial,KRT19,14108,1133,1475,5352379.0
p017n,p017,Normal,Epithelial,MMP2,3,2,1475,5352379.0
p017n,p017,Normal,Epithelial,MMP9,4,2,1475,5352379.0
p017n,p017,Normal,Epithelial,PDPN,0,0,1475,5352379.0
p017n,p017,Normal,Epithelial,PECAM1,13,7,1475,5352379.0
p017n,p017,Normal,Epithelial,POSTN,0,0,1475,5352379.0
p017n,p017,Normal,Epithelial,PTPRC,82,53,1475,5352379.0
p017n,p017,Normal,Epithelial,TAGLN,84,72,1475,5352379.0
p017n,p017,Normal,Epithelial,TGFB1,25,22,1475,5352379.0
p017n,p017,Normal,Epithelial,THY1,2,2,1475,5352379.0
p017n,p017,Normal,Epithelial,VWF,6,1,1475,5352379.0
p017n,p017,Normal,Epithelial,WNT2,0,0,1475,5352379.0
p017n,p017,Normal,Epithelial,WNT5A,10,7,1475,5352379.0
p017n,p017,Normal,Immune,ACTA2,26,25,1464,4869438.0
p017n,p017,Normal,Immune,CLDN1,1,1,1464,4869438.0
p017n,p017,Normal,Immune,CLDN2,0,0,1464,4869438.0
p017n,p017,Normal,Immune,CLDN4,85,46,1464,4869438.0
p017n,p017,Normal,Immune,CLDN7,5,4,1464,4869438.0
p017n,p017,Normal,Immune,COL1A1,7,7,1464,4869438.0
p017n,p017,Normal,Immune,COL1A2,6,6,1464,4869438.0
p017n,p017,Normal,Immune,COL3A1,5,5,1464,4869438.0
p017n,p017,Normal,Immune,CXCL12,3,2,1464,4869438.0
p017n,p017,Normal,Immune,EPCAM,38,23,1464,4869438.0
p017n,p017,Normal,Immune,FAP,0,0,1464,4869438.0
p017n,p017,Normal,Immune,FN1,1,1,1464,4869438.0
p017n,p017,Normal,Immune,INHBA,0,0,1464,4869438.0
p017n,p017,Normal,Immune,KRT19,130,54,1464,4869438.0
p017n,p017,Normal,Immune,MMP2,3,3,1464,4869438.0
p017n,p017,Normal,Immune,MMP9,62,14,1464,4869438.0
p017n,p017,Normal,Immune,PDPN,0,0,1464,4869438.0
p017n,p017,Normal,Immune,PECAM1,131,110,1464,4869438.0
p017n,p017,Normal,Immune,POSTN,1,1,1464,4869438.0
p017n,p017,Normal,Immune,PTPRC,2977,1092,1464,4869438.0
p017n,p017,Normal,Immune,TAGLN,8,8,1464,4869438.0
p017n,p017,Normal,Immune,TGFB1,262,228,1464,4869438.0
p017n,p017,Normal,Immune,THY1,1,1,1464,4869438.0
p017n,p017,Normal,Immune,VWF,1,1,1464,4869438.0
p017n,p017,Normal,Immune,WNT2,0,0,1464,4869438.0
p017n,p017,Normal,Immune,WNT5A,1,1,1464,4869438.0
p017n,p017,Normal,Other_stromal,ACTA2,0,0,7,10704.0
p017n,p017,Normal,Other_stromal,CLDN1,0,0,7,10704.0
p017n,p017,Normal,Other_stromal,CLDN2,0,0,7,10704.0
p017n,p017,Normal,Other_stromal,CLDN4,0,0,7,10704.0
p017n,p017,Normal,Other_stromal,CLDN7,0,0,7,10704.0
p017n,p017,Normal,Other_stromal,COL1A1,10,3,7,10704.0
p017n,p017,Normal,Other_stromal,COL1A2,8,3,7,10704.0
p017n,p017,Normal,Other_stromal,COL3A1,4,2,7,10704.0
p017n,p017,Normal,Other_stromal,CXCL12,0,0,7,10704.0
p017n,p017,Normal,Other_stromal,EPCAM,0,0,7,10704.0
p017n,p017,Normal,Other_stromal,FAP,0,0,7,10704.0
p017n,p017,Normal,Other_stromal,FN1,1,1,7,10704.0
p017n,p017,Normal,Other_stromal,INHBA,0,0,7,10704.0
p017n,p017,Normal,Other_stromal,KRT19,1,1,7,10704.0
p017n,p017,Normal,Other_stromal,MMP2,1,1,7,10704.0
p017n,p017,Normal,Other_stromal,MMP9,0,0,7,10704.0
p017n,p017,Normal,Other_stromal,PDPN,1,1,7,10704.0
p017n,p017,Normal,Other_stromal,PECAM1,0,0,7,10704.0
p017n,p017,Normal,Other_stromal,POSTN,0,0,7,10704.0
p017n,p017,Normal,Other_stromal,PTPRC,0,0,7,10704.0
p017n,p017,Normal,Other_stromal,TAGLN,0,0,7,10704.0
p017n,p017,Normal,Other_stromal,TGFB1,0,0,7,10704.0
p017n,p017,Normal,Other_stromal,THY1,0,0,7,10704.0
p017n,p017,Normal,Other_stromal,VWF,0,0,7,10704.0
p017n,p017,Normal,Other_stromal,WNT2,0,0,7,10704.0
p017n,p017,Normal,Other_stromal,WNT5A,0,0,7,10704.0
p017n,p017,Normal,Vascular,ACTA2,9,3,7,34786.0
p017n,p017,Normal,Vascular,CLDN1,0,0,7,34786.0
p017n,p017,Normal,Vascular,CLDN2,0,0,7,34786.0
p017n,p017,Normal,Vascular,CLDN4,0,0,7,34786.0
p017n,p017,Normal,Vascular,CLDN7,0,0,7,34786.0
p017n,p017,Normal,Vascular,COL1A1,13,2,7,34786.0
p017n,p017,Normal,Vascular,COL1A2,14,2,7,34786.0
p017n,p017,Normal,Vascular,COL3A1,19,2,7,34786.0
p017n,p017,Normal,Vascular,CXCL12,34,6,7,34786.0
p017n,p017,Normal,Vascular,EPCAM,0,0,7,34786.0
p017n,p017,Normal,Vascular,FAP,1,1,7,34786.0
p017n,p017,Normal,Vascular,FN1,15,3,7,34786.0
p017n,p017,Normal,Vascular,INHBA,0,0,7,34786.0
p017n,p017,Normal,Vascular,KRT19,0,0,7,34786.0
p017n,p017,Normal,Vascular,MMP2,0,0,7,34786.0
p017n,p017,Normal,Vascular,MMP9,0,0,7,34786.0
p017n,p017,Normal,Vascular,PDPN,0,0,7,34786.0
p017n,p017,Normal,Vascular,PECAM1,74,7,7,34786.0
p017n,p017,Normal,Vascular,POSTN,2,1,7,34786.0
p017n,p017,Normal,Vascular,PTPRC,0,0,7,34786.0
p017n,p017,Normal,Vascular,TAGLN,3,1,7,34786.0
p017n,p017,Normal,Vascular,TGFB1,5,4,7,34786.0
p017n,p017,Normal,Vascular,THY1,5,1,7,34786.0
p017n,p017,Normal,Vascular,VWF,45,6,7,34786.0
p017n,p017,Normal,Vascular,WNT2,0,0,7,34786.0
p017n,p017,Normal,Vascular,WNT5A,0,0,7,34786.0
p017t,p017,Tumor,CAF_like,ACTA2,2175,201,402,1562672.0
p017t,p017,Tumor,CAF_like,CLDN1,68,27,402,1562672.0
p017t,p017,Tumor,CAF_like,CLDN2,2,1,402,1562672.0
p017t,p017,Tumor,CAF_like,CLDN4,74,23,402,1562672.0
p017t,p017,Tumor,CAF_like,CLDN7,5,3,402,1562672.0
p017t,p017,Tumor,CAF_like,COL1A1,4541,333,402,1562672.0
p017t,p017,Tumor,CAF_like,COL1A2,5606,339,402,1562672.0
p017t,p017,Tumor,CAF_like,COL3A1,5904,336,402,1562672.0
p017t,p017,Tumor,CAF_like,CXCL12,106,78,402,1562672.0
p017t,p017,Tumor,CAF_like,EPCAM,34,9,402,1562672.0
p017t,p017,Tumor,CAF_like,FAP,152,94,402,1562672.0
p017t,p017,Tumor,CAF_like,FN1,988,247,402,1562672.0
p017t,p017,Tumor,CAF_like,INHBA,5,5,402,1562672.0
p017t,p017,Tumor,CAF_like,KRT19,168,25,402,1562672.0
p017t,p017,Tumor,CAF_like,MMP2,887,257,402,1562672.0
p017t,p017,Tumor,CAF_like,MMP9,4,2,402,1562672.0
p017t,p017,Tumor,CAF_like,PDPN,138,92,402,1562672.0
p017t,p017,Tumor,CAF_like,PECAM1,17,9,402,1562672.0
p017t,p017,Tumor,CAF_like,POSTN,1014,112,402,1562672.0
p017t,p017,Tumor,CAF_like,PTPRC,57,28,402,1562672.0
p017t,p017,Tumor,CAF_like,TAGLN,3377,265,402,1562672.0
p017t,p017,Tumor,CAF_like,TGFB1,39,35,402,1562672.0
p017t,p017,Tumor,CAF_like,THY1,1149,232,402,1562672.0
p017t,p017,Tumor,CAF_like,VWF,11,2,402,1562672.0
p017t,p017,Tumor,CAF_like,WNT2,10,6,402,1562672.0
p017t,p017,Tumor,CAF_like,WNT5A,122,69,402,1562672.0
p017t,p017,Tumor,Epithelial,ACTA2,50,43,1775,7940696.0
p017t,p017,Tumor,Epithelial,CLDN1,181,120,1775,7940696.0
p017t,p017,Tumor,Epithelial,CLDN2,131,69,1775,7940696.0
p017t,p017,Tumor,Epithelial,CLDN4,8259,1525,1775,7940696.0
p017t,p017,Tumor,Epithelial,CLDN7,332,281,1775,7940696.0
p017t,p017,Tumor,Epithelial,COL1A1,49,35,1775,7940696.0
p017t,p017,Tumor,Epithelial,COL1A2,20,14,1775,7940696.0
p017t,p017,Tumor,Epithelial,COL3A1,19,9,1775,7940696.0
p017t,p017,Tumor,Epithelial,CXCL12,9,7,1775,7940696.0
p017t,p017,Tumor,Epithelial,EPCAM,6409,1398,1775,7940696.0
p017t,p017,Tumor,Epithelial,FAP,4,4,1775,7940696.0
p017t,p017,Tumor,Epithelial,FN1,12,8,1775,7940696.0
p017t,p017,Tumor,Epithelial,INHBA,0,0,1775,7940696.0
p017t,p017,Tumor,Epithelial,KRT19,20423,1522,1775,7940696.0
p017t,p017,Tumor,Epithelial,MMP2,5,5,1775,7940696.0
p017t,p017,Tumor,Epithelial,MMP9,4,4,1775,7940696.0
p017t,p017,Tumor,Epithelial,PDPN,0,0,1775,7940696.0
p017t,p017,Tumor,Epithelial,PECAM1,11,10,1775,7940696.0
p017t,p017,Tumor,Epithelial,POSTN,2,2,1775,7940696.0
p017t,p017,Tumor,Epithelial,PTPRC,124,73,1775,7940696.0
p017t,p017,Tumor,Epithelial,TAGLN,117,97,1775,7940696.0
p017t,p017,Tumor,Epithelial,TGFB1,34,30,1775,7940696.0
p017t,p017,Tumor,Epithelial,THY1,5,4,1775,7940696.0
p017t,p017,Tumor,Epithelial,VWF,5,5,1775,7940696.0
p017t,p017,Tumor,Epithelial,WNT2,0,0,1775,7940696.0
p017t,p017,Tumor,Epithelial,WNT5A,15,15,1775,7940696.0
p017t,p017,Tumor,Immune,ACTA2,31,29,3192,13161205.0
p017t,p017,Tumor,Immune,CLDN1,8,8,3192,13161205.0
p017t,p017,Tumor,Immune,CLDN2,3,2,3192,13161205.0
p017t,p017,Tumor,Immune,CLDN4,178,105,3192,13161205.0
p017t,p017,Tumor,Immune,CLDN7,4,4,3192,13161205.0
p017t,p017,Tumor,Immune,COL1A1,25,19,3192,13161205.0
p017t,p017,Tumor,Immune,COL1A2,30,29,3192,13161205.0
p017t,p017,Tumor,Immune,COL3A1,17,12,3192,13161205.0
p017t,p017,Tumor,Immune,CXCL12,9,7,3192,13161205.0
p017t,p017,Tumor,Immune,EPCAM,71,48,3192,13161205.0
p017t,p017,Tumor,Immune,FAP,2,2,3192,13161205.0
p017t,p017,Tumor,Immune,FN1,135,23,3192,13161205.0
p017t,p017,Tumor,Immune,INHBA,0,0,3192,13161205.0
p017t,p017,Tumor,Immune,KRT19,344,174,3192,13161205.0
p017t,p017,Tumor,Immune,MMP2,6,6,3192,13161205.0
p017t,p017,Tumor,Immune,MMP9,288,62,3192,13161205.0
p017t,p017,Tumor,Immune,PDPN,5,4,3192,13161205.0
p017t,p017,Tumor,Immune,PECAM1,376,291,3192,13161205.0
p017t,p017,Tumor,Immune,POSTN,8,3,3192,13161205.0
p017t,p017,Tumor,Immune,PTPRC,4667,1922,3192,13161205.0
p017t,p017,Tumor,Immune,TAGLN,53,50,3192,13161205.0
p017t,p017,Tumor,Immune,TGFB1,627,540,3192,13161205.0
p017t,p017,Tumor,Immune,THY1,7,7,3192,13161205.0
p017t,p017,Tumor,Immune,VWF,5,4,3192,13161205.0
p017t,p017,Tumor,Immune,WNT2,0,0,3192,13161205.0
p017t,p017,Tumor,Immune,WNT5A,21,14,3192,13161205.0
p017t,p017,Tumor,Other_stromal,ACTA2,3,2,33,61246.0
p017t,p017,Tumor,Other_stromal,CLDN1,0,0,33,61246.0
p017t,p017,Tumor,Other_stromal,CLDN2,0,0,33,61246.0
p017t,p017,Tumor,Other_stromal,CLDN4,3,2,33,61246.0
p017t,p017,Tumor,Other_stromal,CLDN7,0,0,33,61246.0
p017t,p017,Tumor,Other_stromal,COL1A1,65,26,33,61246.0
p017t,p017,Tumor,Other_stromal,COL1A2,71,22,33,61246.0
p017t,p017,Tumor,Other_stromal,COL3A1,30,13,33,61246.0
p017t,p017,Tumor,Other_stromal,CXCL12,2,1,33,61246.0
p017t,p017,Tumor,Other_stromal,EPCAM,1,1,33,61246.0
p017t,p017,Tumor,Other_stromal,FAP,1,1,33,61246.0
p017t,p017,Tumor,Other_stromal,FN1,24,13,33,61246.0
p017t,p017,Tumor,Other_stromal,INHBA,1,1,33,61246.0
p017t,p017,Tumor,Other_stromal,KRT19,0,0,33,61246.0
p017t,p017,Tumor,Other_stromal,MMP2,0,0,33,61246.0
p017t,p017,Tumor,Other_stromal,MMP9,0,0,33,61246.0
p017t,p017,Tumor,Other_stromal,PDPN,8,5,33,61246.0
p017t,p017,Tumor,Other_stromal,PECAM1,0,0,33,61246.0
p017t,p017,Tumor,Other_stromal,POSTN,0,0,33,61246.0
p017t,p017,Tumor,Other_stromal,PTPRC,3,2,33,61246.0
p017t,p017,Tumor,Other_stromal,TAGLN,0,0,33,61246.0
p017t,p017,Tumor,Other_stromal,TGFB1,0,0,33,61246.0
p017t,p017,Tumor,Other_stromal,THY1,0,0,33,61246.0
p017t,p017,Tumor,Other_stromal,VWF,0,0,33,61246.0
p017t,p017,Tumor,Other_stromal,WNT2,0,0,33,61246.0
p017t,p017,Tumor,Other_stromal,WNT5A,1,1,33,61246.0
p017t,p017,Tumor,Vascular,ACTA2,395,48,130,671663.0
p017t,p017,Tumor,Vascular,CLDN1,4,2,130,671663.0
p017t,p017,Tumor,Vascular,CLDN2,0,0,130,671663.0
p017t,p017,Tumor,Vascular,CLDN4,4,4,130,671663.0
p017t,p017,Tumor,Vascular,CLDN7,0,0,130,671663.0
p017t,p017,Tumor,Vascular,COL1A1,522,45,130,671663.0
p017t,p017,Tumor,Vascular,COL1A2,626,50,130,671663.0
p017t,p017,Tumor,Vascular,COL3A1,766,50,130,671663.0
p017t,p017,Tumor,Vascular,CXCL12,208,47,130,671663.0
p017t,p017,Tumor,Vascular,EPCAM,12,6,130,671663.0
p017t,p017,Tumor,Vascular,FAP,16,12,130,671663.0
p017t,p017,Tumor,Vascular,FN1,306,61,130,671663.0
p017t,p017,Tumor,Vascular,INHBA,0,0,130,671663.0
p017t,p017,Tumor,Vascular,KRT19,8,7,130,671663.0
p017t,p017,Tumor,Vascular,MMP2,45,24,130,671663.0
p017t,p017,Tumor,Vascular,MMP9,5,2,130,671663.0
p017t,p017,Tumor,Vascular,PDPN,3,3,130,671663.0
p017t,p017,Tumor,Vascular,PECAM1,1023,106,130,671663.0
p017t,p017,Tumor,Vascular,POSTN,156,29,130,671663.0
p017t,p017,Tumor,Vascular,PTPRC,10,3,130,671663.0
p017t,p017,Tumor,Vascular,TAGLN,332,52,130,671663.0
p017t,p017,Tumor,Vascular,TGFB1,20,18,130,671663.0
p017t,p017,Tumor,Vascular,THY1,226,51,130,671663.0
p017t,p017,Tumor,Vascular,VWF,1001,99,130,671663.0
p017t,p017,Tumor,Vascular,WNT2,0,0,130,671663.0
p017t,p017,Tumor,Vascular,WNT5A,11,7,130,671663.0
p020n,p020,Normal,Epithelial,ACTA2,9,9,658,3333029.0
p020n,p020,Normal,Epithelial,CLDN1,0,0,658,3333029.0
p020n,p020,Normal,Epithelial,CLDN2,0,0,658,3333029.0
p020n,p020,Normal,Epithelial,CLDN4,7891,634,658,3333029.0
p020n,p020,Normal,Epithelial,CLDN7,266,173,658,3333029.0
p020n,p020,Normal,Epithelial,COL1A1,9,7,658,3333029.0
p020n,p020,Normal,Epithelial,COL1A2,1,1,658,3333029.0
p020n,p020,Normal,Epithelial,COL3A1,2,2,658,3333029.0
p020n,p020,Normal,Epithelial,CXCL12,1,1,658,3333029.0
p020n,p020,Normal,Epithelial,EPCAM,4118,592,658,3333029.0
p020n,p020,Normal,Epithelial,FAP,1,1,658,3333029.0
p020n,p020,Normal,Epithelial,FN1,5,5,658,3333029.0
p020n,p020,Normal,Epithelial,INHBA,0,0,658,3333029.0
p020n,p020,Normal,Epithelial,KRT19,17623,630,658,3333029.0
p020n,p020,Normal,Epithelial,MMP2,0,0,658,3333029.0
p020n,p020,Normal,Epithelial,MMP9,0,0,658,3333029.0
p020n,p020,Normal,Epithelial,PDPN,0,0,658,3333029.0
p020n,p020,Normal,Epithelial,PECAM1,1,1,658,3333029.0
p020n,p020,Normal,Epithelial,POSTN,1,1,658,3333029.0
p020n,p020,Normal,Epithelial,PTPRC,21,11,658,3333029.0
p020n,p020,Normal,Epithelial,TAGLN,39,37,658,3333029.0
p020n,p020,Normal,Epithelial,TGFB1,6,6,658,3333029.0
p020n,p020,Normal,Epithelial,THY1,0,0,658,3333029.0
p020n,p020,Normal,Epithelial,VWF,0,0,658,3333029.0
p020n,p020,Normal,Epithelial,WNT2,0,0,658,3333029.0
p020n,p020,Normal,Epithelial,WNT5A,4,3,658,3333029.0
p020n,p020,Normal,Immune,ACTA2,12,6,224,2830120.0
p020n,p020,Normal,Immune,CLDN1,0,0,224,2830120.0
p020n,p020,Normal,Immune,CLDN2,0,0,224,2830120.0
p020n,p020,Normal,Immune,CLDN4,116,31,224,2830120.0
p020n,p020,Normal,Immune,CLDN7,5,5,224,2830120.0
p020n,p020,Normal,Immune,COL1A1,71,18,224,2830120.0
p020n,p020,Normal,Immune,COL1A2,143,23,224,2830120.0
p020n,p020,Normal,Immune,COL3A1,204,21,224,2830120.0
p020n,p020,Normal,Immune,CXCL12,5,3,224,2830120.0
p020n,p020,Normal,Immune,EPCAM,73,23,224,2830120.0
p020n,p020,Normal,Immune,FAP,0,0,224,2830120.0
p020n,p020,Normal,Immune,FN1,89,18,224,2830120.0
p020n,p020,Normal,Immune,INHBA,0,0,224,2830120.0
p020n,p020,Normal,Immune,KRT19,326,45,224,2830120.0
p020n,p020,Normal,Immune,MMP2,15,9,224,2830120.0
p020n,p020,Normal,Immune,MMP9,1,1,224,2830120.0
p020n,p020,Normal,Immune,PDPN,2,2,224,2830120.0
p020n,p020,Normal,Immune,PECAM1,63,53,224,2830120.0
p020n,p020,Normal,Immune,POSTN,12,3,224,2830120.0
p020n,p020,Normal,Immune,PTPRC,305,108,224,2830120.0
p020n,p020,Normal,Immune,TAGLN,22,8,224,2830120.0
p020n,p020,Normal,Immune,TGFB1,112,69,224,2830120.0
p020n,p020,Normal,Immune,THY1,29,4,224,2830120.0
p020n,p020,Normal,Immune,VWF,0,0,224,2830120.0
p020n,p020,Normal,Immune,WNT2,0,0,224,2830120.0
p020n,p020,Normal,Immune,WNT5A,4,4,224,2830120.0
p020t,p020,Tumor,Epithelial,ACTA2,3,3,320,2125814.0
p020t,p020,Tumor,Epithelial,CLDN1,124,72,320,2125814.0
p020t,p020,Tumor,Epithelial,CLDN2,108,73,320,2125814.0
p020t,p020,Tumor,Epithelial,CLDN4,2264,289,320,2125814.0
p020t,p020,Tumor,Epithelial,CLDN7,63,52,320,2125814.0
p020t,p020,Tumor,Epithelial,COL1A1,12,9,320,2125814.0
p020t,p020,Tumor,Epithelial,COL1A2,0,0,320,2125814.0
p020t,p020,Tumor,Epithelial,COL3A1,0,0,320,2125814.0
p020t,p020,Tumor,Epithelial,CXCL12,2,1,320,2125814.0
p020t,p020,Tumor,Epithelial,EPCAM,1629,253,320,2125814.0
p020t,p020,Tumor,Epithelial,FAP,3,3,320,2125814.0
p020t,p020,Tumor,Epithelial,FN1,13,9,320,2125814.0
p020t,p020,Tumor,Epithelial,INHBA,0,0,320,2125814.0
p020t,p020,Tumor,Epithelial,KRT19,3161,281,320,2125814.0
p020t,p020,Tumor,Epithelial,MMP2,0,0,320,2125814.0
p020t,p020,Tumor,Epithelial,MMP9,0,0,320,2125814.0
p020t,p020,Tumor,Epithelial,PDPN,0,0,320,2125814.0
p020t,p020,Tumor,Epithelial,PECAM1,2,2,320,2125814.0
p020t,p020,Tumor,Epithelial,POSTN,0,0,320,2125814.0
p020t,p020,Tumor,Epithelial,PTPRC,44,19,320,2125814.0
p020t,p020,Tumor,Epithelial,TAGLN,15,13,320,2125814.0
p020t,p020,Tumor,Epithelial,TGFB1,4,4,320,2125814.0
p020t,p020,Tumor,Epithelial,THY1,0,0,320,2125814.0
p020t,p020,Tumor,Epithelial,VWF,0,0,320,2125814.0
p020t,p020,Tumor,Epithelial,WNT2,0,0,320,2125814.0
p020t,p020,Tumor,Epithelial,WNT5A,0,0,320,2125814.0
p020t,p020,Tumor,Immune,ACTA2,2,2,97,461054.0
p020t,p020,Tumor,Immune,CLDN1,1,1,97,461054.0
p020t,p020,Tumor,Immune,CLDN2,1,1,97,461054.0
p020t,p020,Tumor,Immune,CLDN4,24,6,97,461054.0
p020t,p020,Tumor,Immune,CLDN7,0,0,97,461054.0
p020t,p020,Tumor,Immune,COL1A1,374,1,97,461054.0
p020t,p020,Tumor,Immune,COL1A2,278,2,97,461054.0
p020t,p020,Tumor,Immune,COL3A1,304,1,97,461054.0
p020t,p020,Tumor,Immune,CXCL12,8,2,97,461054.0
p020t,p020,Tumor,Immune,EPCAM,12,10,97,461054.0
p020t,p020,Tumor,Immune,FAP,10,1,97,461054.0
p020t,p020,Tumor,Immune,FN1,86,4,97,461054.0
p020t,p020,Tumor,Immune,INHBA,1,1,97,461054.0
p020t,p020,Tumor,Immune,KRT19,28,9,97,461054.0
p020t,p020,Tumor,Immune,MMP2,16,3,97,461054.0
p020t,p020,Tumor,Immune,MMP9,19,4,97,461054.0
p020t,p020,Tumor,Immune,PDPN,15,1,97,461054.0
p020t,p020,Tumor,Immune,PECAM1,48,23,97,461054.0
p020t,p020,Tumor,Immune,POSTN,68,1,97,461054.0
p020t,p020,Tumor,Immune,PTPRC,383,81,97,461054.0
p020t,p020,Tumor,Immune,TAGLN,10,1,97,461054.0
p020t,p020,Tumor,Immune,TGFB1,37,29,97,461054.0
p020t,p020,Tumor,Immune,THY1,32,1,97,461054.0
p020t,p020,Tumor,Immune,VWF,32,2,97,461054.0
p020t,p020,Tumor,Immune,WNT2,13,1,97,461054.0
p020t,p020,Tumor,Immune,WNT5A,1,1,97,461054.0
p021n,p021,Normal,Epithelial,ACTA2,12,11,1090,3873006.0
p021n,p021,Normal,Epithelial,CLDN1,7,7,1090,3873006.0
p021n,p021,Normal,Epithelial,CLDN2,0,0,1090,3873006.0
p021n,p021,Normal,Epithelial,CLDN4,7483,1041,1090,3873006.0
p021n,p021,Normal,Epithelial,CLDN7,203,173,1090,3873006.0
p021n,p021,Normal,Epithelial,COL1A1,2,2,1090,3873006.0
p021n,p021,Normal,Epithelial,COL1A2,2,2,1090,3873006.0
p021n,p021,Normal,Epithelial,COL3A1,1,1,1090,3873006.0
p021n,p021,Normal,Epithelial,CXCL12,1,1,1090,3873006.0
p021n,p021,Normal,Epithelial,EPCAM,4545,928,1090,3873006.0
p021n,p021,Normal,Epithelial,FAP,0,0,1090,3873006.0
p021n,p021,Normal,Epithelial,FN1,14,14,1090,3873006.0
p021n,p021,Normal,Epithelial,INHBA,0,0,1090,3873006.0
p021n,p021,Normal,Epithelial,KRT19,14023,990,1090,3873006.0
p021n,p021,Normal,Epithelial,MMP2,1,1,1090,3873006.0
p021n,p021,Normal,Epithelial,MMP9,4,4,1090,3873006.0
p021n,p021,Normal,Epithelial,PDPN,0,0,1090,3873006.0
p021n,p021,Normal,Epithelial,PECAM1,5,3,1090,3873006.0
p021n,p021,Normal,Epithelial,POSTN,0,0,1090,3873006.0
p021n,p021,Normal,Epithelial,PTPRC,34,15,1090,3873006.0
p021n,p021,Normal,Epithelial,TAGLN,91,81,1090,3873006.0
p021n,p021,Normal,Epithelial,TGFB1,34,26,1090,3873006.0
p021n,p021,Normal,Epithelial,THY1,0,0,1090,3873006.0
p021n,p021,Normal,Epithelial,VWF,0,0,1090,3873006.0
p021n,p021,Normal,Epithelial,WNT2,0,0,1090,3873006.0
p021n,p021,Normal,Epithelial,WNT5A,3,3,1090,3873006.0
p021n,p021,Normal,Immune,ACTA2,3,3,77,815770.0
p021n,p021,Normal,Immune,CLDN1,0,0,77,815770.0
p021n,p021,Normal,Immune,CLDN2,0,0,77,815770.0
p021n,p021,Normal,Immune,CLDN4,79,11,77,815770.0
p021n,p021,Normal,Immune,CLDN7,2,2,77,815770.0
p021n,p021,Normal,Immune,COL1A1,1,1,77,815770.0
p021n,p021,Normal,Immune,COL1A2,0,0,77,815770.0
p021n,p021,Normal,Immune,COL3A1,0,0,77,815770.0
p021n,p021,Normal,Immune,CXCL12,0,0,77,815770.0
p021n,p021,Normal,Immune,EPCAM,17,8,77,815770.0
p021n,p021,Normal,Immune,FAP,0,0,77,815770.0
p021n,p021,Normal,Immune,FN1,1,1,77,815770.0
p021n,p021,Normal,Immune,INHBA,0,0,77,815770.0
p021n,p021,Normal,Immune,KRT19,83,15,77,815770.0
p021n,p021,Normal,Immune,MMP2,0,0,77,815770.0
p021n,p021,Normal,Immune,MMP9,3,1,77,815770.0
p021n,p021,Normal,Immune,PDPN,0,0,77,815770.0
p021n,p021,Normal,Immune,PECAM1,20,15,77,815770.0
p021n,p021,Normal,Immune,POSTN,0,0,77,815770.0
p021n,p021,Normal,Immune,PTPRC,90,29,77,815770.0
p021n,p021,Normal,Immune,TAGLN,3,3,77,815770.0
p021n,p021,Normal,Immune,TGFB1,42,27,77,815770.0
p021n,p021,Normal,Immune,THY1,0,0,77,815770.0
p021n,p021,Normal,Immune,VWF,0,0,77,815770.0
p021n,p021,Normal,Immune,WNT2,0,0,77,815770.0
p021n,p021,Normal,Immune,WNT5A,0,0,77,815770.0
p021t,p021,Tumor,CAF_like,ACTA2,658,35,44,639246.0
p021t,p021,Tumor,CAF_like,CLDN1,0,0,44,639246.0
p021t,p021,Tumor,CAF_like,CLDN2,0,0,44,639246.0
p021t,p021,Tumor,CAF_like,CLDN4,1,1,44,639246.0
p021t,p021,Tumor,CAF_like,CLDN7,1,1,44,639246.0
p021t,p021,Tumor,CAF_like,COL1A1,16566,44,44,639246.0
p021t,p021,Tumor,CAF_like,COL1A2,11596,44,44,639246.0
p021t,p021,Tumor,CAF_like,COL3A1,12760,44,44,639246.0
p021t,p021,Tumor,CAF_like,CXCL12,38,13,44,639246.0
p021t,p021,Tumor,CAF_like,EPCAM,0,0,44,639246.0
p021t,p021,Tumor,CAF_like,FAP,276,39,44,639246.0
p021t,p021,Tumor,CAF_like,FN1,1769,44,44,639246.0
p021t,p021,Tumor,CAF_like,INHBA,30,19,44,639246.0
p021t,p021,Tumor,CAF_like,KRT19,1,1,44,639246.0
p021t,p021,Tumor,CAF_like,MMP2,636,40,44,639246.0
p021t,p021,Tumor,CAF_like,MMP9,12,6,44,639246.0
p021t,p021,Tumor,CAF_like,PDPN,309,35,44,639246.0
p021t,p021,Tumor,CAF_like,PECAM1,11,7,44,639246.0
p021t,p021,Tumor,CAF_like,POSTN,3065,42,44,639246.0
p021t,p021,Tumor,CAF_like,PTPRC,6,4,44,639246.0
p021t,p021,Tumor,CAF_like,TAGLN,2267,42,44,639246.0
p021t,p021,Tumor,CAF_like,TGFB1,80,27,44,639246.0
p021t,p021,Tumor,CAF_like,THY1,765,39,44,639246.0
p021t,p021,Tumor,CAF_like,VWF,0,0,44,639246.0
p021t,p021,Tumor,CAF_like,WNT2,82,27,44,639246.0
p021t,p021,Tumor,CAF_like,WNT5A,79,24,44,639246.0
p021t,p021,Tumor,Epithelial,ACTA2,1,1,132,450118.0
p021t,p021,Tumor,Epithelial,CLDN1,4,4,132,450118.0
p021t,p021,Tumor,Epithelial,CLDN2,11,7,132,450118.0
p021t,p021,Tumor,Epithelial,CLDN4,774,102,132,450118.0
p021t,p021,Tumor,Epithelial,CLDN7,9,4,132,450118.0
p021t,p021,Tumor,Epithelial,COL1A1,17,15,132,450118.0
p021t,p021,Tumor,Epithelial,COL1A2,16,13,132,450118.0
p021t,p021,Tumor,Epithelial,COL3A1,20,17,132,450118.0
p021t,p021,Tumor,Epithelial,CXCL12,1,1,132,450118.0
p021t,p021,Tumor,Epithelial,EPCAM,269,53,132,450118.0
p021t,p021,Tumor,Epithelial,FAP,0,0,132,450118.0
p021t,p021,Tumor,Epithelial,FN1,11,8,132,450118.0
p021t,p021,Tumor,Epithelial,INHBA,0,0,132,450118.0
p021t,p021,Tumor,Epithelial,KRT19,520,86,132,450118.0
p021t,p021,Tumor,Epithelial,MMP2,0,0,132,450118.0
p021t,p021,Tumor,Epithelial,MMP9,16,5,132,450118.0
p021t,p021,Tumor,Epithelial,PDPN,1,1,132,450118.0
p021t,p021,Tumor,Epithelial,PECAM1,3,3,132,450118.0
p021t,p021,Tumor,Epithelial,POSTN,4,3,132,450118.0
p021t,p021,Tumor,Epithelial,PTPRC,40,25,132,450118.0
p021t,p021,Tumor,Epithelial,TAGLN,5,5,132,450118.0
p021t,p021,Tumor,Epithelial,TGFB1,11,11,132,450118.0
p021t,p021,Tumor,Epithelial,THY1,1,1,132,450118.0
p021t,p021,Tumor,Epithelial,VWF,2,1,132,450118.0
p021t,p021,Tumor,Epithelial,WNT2,0,0,132,450118.0
p021t,p021,Tumor,Epithelial,WNT5A,0,0,132,450118.0
p021t,p021,Tumor,Immune,ACTA2,40,34,1056,7608765.0
p021t,p021,Tumor,Immune,CLDN1,3,3,1056,7608765.0
p021t,p021,Tumor,Immune,CLDN2,1,1,1056,7608765.0
p021t,p021,Tumor,Immune,CLDN4,77,61,1056,7608765.0
p021t,p021,Tumor,Immune,CLDN7,2,2,1056,7608765.0
p021t,p021,Tumor,Immune,COL1A1,89,81,1056,7608765.0
p021t,p021,Tumor,Immune,COL1A2,87,80,1056,7608765.0
p021t,p021,Tumor,Immune,COL3A1,98,86,1056,7608765.0
p021t,p021,Tumor,Immune,CXCL12,2,2,1056,7608765.0
p021t,p021,Tumor,Immune,EPCAM,24,23,1056,7608765.0
p021t,p021,Tumor,Immune,FAP,5,5,1056,7608765.0
p021t,p021,Tumor,Immune,FN1,117,44,1056,7608765.0
p021t,p021,Tumor,Immune,INHBA,6,3,1056,7608765.0
p021t,p021,Tumor,Immune,KRT19,54,48,1056,7608765.0
p021t,p021,Tumor,Immune,MMP2,8,7,1056,7608765.0
p021t,p021,Tumor,Immune,MMP9,694,48,1056,7608765.0
p021t,p021,Tumor,Immune,PDPN,1,1,1056,7608765.0
p021t,p021,Tumor,Immune,PECAM1,518,273,1056,7608765.0
p021t,p021,Tumor,Immune,POSTN,19,18,1056,7608765.0
p021t,p021,Tumor,Immune,PTPRC,3879,753,1056,7608765.0
p021t,p021,Tumor,Immune,TAGLN,57,51,1056,7608765.0
p021t,p021,Tumor,Immune,TGFB1,552,380,1056,7608765.0
p021t,p021,Tumor,Immune,THY1,7,7,1056,7608765.0
p021t,p021,Tumor,Immune,VWF,5,5,1056,7608765.0
p021t,p021,Tumor,Immune,WNT2,0,0,1056,7608765.0
p021t,p021,Tumor,Immune,WNT5A,18,15,1056,7608765.0
p021t,p021,Tumor,Other_stromal,ACTA2,0,0,1,5743.0
p021t,p021,Tumor,Other_stromal,CLDN1,0,0,1,5743.0
p021t,p021,Tumor,Other_stromal,CLDN2,0,0,1,5743.0
p021t,p021,Tumor,Other_stromal,CLDN4,0,0,1,5743.0
p021t,p021,Tumor,Other_stromal,CLDN7,0,0,1,5743.0
p021t,p021,Tumor,Other_stromal,COL1A1,1,1,1,5743.0
p021t,p021,Tumor,Other_stromal,COL1A2,3,1,1,5743.0
p021t,p021,Tumor,Other_stromal,COL3A1,0,0,1,5743.0
p021t,p021,Tumor,Other_stromal,CXCL12,0,0,1,5743.0
p021t,p021,Tumor,Other_stromal,EPCAM,0,0,1,5743.0
p021t,p021,Tumor,Other_stromal,FAP,0,0,1,5743.0
p021t,p021,Tumor,Other_stromal,FN1,0,0,1,5743.0
p021t,p021,Tumor,Other_stromal,INHBA,0,0,1,5743.0
p021t,p021,Tumor,Other_stromal,KRT19,0,0,1,5743.0
p021t,p021,Tumor,Other_stromal,MMP2,0,0,1,5743.0
p021t,p021,Tumor,Other_stromal,MMP9,0,0,1,5743.0
p021t,p021,Tumor,Other_stromal,PDPN,3,1,1,5743.0
p021t,p021,Tumor,Other_stromal,PECAM1,0,0,1,5743.0
p021t,p021,Tumor,Other_stromal,POSTN,0,0,1,5743.0
p021t,p021,Tumor,Other_stromal,PTPRC,0,0,1,5743.0
p021t,p021,Tumor,Other_stromal,TAGLN,0,0,1,5743.0
p021t,p021,Tumor,Other_stromal,TGFB1,0,0,1,5743.0
p021t,p021,Tumor,Other_stromal,THY1,0,0,1,5743.0
p021t,p021,Tumor,Other_stromal,VWF,0,0,1,5743.0
p021t,p021,Tumor,Other_stromal,WNT2,0,0,1,5743.0
p021t,p021,Tumor,Other_stromal,WNT5A,0,0,1,5743.0
p021t,p021,Tumor,Vascular,ACTA2,499,9,22,259614.0
p021t,p021,Tumor,Vascular,CLDN1,1,1,22,259614.0
p021t,p021,Tumor,Vascular,CLDN2,0,0,22,259614.0
p021t,p021,Tumor,Vascular,CLDN4,2,2,22,259614.0
p021t,p021,Tumor,Vascular,CLDN7,0,0,22,259614.0
p021t,p021,Tumor,Vascular,COL1A1,672,11,22,259614.0
p021t,p021,Tumor,Vascular,COL1A2,508,10,22,259614.0
p021t,p021,Tumor,Vascular,COL3A1,510,12,22,259614.0
p021t,p021,Tumor,Vascular,CXCL12,36,6,22,259614.0
p021t,p021,Tumor,Vascular,EPCAM,0,0,22,259614.0
p021t,p021,Tumor,Vascular,FAP,10,7,22,259614.0
p021t,p021,Tumor,Vascular,FN1,201,18,22,259614.0
p021t,p021,Tumor,Vascular,INHBA,0,0,22,259614.0
p021t,p021,Tumor,Vascular,KRT19,0,0,22,259614.0
p021t,p021,Tumor,Vascular,MMP2,24,6,22,259614.0
p021t,p021,Tumor,Vascular,MMP9,6,4,22,259614.0
p021t,p021,Tumor,Vascular,PDPN,0,0,22,259614.0
p021t,p021,Tumor,Vascular,PECAM1,258,12,22,259614.0
p021t,p021,Tumor,Vascular,POSTN,67,12,22,259614.0
p021t,p021,Tumor,Vascular,PTPRC,3,1,22,259614.0
p021t,p021,Tumor,Vascular,TAGLN,407,11,22,259614.0
p021t,p021,Tumor,Vascular,TGFB1,17,12,22,259614.0
p021t,p021,Tumor,Vascular,THY1,273,13,22,259614.0
p021t,p021,Tumor,Vascular,VWF,320,12,22,259614.0
p021t,p021,Tumor,Vascular,WNT2,0,0,22,259614.0
p021t,p021,Tumor,Vascular,WNT5A,0,0,22,259614.0
p025n,p025,Normal,CAF_like,ACTA2,36,21,57,404820.0
p025n,p025,Normal,CAF_like,CLDN1,0,0,57,404820.0
p025n,p025,Normal,CAF_like,CLDN2,0,0,57,404820.0
p025n,p025,Normal,CAF_like,CLDN4,0,0,57,404820.0
p025n,p025,Normal,CAF_like,CLDN7,0,0,57,404820.0
p025n,p025,Normal,CAF_like,COL1A1,538,56,57,404820.0
p025n,p025,Normal,CAF_like,COL1A2,1429,56,57,404820.0
p025n,p025,Normal,CAF_like,COL3A1,1124,57,57,404820.0
p025n,p025,Normal,CAF_like,CXCL12,28,21,57,404820.0
p025n,p025,Normal,CAF_like,EPCAM,0,0,57,404820.0
p025n,p025,Normal,CAF_like,FAP,6,3,57,404820.0
p025n,p025,Normal,CAF_like,FN1,318,35,57,404820.0
p025n,p025,Normal,CAF_like,INHBA,0,0,57,404820.0
p025n,p025,Normal,CAF_like,KRT19,2,2,57,404820.0
p025n,p025,Normal,CAF_like,MMP2,305,50,57,404820.0
p025n,p025,Normal,CAF_like,MMP9,0,0,57,404820.0
p025n,p025,Normal,CAF_like,PDPN,45,26,57,404820.0
p025n,p025,Normal,CAF_like,PECAM1,0,0,57,404820.0
p025n,p025,Normal,CAF_like,POSTN,98,7,57,404820.0
p025n,p025,Normal,CAF_like,PTPRC,27,6,57,404820.0
p025n,p025,Normal,CAF_like,TAGLN,23,10,57,404820.0
p025n,p025,Normal,CAF_like,TGFB1,24,14,57,404820.0
p025n,p025,Normal,CAF_like,THY1,134,31,57,404820.0
p025n,p025,Normal,CAF_like,VWF,0,0,57,404820.0
p025n,p025,Normal,CAF_like,WNT2,0,0,57,404820.0
p025n,p025,Normal,CAF_like,WNT5A,4,4,57,404820.0
p025n,p025,Normal,Epithelial,ACTA2,3,3,232,1177665.0
p025n,p025,Normal,Epithelial,CLDN1,4,3,232,1177665.0
p025n,p025,Normal,Epithelial,CLDN2,0,0,232,1177665.0
p025n,p025,Normal,Epithelial,CLDN4,2414,215,232,1177665.0
p025n,p025,Normal,Epithelial,CLDN7,16,16,232,1177665.0
p025n,p025,Normal,Epithelial,COL1A1,11,7,232,1177665.0
p025n,p025,Normal,Epithelial,COL1A2,2,2,232,1177665.0
p025n,p025,Normal,Epithelial,COL3A1,1,1,232,1177665.0
p025n,p025,Normal,Epithelial,CXCL12,0,0,232,1177665.0
p025n,p025,Normal,Epithelial,EPCAM,900,180,232,1177665.0
p025n,p025,Normal,Epithelial,FAP,1,1,232,1177665.0
p025n,p025,Normal,Epithelial,FN1,0,0,232,1177665.0
p025n,p025,Normal,Epithelial,INHBA,0,0,232,1177665.0
p025n,p025,Normal,Epithelial,KRT19,3963,188,232,1177665.0
p025n,p025,Normal,Epithelial,MMP2,1,1,232,1177665.0
p025n,p025,Normal,Epithelial,MMP9,1,1,232,1177665.0
p025n,p025,Normal,Epithelial,PDPN,0,0,232,1177665.0
p025n,p025,Normal,Epithelial,PECAM1,2,1,232,1177665.0
p025n,p025,Normal,Epithelial,POSTN,0,0,232,1177665.0
p025n,p025,Normal,Epithelial,PTPRC,44,18,232,1177665.0
p025n,p025,Normal,Epithelial,TAGLN,28,23,232,1177665.0
p025n,p025,Normal,Epithelial,TGFB1,2,2,232,1177665.0
p025n,p025,Normal,Epithelial,THY1,0,0,232,1177665.0
p025n,p025,Normal,Epithelial,VWF,0,0,232,1177665.0
p025n,p025,Normal,Epithelial,WNT2,0,0,232,1177665.0
p025n,p025,Normal,Epithelial,WNT5A,2,2,232,1177665.0
p025n,p025,Normal,Immune,ACTA2,4,4,411,5738429.0
p025n,p025,Normal,Immune,CLDN1,1,1,411,5738429.0
p025n,p025,Normal,Immune,CLDN2,0,0,411,5738429.0
p025n,p025,Normal,Immune,CLDN4,23,21,411,5738429.0
p025n,p025,Normal,Immune,CLDN7,1,1,411,5738429.0
p025n,p025,Normal,Immune,COL1A1,19,10,411,5738429.0
p025n,p025,Normal,Immune,COL1A2,4,1,411,5738429.0
p025n,p025,Normal,Immune,COL3A1,6,1,411,5738429.0
p025n,p025,Normal,Immune,CXCL12,7,4,411,5738429.0
p025n,p025,Normal,Immune,EPCAM,5,4,411,5738429.0
p025n,p025,Normal,Immune,FAP,0,0,411,5738429.0
p025n,p025,Normal,Immune,FN1,0,0,411,5738429.0
p025n,p025,Normal,Immune,INHBA,0,0,411,5738429.0
p025n,p025,Normal,Immune,KRT19,22,15,411,5738429.0
p025n,p025,Normal,Immune,MMP2,2,2,411,5738429.0
p025n,p025,Normal,Immune,MMP9,29,14,411,5738429.0
p025n,p025,Normal,Immune,PDPN,0,0,411,5738429.0
p025n,p025,Normal,Immune,PECAM1,116,79,411,5738429.0
p025n,p025,Normal,Immune,POSTN,0,0,411,5738429.0
p025n,p025,Normal,Immune,PTPRC,878,264,411,5738429.0
p025n,p025,Normal,Immune,TAGLN,12,12,411,5738429.0
p025n,p025,Normal,Immune,TGFB1,234,162,411,5738429.0
p025n,p025,Normal,Immune,THY1,3,3,411,5738429.0
p025n,p025,Normal,Immune,VWF,0,0,411,5738429.0
p025n,p025,Normal,Immune,WNT2,0,0,411,5738429.0
p025n,p025,Normal,Immune,WNT5A,0,0,411,5738429.0
p025n,p025,Normal,Other_stromal,ACTA2,0,0,1,4053.0
p025n,p025,Normal,Other_stromal,CLDN1,0,0,1,4053.0
p025n,p025,Normal,Other_stromal,CLDN2,0,0,1,4053.0
p025n,p025,Normal,Other_stromal,CLDN4,0,0,1,4053.0
p025n,p025,Normal,Other_stromal,CLDN7,0,0,1,4053.0
p025n,p025,Normal,Other_stromal,COL1A1,0,0,1,4053.0
p025n,p025,Normal,Other_stromal,COL1A2,1,1,1,4053.0
p025n,p025,Normal,Other_stromal,COL3A1,0,0,1,4053.0
p025n,p025,Normal,Other_stromal,CXCL12,0,0,1,4053.0
p025n,p025,Normal,Other_stromal,EPCAM,0,0,1,4053.0
p025n,p025,Normal,Other_stromal,FAP,0,0,1,4053.0
p025n,p025,Normal,Other_stromal,FN1,0,0,1,4053.0
p025n,p025,Normal,Other_stromal,INHBA,0,0,1,4053.0
p025n,p025,Normal,Other_stromal,KRT19,0,0,1,4053.0
p025n,p025,Normal,Other_stromal,MMP2,3,1,1,4053.0
p025n,p025,Normal,Other_stromal,MMP9,0,0,1,4053.0
p025n,p025,Normal,Other_stromal,PDPN,0,0,1,4053.0
p025n,p025,Normal,Other_stromal,PECAM1,0,0,1,4053.0
p025n,p025,Normal,Other_stromal,POSTN,0,0,1,4053.0
p025n,p025,Normal,Other_stromal,PTPRC,0,0,1,4053.0
p025n,p025,Normal,Other_stromal,TAGLN,0,0,1,4053.0
p025n,p025,Normal,Other_stromal,TGFB1,0,0,1,4053.0
p025n,p025,Normal,Other_stromal,THY1,0,0,1,4053.0
p025n,p025,Normal,Other_stromal,VWF,0,0,1,4053.0
p025n,p025,Normal,Other_stromal,WNT2,0,0,1,4053.0
p025n,p025,Normal,Other_stromal,WNT5A,0,0,1,4053.0
p025n,p025,Normal,Vascular,ACTA2,2,1,3,31766.0
p025n,p025,Normal,Vascular,CLDN1,0,0,3,31766.0
p025n,p025,Normal,Vascular,CLDN2,0,0,3,31766.0
p025n,p025,Normal,Vascular,CLDN4,0,0,3,31766.0
p025n,p025,Normal,Vascular,CLDN7,0,0,3,31766.0
p025n,p025,Normal,Vascular,COL1A1,3,1,3,31766.0
p025n,p025,Normal,Vascular,COL1A2,13,1,3,31766.0
p025n,p025,Normal,Vascular,COL3A1,3,1,3,31766.0
p025n,p025,Normal,Vascular,CXCL12,23,1,3,31766.0
p025n,p025,Normal,Vascular,EPCAM,0,0,3,31766.0
p025n,p025,Normal,Vascular,FAP,0,0,3,31766.0
p025n,p025,Normal,Vascular,FN1,8,2,3,31766.0
p025n,p025,Normal,Vascular,INHBA,0,0,3,31766.0
p025n,p025,Normal,Vascular,KRT19,0,0,3,31766.0
p025n,p025,Normal,Vascular,MMP2,1,1,3,31766.0
p025n,p025,Normal,Vascular,MMP9,0,0,3,31766.0
p025n,p025,Normal,Vascular,PDPN,2,1,3,31766.0
p025n,p025,Normal,Vascular,PECAM1,15,3,3,31766.0
p025n,p025,Normal,Vascular,POSTN,0,0,3,31766.0
p025n,p025,Normal,Vascular,PTPRC,2,1,3,31766.0
p025n,p025,Normal,Vascular,TAGLN,5,1,3,31766.0
p025n,p025,Normal,Vascular,TGFB1,1,1,3,31766.0
p025n,p025,Normal,Vascular,THY1,0,0,3,31766.0
p025n,p025,Normal,Vascular,VWF,6,3,3,31766.0
p025n,p025,Normal,Vascular,WNT2,0,0,3,31766.0
p025n,p025,Normal,Vascular,WNT5A,1,1,3,31766.0
p025t,p025,Tumor,CAF_like,ACTA2,152,6,9,56712.0
p025t,p025,Tumor,CAF_like,CLDN1,2,1,9,56712.0
p025t,p025,Tumor,CAF_like,CLDN2,0,0,9,56712.0
p025t,p025,Tumor,CAF_like,CLDN4,6,1,9,56712.0
p025t,p025,Tumor,CAF_like,CLDN7,0,0,9,56712.0
p025t,p025,Tumor,CAF_like,COL1A1,443,9,9,56712.0
p025t,p025,Tumor,CAF_like,COL1A2,478,9,9,56712.0
p025t,p025,Tumor,CAF_like,COL3A1,433,9,9,56712.0
p025t,p025,Tumor,CAF_like,CXCL12,1,1,9,56712.0
p025t,p025,Tumor,CAF_like,EPCAM,9,1,9,56712.0
p025t,p025,Tumor,CAF_like,FAP,8,4,9,56712.0
p025t,p025,Tumor,CAF_like,FN1,87,5,9,56712.0
p025t,p025,Tumor,CAF_like,INHBA,0,0,9,56712.0
p025t,p025,Tumor,CAF_like,KRT19,0,0,9,56712.0
p025t,p025,Tumor,CAF_like,MMP2,42,8,9,56712.0
p025t,p025,Tumor,CAF_like,MMP9,0,0,9,56712.0
p025t,p025,Tumor,CAF_like,PDPN,4,3,9,56712.0
p025t,p025,Tumor,CAF_like,PECAM1,0,0,9,56712.0
p025t,p025,Tumor,CAF_like,POSTN,52,6,9,56712.0
p025t,p025,Tumor,CAF_like,PTPRC,0,0,9,56712.0
p025t,p025,Tumor,CAF_like,TAGLN,160,7,9,56712.0
p025t,p025,Tumor,CAF_like,TGFB1,3,3,9,56712.0
p025t,p025,Tumor,CAF_like,THY1,52,6,9,56712.0
p025t,p025,Tumor,CAF_like,VWF,0,0,9,56712.0
p025t,p025,Tumor,CAF_like,WNT2,11,3,9,56712.0
p025t,p025,Tumor,CAF_like,WNT5A,2,2,9,56712.0
p025t,p025,Tumor,Epithelial,ACTA2,11,8,414,3004474.0
p025t,p025,Tumor,Epithelial,CLDN1,297,124,414,3004474.0
p025t,p025,Tumor,Epithelial,CLDN2,178,69,414,3004474.0
p025t,p025,Tumor,Epithelial,CLDN4,3929,378,414,3004474.0
p025t,p025,Tumor,Epithelial,CLDN7,23,21,414,3004474.0
p025t,p025,Tumor,Epithelial,COL1A1,8,8,414,3004474.0
p025t,p025,Tumor,Epithelial,COL1A2,1,1,414,3004474.0
p025t,p025,Tumor,Epithelial,COL3A1,2,2,414,3004474.0
p025t,p025,Tumor,Epithelial,CXCL12,4,4,414,3004474.0
p025t,p025,Tumor,Epithelial,EPCAM,3996,310,414,3004474.0
p025t,p025,Tumor,Epithelial,FAP,2,2,414,3004474.0
p025t,p025,Tumor,Epithelial,FN1,340,32,414,3004474.0
p025t,p025,Tumor,Epithelial,INHBA,0,0,414,3004474.0
p025t,p025,Tumor,Epithelial,KRT19,2800,268,414,3004474.0
p025t,p025,Tumor,Epithelial,MMP2,0,0,414,3004474.0
p025t,p025,Tumor,Epithelial,MMP9,3,3,414,3004474.0
p025t,p025,Tumor,Epithelial,PDPN,0,0,414,3004474.0
p025t,p025,Tumor,Epithelial,PECAM1,5,5,414,3004474.0
p025t,p025,Tumor,Epithelial,POSTN,0,0,414,3004474.0
p025t,p025,Tumor,Epithelial,PTPRC,73,31,414,3004474.0
p025t,p025,Tumor,Epithelial,TAGLN,80,22,414,3004474.0
p025t,p025,Tumor,Epithelial,TGFB1,15,12,414,3004474.0
p025t,p025,Tumor,Epithelial,THY1,1,1,414,3004474.0
p025t,p025,Tumor,Epithelial,VWF,2,2,414,3004474.0
p025t,p025,Tumor,Epithelial,WNT2,0,0,414,3004474.0
p025t,p025,Tumor,Epithelial,WNT5A,5,5,414,3004474.0
p025t,p025,Tumor,Immune,ACTA2,25,20,680,2545460.0
p025t,p025,Tumor,Immune,CLDN1,13,6,680,2545460.0
p025t,p025,Tumor,Immune,CLDN2,5,3,680,2545460.0
p025t,p025,Tumor,Immune,CLDN4,80,50,680,2545460.0
p025t,p025,Tumor,Immune,CLDN7,0,0,680,2545460.0
p025t,p025,Tumor,Immune,COL1A1,2,1,680,2545460.0
p025t,p025,Tumor,Immune,COL1A2,2,1,680,2545460.0
p025t,p025,Tumor,Immune,COL3A1,2,2,680,2545460.0
p025t,p025,Tumor,Immune,CXCL12,1,1,680,2545460.0
p025t,p025,Tumor,Immune,EPCAM,16,14,680,2545460.0
p025t,p025,Tumor,Immune,FAP,0,0,680,2545460.0
p025t,p025,Tumor,Immune,FN1,160,14,680,2545460.0
p025t,p025,Tumor,Immune,INHBA,0,0,680,2545460.0
p025t,p025,Tumor,Immune,KRT19,35,24,680,2545460.0
p025t,p025,Tumor,Immune,MMP2,1,1,680,2545460.0
p025t,p025,Tumor,Immune,MMP9,147,27,680,2545460.0
p025t,p025,Tumor,Immune,PDPN,6,5,680,2545460.0
p025t,p025,Tumor,Immune,PECAM1,123,74,680,2545460.0
p025t,p025,Tumor,Immune,POSTN,0,0,680,2545460.0
p025t,p025,Tumor,Immune,PTPRC,1659,528,680,2545460.0
p025t,p025,Tumor,Immune,TAGLN,42,19,680,2545460.0
p025t,p025,Tumor,Immune,TGFB1,183,146,680,2545460.0
p025t,p025,Tumor,Immune,THY1,2,1,680,2545460.0
p025t,p025,Tumor,Immune,VWF,1,1,680,2545460.0
p025t,p025,Tumor,Immune,WNT2,0,0,680,2545460.0
p025t,p025,Tumor,Immune,WNT5A,7,7,680,2545460.0
p025t,p025,Tumor,Vascular,ACTA2,104,4,14,114029.0
p025t,p025,Tumor,Vascular,CLDN1,1,1,14,114029.0
p025t,p025,Tumor,Vascular,CLDN2,0,0,14,114029.0
p025t,p025,Tumor,Vascular,CLDN4,14,3,14,114029.0
p025t,p025,Tumor,Vascular,CLDN7,0,0,14,114029.0
p025t,p025,Tumor,Vascular,COL1A1,35,3,14,114029.0
p025t,p025,Tumor,Vascular,COL1A2,48,3,14,114029.0
p025t,p025,Tumor,Vascular,COL3A1,62,3,14,114029.0
p025t,p025,Tumor,Vascular,CXCL12,8,2,14,114029.0
p025t,p025,Tumor,Vascular,EPCAM,0,0,14,114029.0
p025t,p025,Tumor,Vascular,FAP,4,3,14,114029.0
p025t,p025,Tumor,Vascular,FN1,60,6,14,114029.0
p025t,p025,Tumor,Vascular,INHBA,0,0,14,114029.0
p025t,p025,Tumor,Vascular,KRT19,11,4,14,114029.0
p025t,p025,Tumor,Vascular,MMP2,10,3,14,114029.0
p025t,p025,Tumor,Vascular,MMP9,0,0,14,114029.0
p025t,p025,Tumor,Vascular,PDPN,0,0,14,114029.0
p025t,p025,Tumor,Vascular,PECAM1,139,12,14,114029.0
p025t,p025,Tumor,Vascular,POSTN,78,7,14,114029.0
p025t,p025,Tumor,Vascular,PTPRC,7,3,14,114029.0
p025t,p025,Tumor,Vascular,TAGLN,76,3,14,114029.0
p025t,p025,Tumor,Vascular,TGFB1,10,6,14,114029.0
p025t,p025,Tumor,Vascular,THY1,26,4,14,114029.0
p025t,p025,Tumor,Vascular,VWF,176,12,14,114029.0
p025t,p025,Tumor,Vascular,WNT2,0,0,14,114029.0
p025t,p025,Tumor,Vascular,WNT5A,0,0,14,114029.0
p026t,p026,Tumor,CAF_like,ACTA2,940,56,93,717866.0
p026t,p026,Tumor,CAF_like,CLDN1,0,0,93,717866.0
p026t,p026,Tumor,CAF_like,CLDN2,1,1,93,717866.0
p026t,p026,Tumor,CAF_like,CLDN4,6,6,93,717866.0
p026t,p026,Tumor,CAF_like,CLDN7,0,0,93,717866.0
p026t,p026,Tumor,CAF_like,COL1A1,4886,86,93,717866.0
p026t,p026,Tumor,CAF_like,COL1A2,5433,88,93,717866.0
p026t,p026,Tumor,CAF_like,COL3A1,4544,88,93,717866.0
p026t,p026,Tumor,CAF_like,CXCL12,84,30,93,717866.0
p026t,p026,Tumor,CAF_like,EPCAM,3,1,93,717866.0
p026t,p026,Tumor,CAF_like,FAP,102,36,93,717866.0
p026t,p026,Tumor,CAF_like,FN1,1112,65,93,717866.0
p026t,p026,Tumor,CAF_like,INHBA,3,3,93,717866.0
p026t,p026,Tumor,CAF_like,KRT19,9,7,93,717866.0
p026t,p026,Tumor,CAF_like,MMP2,645,76,93,717866.0
p026t,p026,Tumor,CAF_like,MMP9,5,3,93,717866.0
p026t,p026,Tumor,CAF_like,PDPN,185,46,93,717866.0
p026t,p026,Tumor,CAF_like,PECAM1,1,1,93,717866.0
p026t,p026,Tumor,CAF_like,POSTN,555,35,93,717866.0
p026t,p026,Tumor,CAF_like,PTPRC,10,4,93,717866.0
p026t,p026,Tumor,CAF_like,TAGLN,1850,60,93,717866.0
p026t,p026,Tumor,CAF_like,TGFB1,17,13,93,717866.0
p026t,p026,Tumor,CAF_like,THY1,475,66,93,717866.0
p026t,p026,Tumor,CAF_like,VWF,0,0,93,717866.0
p026t,p026,Tumor,CAF_like,WNT2,58,21,93,717866.0
p026t,p026,Tumor,CAF_like,WNT5A,91,31,93,717866.0
p026t,p026,Tumor,Epithelial,ACTA2,10,9,890,4417519.0
p026t,p026,Tumor,Epithelial,CLDN1,120,91,890,4417519.0
p026t,p026,Tumor,Epithelial,CLDN2,99,58,890,4417519.0
p026t,p026,Tumor,Epithelial,CLDN4,6323,713,890,4417519.0
p026t,p026,Tumor,Epithelial,CLDN7,47,44,890,4417519.0
p026t,p026,Tumor,Epithelial,COL1A1,79,70,890,4417519.0
p026t,p026,Tumor,Epithelial,COL1A2,21,20,890,4417519.0
p026t,p026,Tumor,Epithelial,COL3A1,10,10,890,4417519.0
p026t,p026,Tumor,Epithelial,CXCL12,1,1,890,4417519.0
p026t,p026,Tumor,Epithelial,EPCAM,3958,640,890,4417519.0
p026t,p026,Tumor,Epithelial,FAP,16,12,890,4417519.0
p026t,p026,Tumor,Epithelial,FN1,30,26,890,4417519.0
p026t,p026,Tumor,Epithelial,INHBA,0,0,890,4417519.0
p026t,p026,Tumor,Epithelial,KRT19,7164,695,890,4417519.0
p026t,p026,Tumor,Epithelial,MMP2,7,7,890,4417519.0
p026t,p026,Tumor,Epithelial,MMP9,20,13,890,4417519.0
p026t,p026,Tumor,Epithelial,PDPN,1,1,890,4417519.0
p026t,p026,Tumor,Epithelial,PECAM1,10,9,890,4417519.0
p026t,p026,Tumor,Epithelial,POSTN,0,0,890,4417519.0
p026t,p026,Tumor,Epithelial,PTPRC,97,67,890,4417519.0
p026t,p026,Tumor,Epithelial,TAGLN,76,68,890,4417519.0
p026t,p026,Tumor,Epithelial,TGFB1,41,33,890,4417519.0
p026t,p026,Tumor,Epithelial,THY1,1,1,890,4417519.0
p026t,p026,Tumor,Epithelial,VWF,4,2,890,4417519.0
p026t,p026,Tumor,Epithelial,WNT2,0,0,890,4417519.0
p026t,p026,Tumor,Epithelial,WNT5A,13,11,890,4417519.0
p026t,p026,Tumor,Immune,ACTA2,72,68,2532,14646924.0
p026t,p026,Tumor,Immune,CLDN1,33,16,2532,14646924.0
p026t,p026,Tumor,Immune,CLDN2,0,0,2532,14646924.0
p026t,p026,Tumor,Immune,CLDN4,158,137,2532,14646924.0
p026t,p026,Tumor,Immune,CLDN7,1,1,2532,14646924.0
p026t,p026,Tumor,Immune,COL1A1,44,36,2532,14646924.0
p026t,p026,Tumor,Immune,COL1A2,29,28,2532,14646924.0
p026t,p026,Tumor,Immune,COL3A1,34,34,2532,14646924.0
p026t,p026,Tumor,Immune,CXCL12,14,10,2532,14646924.0
p026t,p026,Tumor,Immune,EPCAM,48,41,2532,14646924.0
p026t,p026,Tumor,Immune,FAP,4,3,2532,14646924.0
p026t,p026,Tumor,Immune,FN1,5688,112,2532,14646924.0
p026t,p026,Tumor,Immune,INHBA,15,14,2532,14646924.0
p026t,p026,Tumor,Immune,KRT19,108,91,2532,14646924.0
p026t,p026,Tumor,Immune,MMP2,41,28,2532,14646924.0
p026t,p026,Tumor,Immune,MMP9,2147,158,2532,14646924.0
p026t,p026,Tumor,Immune,PDPN,97,46,2532,14646924.0
p026t,p026,Tumor,Immune,PECAM1,842,455,2532,14646924.0
p026t,p026,Tumor,Immune,POSTN,4,4,2532,14646924.0
p026t,p026,Tumor,Immune,PTPRC,8216,1959,2532,14646924.0
p026t,p026,Tumor,Immune,TAGLN,74,71,2532,14646924.0
p026t,p026,Tumor,Immune,TGFB1,752,589,2532,14646924.0
p026t,p026,Tumor,Immune,THY1,1,1,2532,14646924.0
p026t,p026,Tumor,Immune,VWF,3,3,2532,14646924.0
p026t,p026,Tumor,Immune,WNT2,0,0,2532,14646924.0
p026t,p026,Tumor,Immune,WNT5A,54,32,2532,14646924.0
p026t,p026,Tumor,Other_stromal,ACTA2,0,0,4,10001.0
p026t,p026,Tumor,Other_stromal,CLDN1,0,0,4,10001.0
p026t,p026,Tumor,Other_stromal,CLDN2,0,0,4,10001.0
p026t,p026,Tumor,Other_stromal,CLDN4,0,0,4,10001.0
p026t,p026,Tumor,Other_stromal,CLDN7,0,0,4,10001.0
p026t,p026,Tumor,Other_stromal,COL1A1,9,4,4,10001.0
p026t,p026,Tumor,Other_stromal,COL1A2,30,4,4,10001.0
p026t,p026,Tumor,Other_stromal,COL3A1,9,4,4,10001.0
p026t,p026,Tumor,Other_stromal,CXCL12,0,0,4,10001.0
p026t,p026,Tumor,Other_stromal,EPCAM,0,0,4,10001.0
p026t,p026,Tumor,Other_stromal,FAP,0,0,4,10001.0
p026t,p026,Tumor,Other_stromal,FN1,1,1,4,10001.0
p026t,p026,Tumor,Other_stromal,INHBA,0,0,4,10001.0
p026t,p026,Tumor,Other_stromal,KRT19,0,0,4,10001.0
p026t,p026,Tumor,Other_stromal,MMP2,0,0,4,10001.0
p026t,p026,Tumor,Other_stromal,MMP9,0,0,4,10001.0
p026t,p026,Tumor,Other_stromal,PDPN,1,1,4,10001.0
p026t,p026,Tumor,Other_stromal,PECAM1,0,0,4,10001.0
p026t,p026,Tumor,Other_stromal,POSTN,0,0,4,10001.0
p026t,p026,Tumor,Other_stromal,PTPRC,0,0,4,10001.0
p026t,p026,Tumor,Other_stromal,TAGLN,1,1,4,10001.0
p026t,p026,Tumor,Other_stromal,TGFB1,0,0,4,10001.0
p026t,p026,Tumor,Other_stromal,THY1,0,0,4,10001.0
p026t,p026,Tumor,Other_stromal,VWF,0,0,4,10001.0
p026t,p026,Tumor,Other_stromal,WNT2,0,0,4,10001.0
p026t,p026,Tumor,Other_stromal,WNT5A,0,0,4,10001.0
p026t,p026,Tumor,Vascular,ACTA2,102,11,46,311993.0
p026t,p026,Tumor,Vascular,CLDN1,0,0,46,311993.0
p026t,p026,Tumor,Vascular,CLDN2,0,0,46,311993.0
p026t,p026,Tumor,Vascular,CLDN4,3,3,46,311993.0
p026t,p026,Tumor,Vascular,CLDN7,0,0,46,311993.0
p026t,p026,Tumor,Vascular,COL1A1,334,12,46,311993.0
p026t,p026,Tumor,Vascular,COL1A2,472,12,46,311993.0
p026t,p026,Tumor,Vascular,COL3A1,353,10,46,311993.0
p026t,p026,Tumor,Vascular,CXCL12,72,14,46,311993.0
p026t,p026,Tumor,Vascular,EPCAM,0,0,46,311993.0
p026t,p026,Tumor,Vascular,FAP,15,14,46,311993.0
p026t,p026,Tumor,Vascular,FN1,105,23,46,311993.0
p026t,p026,Tumor,Vascular,INHBA,1,1,46,311993.0
p026t,p026,Tumor,Vascular,KRT19,8,2,46,311993.0
p026t,p026,Tumor,Vascular,MMP2,49,19,46,311993.0
p026t,p026,Tumor,Vascular,MMP9,0,0,46,311993.0
p026t,p026,Tumor,Vascular,PDPN,16,4,46,311993.0
p026t,p026,Tumor,Vascular,PECAM1,512,36,46,311993.0
p026t,p026,Tumor,Vascular,POSTN,84,11,46,311993.0
p026t,p026,Tumor,Vascular,PTPRC,10,3,46,311993.0
p026t,p026,Tumor,Vascular,TAGLN,190,12,46,311993.0
p026t,p026,Tumor,Vascular,TGFB1,23,16,46,311993.0
p026t,p026,Tumor,Vascular,THY1,77,16,46,311993.0
p026t,p026,Tumor,Vascular,VWF,373,35,46,311993.0
p026t,p026,Tumor,Vascular,WNT2,0,0,46,311993.0
p026t,p026,Tumor,Vascular,WNT5A,7,1,46,311993.0
