"signature","draw","mean_patient_difference","median_patient_difference","concordant_patients"
"SenMayo_nonoverlap",1,0.164576572174789,0.173505082307179,21
"SenMayo_nonoverlap",2,0.252275143170718,0.234781561137048,22
"SenMayo_nonoverlap",3,0.167030339087129,0.159036791312683,22
"SenMayo_nonoverlap",4,0.136429640186973,0.143590696640156,22
"SenMayo_nonoverlap",5,0.146811371281824,0.134729337104943,23
"SenMayo_nonoverlap",6,0.220795805288381,0.221338292857897,23
"SenMayo_nonoverlap",7,0.215155566431265,0.204293825705654,23
"SenMayo_nonoverlap",8,0.255530941434743,0.238276136303801,23
"SenMayo_nonoverlap",9,0.274973149472143,0.265288642767164,22
"SenMayo_nonoverlap",10,0.220355531636971,0.204065198299817,23
"SenMayo_nonoverlap",11,0.303571879574216,0.289905693735326,23
"SenMayo_nonoverlap",12,0.126805609777544,0.130290170671377,21
"SenMayo_nonoverlap",13,0.13844998419889,0.125992112148669,22
"SenMayo_nonoverlap",14,0.18272459304484,0.185232736606965,23
"SenMayo_nonoverlap",15,0.195350921499039,0.197118264862595,22
"SenMayo_nonoverlap",16,0.230461897469824,0.215562212011459,22
"SenMayo_nonoverlap",17,0.339933917731444,0.3600172528408,23
"SenMayo_nonoverlap",18,0.226666637352121,0.206226673638694,23
"SenMayo_nonoverlap",19,0.303290423652778,0.289800915765605,23
"SenMayo_nonoverlap",20,0.192171399990107,0.182421857803057,22
"SenMayo_nonoverlap",21,0.213086435731379,0.206299576390298,23
"SenMayo_nonoverlap",22,0.0812832748041435,0.0776696833802512,21
"SenMayo_nonoverlap",23,0.249039490521209,0.224757788897109,23
"SenMayo_nonoverlap",24,0.223016699238697,0.231607564572057,23
"SenMayo_nonoverlap",25,0.308246089134741,0.323962895428519,23
"SenMayo_nonoverlap",26,0.284486282420738,0.27214165137454,23
"SenMayo_nonoverlap",27,0.244676296647811,0.233775777704478,23
"SenMayo_nonoverlap",28,0.347111827436054,0.325327071257784,23
"SenMayo_nonoverlap",29,0.188113818346851,0.174146687099721,22
"SenMayo_nonoverlap",30,0.311865723768791,0.313020779935776,23
"SenMayo_nonoverlap",31,0.281686762169374,0.267846983351179,23
"SenMayo_nonoverlap",32,0.252135229348532,0.266242435931325,23
"SenMayo_nonoverlap",33,0.239709391584635,0.267560129042249,23
"SenMayo_nonoverlap",34,0.208182228189598,0.209957928582285,22
"SenMayo_nonoverlap",35,0.245692080527901,0.260159111308009,23
"SenMayo_nonoverlap",36,0.233534940367831,0.230407282466753,23
"SenMayo_nonoverlap",37,0.241666849360299,0.250997316880654,23
"SenMayo_nonoverlap",38,0.201389764183282,0.193899950164422,23
"SenMayo_nonoverlap",39,0.21185694436136,0.223817130711428,23
"SenMayo_nonoverlap",40,0.299773891395441,0.298586700350815,23
"SenMayo_nonoverlap",41,0.173123820262549,0.177116824996328,22
"SenMayo_nonoverlap",42,0.241773878985734,0.260259659460287,23
"SenMayo_nonoverlap",43,0.283794168941144,0.277670166208868,23
"SenMayo_nonoverlap",44,0.242378469347766,0.240192074200576,23
"SenMayo_nonoverlap",45,0.214324433710732,0.213162416706351,23
"SenMayo_nonoverlap",46,0.215084053324137,0.199611198573492,23
"SenMayo_nonoverlap",47,0.253539164222074,0.254346849702079,23
"SenMayo_nonoverlap",48,0.25936417723055,0.250438771034553,23
"SenMayo_nonoverlap",49,0.187965066921961,0.183508884902254,23
"SenMayo_nonoverlap",50,0.217538989554066,0.236368997979938,22
"SenMayo_nonoverlap",51,0.170966866983939,0.165510554547774,23
"SenMayo_nonoverlap",52,0.184481362708743,0.195017174609112,22
"SenMayo_nonoverlap",53,0.203401458573524,0.190822704650713,23
"SenMayo_nonoverlap",54,0.254927168859799,0.253917720620194,23
"SenMayo_nonoverlap",55,0.17955212364204,0.175828549069899,22
"SenMayo_nonoverlap",56,0.18464957040848,0.184150343165476,22
"SenMayo_nonoverlap",57,0.273781651618936,0.273447933811558,23
"SenMayo_nonoverlap",58,0.190707202432211,0.180550565293996,23
"SenMayo_nonoverlap",59,0.190756875230582,0.183213680775093,22
"SenMayo_nonoverlap",60,0.256519819651639,0.284059871661819,22
"SenMayo_nonoverlap",61,0.289263383289921,0.264450928879506,23
"SenMayo_nonoverlap",62,0.194118253756427,0.189325907097446,22
"SenMayo_nonoverlap",63,0.167212390682024,0.160379313402921,23
"SenMayo_nonoverlap",64,0.164813862620687,0.180879294642611,22
"SenMayo_nonoverlap",65,0.138003191075318,0.14553880387616,22
"SenMayo_nonoverlap",66,0.231649240066938,0.218776477232637,23
"SenMayo_nonoverlap",67,0.283815120017229,0.275940216273257,23
"SenMayo_nonoverlap",68,0.215793040407161,0.208181344620486,23
"SenMayo_nonoverlap",69,0.207991138909005,0.207534363591888,22
"SenMayo_nonoverlap",70,0.139594555011692,0.13237827399444,23
"SenMayo_nonoverlap",71,0.242694768025294,0.225512054591659,23
"SenMayo_nonoverlap",72,0.256161811628312,0.26291224439168,23
"SenMayo_nonoverlap",73,0.155057460430338,0.160039926697251,22
"SenMayo_nonoverlap",74,0.169584097137973,0.1819671509983,23
"SenMayo_nonoverlap",75,0.187202186217176,0.184877407899323,22
"SenMayo_nonoverlap",76,0.253332625757421,0.25846648737223,23
"SenMayo_nonoverlap",77,0.258242550776535,0.252318776320924,23
"SenMayo_nonoverlap",78,0.229704000205976,0.229202886608823,23
"SenMayo_nonoverlap",79,0.201816153148744,0.186511864497852,23
"SenMayo_nonoverlap",80,0.308443458685199,0.336197542434309,23
"SenMayo_nonoverlap",81,0.303199275384416,0.303569444080762,23
"SenMayo_nonoverlap",82,0.210901386043951,0.20311561380816,23
"SenMayo_nonoverlap",83,0.227491335461437,0.224244847994256,23
"SenMayo_nonoverlap",84,0.17264631424219,0.165883824583315,22
"SenMayo_nonoverlap",85,0.238666280908393,0.22861676181653,23
"SenMayo_nonoverlap",86,0.236844175344208,0.227973510606313,23
"SenMayo_nonoverlap",87,0.192609136861784,0.183189960190764,23
"SenMayo_nonoverlap",88,0.140012898039706,0.11736697991809,22
"SenMayo_nonoverlap",89,0.261829665383255,0.273362469862503,23
"SenMayo_nonoverlap",90,0.231064854666328,0.206731539245823,23
"SenMayo_nonoverlap",91,0.273540089463489,0.278228286498644,23
"SenMayo_nonoverlap",92,0.291012888328347,0.275084983730292,23
"SenMayo_nonoverlap",93,0.209321787331457,0.20712269549364,23
"SenMayo_nonoverlap",94,0.2615285382082,0.245105279397301,23
"SenMayo_nonoverlap",95,0.190757120341013,0.188736106689821,23
"SenMayo_nonoverlap",96,0.148861271442303,0.160462662171395,23
"SenMayo_nonoverlap",97,0.247751956494068,0.237343052241053,23
"SenMayo_nonoverlap",98,0.142357661003448,0.138863028015039,22
"SenMayo_nonoverlap",99,0.206815450772109,0.227150591833137,23
"SenMayo_nonoverlap",100,0.234131387809827,0.222559275392442,23
"SenMayo_nonoverlap",101,0.212703481242912,0.238230882145446,23
"SenMayo_nonoverlap",102,0.220882662075608,0.200250936789821,23
"SenMayo_nonoverlap",103,0.258171536347718,0.272299768471764,23
"SenMayo_nonoverlap",104,0.26312707829179,0.247582860338336,23
"SenMayo_nonoverlap",105,0.167108197183338,0.142428126467309,23
"SenMayo_nonoverlap",106,0.186233166035213,0.196282203116072,23
"SenMayo_nonoverlap",107,0.162230880145351,0.166214827777757,22
"SenMayo_nonoverlap",108,0.21373263530992,0.20404092933962,23
"SenMayo_nonoverlap",109,0.173525744863378,0.18810748094559,22
"SenMayo_nonoverlap",110,0.239802523446538,0.234073113607452,23
"SenMayo_nonoverlap",111,0.126045539444751,0.127471633622236,22
"SenMayo_nonoverlap",112,0.155224866559055,0.141054647064582,23
"SenMayo_nonoverlap",113,0.232564793162947,0.212736080549409,23
"SenMayo_nonoverlap",114,0.257726906739371,0.270405625163292,23
"SenMayo_nonoverlap",115,0.221999431262909,0.210897026804964,23
"SenMayo_nonoverlap",116,0.294250351093674,0.303867215309374,23
"SenMayo_nonoverlap",117,0.20297428516992,0.17796931958521,23
"SenMayo_nonoverlap",118,0.208345573957592,0.203817699219856,23
"SenMayo_nonoverlap",119,0.207181229300692,0.208673134218451,23
"SenMayo_nonoverlap",120,0.216541375825246,0.186890532178638,23
"SenMayo_nonoverlap",121,0.184283352924678,0.165431704863513,22
"SenMayo_nonoverlap",122,0.349399796759559,0.327838616302893,23
"SenMayo_nonoverlap",123,0.251689112305022,0.2626827237948,22
"SenMayo_nonoverlap",124,0.203399748999427,0.193689000272549,23
"SenMayo_nonoverlap",125,0.299815527699462,0.290254100889436,23
"SenMayo_nonoverlap",126,0.168344429284879,0.169003497556561,22
"SenMayo_nonoverlap",127,0.196416072563858,0.182256273021655,23
"SenMayo_nonoverlap",128,0.254030259417262,0.242377405035685,23
"SenMayo_nonoverlap",129,0.183412073309579,0.170742982340817,23
"SenMayo_nonoverlap",130,0.18845057027503,0.188305885230232,23
"SenMayo_nonoverlap",131,0.228696224151525,0.212635686511469,23
"SenMayo_nonoverlap",132,0.091317169309385,0.110641185057311,19
"SenMayo_nonoverlap",133,0.272849068053589,0.287881507601324,23
"SenMayo_nonoverlap",134,0.115053937640922,0.124882096644581,21
"SenMayo_nonoverlap",135,0.279533344205718,0.266486730792321,23
"SenMayo_nonoverlap",136,0.23993329341057,0.247017859378182,23
"SenMayo_nonoverlap",137,0.183975678622589,0.181984999814956,23
"SenMayo_nonoverlap",138,0.226961827364361,0.237600461221535,23
"SenMayo_nonoverlap",139,0.220253872335833,0.219205852853631,23
"SenMayo_nonoverlap",140,0.168949708972543,0.157619042473285,22
"SenMayo_nonoverlap",141,0.330128943202595,0.333829763006433,23
"SenMayo_nonoverlap",142,0.247932717920487,0.237287169794177,23
"SenMayo_nonoverlap",143,0.259453702509701,0.27767562690538,23
"SenMayo_nonoverlap",144,0.294856909396535,0.282199675536548,23
"SenMayo_nonoverlap",145,0.218235980583689,0.209138373393418,23
"SenMayo_nonoverlap",146,0.0796492505199387,0.0790582359303568,18
"SenMayo_nonoverlap",147,0.269272223536275,0.270003176445811,23
"SenMayo_nonoverlap",148,0.355388012508822,0.376646860903491,23
"SenMayo_nonoverlap",149,0.241692001939391,0.246710335911049,23
"SenMayo_nonoverlap",150,0.271237148413953,0.274402563873544,23
"SenMayo_nonoverlap",151,0.194713771408424,0.193056755764658,22
"SenMayo_nonoverlap",152,0.121079438820636,0.114355963581684,23
"SenMayo_nonoverlap",153,0.0559113980161915,0.049679703518221,18
"SenMayo_nonoverlap",154,0.191312667771786,0.17416378171552,23
"SenMayo_nonoverlap",155,0.268309663008406,0.252333415598317,23
"SenMayo_nonoverlap",156,0.189832817329228,0.192219654207979,22
"SenMayo_nonoverlap",157,0.237253154647629,0.239864125426864,23
"SenMayo_nonoverlap",158,0.244586333656974,0.222188261410514,23
"SenMayo_nonoverlap",159,0.103461037360653,0.105295213840341,19
"SenMayo_nonoverlap",160,0.180911914369529,0.174981683723327,23
"SenMayo_nonoverlap",161,0.203981768545725,0.210453278985366,22
"SenMayo_nonoverlap",162,0.24590115549156,0.255538802481653,23
"SenMayo_nonoverlap",163,0.280873130011266,0.272708480794205,23
"SenMayo_nonoverlap",164,0.176725371885245,0.157726770274883,22
"SenMayo_nonoverlap",165,0.333175990123209,0.333153148911502,23
"SenMayo_nonoverlap",166,0.181450750270567,0.187137672615112,23
"SenMayo_nonoverlap",167,0.166197876637601,0.149328229094302,23
"SenMayo_nonoverlap",168,0.244799684544403,0.230681653105836,23
"SenMayo_nonoverlap",169,0.239075778829851,0.207110238780716,23
"SenMayo_nonoverlap",170,0.275033216138533,0.280924045311587,23
"SenMayo_nonoverlap",171,0.232538375273092,0.250796059839212,23
"SenMayo_nonoverlap",172,0.193552554855984,0.179795183225591,23
"SenMayo_nonoverlap",173,0.287818797683966,0.289125721469603,22
"SenMayo_nonoverlap",174,0.23434436495223,0.245503695669733,23
"SenMayo_nonoverlap",175,0.209339951487117,0.197064565352533,23
"SenMayo_nonoverlap",176,0.216559272338167,0.239398188896281,23
"SenMayo_nonoverlap",177,0.111059624471149,0.10101997747516,21
"SenMayo_nonoverlap",178,0.1469602118287,0.147476321481553,23
"SenMayo_nonoverlap",179,0.290162859158444,0.290286725292147,23
"SenMayo_nonoverlap",180,0.211848710879203,0.200949851533955,23
"SenMayo_nonoverlap",181,0.29649283696204,0.282205924921408,23
"SenMayo_nonoverlap",182,0.246168482445177,0.251644228761281,23
"SenMayo_nonoverlap",183,0.177957228735044,0.191464527258176,22
"SenMayo_nonoverlap",184,0.08539718031761,0.0793382397152959,23
"SenMayo_nonoverlap",185,0.25608448832966,0.261402342104639,23
"SenMayo_nonoverlap",186,0.215838502218561,0.225902689364948,23
"SenMayo_nonoverlap",187,0.232017892657107,0.229644170277469,23
"SenMayo_nonoverlap",188,0.242705336705827,0.240459701789159,23
"SenMayo_nonoverlap",189,0.242863301363786,0.223109611957514,23
"SenMayo_nonoverlap",190,0.28064439318453,0.287774968837098,23
"SenMayo_nonoverlap",191,0.150573519756067,0.157554075150574,22
"SenMayo_nonoverlap",192,0.259079201830573,0.267639406240235,23
"SenMayo_nonoverlap",193,0.230272909699621,0.229017236019029,23
"SenMayo_nonoverlap",194,0.225321451264799,0.215305668703778,23
"SenMayo_nonoverlap",195,0.214654645491764,0.218018437153164,23
"SenMayo_nonoverlap",196,0.208448003189566,0.209572092525168,23
"SenMayo_nonoverlap",197,0.278296183287608,0.289061230136378,23
"SenMayo_nonoverlap",198,0.332317621411078,0.322957280126711,23
"SenMayo_nonoverlap",199,0.232567565962512,0.229325976731394,23
"SenMayo_nonoverlap",200,0.204567271917392,0.203129925577668,23
"SenMayo_nonoverlap",201,0.176767249637126,0.171626718196314,22
"SenMayo_nonoverlap",202,0.221407223169675,0.213421160728713,23
"SenMayo_nonoverlap",203,0.246980017026731,0.232258553321425,23
"SenMayo_nonoverlap",204,0.153569074672468,0.160837841041081,22
"SenMayo_nonoverlap",205,0.237688501798628,0.239708539433094,23
"SenMayo_nonoverlap",206,0.317360092135827,0.314122591591035,22
"SenMayo_nonoverlap",207,0.186347750937567,0.191660536359046,23
"SenMayo_nonoverlap",208,0.253975109620354,0.249934523839359,23
"SenMayo_nonoverlap",209,0.128483267075699,0.132937892029712,22
"SenMayo_nonoverlap",210,0.166168553307066,0.173561549134353,22
"SenMayo_nonoverlap",211,0.120255413386636,0.12219588910974,22
"SenMayo_nonoverlap",212,0.21360069478792,0.214646914320289,23
"SenMayo_nonoverlap",213,0.358092579188429,0.356243321130976,23
"SenMayo_nonoverlap",214,0.28283770693677,0.272577590005674,23
"SenMayo_nonoverlap",215,0.189144827443735,0.207474085695018,22
"SenMayo_nonoverlap",216,0.329302991572187,0.338245212812838,23
"SenMayo_nonoverlap",217,0.152150577449931,0.158337265894312,22
"SenMayo_nonoverlap",218,0.25726457157429,0.258620774223819,23
"SenMayo_nonoverlap",219,0.182729607027431,0.177364733673564,23
"SenMayo_nonoverlap",220,0.256438404543543,0.262358472947646,23
"SenMayo_nonoverlap",221,0.231804092809119,0.228617580213227,23
"SenMayo_nonoverlap",222,0.26522238284446,0.229812855100504,23
"SenMayo_nonoverlap",223,0.147146584611043,0.155579356798232,22
"SenMayo_nonoverlap",224,0.119854313202638,0.124458718367704,22
"SenMayo_nonoverlap",225,0.33593415032488,0.340709041548439,23
"SenMayo_nonoverlap",226,0.167083762178969,0.156889480007565,23
"SenMayo_nonoverlap",227,0.230442098153919,0.243941832485457,23
"SenMayo_nonoverlap",228,0.176552077131276,0.186018154081671,22
"SenMayo_nonoverlap",229,0.18414948000389,0.183746558975488,22
"SenMayo_nonoverlap",230,0.303647444826282,0.297919264043294,23
"SenMayo_nonoverlap",231,0.186941691481887,0.160982522405092,23
"SenMayo_nonoverlap",232,0.232873099658599,0.230442617720303,23
"SenMayo_nonoverlap",233,0.127143435968636,0.109380128784069,21
"SenMayo_nonoverlap",234,0.23245503971574,0.216165705415531,22
"SenMayo_nonoverlap",235,0.265119726011176,0.277020344940335,23
"SenMayo_nonoverlap",236,0.341308041076571,0.327661025787375,23
"SenMayo_nonoverlap",237,0.325196121762178,0.343899029953652,23
"SenMayo_nonoverlap",238,0.211241503329004,0.212442741109475,23
"SenMayo_nonoverlap",239,0.248986706077102,0.24081633418513,23
"SenMayo_nonoverlap",240,0.156866045696386,0.150627531681933,22
"SenMayo_nonoverlap",241,0.139613249608495,0.135955337110787,22
"SenMayo_nonoverlap",242,0.172289110785873,0.175117352253513,23
"SenMayo_nonoverlap",243,0.223692050714796,0.203439458844262,23
"SenMayo_nonoverlap",244,0.225671116307209,0.226802129919065,23
"SenMayo_nonoverlap",245,0.188937301373042,0.195882697580497,23
"SenMayo_nonoverlap",246,0.166364723391486,0.168217984567205,22
"SenMayo_nonoverlap",247,0.218549860437916,0.205366209941691,22
"SenMayo_nonoverlap",248,0.256792231274263,0.243609179215825,23
"SenMayo_nonoverlap",249,0.278999340129715,0.264969680229469,23
"SenMayo_nonoverlap",250,0.222131269066782,0.223908334446254,23
"SenMayo_nonoverlap",251,0.270865467402473,0.251104707225775,23
"SenMayo_nonoverlap",252,0.239718377556132,0.244321943515257,23
"SenMayo_nonoverlap",253,0.266698059508134,0.287879621502254,23
"SenMayo_nonoverlap",254,0.219600254419092,0.227493639697206,22
"SenMayo_nonoverlap",255,0.250218553265903,0.267547330722569,23
"SenMayo_nonoverlap",256,0.246980061063675,0.24905689323655,23
"SenMayo_nonoverlap",257,0.158296388183559,0.166622973818793,22
"SenMayo_nonoverlap",258,0.265313359924338,0.262037581310849,23
"SenMayo_nonoverlap",259,0.2002890906866,0.182353644920914,23
"SenMayo_nonoverlap",260,0.277503580086819,0.270760470975016,23
"SenMayo_nonoverlap",261,0.343850616307369,0.338533090417438,23
"SenMayo_nonoverlap",262,0.268336258508869,0.261994035489354,23
"SenMayo_nonoverlap",263,0.253969561436636,0.240370915920932,22
"SenMayo_nonoverlap",264,0.292395426552406,0.3011945622073,23
"SenMayo_nonoverlap",265,0.193966686338533,0.17217009652548,23
"SenMayo_nonoverlap",266,0.16750201371098,0.180151223307798,23
"SenMayo_nonoverlap",267,0.0318230179251387,0.037342186997327,16
"SenMayo_nonoverlap",268,0.277733726056524,0.278949365817511,23
"SenMayo_nonoverlap",269,0.281844182876662,0.282784754576476,23
"SenMayo_nonoverlap",270,0.163812803437062,0.154829546355269,23
"SenMayo_nonoverlap",271,0.137064521790215,0.144898502863116,23
"SenMayo_nonoverlap",272,0.272123098090934,0.272408417357952,23
"SenMayo_nonoverlap",273,0.134430742464771,0.144582304320018,21
"SenMayo_nonoverlap",274,0.288833155586793,0.270660693110649,23
"SenMayo_nonoverlap",275,0.283440965880801,0.287616551546019,23
"SenMayo_nonoverlap",276,0.170122008538409,0.17738869038188,22
"SenMayo_nonoverlap",277,0.157619988445459,0.176256532325802,22
"SenMayo_nonoverlap",278,0.251922891112591,0.247943561338424,23
"SenMayo_nonoverlap",279,0.311041485272005,0.331442493266926,23
"SenMayo_nonoverlap",280,0.24013792704752,0.24005873638211,23
"SenMayo_nonoverlap",281,0.163349453117017,0.170891234841887,22
"SenMayo_nonoverlap",282,0.312270360135932,0.278215512510611,23
"SenMayo_nonoverlap",283,0.284060593321213,0.282517615723074,23
"SenMayo_nonoverlap",284,0.268638074433858,0.2720715867536,23
"SenMayo_nonoverlap",285,0.233186360383228,0.235620601929552,23
"SenMayo_nonoverlap",286,0.267286535961391,0.247488881407237,23
"SenMayo_nonoverlap",287,0.172613820249313,0.176896068988276,23
"SenMayo_nonoverlap",288,0.262970400390907,0.250186110333931,23
"SenMayo_nonoverlap",289,0.242899548148886,0.232223365316681,23
"SenMayo_nonoverlap",290,0.227377654323006,0.24587739660204,23
"SenMayo_nonoverlap",291,0.334491851790108,0.319736722000561,23
"SenMayo_nonoverlap",292,0.117066585694486,0.111223610800381,22
"SenMayo_nonoverlap",293,0.322530263456365,0.332143790224411,23
"SenMayo_nonoverlap",294,0.194248518305727,0.180541617315899,23
"SenMayo_nonoverlap",295,0.284996895358947,0.312619259952334,23
"SenMayo_nonoverlap",296,0.208351619315474,0.203847944123588,23
"SenMayo_nonoverlap",297,0.18908417466755,0.17493601273209,23
"SenMayo_nonoverlap",298,0.229117583016108,0.238443137303297,23
"SenMayo_nonoverlap",299,0.170492725117362,0.186829037417833,22
"SenMayo_nonoverlap",300,0.177872768175926,0.161758991826343,22
"SenMayo_nonoverlap",301,0.232744157601152,0.213470698203577,23
"SenMayo_nonoverlap",302,0.286048891974573,0.268167470661688,23
"SenMayo_nonoverlap",303,0.312221372606452,0.306215251066595,23
"SenMayo_nonoverlap",304,0.185780330299954,0.202105738649555,22
"SenMayo_nonoverlap",305,0.16115124111916,0.14944941173163,23
"SenMayo_nonoverlap",306,0.18904624045152,0.174564964776887,23
"SenMayo_nonoverlap",307,0.242088785378458,0.239793710357722,23
"SenMayo_nonoverlap",308,0.264600205566659,0.24670478482806,23
"SenMayo_nonoverlap",309,0.160730311017206,0.154463766640928,23
"SenMayo_nonoverlap",310,0.178039770818994,0.19382922119744,23
"SenMayo_nonoverlap",311,0.214374187430472,0.203053107618945,23
"SenMayo_nonoverlap",312,0.24706580292334,0.247318867809161,23
"SenMayo_nonoverlap",313,0.252698671684612,0.243989203871182,23
"SenMayo_nonoverlap",314,0.331571489473291,0.326787511933689,23
"SenMayo_nonoverlap",315,0.309948456730124,0.323759112007173,23
"SenMayo_nonoverlap",316,0.229449708492749,0.207361448011395,23
"SenMayo_nonoverlap",317,0.235131526830297,0.221938427807991,23
"SenMayo_nonoverlap",318,0.240202270507458,0.25534719014555,23
"SenMayo_nonoverlap",319,0.178978106473735,0.166114323845509,23
"SenMayo_nonoverlap",320,0.195477671980693,0.19591438913379,23
"SenMayo_nonoverlap",321,0.269292154230872,0.257573000170124,23
"SenMayo_nonoverlap",322,0.165419060830349,0.161711466028111,22
"SenMayo_nonoverlap",323,0.343173055673664,0.344796498071029,23
"SenMayo_nonoverlap",324,0.276038056601682,0.279577559513105,23
"SenMayo_nonoverlap",325,0.226065695265871,0.218178832247086,23
"SenMayo_nonoverlap",326,0.248856856629653,0.253271464393445,23
"SenMayo_nonoverlap",327,0.1584880648533,0.173712899095848,22
"SenMayo_nonoverlap",328,0.311241604635543,0.292691457015719,23
"SenMayo_nonoverlap",329,0.206837668493617,0.197694215809112,23
"SenMayo_nonoverlap",330,0.34230679439097,0.348880970991329,23
"SenMayo_nonoverlap",331,0.1806743096916,0.175712680973642,23
"SenMayo_nonoverlap",332,0.265279831030583,0.277454388085496,23
"SenMayo_nonoverlap",333,0.172129374066329,0.166970484001756,22
"SenMayo_nonoverlap",334,0.269367248377414,0.273796234760159,23
"SenMayo_nonoverlap",335,0.189424912528742,0.18122219472159,23
"SenMayo_nonoverlap",336,0.121018722743114,0.125958119532378,22
"SenMayo_nonoverlap",337,0.188301370536337,0.184518049582818,23
"SenMayo_nonoverlap",338,0.174736116863152,0.174031821503543,23
"SenMayo_nonoverlap",339,0.245991799958007,0.247825088085811,22
"SenMayo_nonoverlap",340,0.141311103492483,0.135203104758691,22
"SenMayo_nonoverlap",341,0.128136804124042,0.168474320922855,21
"SenMayo_nonoverlap",342,0.222047468255359,0.221655083004278,22
"SenMayo_nonoverlap",343,0.225373482704285,0.224197314871897,23
"SenMayo_nonoverlap",344,0.147729035648882,0.143647686212653,23
"SenMayo_nonoverlap",345,0.228137365514756,0.241520574416131,23
"SenMayo_nonoverlap",346,0.178686626447758,0.182119875339565,23
"SenMayo_nonoverlap",347,0.157514330569579,0.158126428454488,22
"SenMayo_nonoverlap",348,0.239968482666156,0.219427360341307,23
"SenMayo_nonoverlap",349,0.166725779097935,0.149668929665301,22
"SenMayo_nonoverlap",350,0.260657803373189,0.26178448734379,23
"SenMayo_nonoverlap",351,0.187186331056602,0.180440386182662,23
"SenMayo_nonoverlap",352,0.113145626364897,0.11078603299798,21
"SenMayo_nonoverlap",353,0.203693140723821,0.231921117298323,22
"SenMayo_nonoverlap",354,0.148525472673548,0.177291319267923,22
"SenMayo_nonoverlap",355,0.221019942955911,0.227358074429055,22
"SenMayo_nonoverlap",356,0.344295549850434,0.328537478029972,23
"SenMayo_nonoverlap",357,0.349833772064869,0.341484197074779,23
"SenMayo_nonoverlap",358,0.214637154359826,0.221497078886539,23
"SenMayo_nonoverlap",359,0.0938738947505841,0.105357934951407,20
"SenMayo_nonoverlap",360,0.320870546733915,0.331641650662333,23
"SenMayo_nonoverlap",361,0.151016721959557,0.128994112903774,23
"SenMayo_nonoverlap",362,0.215761344833452,0.195390474362401,23
"SenMayo_nonoverlap",363,0.265616496404077,0.272674318066757,23
"SenMayo_nonoverlap",364,0.22767404111218,0.234123423160187,23
"SenMayo_nonoverlap",365,0.305602460303109,0.289244251152198,23
"SenMayo_nonoverlap",366,0.19852812626814,0.19573049928959,23
"SenMayo_nonoverlap",367,0.210623370251088,0.21063872499099,23
"SenMayo_nonoverlap",368,0.152354411239468,0.173783020132379,22
"SenMayo_nonoverlap",369,0.222665158750797,0.215786512962524,23
"SenMayo_nonoverlap",370,0.16242611610842,0.166708150774328,22
"SenMayo_nonoverlap",371,0.227593181892781,0.225832305123169,23
"SenMayo_nonoverlap",372,0.273938328932261,0.269785863477937,23
"SenMayo_nonoverlap",373,0.260708129009379,0.269349453524465,23
"SenMayo_nonoverlap",374,0.18347822275042,0.193597999170327,23
"SenMayo_nonoverlap",375,0.219935636614128,0.227120807607797,23
"SenMayo_nonoverlap",376,0.327277089769747,0.323294469234365,23
"SenMayo_nonoverlap",377,0.403389280996828,0.406287545387212,23
"SenMayo_nonoverlap",378,0.257699160935662,0.252900826888269,23
"SenMayo_nonoverlap",379,0.24735973598465,0.246700879539759,23
"SenMayo_nonoverlap",380,0.215910464919077,0.219312949832948,23
"SenMayo_nonoverlap",381,0.149650496326919,0.139054108760032,22
"SenMayo_nonoverlap",382,0.0985798824986298,0.102922262025036,20
"SenMayo_nonoverlap",383,0.17920267936932,0.171205736275584,23
"SenMayo_nonoverlap",384,0.18973297908299,0.181893975918825,22
"SenMayo_nonoverlap",385,0.187235895034259,0.183940624826612,23
"SenMayo_nonoverlap",386,0.164680172636392,0.139174218295526,22
"SenMayo_nonoverlap",387,0.199635595738235,0.200156247049939,23
"SenMayo_nonoverlap",388,0.177155642217751,0.174813274215151,23
"SenMayo_nonoverlap",389,0.208819842758508,0.202636025350577,23
"SenMayo_nonoverlap",390,0.0860793072732727,0.0779971656018256,21
"SenMayo_nonoverlap",391,0.247476417986987,0.245229173131237,23
"SenMayo_nonoverlap",392,0.196051194519216,0.200474641906139,22
"SenMayo_nonoverlap",393,0.275332210996283,0.254840669876147,23
"SenMayo_nonoverlap",394,0.271303241153439,0.285450075656873,22
"SenMayo_nonoverlap",395,0.187479750716472,0.1903403136619,22
"SenMayo_nonoverlap",396,0.206484081441906,0.197092707488565,23
"SenMayo_nonoverlap",397,0.317455338061319,0.300643706837947,23
"SenMayo_nonoverlap",398,0.175276604852946,0.170980548727986,23
"SenMayo_nonoverlap",399,0.271626827881103,0.297319474014463,23
"SenMayo_nonoverlap",400,0.199553097839813,0.172768939041737,23
"SenMayo_nonoverlap",401,0.281574766040868,0.281790753512578,23
"SenMayo_nonoverlap",402,0.194081232588301,0.178273943068843,23
"SenMayo_nonoverlap",403,0.333218174935717,0.312250806255439,23
"SenMayo_nonoverlap",404,0.243165720584828,0.244419834239482,23
"SenMayo_nonoverlap",405,0.25478506396009,0.263963166359383,23
"SenMayo_nonoverlap",406,0.14888223894958,0.141569055128542,23
"SenMayo_nonoverlap",407,0.208260921786325,0.19125603118688,23
"SenMayo_nonoverlap",408,0.17361456425409,0.184430530458511,23
"SenMayo_nonoverlap",409,0.224995857285723,0.199328996815507,23
"SenMayo_nonoverlap",410,0.181867597869271,0.183634420468831,22
"SenMayo_nonoverlap",411,0.227850622658058,0.214262433712886,23
"SenMayo_nonoverlap",412,0.198597951570927,0.208346680834463,22
"SenMayo_nonoverlap",413,0.153497247106349,0.153004885082828,23
"SenMayo_nonoverlap",414,0.187135179370211,0.198033084694516,22
"SenMayo_nonoverlap",415,0.18271697702843,0.193055498193198,22
"SenMayo_nonoverlap",416,0.177317973597962,0.164570837793615,23
"SenMayo_nonoverlap",417,0.157565632710767,0.150811344705686,23
"SenMayo_nonoverlap",418,0.238377015700537,0.248130684735733,23
"SenMayo_nonoverlap",419,0.171891366824292,0.150649293925184,22
"SenMayo_nonoverlap",420,0.101680141270098,0.0905115584907166,22
"SenMayo_nonoverlap",421,0.288915084910248,0.256121070926536,23
"SenMayo_nonoverlap",422,0.283419700661064,0.261958961523623,23
"SenMayo_nonoverlap",423,0.158201888258998,0.162927951298292,22
"SenMayo_nonoverlap",424,0.193127170366337,0.191570982720988,23
"SenMayo_nonoverlap",425,0.239139540579164,0.215000023054111,23
"SenMayo_nonoverlap",426,0.311189861799107,0.311046260230139,23
"SenMayo_nonoverlap",427,0.321051285169959,0.314580863646925,23
"SenMayo_nonoverlap",428,0.181024618133867,0.178082785404852,22
"SenMayo_nonoverlap",429,0.361282860202188,0.371852239415761,23
"SenMayo_nonoverlap",430,0.233796982520273,0.216990899539294,23
"SenMayo_nonoverlap",431,0.195014504191261,0.192156915464271,22
"SenMayo_nonoverlap",432,0.189973751445457,0.181889223411214,23
"SenMayo_nonoverlap",433,0.272482648785398,0.291473086822412,22
"SenMayo_nonoverlap",434,0.263232952197577,0.269072286794046,23
"SenMayo_nonoverlap",435,0.155701955453921,0.16055536506052,23
"SenMayo_nonoverlap",436,0.397599477112092,0.39720411802698,23
"SenMayo_nonoverlap",437,0.287101369155438,0.283463682712026,23
"SenMayo_nonoverlap",438,0.166489462524388,0.188127747518761,23
"SenMayo_nonoverlap",439,0.353355777750025,0.361050312951804,23
"SenMayo_nonoverlap",440,0.192115299611316,0.181216344087108,23
"SenMayo_nonoverlap",441,0.206379006124951,0.2141074924735,23
"SenMayo_nonoverlap",442,0.275009706091936,0.269146279829985,22
"SenMayo_nonoverlap",443,0.253915457460398,0.268193163165169,23
"SenMayo_nonoverlap",444,0.104696465422619,0.0984473809164332,22
"SenMayo_nonoverlap",445,0.130329392990827,0.123903187397681,23
"SenMayo_nonoverlap",446,0.073514715175543,0.0777029928989292,19
"SenMayo_nonoverlap",447,0.192469749018224,0.200060465177889,23
"SenMayo_nonoverlap",448,0.319705971635527,0.305702161125561,23
"SenMayo_nonoverlap",449,0.28920464152305,0.266291483862203,23
"SenMayo_nonoverlap",450,0.161324743758313,0.161198494812431,22
"SenMayo_nonoverlap",451,0.287804641578659,0.274622536180383,23
"SenMayo_nonoverlap",452,0.314272203198472,0.292178215597086,23
"SenMayo_nonoverlap",453,0.280656984440104,0.271777549807548,23
"SenMayo_nonoverlap",454,0.151464635082278,0.151286091215324,22
"SenMayo_nonoverlap",455,0.137019590599401,0.131987718272592,22
"SenMayo_nonoverlap",456,0.263397397853556,0.264982472374947,23
"SenMayo_nonoverlap",457,0.147180959387175,0.144498577018604,21
"SenMayo_nonoverlap",458,0.140476277813193,0.139712641857267,23
"SenMayo_nonoverlap",459,0.18315115152413,0.178425119042776,22
"SenMayo_nonoverlap",460,0.350921034192763,0.349777191933619,23
"SenMayo_nonoverlap",461,0.250685891401144,0.243667425609509,23
"SenMayo_nonoverlap",462,0.167503436339728,0.16763801370852,22
"SenMayo_nonoverlap",463,0.124820067760285,0.132547114476415,21
"SenMayo_nonoverlap",464,0.23375954327115,0.221834972312797,23
"SenMayo_nonoverlap",465,0.405390031469125,0.405990185663717,23
"SenMayo_nonoverlap",466,0.218483515617587,0.212877962503658,23
"SenMayo_nonoverlap",467,0.253323790683854,0.249284016253776,23
"SenMayo_nonoverlap",468,0.25922013167202,0.233064849317855,23
"SenMayo_nonoverlap",469,0.14983601582111,0.138091636615068,22
"SenMayo_nonoverlap",470,0.134645629167212,0.144391833141084,21
"SenMayo_nonoverlap",471,0.172343087025042,0.187486428063636,23
"SenMayo_nonoverlap",472,0.25664427022003,0.246933907851213,23
"SenMayo_nonoverlap",473,0.264804808213975,0.275208868438194,23
"SenMayo_nonoverlap",474,0.208358545890497,0.212445808223392,23
"SenMayo_nonoverlap",475,0.296186954297377,0.301050939727536,23
"SenMayo_nonoverlap",476,0.157711250846244,0.166712770703163,23
"SenMayo_nonoverlap",477,0.127446034315696,0.119959652027707,23
"SenMayo_nonoverlap",478,0.257170144875674,0.279272724823133,22
"SenMayo_nonoverlap",479,0.190324562960742,0.188669251763774,22
"SenMayo_nonoverlap",480,0.17303901806389,0.159998725077797,22
"SenMayo_nonoverlap",481,0.352795833330243,0.352329398770155,23
"SenMayo_nonoverlap",482,0.213038894697146,0.22383428641239,23
"SenMayo_nonoverlap",483,0.236090525934174,0.246776160903058,23
"SenMayo_nonoverlap",484,0.1113466111628,0.0885873680205595,21
"SenMayo_nonoverlap",485,0.308122952968491,0.301313711395013,23
"SenMayo_nonoverlap",486,0.314435026535968,0.324403100261059,23
"SenMayo_nonoverlap",487,0.114542245128148,0.104681890989241,23
"SenMayo_nonoverlap",488,0.188560212142779,0.151536238603704,23
"SenMayo_nonoverlap",489,0.130337938069257,0.125739456337824,23
"SenMayo_nonoverlap",490,0.175363562103106,0.185777766333147,22
"SenMayo_nonoverlap",491,0.210579030232026,0.206852363116995,23
"SenMayo_nonoverlap",492,0.205951381628908,0.202509695663182,22
"SenMayo_nonoverlap",493,0.263412155794986,0.262572236311401,23
"SenMayo_nonoverlap",494,0.221681198542295,0.22996865890764,23
"SenMayo_nonoverlap",495,0.16955677833707,0.167167750638809,23
"SenMayo_nonoverlap",496,0.204996435915206,0.216990012103962,23
"SenMayo_nonoverlap",497,0.211845215823604,0.186025514544678,23
"SenMayo_nonoverlap",498,0.187095440066045,0.171499140802584,23
"SenMayo_nonoverlap",499,0.216947489817449,0.20958646629061,23
"SenMayo_nonoverlap",500,0.209423078129234,0.214630405171407,22
"SenMayo_nonoverlap",501,0.15738680011433,0.160030633149509,21
"SenMayo_nonoverlap",502,0.231888031735855,0.231442543635232,23
"SenMayo_nonoverlap",503,0.289158668973511,0.281309183485917,23
"SenMayo_nonoverlap",504,0.326623075383408,0.329235695643095,23
"SenMayo_nonoverlap",505,0.294534545513214,0.295054295537759,23
"SenMayo_nonoverlap",506,0.191187303993097,0.171610580874049,22
"SenMayo_nonoverlap",507,0.269714439817024,0.281673735184668,22
"SenMayo_nonoverlap",508,0.26961004847428,0.262690772658336,23
"SenMayo_nonoverlap",509,0.285151312327874,0.276370726308214,23
"SenMayo_nonoverlap",510,0.136752233162614,0.146016663524602,22
"SenMayo_nonoverlap",511,0.26952491669246,0.249465740438296,23
"SenMayo_nonoverlap",512,0.246375264321658,0.248326812521741,23
"SenMayo_nonoverlap",513,0.201328988619291,0.200708424139995,23
"SenMayo_nonoverlap",514,0.224847909748753,0.218889552917664,23
"SenMayo_nonoverlap",515,0.257180349825731,0.269348484381858,23
"SenMayo_nonoverlap",516,0.19093451003397,0.171980794910702,23
"SenMayo_nonoverlap",517,0.243585040115531,0.244453160662317,23
"SenMayo_nonoverlap",518,0.255777731252244,0.268453689027203,23
"SenMayo_nonoverlap",519,0.202216710512526,0.19657770132355,22
"SenMayo_nonoverlap",520,0.149266206860243,0.156675493303855,22
"SenMayo_nonoverlap",521,0.263739687494251,0.259521442862483,23
"SenMayo_nonoverlap",522,0.247717219523369,0.242159476752232,22
"SenMayo_nonoverlap",523,0.114002574620292,0.106186917840193,22
"SenMayo_nonoverlap",524,0.123285277812986,0.11563111607789,22
"SenMayo_nonoverlap",525,0.157784444084362,0.150324593025836,22
"SenMayo_nonoverlap",526,0.168680086131139,0.15419263070657,22
"SenMayo_nonoverlap",527,0.232697917697703,0.233349562903431,23
"SenMayo_nonoverlap",528,0.187538679494632,0.1916767412597,22
"SenMayo_nonoverlap",529,0.313308727434637,0.299880621734237,23
"SenMayo_nonoverlap",530,0.161018200483501,0.14986498459549,23
"SenMayo_nonoverlap",531,0.220976968408292,0.225144764869979,23
"SenMayo_nonoverlap",532,0.177170191672329,0.163105707894497,23
"SenMayo_nonoverlap",533,0.130046459382344,0.124835106375829,23
"SenMayo_nonoverlap",534,0.199938908241628,0.181119333629467,23
"SenMayo_nonoverlap",535,0.191146323858998,0.199792960270803,22
"SenMayo_nonoverlap",536,0.297685988291273,0.302050644801859,23
"SenMayo_nonoverlap",537,0.24368420383012,0.237495645763852,23
"SenMayo_nonoverlap",538,0.1595691395255,0.157826323167825,22
"SenMayo_nonoverlap",539,0.221815337724982,0.206788677848295,23
"SenMayo_nonoverlap",540,0.272300587004015,0.277993952205691,23
"SenMayo_nonoverlap",541,0.230161351808496,0.221153536048253,22
"SenMayo_nonoverlap",542,0.254903108127162,0.25237466971312,23
"SenMayo_nonoverlap",543,0.223809302783766,0.233764416921017,23
"SenMayo_nonoverlap",544,0.194753301125613,0.214231195872887,22
"SenMayo_nonoverlap",545,0.208796889159102,0.204709272134287,23
"SenMayo_nonoverlap",546,0.208635550064343,0.206629662537315,23
"SenMayo_nonoverlap",547,0.242411878507924,0.239606398878893,23
"SenMayo_nonoverlap",548,0.146116495291952,0.16806497222541,22
"SenMayo_nonoverlap",549,0.262404884212623,0.253486547808394,23
"SenMayo_nonoverlap",550,0.207941867347856,0.196389503355059,23
"SenMayo_nonoverlap",551,0.246795361813928,0.255229232546809,23
"SenMayo_nonoverlap",552,0.336754190850259,0.343436281881674,23
"SenMayo_nonoverlap",553,0.256900885017668,0.248935571417864,23
"SenMayo_nonoverlap",554,0.13374952260954,0.145366362576835,23
"SenMayo_nonoverlap",555,0.174217319948951,0.175057957459385,23
"SenMayo_nonoverlap",556,0.276397106101903,0.297534870571827,23
"SenMayo_nonoverlap",557,0.266084019999596,0.232699696961579,23
"SenMayo_nonoverlap",558,0.257554870192119,0.257398782023033,23
"SenMayo_nonoverlap",559,0.265780759564097,0.258690969525784,23
"SenMayo_nonoverlap",560,0.158898228562064,0.164799760816168,22
"SenMayo_nonoverlap",561,0.223913614238409,0.223628949516392,23
"SenMayo_nonoverlap",562,0.216881214218899,0.206511104796061,22
"SenMayo_nonoverlap",563,0.322005937339415,0.303314170628236,23
"SenMayo_nonoverlap",564,0.24943762657225,0.24618786317425,23
"SenMayo_nonoverlap",565,0.244474548547092,0.255280538466532,23
"SenMayo_nonoverlap",566,0.136934160455231,0.133302330187373,21
"SenMayo_nonoverlap",567,0.185952470699941,0.191719857106344,23
"SenMayo_nonoverlap",568,0.323445047337433,0.309788844455553,23
"SenMayo_nonoverlap",569,0.294789638321408,0.28722375658103,23
"SenMayo_nonoverlap",570,0.152434472069093,0.151812453546746,22
"SenMayo_nonoverlap",571,0.15795951173748,0.167613613705722,22
"SenMayo_nonoverlap",572,0.248198392027699,0.246523944623871,23
"SenMayo_nonoverlap",573,0.15231332206984,0.146230074886795,23
"SenMayo_nonoverlap",574,0.268336884993043,0.263355671567196,23
"SenMayo_nonoverlap",575,0.288914166511803,0.30100077335601,23
"SenMayo_nonoverlap",576,0.162045125053235,0.170394775436477,21
"SenMayo_nonoverlap",577,0.294159483362449,0.300078416154564,23
"SenMayo_nonoverlap",578,0.238669160077781,0.232603128111144,23
"SenMayo_nonoverlap",579,0.217797132292149,0.205529053115231,23
"SenMayo_nonoverlap",580,0.210280923939865,0.213805036115716,23
"SenMayo_nonoverlap",581,0.220696773453664,0.195008177904049,23
"SenMayo_nonoverlap",582,0.181229234647361,0.195774600083908,23
"SenMayo_nonoverlap",583,0.266710040545998,0.280804205967587,23
"SenMayo_nonoverlap",584,0.17090227850096,0.201949856492724,23
"SenMayo_nonoverlap",585,0.242029227348451,0.250994314975601,23
"SenMayo_nonoverlap",586,0.19800383485856,0.233027055503515,22
"SenMayo_nonoverlap",587,0.225163306132045,0.220050988684361,23
"SenMayo_nonoverlap",588,0.325275283873048,0.313247179729585,23
"SenMayo_nonoverlap",589,0.190248520630624,0.186393247562811,23
"SenMayo_nonoverlap",590,0.179206435989729,0.165932441438854,23
"SenMayo_nonoverlap",591,0.115194277294647,0.117368337099798,22
"SenMayo_nonoverlap",592,0.206033182935266,0.197262849187623,22
"SenMayo_nonoverlap",593,0.236020429120806,0.23618433494372,23
"SenMayo_nonoverlap",594,0.243705644156341,0.221244148104358,23
"SenMayo_nonoverlap",595,0.286584801629849,0.273392034341854,23
"SenMayo_nonoverlap",596,0.142327742694718,0.131614302604463,22
"SenMayo_nonoverlap",597,0.143517369179944,0.158334175062194,22
"SenMayo_nonoverlap",598,0.165443438919723,0.15747546387997,23
"SenMayo_nonoverlap",599,0.156974341732991,0.151978006467929,22
"SenMayo_nonoverlap",600,0.160443513282477,0.150651233469666,23
"SenMayo_nonoverlap",601,0.286777064815308,0.278203905579249,23
"SenMayo_nonoverlap",602,0.159098160888252,0.146711277358661,23
"SenMayo_nonoverlap",603,0.211447024798967,0.191494328657508,23
"SenMayo_nonoverlap",604,0.318062006180404,0.316338478278305,23
"SenMayo_nonoverlap",605,0.214705093431221,0.206582572490038,22
"SenMayo_nonoverlap",606,0.234514703335568,0.245785896630652,23
"SenMayo_nonoverlap",607,0.257966286146375,0.24059459574159,23
"SenMayo_nonoverlap",608,0.102768957356009,0.0987733879809546,20
"SenMayo_nonoverlap",609,0.251633662737113,0.244660884226662,23
"SenMayo_nonoverlap",610,0.215290658191371,0.2180849310164,23
"SenMayo_nonoverlap",611,0.259445989793327,0.245351744376632,23
"SenMayo_nonoverlap",612,0.186387409013881,0.189639769668084,23
"SenMayo_nonoverlap",613,0.175672443711551,0.179333148033063,22
"SenMayo_nonoverlap",614,0.33112772586073,0.329948892502428,23
"SenMayo_nonoverlap",615,0.246984582273826,0.259667177907218,23
"SenMayo_nonoverlap",616,0.0779903124810141,0.08708139534012,19
"SenMayo_nonoverlap",617,0.346420582652599,0.330570766728859,23
"SenMayo_nonoverlap",618,0.201577387225396,0.198098469682129,23
"SenMayo_nonoverlap",619,0.174153875137,0.160021260645437,23
"SenMayo_nonoverlap",620,0.253179308124238,0.251821221163806,22
"SenMayo_nonoverlap",621,0.229677256117129,0.231448990844243,23
"SenMayo_nonoverlap",622,0.163406886328396,0.181342245909994,23
"SenMayo_nonoverlap",623,0.209064564048617,0.204539785040299,23
"SenMayo_nonoverlap",624,0.197179452695877,0.187637704961988,22
"SenMayo_nonoverlap",625,0.215999316801405,0.179783471984948,23
"SenMayo_nonoverlap",626,0.189506001338501,0.209732619804081,23
"SenMayo_nonoverlap",627,0.141618331255491,0.154045800787664,22
"SenMayo_nonoverlap",628,0.231750981816415,0.242688045089317,23
"SenMayo_nonoverlap",629,0.22118451211662,0.233095875606036,23
"SenMayo_nonoverlap",630,0.163661985175598,0.156670518863885,22
"SenMayo_nonoverlap",631,0.231207420646908,0.221788684278411,23
"SenMayo_nonoverlap",632,0.307625696612129,0.308288671182474,23
"SenMayo_nonoverlap",633,0.251989475516979,0.262923640829786,23
"SenMayo_nonoverlap",634,0.228463528068032,0.207569323098154,23
"SenMayo_nonoverlap",635,0.165872821211373,0.165888548979173,23
"SenMayo_nonoverlap",636,0.227235587248604,0.221574152432673,23
"SenMayo_nonoverlap",637,0.257913577729091,0.268486031120643,22
"SenMayo_nonoverlap",638,0.231785005344444,0.230111065785733,23
"SenMayo_nonoverlap",639,0.159152762200124,0.155352511928341,23
"SenMayo_nonoverlap",640,0.156019015897812,0.17264890039104,23
"SenMayo_nonoverlap",641,0.136940760308231,0.135540964325482,21
"SenMayo_nonoverlap",642,0.184359496123261,0.186264402134355,23
"SenMayo_nonoverlap",643,0.191006043165734,0.189041985726209,23
"SenMayo_nonoverlap",644,0.246681188504898,0.247005876272612,23
"SenMayo_nonoverlap",645,0.260811221642895,0.282081836114481,23
"SenMayo_nonoverlap",646,0.217660010792342,0.216296245945021,23
"SenMayo_nonoverlap",647,0.157591122182358,0.161469100686679,22
"SenMayo_nonoverlap",648,0.112497084880135,0.110124104791303,21
"SenMayo_nonoverlap",649,0.225759205993676,0.239032745820599,23
"SenMayo_nonoverlap",650,0.208646454556082,0.209251890628307,23
"SenMayo_nonoverlap",651,0.245899296504321,0.231382626363467,23
"SenMayo_nonoverlap",652,0.238863449327476,0.226238175615136,23
"SenMayo_nonoverlap",653,0.162585804506233,0.150928981720958,22
"SenMayo_nonoverlap",654,0.130143794008645,0.112804797679949,21
"SenMayo_nonoverlap",655,0.156595317860214,0.165124147400236,22
"SenMayo_nonoverlap",656,0.224050502829222,0.229782879643168,23
"SenMayo_nonoverlap",657,0.227370184330451,0.2291016522889,23
"SenMayo_nonoverlap",658,0.204270714136531,0.178365599365696,23
"SenMayo_nonoverlap",659,0.234287835636962,0.202678605971976,23
"SenMayo_nonoverlap",660,0.272412844150863,0.276243144284118,23
"SenMayo_nonoverlap",661,0.27890871702407,0.260551669704744,23
"SenMayo_nonoverlap",662,0.314982231008678,0.323355344664761,23
"SenMayo_nonoverlap",663,0.243034190897109,0.239415226083512,22
"SenMayo_nonoverlap",664,0.305750094571424,0.321314419539502,23
"SenMayo_nonoverlap",665,0.155354577545277,0.160617874404697,22
"SenMayo_nonoverlap",666,0.291682681800737,0.301344212739953,23
"SenMayo_nonoverlap",667,0.300699909450534,0.299395777814957,23
"SenMayo_nonoverlap",668,0.191841028043657,0.182971649145518,22
"SenMayo_nonoverlap",669,0.131251640695489,0.123296026690745,23
"SenMayo_nonoverlap",670,0.211589857203298,0.208459101203687,22
"SenMayo_nonoverlap",671,0.187030760016924,0.18718792208987,22
"SenMayo_nonoverlap",672,0.273908688254381,0.276448482249757,23
"SenMayo_nonoverlap",673,0.174519317722283,0.180828906741596,23
"SenMayo_nonoverlap",674,0.211755441154971,0.190256878347757,23
"SenMayo_nonoverlap",675,0.280437662892866,0.29088138858246,23
"SenMayo_nonoverlap",676,0.190439334115557,0.201528562136829,23
"SenMayo_nonoverlap",677,0.189777936377869,0.205338708860066,22
"SenMayo_nonoverlap",678,0.14877532700264,0.148964679177567,22
"SenMayo_nonoverlap",679,0.289195186818328,0.316426026484098,23
"SenMayo_nonoverlap",680,0.311895916606902,0.296164280919587,23
"SenMayo_nonoverlap",681,0.327625799870877,0.340032080985758,23
"SenMayo_nonoverlap",682,0.328223496433982,0.315221316236185,23
"SenMayo_nonoverlap",683,0.214970895697186,0.214380090361809,23
"SenMayo_nonoverlap",684,0.218432484129997,0.222428618331223,23
"SenMayo_nonoverlap",685,0.273312282114812,0.268324442606459,23
"SenMayo_nonoverlap",686,0.281703877477501,0.272696922070349,23
"SenMayo_nonoverlap",687,0.161589571075678,0.163984490887428,21
"SenMayo_nonoverlap",688,0.159256604978813,0.136373936241317,22
"SenMayo_nonoverlap",689,0.305209194425766,0.316924462663607,23
"SenMayo_nonoverlap",690,0.114227382275114,0.112049439211664,21
"SenMayo_nonoverlap",691,0.225823898464583,0.218109117034695,22
"SenMayo_nonoverlap",692,0.136195533374114,0.125243984324934,22
"SenMayo_nonoverlap",693,0.173425524484385,0.189918958172864,23
"SenMayo_nonoverlap",694,0.294351296352222,0.272430017556159,23
"SenMayo_nonoverlap",695,0.183277731287526,0.176494317169323,22
"SenMayo_nonoverlap",696,0.328552848724355,0.324190791086345,23
"SenMayo_nonoverlap",697,0.263561213342204,0.241079232588157,23
"SenMayo_nonoverlap",698,0.241581823248981,0.231440662598258,23
"SenMayo_nonoverlap",699,0.311037355415372,0.289357396565072,23
"SenMayo_nonoverlap",700,0.31523453427651,0.320560888884088,23
"SenMayo_nonoverlap",701,0.236607295824374,0.233349317286448,22
"SenMayo_nonoverlap",702,0.165438423440698,0.16139196045424,23
"SenMayo_nonoverlap",703,0.266257772428702,0.249802148954313,23
"SenMayo_nonoverlap",704,0.164470876155792,0.161147705818621,22
"SenMayo_nonoverlap",705,0.294554069756471,0.305293877489932,23
"SenMayo_nonoverlap",706,0.246284562333463,0.245896354696093,23
"SenMayo_nonoverlap",707,0.276029958944739,0.275507093795253,23
"SenMayo_nonoverlap",708,0.244960569006043,0.24887020669881,23
"SenMayo_nonoverlap",709,0.21205082969255,0.211559024308808,23
"SenMayo_nonoverlap",710,0.122891258851293,0.122495441222746,22
"SenMayo_nonoverlap",711,0.174691401579951,0.170062914067208,23
"SenMayo_nonoverlap",712,0.298694776646113,0.284884694016288,23
"SenMayo_nonoverlap",713,0.10314953269859,0.116905572391958,21
"SenMayo_nonoverlap",714,0.2544812474901,0.254815434417259,23
"SenMayo_nonoverlap",715,0.30307681660071,0.294171776870678,23
"SenMayo_nonoverlap",716,0.189850164943378,0.166665428824065,23
"SenMayo_nonoverlap",717,0.140210495131759,0.147247459714927,22
"SenMayo_nonoverlap",718,0.271710904351171,0.275343796655405,23
"SenMayo_nonoverlap",719,0.251521639147775,0.24307054930789,23
"SenMayo_nonoverlap",720,0.243282081761605,0.256213454748571,22
"SenMayo_nonoverlap",721,0.182702101509844,0.189800447718983,22
"SenMayo_nonoverlap",722,0.267224409328396,0.265016420606654,23
"SenMayo_nonoverlap",723,0.223073741291065,0.229291617355997,22
"SenMayo_nonoverlap",724,0.211402125585106,0.203702185579477,22
"SenMayo_nonoverlap",725,0.28436608383404,0.301882374235052,23
"SenMayo_nonoverlap",726,0.158902299977989,0.173437396844649,22
"SenMayo_nonoverlap",727,0.196776776960911,0.191714113025634,23
"SenMayo_nonoverlap",728,0.135522000846802,0.13000240955354,20
"SenMayo_nonoverlap",729,0.265842286341565,0.267147795205116,23
"SenMayo_nonoverlap",730,0.1767056584233,0.176534099720997,22
"SenMayo_nonoverlap",731,0.311764687410028,0.296400212604731,23
"SenMayo_nonoverlap",732,0.3425803586694,0.325838837791456,23
"SenMayo_nonoverlap",733,0.306597050600906,0.324324776852646,23
"SenMayo_nonoverlap",734,0.28015895028011,0.273386668619724,23
"SenMayo_nonoverlap",735,0.217597740280601,0.20168204155862,22
"SenMayo_nonoverlap",736,0.241283010119841,0.249877969658025,23
"SenMayo_nonoverlap",737,0.217063271936524,0.230558518974212,23
"SenMayo_nonoverlap",738,0.206214542185494,0.202287179278781,23
"SenMayo_nonoverlap",739,0.253330946039181,0.23519657291314,23
"SenMayo_nonoverlap",740,0.348093062157221,0.342799698967084,23
"SenMayo_nonoverlap",741,0.262796738567759,0.269420385208041,23
"SenMayo_nonoverlap",742,0.260309805450742,0.257831988965947,23
"SenMayo_nonoverlap",743,0.196474868390394,0.198527018423739,22
"SenMayo_nonoverlap",744,0.189617512812842,0.20287047365062,22
"SenMayo_nonoverlap",745,0.34687086469419,0.318861209841543,23
"SenMayo_nonoverlap",746,0.340198369037745,0.343712550289999,23
"SenMayo_nonoverlap",747,0.144254683140938,0.127543341426372,23
"SenMayo_nonoverlap",748,0.156087566733246,0.157716956356069,22
"SenMayo_nonoverlap",749,0.258238643182826,0.242986513296459,23
"SenMayo_nonoverlap",750,0.190456487262623,0.212989114603331,22
"SenMayo_nonoverlap",751,0.163693592254566,0.17157895403236,22
"SenMayo_nonoverlap",752,0.192926249543125,0.204407566353731,22
"SenMayo_nonoverlap",753,0.0716752062486069,0.0608924258429036,18
"SenMayo_nonoverlap",754,0.161605124359398,0.169313706057214,22
"SenMayo_nonoverlap",755,0.193458984867197,0.16962232371737,23
"SenMayo_nonoverlap",756,0.244783759717774,0.236423568883716,23
"SenMayo_nonoverlap",757,0.253978741085547,0.227622864850938,23
"SenMayo_nonoverlap",758,0.180398718238436,0.172663375359317,23
"SenMayo_nonoverlap",759,0.238345375897132,0.258129997096298,23
"SenMayo_nonoverlap",760,0.187465789036817,0.169467321298069,22
"SenMayo_nonoverlap",761,0.207574184359041,0.193128074877056,22
"SenMayo_nonoverlap",762,0.218370665200369,0.220615517408471,23
"SenMayo_nonoverlap",763,0.160677891504579,0.174184938573342,21
"SenMayo_nonoverlap",764,0.227630473114202,0.229529145321791,23
"SenMayo_nonoverlap",765,0.22154163124298,0.211427189215949,23
"SenMayo_nonoverlap",766,0.201222815517965,0.190426079958321,23
"SenMayo_nonoverlap",767,0.236931764599348,0.230068762582148,23
"SenMayo_nonoverlap",768,0.204953696757072,0.205958504241675,23
"SenMayo_nonoverlap",769,0.1736932826677,0.170595842336163,22
"SenMayo_nonoverlap",770,0.290468869167864,0.290898053540022,23
"SenMayo_nonoverlap",771,0.179044526245032,0.16207354841634,23
"SenMayo_nonoverlap",772,0.18418819939876,0.17249776845595,22
"SenMayo_nonoverlap",773,0.286890302987698,0.289578244211588,23
"SenMayo_nonoverlap",774,0.177141033552082,0.180634749077803,23
"SenMayo_nonoverlap",775,0.243041048890633,0.231030901929132,23
"SenMayo_nonoverlap",776,0.22665390076968,0.239125477185215,23
"SenMayo_nonoverlap",777,0.221978228283836,0.23841110928912,23
"SenMayo_nonoverlap",778,0.27952899166946,0.299118093524172,23
"SenMayo_nonoverlap",779,0.144191550503352,0.145940819864201,23
"SenMayo_nonoverlap",780,0.302767564305664,0.308682886781301,23
"SenMayo_nonoverlap",781,0.145272440405306,0.145710142955169,22
"SenMayo_nonoverlap",782,0.166746713662977,0.164107097956231,22
"SenMayo_nonoverlap",783,0.264922527384613,0.250799969678877,23
"SenMayo_nonoverlap",784,0.188027133180937,0.16608670021782,23
"SenMayo_nonoverlap",785,0.240647374748128,0.259513709378103,23
"SenMayo_nonoverlap",786,0.253000222409347,0.244773999581364,23
"SenMayo_nonoverlap",787,0.152644756310181,0.155118815917514,22
"SenMayo_nonoverlap",788,0.212644508703674,0.239457816320984,23
"SenMayo_nonoverlap",789,0.199729031361405,0.209503806145443,23
"SenMayo_nonoverlap",790,0.208081534909585,0.223724829626033,23
"SenMayo_nonoverlap",791,0.273721171158504,0.28901639431588,23
"SenMayo_nonoverlap",792,0.247642382691501,0.246605693165526,23
"SenMayo_nonoverlap",793,0.241128491260011,0.228670369733932,23
"SenMayo_nonoverlap",794,0.210363597737471,0.195471319729362,23
"SenMayo_nonoverlap",795,0.212485648160051,0.214625054848848,23
"SenMayo_nonoverlap",796,0.28457309042883,0.284768076159494,23
"SenMayo_nonoverlap",797,0.23997888118584,0.234863213989635,23
"SenMayo_nonoverlap",798,0.190764275021309,0.182580839518381,23
"SenMayo_nonoverlap",799,0.317240181787459,0.307816262247367,23
"SenMayo_nonoverlap",800,0.172579171423049,0.167982102149492,23
"SenMayo_nonoverlap",801,0.216258042047273,0.218910110348728,23
"SenMayo_nonoverlap",802,0.0943046379088238,0.0960753496344082,22
"SenMayo_nonoverlap",803,0.176265701260488,0.173527201622003,23
"SenMayo_nonoverlap",804,0.226745818216506,0.234556705792693,23
"SenMayo_nonoverlap",805,0.206374030344578,0.199854889624904,23
"SenMayo_nonoverlap",806,0.286515084919711,0.270415331564132,23
"SenMayo_nonoverlap",807,0.262470885675724,0.264997993685025,23
"SenMayo_nonoverlap",808,0.232420282950727,0.219162210023444,23
"SenMayo_nonoverlap",809,0.110120526634362,0.105640840698292,22
"SenMayo_nonoverlap",810,0.250090074820703,0.253554485675922,23
"SenMayo_nonoverlap",811,0.130501912963146,0.121414293824899,23
"SenMayo_nonoverlap",812,0.217884946934806,0.200499506068925,23
"SenMayo_nonoverlap",813,0.215882631151764,0.207008496967509,23
"SenMayo_nonoverlap",814,0.18676129166247,0.177772323516022,23
"SenMayo_nonoverlap",815,0.149745938560502,0.133363484311574,23
"SenMayo_nonoverlap",816,0.205161384628702,0.217329367393762,23
"SenMayo_nonoverlap",817,0.180214807462594,0.183727875552435,23
"SenMayo_nonoverlap",818,0.269873899848397,0.262411005994553,23
"SenMayo_nonoverlap",819,0.183269225228324,0.181919775901902,23
"SenMayo_nonoverlap",820,0.153153202710684,0.148147476760205,23
"SenMayo_nonoverlap",821,0.300245140211656,0.293927282031184,23
"SenMayo_nonoverlap",822,0.219204435503415,0.21703363015229,23
"SenMayo_nonoverlap",823,0.298733996396312,0.274623452954106,23
"SenMayo_nonoverlap",824,0.236239876275609,0.240017115306138,23
"SenMayo_nonoverlap",825,0.168354371198195,0.191068498725767,23
"SenMayo_nonoverlap",826,0.258832572387946,0.27065006619431,23
"SenMayo_nonoverlap",827,0.121399664452251,0.118017189695817,22
"SenMayo_nonoverlap",828,0.282539950932515,0.273275998311616,23
"SenMayo_nonoverlap",829,0.233178227631974,0.222043699351402,23
"SenMayo_nonoverlap",830,0.276011667597138,0.272403136731122,23
"SenMayo_nonoverlap",831,0.214120641236293,0.216347767950595,23
"SenMayo_nonoverlap",832,0.28533454742298,0.275521152526806,23
"SenMayo_nonoverlap",833,0.242213358813294,0.231493880875157,23
"SenMayo_nonoverlap",834,0.257078063864711,0.261799449266664,23
"SenMayo_nonoverlap",835,0.229279410389151,0.225820328993707,23
"SenMayo_nonoverlap",836,0.20452438023024,0.185373577348855,23
"SenMayo_nonoverlap",837,0.328621729668289,0.317229347302458,23
"SenMayo_nonoverlap",838,0.235932689201828,0.235950917683091,23
"SenMayo_nonoverlap",839,0.308147253863261,0.299640183097837,23
"SenMayo_nonoverlap",840,0.258350472179365,0.243740834960137,23
"SenMayo_nonoverlap",841,0.142584604350831,0.111788122990755,21
"SenMayo_nonoverlap",842,0.157030452216719,0.139674424574588,22
"SenMayo_nonoverlap",843,0.353050695317787,0.335209603660615,23
"SenMayo_nonoverlap",844,0.200054113874075,0.20934698977553,23
"SenMayo_nonoverlap",845,0.164870725041048,0.149607989938378,23
"SenMayo_nonoverlap",846,0.321797904666111,0.326131368138241,23
"SenMayo_nonoverlap",847,0.222665327683872,0.235721816515939,22
"SenMayo_nonoverlap",848,0.180007356788667,0.169702004013501,23
"SenMayo_nonoverlap",849,0.227277668354586,0.222710949295504,23
"SenMayo_nonoverlap",850,0.155636218083253,0.150837711946244,23
"SenMayo_nonoverlap",851,0.356896436292792,0.354474426240365,23
"SenMayo_nonoverlap",852,0.228414303270779,0.229798380461521,23
"SenMayo_nonoverlap",853,0.20090279268319,0.208066598339154,23
"SenMayo_nonoverlap",854,0.205925813176387,0.186784624259133,23
"SenMayo_nonoverlap",855,0.233418287487162,0.234534209146448,23
"SenMayo_nonoverlap",856,0.308778537928292,0.298658196842387,22
"SenMayo_nonoverlap",857,0.185524951012535,0.180557340208531,22
"SenMayo_nonoverlap",858,0.296070291859162,0.282628437553409,23
"SenMayo_nonoverlap",859,0.262764667008663,0.269480495033123,22
"SenMayo_nonoverlap",860,0.227100061720486,0.233720416447354,22
"SenMayo_nonoverlap",861,0.298481652249283,0.28277322438715,23
"SenMayo_nonoverlap",862,0.195207236244459,0.204075150035273,23
"SenMayo_nonoverlap",863,0.251775703841239,0.268778185826199,23
"SenMayo_nonoverlap",864,0.172368632951256,0.178690196551932,23
"SenMayo_nonoverlap",865,0.19078130653811,0.189837456471259,23
"SenMayo_nonoverlap",866,0.256385184794292,0.219943867055835,23
"SenMayo_nonoverlap",867,0.300532570543711,0.297529631999333,23
"SenMayo_nonoverlap",868,0.210406619923085,0.208231809388718,23
"SenMayo_nonoverlap",869,0.198257836963604,0.195561481037579,23
"SenMayo_nonoverlap",870,0.251694271607056,0.231276080868429,23
"SenMayo_nonoverlap",871,0.195251698185948,0.176271714978065,23
"SenMayo_nonoverlap",872,0.191957042350637,0.184012407602492,22
"SenMayo_nonoverlap",873,0.217947434308012,0.225577113003188,23
"SenMayo_nonoverlap",874,0.244063729681963,0.242578031582108,23
"SenMayo_nonoverlap",875,0.228296239945651,0.219942124961248,23
"SenMayo_nonoverlap",876,0.192979874958589,0.182804647532132,23
"SenMayo_nonoverlap",877,0.152077513727515,0.153975830402327,22
"SenMayo_nonoverlap",878,0.181024918971465,0.183223671358285,23
"SenMayo_nonoverlap",879,0.29394972485217,0.297173106182836,23
"SenMayo_nonoverlap",880,0.232288469501735,0.235014089537695,23
"SenMayo_nonoverlap",881,0.247919106688757,0.250834174046158,23
"SenMayo_nonoverlap",882,0.248273380640773,0.252458250222169,23
"SenMayo_nonoverlap",883,0.26252840024184,0.262075544796879,23
"SenMayo_nonoverlap",884,0.178831480334077,0.192328718949744,22
"SenMayo_nonoverlap",885,0.204596725335553,0.212476731387142,23
"SenMayo_nonoverlap",886,0.147966072716435,0.128928354893661,23
"SenMayo_nonoverlap",887,0.227934861394644,0.202578779918804,23
"SenMayo_nonoverlap",888,0.217608890758337,0.204753197745867,23
"SenMayo_nonoverlap",889,0.278269720335015,0.284352243326316,23
"SenMayo_nonoverlap",890,0.11521141289611,0.0971745474411113,23
"SenMayo_nonoverlap",891,0.20615459678543,0.210733767996,23
"SenMayo_nonoverlap",892,0.164304549321745,0.157659921875174,23
"SenMayo_nonoverlap",893,0.143715990248142,0.125182917638695,22
"SenMayo_nonoverlap",894,0.211091675193159,0.221338842836956,23
"SenMayo_nonoverlap",895,0.372001628012642,0.373410501103349,23
"SenMayo_nonoverlap",896,0.264026140682815,0.27363370382326,23
"SenMayo_nonoverlap",897,0.180078756004863,0.160892753492575,23
"SenMayo_nonoverlap",898,0.214958007877828,0.191070392107555,23
"SenMayo_nonoverlap",899,0.202531419001216,0.200293658292981,23
"SenMayo_nonoverlap",900,0.273207848334694,0.285114614307513,23
"SenMayo_nonoverlap",901,0.239749713395708,0.237944235338237,23
"SenMayo_nonoverlap",902,0.303798281774956,0.316965281732925,23
"SenMayo_nonoverlap",903,0.267714001836671,0.260491940351034,23
"SenMayo_nonoverlap",904,0.216807336729778,0.228720122990123,23
"SenMayo_nonoverlap",905,0.114500127665556,0.113326575278707,22
"SenMayo_nonoverlap",906,0.166813733282301,0.169855874438266,23
"SenMayo_nonoverlap",907,0.143646612499291,0.1480972614893,23
"SenMayo_nonoverlap",908,0.250446930860275,0.256507836781594,23
"SenMayo_nonoverlap",909,0.361301332185927,0.369615831960574,23
"SenMayo_nonoverlap",910,0.106700885798212,0.104115391984965,21
"SenMayo_nonoverlap",911,0.273423360812284,0.275738008007468,23
"SenMayo_nonoverlap",912,0.20258892243889,0.223933260038032,22
"SenMayo_nonoverlap",913,0.304837670322852,0.291684075858628,23
"SenMayo_nonoverlap",914,0.31844005873533,0.3204285315132,23
"SenMayo_nonoverlap",915,0.324655153498255,0.346166687648975,23
"SenMayo_nonoverlap",916,0.162989962361994,0.161563581047388,23
"SenMayo_nonoverlap",917,0.307610266393024,0.298325471324299,23
"SenMayo_nonoverlap",918,0.292299957247507,0.285784982314838,23
"SenMayo_nonoverlap",919,0.266104140595085,0.25201062578362,23
"SenMayo_nonoverlap",920,0.169570628409678,0.161198310615515,22
"SenMayo_nonoverlap",921,0.172582463545892,0.18407014908907,23
"SenMayo_nonoverlap",922,0.160814617893859,0.154918933002177,23
"SenMayo_nonoverlap",923,0.180081191630471,0.17735783455096,23
"SenMayo_nonoverlap",924,0.255517895285471,0.247939142888915,23
"SenMayo_nonoverlap",925,0.265967597572509,0.247619399317242,23
"SenMayo_nonoverlap",926,0.221529054049762,0.214036773975335,23
"SenMayo_nonoverlap",927,0.0877056040887152,0.0710869400341661,23
"SenMayo_nonoverlap",928,0.18219402126536,0.172805939158779,23
"SenMayo_nonoverlap",929,0.213413683409865,0.203640278350692,23
"SenMayo_nonoverlap",930,0.341403963824287,0.334624719024736,23
"SenMayo_nonoverlap",931,0.26905846286824,0.254699576329152,23
"SenMayo_nonoverlap",932,0.176368409586085,0.172156221076833,23
"SenMayo_nonoverlap",933,0.230447178471593,0.232363726905519,23
"SenMayo_nonoverlap",934,0.19242706054668,0.207395753679181,22
"SenMayo_nonoverlap",935,0.0896490238438629,0.0977274556265421,19
"SenMayo_nonoverlap",936,0.179179388549845,0.160017585102904,23
"SenMayo_nonoverlap",937,0.183201471757415,0.185860548387385,23
"SenMayo_nonoverlap",938,0.334747311493568,0.332054823701427,23
"SenMayo_nonoverlap",939,0.278034484974653,0.274155711596377,23
"SenMayo_nonoverlap",940,0.293511483643991,0.292085142895146,23
"SenMayo_nonoverlap",941,0.197487783349586,0.209923052656589,23
"SenMayo_nonoverlap",942,0.180173001036115,0.170806757246526,23
"SenMayo_nonoverlap",943,0.253334198654954,0.266126033516002,23
"SenMayo_nonoverlap",944,0.102405752881793,0.101615050539482,20
"SenMayo_nonoverlap",945,0.183365952167023,0.18703647739547,23
"SenMayo_nonoverlap",946,0.152471651726365,0.133744455639765,23
"SenMayo_nonoverlap",947,0.156622277120746,0.154879047403175,23
"SenMayo_nonoverlap",948,0.194356733503426,0.210440647014993,22
"SenMayo_nonoverlap",949,0.129054641963767,0.117015721765741,22
"SenMayo_nonoverlap",950,0.193225862237012,0.164058966555064,23
"SenMayo_nonoverlap",951,0.273279519990981,0.279532722069085,23
"SenMayo_nonoverlap",952,0.108153079211753,0.113112541694663,20
"SenMayo_nonoverlap",953,0.255860817011299,0.249990836616676,23
"SenMayo_nonoverlap",954,0.256180115958572,0.230853162267958,23
"SenMayo_nonoverlap",955,0.267328184866111,0.250341511010144,23
"SenMayo_nonoverlap",956,0.277034775153101,0.270493789094623,22
"SenMayo_nonoverlap",957,0.16741743295286,0.165325927204551,22
"SenMayo_nonoverlap",958,0.24347589496136,0.230141633438099,23
"SenMayo_nonoverlap",959,0.223499666112827,0.204200023454862,23
"SenMayo_nonoverlap",960,0.245518300109902,0.259160726431324,23
"SenMayo_nonoverlap",961,0.226913715576267,0.216195899476439,23
"SenMayo_nonoverlap",962,0.185326348945409,0.176958672446256,23
"SenMayo_nonoverlap",963,0.288440380274261,0.285588880403976,23
"SenMayo_nonoverlap",964,0.247692585357115,0.253348853429619,23
"SenMayo_nonoverlap",965,0.233143442946959,0.23925231054573,23
"SenMayo_nonoverlap",966,0.138027195168298,0.149841981055864,22
"SenMayo_nonoverlap",967,0.200915756772256,0.155617663622631,23
"SenMayo_nonoverlap",968,0.313885906041827,0.314182263703987,23
"SenMayo_nonoverlap",969,0.324458801129416,0.299659012492619,23
"SenMayo_nonoverlap",970,0.1779035894851,0.188553174704042,23
"SenMayo_nonoverlap",971,0.211908168954491,0.199236310543945,23
"SenMayo_nonoverlap",972,0.296008747312384,0.299682598184582,23
"SenMayo_nonoverlap",973,0.162919208131465,0.150644463401512,20
"SenMayo_nonoverlap",974,0.137925516172013,0.144996965856798,23
"SenMayo_nonoverlap",975,0.11025148435513,0.131267270466042,22
"SenMayo_nonoverlap",976,0.116777980475483,0.120734119887984,22
"SenMayo_nonoverlap",977,0.184798728305656,0.165006708501155,23
"SenMayo_nonoverlap",978,0.213775453600653,0.203375122762268,23
"SenMayo_nonoverlap",979,0.284506811485983,0.279343164082908,23
"SenMayo_nonoverlap",980,0.287475086592057,0.263451413140357,23
"SenMayo_nonoverlap",981,0.185148005530246,0.18965421454721,23
"SenMayo_nonoverlap",982,0.167612210724212,0.149013206975093,22
"SenMayo_nonoverlap",983,0.333282069000142,0.32193103417809,23
"SenMayo_nonoverlap",984,0.10718924061279,0.117475329710437,20
"SenMayo_nonoverlap",985,0.160940562722959,0.154981084362019,21
"SenMayo_nonoverlap",986,0.160514559539818,0.14299776219707,22
"SenMayo_nonoverlap",987,0.313788840918691,0.320438386441843,23
"SenMayo_nonoverlap",988,0.278846879539708,0.282735394595492,23
"SenMayo_nonoverlap",989,0.173787282393955,0.159388055490159,22
"SenMayo_nonoverlap",990,0.287271460082159,0.28575408105842,23
"SenMayo_nonoverlap",991,0.257017266086495,0.244475986367092,23
"SenMayo_nonoverlap",992,0.201286469762546,0.223493786436425,22
"SenMayo_nonoverlap",993,0.221301624897342,0.230316701523792,22
"SenMayo_nonoverlap",994,0.395983336045502,0.395626316512498,23
"SenMayo_nonoverlap",995,0.189839870100747,0.184874013354345,23
"SenMayo_nonoverlap",996,0.196329114036253,0.196105564787606,23
"SenMayo_nonoverlap",997,0.216390349007705,0.20170479982636,23
"SenMayo_nonoverlap",998,0.257326569245739,0.249251510919612,23
"SenMayo_nonoverlap",999,0.238731028601573,0.233522030323441,23
"SenMayo_nonoverlap",1000,0.165735148771799,0.166650005561252,22
"SenMayo_nonoverlap",1001,0.286394991765684,0.291480999470353,23
"SenMayo_nonoverlap",1002,0.285766407921998,0.296033933966709,23
"SenMayo_nonoverlap",1003,0.201007589621094,0.208684607472063,23
"SenMayo_nonoverlap",1004,0.147374510328998,0.138530578979204,23
"SenMayo_nonoverlap",1005,0.269791870664374,0.274456914725997,23
"SenMayo_nonoverlap",1006,0.176501670197285,0.170141216231279,23
"SenMayo_nonoverlap",1007,0.300766637688565,0.291014436229928,23
"SenMayo_nonoverlap",1008,0.220291721117628,0.221064858882821,23
"SenMayo_nonoverlap",1009,0.146070744543086,0.136981392443387,22
"SenMayo_nonoverlap",1010,0.200407771713964,0.213849090326523,22
"SenMayo_nonoverlap",1011,0.156075358521775,0.16322963433438,23
"SenMayo_nonoverlap",1012,0.196911697588221,0.190486759118373,23
"SenMayo_nonoverlap",1013,0.201235420999825,0.185078553069464,23
"SenMayo_nonoverlap",1014,0.258405223464911,0.282215097667992,23
"SenMayo_nonoverlap",1015,0.0731674707279307,0.0800921382665067,19
"SenMayo_nonoverlap",1016,0.228546234903054,0.2113497140287,23
"SenMayo_nonoverlap",1017,0.264664902536157,0.277956441296515,23
"SenMayo_nonoverlap",1018,0.247302079720323,0.2386537875667,23
"SenMayo_nonoverlap",1019,0.221352347045033,0.223930838387251,22
"SenMayo_nonoverlap",1020,0.170343317268972,0.177465616855227,23
"SenMayo_nonoverlap",1021,0.21224815980508,0.210780344174301,23
"SenMayo_nonoverlap",1022,0.205645879968819,0.211936661873068,22
"SenMayo_nonoverlap",1023,0.244282698210463,0.241460625146659,23
"SenMayo_nonoverlap",1024,0.218218921757111,0.19940164639153,23
"SenMayo_nonoverlap",1025,0.220754641148392,0.211011636294142,23
"SenMayo_nonoverlap",1026,0.252592726035306,0.238268616667338,23
"SenMayo_nonoverlap",1027,0.282297187245843,0.300284643965058,23
"SenMayo_nonoverlap",1028,0.137389537055069,0.12036725727629,23
"SenMayo_nonoverlap",1029,0.0986477804880379,0.0993050236643213,19
"SenMayo_nonoverlap",1030,0.170266312354386,0.175374300464777,22
"SenMayo_nonoverlap",1031,0.226016706985816,0.211470328615827,22
"SenMayo_nonoverlap",1032,0.195380936703818,0.189396474264911,23
"SenMayo_nonoverlap",1033,0.256696028848969,0.271738694548492,23
"SenMayo_nonoverlap",1034,0.22463857401673,0.213085017523072,23
"SenMayo_nonoverlap",1035,0.0914395254374855,0.0958022689550758,19
"SenMayo_nonoverlap",1036,0.221821237493724,0.233986933099677,23
"SenMayo_nonoverlap",1037,0.215509576284735,0.214683798835484,23
"SenMayo_nonoverlap",1038,0.268163426747599,0.26492529384841,23
"SenMayo_nonoverlap",1039,0.111577141040906,0.108316765510471,21
"SenMayo_nonoverlap",1040,0.293577534178301,0.298530553091123,23
"SenMayo_nonoverlap",1041,0.233190435790916,0.240032819010374,23
"SenMayo_nonoverlap",1042,0.330671192343984,0.334754468218572,23
"SenMayo_nonoverlap",1043,0.177170360947202,0.160991931135912,23
"SenMayo_nonoverlap",1044,0.26443197881584,0.269185252275603,23
"SenMayo_nonoverlap",1045,0.161972694071247,0.173212175245528,23
"SenMayo_nonoverlap",1046,0.268260447667536,0.266210582137437,23
"SenMayo_nonoverlap",1047,0.279721362321869,0.268209676510666,23
"SenMayo_nonoverlap",1048,0.240866379211598,0.217098172530495,23
"SenMayo_nonoverlap",1049,0.230496105508072,0.227777949610201,23
"SenMayo_nonoverlap",1050,0.146155563023637,0.141611138962086,22
"SenMayo_nonoverlap",1051,0.278835263508909,0.262073040561889,23
"SenMayo_nonoverlap",1052,0.221055661177713,0.212193837773941,23
"SenMayo_nonoverlap",1053,0.081784428615422,0.0726317198381465,19
"SenMayo_nonoverlap",1054,0.256712591155033,0.240417536204572,23
"SenMayo_nonoverlap",1055,0.147349983910247,0.148751892232559,22
"SenMayo_nonoverlap",1056,0.153160325960615,0.153067996765098,23
"SenMayo_nonoverlap",1057,0.254490161018,0.243178937115159,23
"SenMayo_nonoverlap",1058,0.132548973120503,0.130382863493562,23
"SenMayo_nonoverlap",1059,0.25431541884837,0.248015144294516,23
"SenMayo_nonoverlap",1060,0.139349189450853,0.149123835397203,23
"SenMayo_nonoverlap",1061,0.256507694832297,0.247442319204394,23
"SenMayo_nonoverlap",1062,0.245802796861338,0.231694897477204,23
"SenMayo_nonoverlap",1063,0.394663612712549,0.38305508950216,23
"SenMayo_nonoverlap",1064,0.240282174401877,0.242769328971306,23
"SenMayo_nonoverlap",1065,0.19216154310178,0.204358397846103,22
"SenMayo_nonoverlap",1066,0.274747359308911,0.255769641478928,23
"SenMayo_nonoverlap",1067,0.261719097499188,0.243648834557542,23
"SenMayo_nonoverlap",1068,0.168355015551562,0.166404736700585,23
"SenMayo_nonoverlap",1069,0.189883536045473,0.178635851044431,23
"SenMayo_nonoverlap",1070,0.174011983394042,0.175012159276857,23
"SenMayo_nonoverlap",1071,0.153432724036865,0.141063796320467,23
"SenMayo_nonoverlap",1072,0.164868434551103,0.17886466958733,22
"SenMayo_nonoverlap",1073,0.259432206668048,0.255044343351765,23
"SenMayo_nonoverlap",1074,0.244016652889817,0.254637566634833,23
"SenMayo_nonoverlap",1075,0.242348186909744,0.227643816126501,23
"SenMayo_nonoverlap",1076,0.170922338258337,0.169769182566174,22
"SenMayo_nonoverlap",1077,0.180292782441604,0.184707805526986,23
"SenMayo_nonoverlap",1078,0.191881147709851,0.179176380600428,22
"SenMayo_nonoverlap",1079,0.144185230735568,0.128617047134435,23
"SenMayo_nonoverlap",1080,0.28132708227754,0.297186195177381,23
"SenMayo_nonoverlap",1081,0.238172328198478,0.249993611625678,23
"SenMayo_nonoverlap",1082,0.131525224317218,0.132276623618514,21
"SenMayo_nonoverlap",1083,0.259965896515042,0.278657592997721,23
"SenMayo_nonoverlap",1084,0.265574432127642,0.263255825035378,23
"SenMayo_nonoverlap",1085,0.181297108275908,0.176079752735101,23
"SenMayo_nonoverlap",1086,0.114755942892401,0.101317374376834,21
"SenMayo_nonoverlap",1087,0.234145358346189,0.237241467984511,23
"SenMayo_nonoverlap",1088,0.238700895278762,0.255842276907724,23
"SenMayo_nonoverlap",1089,0.38566330408793,0.365194185027365,23
"SenMayo_nonoverlap",1090,0.210362057622533,0.205125678548236,23
"SenMayo_nonoverlap",1091,0.260957698478707,0.248064923407722,23
"SenMayo_nonoverlap",1092,0.212607913539226,0.205579651204019,23
"SenMayo_nonoverlap",1093,0.203671523310415,0.186990451335822,23
"SenMayo_nonoverlap",1094,0.232657214377319,0.21324273275634,23
"SenMayo_nonoverlap",1095,0.26985022674506,0.299794388550781,23
"SenMayo_nonoverlap",1096,0.196260898153237,0.208657532355065,21
"SenMayo_nonoverlap",1097,0.296420237683175,0.299028051154253,23
"SenMayo_nonoverlap",1098,0.205071955563995,0.186023354234907,23
"SenMayo_nonoverlap",1099,0.264511426740696,0.254261293509377,23
"SenMayo_nonoverlap",1100,0.24099653401755,0.241000011275752,23
"SenMayo_nonoverlap",1101,0.218340552611832,0.226427781452587,23
"SenMayo_nonoverlap",1102,0.25781631334772,0.261571300343935,23
"SenMayo_nonoverlap",1103,0.187522881079258,0.201118313566078,23
"SenMayo_nonoverlap",1104,0.21000770515124,0.218685827296427,23
"SenMayo_nonoverlap",1105,0.209416901726424,0.205818563668222,23
"SenMayo_nonoverlap",1106,0.225491042908542,0.218206989695133,23
"SenMayo_nonoverlap",1107,0.240863531933141,0.232590498650925,23
"SenMayo_nonoverlap",1108,0.100486730875329,0.0827032610242092,23
"SenMayo_nonoverlap",1109,0.28294162973994,0.278575742925428,23
"SenMayo_nonoverlap",1110,0.249566053120756,0.247220817271912,23
"SenMayo_nonoverlap",1111,0.213228290057255,0.201260732001409,22
"SenMayo_nonoverlap",1112,0.164541712046691,0.149031367129908,22
"SenMayo_nonoverlap",1113,0.224691340319889,0.226478019962257,23
"SenMayo_nonoverlap",1114,0.270293074195313,0.251906251373159,23
"SenMayo_nonoverlap",1115,0.247978065649386,0.267998386047347,23
"SenMayo_nonoverlap",1116,0.225698389833055,0.206615756684146,23
"SenMayo_nonoverlap",1117,0.147880514167214,0.135125904849054,22
"SenMayo_nonoverlap",1118,0.245366086848446,0.250300488365693,23
"SenMayo_nonoverlap",1119,0.222060570893779,0.22448992079434,23
"SenMayo_nonoverlap",1120,0.123907121188168,0.136719583501914,22
"SenMayo_nonoverlap",1121,0.176393559545386,0.176750994915446,23
"SenMayo_nonoverlap",1122,0.194559380910348,0.193152729561539,23
"SenMayo_nonoverlap",1123,0.191111483929759,0.181215801524089,23
"SenMayo_nonoverlap",1124,0.206574972491698,0.201578456784398,23
"SenMayo_nonoverlap",1125,0.162421537916909,0.153742618374735,22
"SenMayo_nonoverlap",1126,0.223459503776325,0.225165713392454,23
"SenMayo_nonoverlap",1127,0.258324156864406,0.265554456050991,22
"SenMayo_nonoverlap",1128,0.185432099742348,0.182817617528716,22
"SenMayo_nonoverlap",1129,0.268544738419202,0.27089433964826,23
"SenMayo_nonoverlap",1130,0.170057092865145,0.162155061060505,23
"SenMayo_nonoverlap",1131,0.175730041600022,0.176999443204991,23
"SenMayo_nonoverlap",1132,0.278058837515158,0.293733864110072,23
"SenMayo_nonoverlap",1133,0.366361791621815,0.32509798826086,23
"SenMayo_nonoverlap",1134,0.154795955453906,0.156868703049992,22
"SenMayo_nonoverlap",1135,0.16508585095717,0.163893221904821,23
"SenMayo_nonoverlap",1136,0.268400182264822,0.270100440968839,23
"SenMayo_nonoverlap",1137,0.0922777431901762,0.0975712677539813,21
"SenMayo_nonoverlap",1138,0.260580468841054,0.263929713944736,23
"SenMayo_nonoverlap",1139,0.210153437005495,0.222347491779788,22
"SenMayo_nonoverlap",1140,0.212257822188782,0.199760259906348,23
"SenMayo_nonoverlap",1141,0.3090937463488,0.347382015585566,23
"SenMayo_nonoverlap",1142,0.203173791192578,0.207449548242178,22
"SenMayo_nonoverlap",1143,0.348512819657179,0.317213355801966,23
"SenMayo_nonoverlap",1144,0.209188739875201,0.191860209524961,23
"SenMayo_nonoverlap",1145,0.256757147187934,0.251695213786007,23
"SenMayo_nonoverlap",1146,0.199059299686411,0.185919339817973,22
"SenMayo_nonoverlap",1147,0.134860403817649,0.115990909282809,22
"SenMayo_nonoverlap",1148,0.303163015131139,0.279812682976423,23
"SenMayo_nonoverlap",1149,0.12179647233888,0.128617089760037,21
"SenMayo_nonoverlap",1150,0.189687384160251,0.199953822724914,23
"SenMayo_nonoverlap",1151,0.202967585170265,0.21080273822555,23
"SenMayo_nonoverlap",1152,0.26649207538168,0.267586216011935,23
"SenMayo_nonoverlap",1153,0.269102488600311,0.274934124727974,23
"SenMayo_nonoverlap",1154,0.237440124786322,0.236329266343796,23
"SenMayo_nonoverlap",1155,0.181392574998696,0.17627911672558,22
"SenMayo_nonoverlap",1156,0.270037857435586,0.258798898272311,23
"SenMayo_nonoverlap",1157,0.166556938478743,0.177702872375993,22
"SenMayo_nonoverlap",1158,0.247963202133226,0.245853910370948,23
"SenMayo_nonoverlap",1159,0.356649072377171,0.361946727366612,23
"SenMayo_nonoverlap",1160,0.178750412663897,0.191717815040462,22
"SenMayo_nonoverlap",1161,0.238773839507849,0.264638911065527,23
"SenMayo_nonoverlap",1162,0.12065785136594,0.132448821256848,20
"SenMayo_nonoverlap",1163,0.141440464442304,0.156670517348489,22
"SenMayo_nonoverlap",1164,0.215465170182145,0.20015286751509,22
"SenMayo_nonoverlap",1165,0.26696592934538,0.266339082147711,23
"SenMayo_nonoverlap",1166,0.347440757874853,0.348550125779636,23
"SenMayo_nonoverlap",1167,0.251911849225124,0.258004507613934,23
"SenMayo_nonoverlap",1168,0.213455458109259,0.202333616096368,23
"SenMayo_nonoverlap",1169,0.290901156076636,0.289415246544142,23
"SenMayo_nonoverlap",1170,0.125202980715186,0.114516530141812,22
"SenMayo_nonoverlap",1171,0.34529013683658,0.334622048188073,23
"SenMayo_nonoverlap",1172,0.185879846886959,0.185245333498619,22
"SenMayo_nonoverlap",1173,0.258461147872815,0.23910453573864,23
"SenMayo_nonoverlap",1174,0.262992293281805,0.228049858844742,23
"SenMayo_nonoverlap",1175,0.278917253835548,0.268948893186548,23
"SenMayo_nonoverlap",1176,0.181430999256724,0.186394348478642,23
"SenMayo_nonoverlap",1177,0.175359082148454,0.17971422234385,23
"SenMayo_nonoverlap",1178,0.310854330336337,0.301082192347642,23
"SenMayo_nonoverlap",1179,0.318595923592276,0.329409266001409,23
"SenMayo_nonoverlap",1180,0.257883281844063,0.24043910990482,23
"SenMayo_nonoverlap",1181,0.231196813465163,0.206003012645128,23
"SenMayo_nonoverlap",1182,0.203556048879752,0.208700782832085,23
"SenMayo_nonoverlap",1183,0.209161698893235,0.191596692343725,23
"SenMayo_nonoverlap",1184,0.142332210800003,0.137461466252284,23
"SenMayo_nonoverlap",1185,0.234688654773139,0.228486985345598,23
"SenMayo_nonoverlap",1186,0.2415488820798,0.243247292801449,23
"SenMayo_nonoverlap",1187,0.251856411640919,0.257487063535699,23
"SenMayo_nonoverlap",1188,0.195993267998338,0.189445357590234,23
"SenMayo_nonoverlap",1189,0.283161218204105,0.27001266771402,23
"SenMayo_nonoverlap",1190,0.334322453828244,0.334737086018295,23
"SenMayo_nonoverlap",1191,0.180951534094755,0.184644574085309,22
"SenMayo_nonoverlap",1192,0.213938738709708,0.22524413208458,22
"SenMayo_nonoverlap",1193,0.231683212917509,0.22467436700759,23
"SenMayo_nonoverlap",1194,0.195830839955202,0.197220569323218,23
"SenMayo_nonoverlap",1195,0.265459611671906,0.256737249388606,23
"SenMayo_nonoverlap",1196,0.164984015197321,0.169006191516794,23
"SenMayo_nonoverlap",1197,0.147743409631949,0.165749941522743,23
"SenMayo_nonoverlap",1198,0.162722074950123,0.164717285195132,22
"SenMayo_nonoverlap",1199,0.214318390481889,0.208831819837257,23
"SenMayo_nonoverlap",1200,0.177332847005689,0.140563122916634,22
"SenMayo_nonoverlap",1201,0.211818900346551,0.208679140590222,23
"SenMayo_nonoverlap",1202,0.215823970657463,0.222221302520695,23
"SenMayo_nonoverlap",1203,0.301195367586134,0.297814559805517,23
"SenMayo_nonoverlap",1204,0.111739510064513,0.0956953569747431,21
"SenMayo_nonoverlap",1205,0.200553979394893,0.180259041748092,22
"SenMayo_nonoverlap",1206,0.142756603166407,0.13580391882424,21
"SenMayo_nonoverlap",1207,0.277066879294141,0.291606430978005,23
"SenMayo_nonoverlap",1208,0.147875051219979,0.160101826849959,22
"SenMayo_nonoverlap",1209,0.311060413872786,0.317670464186315,23
"SenMayo_nonoverlap",1210,0.172646895424171,0.184594786898523,23
"SenMayo_nonoverlap",1211,0.237975170572063,0.258621961189099,23
"SenMayo_nonoverlap",1212,0.179725075240587,0.1908424268204,23
"SenMayo_nonoverlap",1213,0.218962186558282,0.234860964396992,23
"SenMayo_nonoverlap",1214,0.21346641539456,0.198782614540559,22
"SenMayo_nonoverlap",1215,0.252720657299298,0.254795407963449,23
"SenMayo_nonoverlap",1216,0.184112464907281,0.1983218043896,23
"SenMayo_nonoverlap",1217,0.200234947688303,0.203866271404909,23
"SenMayo_nonoverlap",1218,0.248588989155881,0.247970177001713,23
"SenMayo_nonoverlap",1219,0.156935519153688,0.142176067319533,22
"SenMayo_nonoverlap",1220,0.136420004529443,0.151902242985442,23
"SenMayo_nonoverlap",1221,0.244000866695771,0.243535989937207,23
"SenMayo_nonoverlap",1222,0.21102950449788,0.235507807622601,23
"SenMayo_nonoverlap",1223,0.256170661118779,0.256059350961864,23
"SenMayo_nonoverlap",1224,0.175149358261722,0.17986483331148,23
"SenMayo_nonoverlap",1225,0.203642861162757,0.190141443734359,23
"SenMayo_nonoverlap",1226,0.165336192626711,0.163140667293427,22
"SenMayo_nonoverlap",1227,0.202202989122559,0.19684948567646,23
"SenMayo_nonoverlap",1228,0.191824386020759,0.177578991132828,23
"SenMayo_nonoverlap",1229,0.247980753596536,0.241746532442816,23
"SenMayo_nonoverlap",1230,0.237879722972209,0.249745617094801,23
"SenMayo_nonoverlap",1231,0.13635078201838,0.13221633985204,22
"SenMayo_nonoverlap",1232,0.136343879650759,0.141717725137475,22
"SenMayo_nonoverlap",1233,0.165369851256028,0.147054194342677,23
"SenMayo_nonoverlap",1234,0.224645772604043,0.217158742028942,23
"SenMayo_nonoverlap",1235,0.159692588062468,0.172799415142665,23
"SenMayo_nonoverlap",1236,0.139562777763469,0.128647895665843,23
"SenMayo_nonoverlap",1237,0.266866084347051,0.25739088092649,23
"SenMayo_nonoverlap",1238,0.13931780397508,0.141414725496434,22
"SenMayo_nonoverlap",1239,0.159384813480406,0.154990861763245,23
"SenMayo_nonoverlap",1240,0.116659297048253,0.104038814763006,23
"SenMayo_nonoverlap",1241,0.248136293164062,0.257177631387808,23
"SenMayo_nonoverlap",1242,0.330493593401097,0.340360733146745,23
"SenMayo_nonoverlap",1243,0.166025815461186,0.158304293488455,23
"SenMayo_nonoverlap",1244,0.181475461315116,0.177377368736536,23
"SenMayo_nonoverlap",1245,0.164613276558201,0.159168441667344,22
"SenMayo_nonoverlap",1246,0.178094320029502,0.166277405852312,23
"SenMayo_nonoverlap",1247,0.27131111508539,0.28309526465138,23
"SenMayo_nonoverlap",1248,0.243523271790331,0.233321165857916,23
"SenMayo_nonoverlap",1249,0.19820653188082,0.203042738627386,22
"SenMayo_nonoverlap",1250,0.197822487860884,0.193569245513441,23
"SenMayo_nonoverlap",1251,0.187727281404017,0.177376864381761,23
"SenMayo_nonoverlap",1252,0.280471983713675,0.274506932309077,23
"SenMayo_nonoverlap",1253,0.197634367774536,0.188106988978134,23
"SenMayo_nonoverlap",1254,0.230764207402759,0.240181436835821,23
"SenMayo_nonoverlap",1255,0.16162285669401,0.154731741616839,23
"SenMayo_nonoverlap",1256,0.127116778781363,0.130941384253287,22
"SenMayo_nonoverlap",1257,0.245595280176078,0.233399816891214,23
"SenMayo_nonoverlap",1258,0.159229778368991,0.160883601189146,23
"SenMayo_nonoverlap",1259,0.0806975240893904,0.0881341966138318,21
"SenMayo_nonoverlap",1260,0.292968133030471,0.268609059890395,23
"SenMayo_nonoverlap",1261,0.185381262715617,0.174576919789663,23
"SenMayo_nonoverlap",1262,0.299461487166382,0.295308365835336,23
"SenMayo_nonoverlap",1263,0.18553159698917,0.178140953630947,23
"SenMayo_nonoverlap",1264,0.258823389317032,0.273351412047829,23
"SenMayo_nonoverlap",1265,0.178496121605767,0.187725406958212,23
"SenMayo_nonoverlap",1266,0.2984376536394,0.310902100481449,23
"SenMayo_nonoverlap",1267,0.187121624135472,0.164221202560435,23
"SenMayo_nonoverlap",1268,0.21327822966996,0.228423342759671,23
"SenMayo_nonoverlap",1269,0.236424976595624,0.232395621685488,23
"SenMayo_nonoverlap",1270,0.292802669899615,0.297724922494886,23
"SenMayo_nonoverlap",1271,0.23623349655025,0.234545184687608,23
"SenMayo_nonoverlap",1272,0.190139708943855,0.187774359519492,22
"SenMayo_nonoverlap",1273,0.180962372037709,0.180675650774409,23
"SenMayo_nonoverlap",1274,0.208363174900849,0.204472733979624,23
"SenMayo_nonoverlap",1275,0.18374482126684,0.174670327382733,22
"SenMayo_nonoverlap",1276,0.156446353274919,0.145581462323372,23
"SenMayo_nonoverlap",1277,0.188172362750994,0.191700439486253,23
"SenMayo_nonoverlap",1278,0.0746299897531702,0.0733340223567382,20
"SenMayo_nonoverlap",1279,0.272032867559153,0.242761085550811,23
"SenMayo_nonoverlap",1280,0.174961234294268,0.182321658646339,23
"SenMayo_nonoverlap",1281,0.154048441498833,0.13548648882321,21
"SenMayo_nonoverlap",1282,0.240099297520807,0.24241762684126,23
"SenMayo_nonoverlap",1283,0.215785126040601,0.21221946222736,23
"SenMayo_nonoverlap",1284,0.213216941993164,0.217842548773694,23
"SenMayo_nonoverlap",1285,0.172266533559147,0.175146771403777,22
"SenMayo_nonoverlap",1286,0.300035841580253,0.2591544963308,23
"SenMayo_nonoverlap",1287,0.21994414150613,0.198376677993493,23
"SenMayo_nonoverlap",1288,0.12226338278415,0.121077126653699,22
"SenMayo_nonoverlap",1289,0.168823513561127,0.160300026177933,23
"SenMayo_nonoverlap",1290,0.213571918698149,0.202336122251728,23
"SenMayo_nonoverlap",1291,0.232426347244032,0.224178661543574,23
"SenMayo_nonoverlap",1292,0.276169968999131,0.268985324071055,23
"SenMayo_nonoverlap",1293,0.222134583359453,0.233795320241492,23
"SenMayo_nonoverlap",1294,0.238594531572014,0.254603262154921,23
"SenMayo_nonoverlap",1295,0.2113967399943,0.2116247397255,22
"SenMayo_nonoverlap",1296,0.214721427424182,0.193910672504244,22
"SenMayo_nonoverlap",1297,0.232516678140688,0.242312600301482,22
"SenMayo_nonoverlap",1298,0.17925557052518,0.176676627712883,22
"SenMayo_nonoverlap",1299,0.128801759950246,0.126702475414056,22
"SenMayo_nonoverlap",1300,0.1787913980603,0.185922103566158,23
"SenMayo_nonoverlap",1301,0.236891936863294,0.217646950131654,22
"SenMayo_nonoverlap",1302,0.275364513525435,0.27300365739987,23
"SenMayo_nonoverlap",1303,0.340240558914153,0.349323892612581,23
"SenMayo_nonoverlap",1304,0.21909352511368,0.221699117786498,23
"SenMayo_nonoverlap",1305,0.16352541529454,0.174185491132471,23
"SenMayo_nonoverlap",1306,0.132482527025126,0.122923531531325,21
"SenMayo_nonoverlap",1307,0.226451092495015,0.209331050156837,23
"SenMayo_nonoverlap",1308,0.206489874143058,0.189391678268182,23
"SenMayo_nonoverlap",1309,0.114076598400809,0.107539878309229,22
"SenMayo_nonoverlap",1310,0.24491142609007,0.24089647210183,23
"SenMayo_nonoverlap",1311,0.210063792205629,0.179436245250881,23
"SenMayo_nonoverlap",1312,0.16262405843321,0.165221214780094,23
"SenMayo_nonoverlap",1313,0.152961891553147,0.137560042485117,22
"SenMayo_nonoverlap",1314,0.170397514688644,0.166591630827076,22
"SenMayo_nonoverlap",1315,0.151075160431847,0.151557091791859,22
"SenMayo_nonoverlap",1316,0.165227008233647,0.154636130938954,22
"SenMayo_nonoverlap",1317,0.0982998152385171,0.0918830589283833,21
"SenMayo_nonoverlap",1318,0.275763247878287,0.261564205648054,23
"SenMayo_nonoverlap",1319,0.258359785744298,0.270761516255015,23
"SenMayo_nonoverlap",1320,0.269788789395621,0.26733610853411,23
"SenMayo_nonoverlap",1321,0.298410748087906,0.280546994451777,23
"SenMayo_nonoverlap",1322,0.122222365697588,0.11543764549804,22
"SenMayo_nonoverlap",1323,0.255578296265414,0.239799803889504,23
"SenMayo_nonoverlap",1324,0.166528795669552,0.166910966144827,22
"SenMayo_nonoverlap",1325,0.159493937214898,0.174259974961708,23
"SenMayo_nonoverlap",1326,0.164376077207715,0.138565926964684,22
"SenMayo_nonoverlap",1327,0.127210586514643,0.129256471382384,22
"SenMayo_nonoverlap",1328,0.186709299711092,0.195928834566301,22
"SenMayo_nonoverlap",1329,0.190029907128278,0.19924216766884,22
"SenMayo_nonoverlap",1330,0.109862523432889,0.0971753665088777,21
"SenMayo_nonoverlap",1331,0.241689009323991,0.222856803928016,23
"SenMayo_nonoverlap",1332,0.24495136498926,0.260521499616206,23
"SenMayo_nonoverlap",1333,0.309447705802531,0.295512434140919,23
"SenMayo_nonoverlap",1334,0.100491330590003,0.0940253327933795,20
"SenMayo_nonoverlap",1335,0.179594519822356,0.172591782742711,23
"SenMayo_nonoverlap",1336,0.203634538879824,0.216180435177064,22
"SenMayo_nonoverlap",1337,0.176446998493774,0.176220679378191,22
"SenMayo_nonoverlap",1338,0.147858382295737,0.157320539576039,22
"SenMayo_nonoverlap",1339,0.17739325589425,0.182878810960912,22
"SenMayo_nonoverlap",1340,0.133954209563633,0.127432790560657,23
"SenMayo_nonoverlap",1341,0.175641901828145,0.160868443242831,23
"SenMayo_nonoverlap",1342,0.257786564001861,0.248251581176597,23
"SenMayo_nonoverlap",1343,0.137776071660852,0.129723883693567,23
"SenMayo_nonoverlap",1344,0.24235840304891,0.240784463943488,23
"SenMayo_nonoverlap",1345,0.301044252176637,0.301133633595387,22
"SenMayo_nonoverlap",1346,0.292291326843086,0.306100306791968,23
"SenMayo_nonoverlap",1347,0.165480475046358,0.16581919081524,23
"SenMayo_nonoverlap",1348,0.133940176405644,0.10764653042524,23
"SenMayo_nonoverlap",1349,0.250943303734551,0.250993315501969,23
"SenMayo_nonoverlap",1350,0.299361513006902,0.29922033728118,23
"SenMayo_nonoverlap",1351,0.264437016724532,0.235637986668793,23
"SenMayo_nonoverlap",1352,0.346290294508577,0.35058683743153,23
"SenMayo_nonoverlap",1353,0.239257968763281,0.242841167038031,23
"SenMayo_nonoverlap",1354,0.264986633062708,0.271523654003196,23
"SenMayo_nonoverlap",1355,0.245378990950224,0.247471474430225,23
"SenMayo_nonoverlap",1356,0.0986843560879916,0.110078232497311,20
"SenMayo_nonoverlap",1357,0.294253714525041,0.267306123515303,23
"SenMayo_nonoverlap",1358,0.241488732896579,0.235528751777404,23
"SenMayo_nonoverlap",1359,0.179659258341946,0.17840982788816,22
"SenMayo_nonoverlap",1360,0.31259640958954,0.315519516590411,23
"SenMayo_nonoverlap",1361,0.184250999260802,0.181926840955945,22
"SenMayo_nonoverlap",1362,0.232219808218347,0.240556078204623,23
"SenMayo_nonoverlap",1363,0.356182175199653,0.367364931895375,23
"SenMayo_nonoverlap",1364,0.199649336787375,0.200489608266498,23
"SenMayo_nonoverlap",1365,0.277410323814658,0.282329968343376,23
"SenMayo_nonoverlap",1366,0.232402382266509,0.232769914318803,23
"SenMayo_nonoverlap",1367,0.335442007319469,0.333910218955581,23
"SenMayo_nonoverlap",1368,0.197848288950599,0.208245520398004,23
"SenMayo_nonoverlap",1369,0.258699302578409,0.257354715917068,23
"SenMayo_nonoverlap",1370,0.179770691751621,0.154901937739655,23
"SenMayo_nonoverlap",1371,0.145580721488599,0.139961883097141,23
"SenMayo_nonoverlap",1372,0.168025023183425,0.141056877930958,22
"SenMayo_nonoverlap",1373,0.128926642722548,0.111630441715171,22
"SenMayo_nonoverlap",1374,0.27434645710001,0.307669483701127,23
"SenMayo_nonoverlap",1375,0.200283334503723,0.180778784709137,23
"SenMayo_nonoverlap",1376,0.236160428348442,0.240652604797601,23
"SenMayo_nonoverlap",1377,0.230118708103013,0.230778882825501,23
"SenMayo_nonoverlap",1378,0.175536905456211,0.167160477270694,23
"SenMayo_nonoverlap",1379,0.279156968385098,0.268914078997972,23
"SenMayo_nonoverlap",1380,0.158439999033442,0.155998746428304,23
"SenMayo_nonoverlap",1381,0.212797448655909,0.222730586084176,23
"SenMayo_nonoverlap",1382,0.258673414764716,0.258253122125179,23
"SenMayo_nonoverlap",1383,0.269807420807684,0.254624028413564,23
"SenMayo_nonoverlap",1384,0.167926279483736,0.176729947596487,23
"SenMayo_nonoverlap",1385,0.269677124987644,0.25310947785046,23
"SenMayo_nonoverlap",1386,0.197159130807695,0.206981567176328,23
"SenMayo_nonoverlap",1387,0.0892595290388594,0.0914465452348035,20
"SenMayo_nonoverlap",1388,0.176828344029219,0.164971206851213,22
"SenMayo_nonoverlap",1389,0.174882387028504,0.153044053642051,23
"SenMayo_nonoverlap",1390,0.358915348596579,0.361708094421367,23
"SenMayo_nonoverlap",1391,0.291785579044629,0.277244353330214,23
"SenMayo_nonoverlap",1392,0.267226791670126,0.272077405815958,22
"SenMayo_nonoverlap",1393,0.246968705433253,0.226597114581919,23
"SenMayo_nonoverlap",1394,0.24534065235848,0.239659076032571,23
"SenMayo_nonoverlap",1395,0.197217556906874,0.19156866372024,23
"SenMayo_nonoverlap",1396,0.264150999407949,0.258020914598128,23
"SenMayo_nonoverlap",1397,0.274481201799078,0.284913339723322,23
"SenMayo_nonoverlap",1398,0.191762685334704,0.184754055065658,23
"SenMayo_nonoverlap",1399,0.210525027166098,0.205979567179189,23
"SenMayo_nonoverlap",1400,0.183799210499664,0.200126079589787,22
"SenMayo_nonoverlap",1401,0.293633132183918,0.2892729527159,23
"SenMayo_nonoverlap",1402,0.293654244238889,0.288419003875487,23
"SenMayo_nonoverlap",1403,0.280128418238937,0.283881146896969,23
"SenMayo_nonoverlap",1404,0.21787973575689,0.206939863885053,23
"SenMayo_nonoverlap",1405,0.231325900885586,0.221753794535619,23
"SenMayo_nonoverlap",1406,0.254180550997493,0.254680554075712,23
"SenMayo_nonoverlap",1407,0.216090278767644,0.234484694102555,23
"SenMayo_nonoverlap",1408,0.244071899941699,0.249477191385682,23
"SenMayo_nonoverlap",1409,0.374277904139107,0.383356592130884,23
"SenMayo_nonoverlap",1410,0.257222310839806,0.255790259189534,23
"SenMayo_nonoverlap",1411,0.110159178083372,0.131628357135718,21
"SenMayo_nonoverlap",1412,0.219273784470291,0.218553876732193,23
"SenMayo_nonoverlap",1413,0.189080047575959,0.177503682895085,23
"SenMayo_nonoverlap",1414,0.153901167874357,0.129533837960856,23
"SenMayo_nonoverlap",1415,0.253855809284944,0.249335442848416,23
"SenMayo_nonoverlap",1416,0.233329490616759,0.232629440470782,23
"SenMayo_nonoverlap",1417,0.206168725361833,0.221413031777407,23
"SenMayo_nonoverlap",1418,0.157563742686067,0.169578341583611,23
"SenMayo_nonoverlap",1419,0.195520798341615,0.193131535299851,22
"SenMayo_nonoverlap",1420,0.187609727707077,0.185157329394621,22
"SenMayo_nonoverlap",1421,0.155211274668888,0.138497575455944,22
"SenMayo_nonoverlap",1422,0.22111213488852,0.221263610182337,22
"SenMayo_nonoverlap",1423,0.248861774369316,0.241974651815488,23
"SenMayo_nonoverlap",1424,0.211527779504081,0.195666122156566,23
"SenMayo_nonoverlap",1425,0.186105812112386,0.176126956410006,23
"SenMayo_nonoverlap",1426,0.270066157035172,0.271181711526134,23
"SenMayo_nonoverlap",1427,0.123586169153347,0.142718431727967,21
"SenMayo_nonoverlap",1428,0.206916978953133,0.207618503202298,23
"SenMayo_nonoverlap",1429,0.13493859704075,0.139437808814688,21
"SenMayo_nonoverlap",1430,0.182995730079349,0.164485079604817,23
"SenMayo_nonoverlap",1431,0.193125302263478,0.180714954561031,23
"SenMayo_nonoverlap",1432,0.326164945243251,0.325429140651564,23
"SenMayo_nonoverlap",1433,0.200653218801238,0.207382520354693,23
"SenMayo_nonoverlap",1434,0.156645113321524,0.159436060201565,23
"SenMayo_nonoverlap",1435,0.384934536530003,0.366620389243723,23
"SenMayo_nonoverlap",1436,0.305045241955913,0.312628132860851,23
"SenMayo_nonoverlap",1437,0.201116254682038,0.185650864360962,23
"SenMayo_nonoverlap",1438,0.204063467689684,0.212351027681826,22
"SenMayo_nonoverlap",1439,0.241030857187986,0.233666134723585,23
"SenMayo_nonoverlap",1440,0.235579013833598,0.250169989997889,23
"SenMayo_nonoverlap",1441,0.320987643847232,0.291901977871378,23
"SenMayo_nonoverlap",1442,0.333199016396972,0.337161004050509,23
"SenMayo_nonoverlap",1443,0.296296920788661,0.313611181757228,23
"SenMayo_nonoverlap",1444,0.268226312068687,0.273984287346186,23
"SenMayo_nonoverlap",1445,0.213875557780842,0.198155607581705,23
"SenMayo_nonoverlap",1446,0.257101589416705,0.281599231013707,23
"SenMayo_nonoverlap",1447,0.189468732871004,0.201278484013615,23
"SenMayo_nonoverlap",1448,0.116023855979367,0.106180899207001,21
"SenMayo_nonoverlap",1449,0.266987102372453,0.254938751269125,23
"SenMayo_nonoverlap",1450,0.312343175705832,0.314728080673115,23
"SenMayo_nonoverlap",1451,0.171132284807696,0.164586874613052,23
"SenMayo_nonoverlap",1452,0.142578326213563,0.153791794824314,22
"SenMayo_nonoverlap",1453,0.305708191798405,0.282097615120305,23
"SenMayo_nonoverlap",1454,0.2340849096676,0.221548076949587,23
"SenMayo_nonoverlap",1455,0.219095652879871,0.210304078931616,23
"SenMayo_nonoverlap",1456,0.185638965136956,0.176092395446534,23
"SenMayo_nonoverlap",1457,0.313755003540892,0.303725404221662,23
"SenMayo_nonoverlap",1458,0.373098990489749,0.373279943467388,23
"SenMayo_nonoverlap",1459,0.294826724103542,0.288229196245653,23
"SenMayo_nonoverlap",1460,0.220520400432516,0.220098125243818,23
"SenMayo_nonoverlap",1461,0.239494566745295,0.22766053098039,23
"SenMayo_nonoverlap",1462,0.239330036653971,0.229138962429383,23
"SenMayo_nonoverlap",1463,0.106575612817785,0.112962444256211,22
"SenMayo_nonoverlap",1464,0.274087332024181,0.248840500785918,23
"SenMayo_nonoverlap",1465,0.252333425385063,0.243757808132439,23
"SenMayo_nonoverlap",1466,0.186089893523417,0.190054922035572,23
"SenMayo_nonoverlap",1467,0.247723298320096,0.245130915365045,23
"SenMayo_nonoverlap",1468,0.170418082080188,0.166570313253684,23
"SenMayo_nonoverlap",1469,0.203641861332187,0.20783323211423,23
"SenMayo_nonoverlap",1470,0.341260724838769,0.335026885459012,23
"SenMayo_nonoverlap",1471,0.242099790316671,0.230491458472307,22
"SenMayo_nonoverlap",1472,0.0681873206945954,0.071080534624467,19
"SenMayo_nonoverlap",1473,0.200229844277426,0.208245269519993,23
"SenMayo_nonoverlap",1474,0.213946793559889,0.205220375188602,23
"SenMayo_nonoverlap",1475,0.253625778013462,0.255988947441297,23
"SenMayo_nonoverlap",1476,0.175723646278238,0.172094442426897,23
"SenMayo_nonoverlap",1477,0.213576416096207,0.216620211096763,23
"SenMayo_nonoverlap",1478,0.172380793530432,0.153698918606268,23
"SenMayo_nonoverlap",1479,0.136435131909506,0.125589495486587,23
"SenMayo_nonoverlap",1480,0.336287552027937,0.32153878488284,23
"SenMayo_nonoverlap",1481,0.206482047097218,0.192381821891572,22
"SenMayo_nonoverlap",1482,0.266871240502207,0.270024962863594,23
"SenMayo_nonoverlap",1483,0.184430312981654,0.18865777100085,23
"SenMayo_nonoverlap",1484,0.20736748872796,0.213556139865368,23
"SenMayo_nonoverlap",1485,0.231003175459664,0.231437600653005,23
"SenMayo_nonoverlap",1486,0.124530163554861,0.111756254132565,22
"SenMayo_nonoverlap",1487,0.249476396463306,0.24394146216119,23
"SenMayo_nonoverlap",1488,0.2413175855747,0.23112300856529,23
"SenMayo_nonoverlap",1489,0.184467269230157,0.184614019557954,22
"SenMayo_nonoverlap",1490,0.230954514036004,0.236516855521194,23
"SenMayo_nonoverlap",1491,0.221628505010806,0.239417245002149,23
"SenMayo_nonoverlap",1492,0.295218140425313,0.265729384087669,23
"SenMayo_nonoverlap",1493,0.253319822477086,0.263488729405639,23
"SenMayo_nonoverlap",1494,0.135325165203265,0.136946874879286,22
"SenMayo_nonoverlap",1495,0.21863972572951,0.193546256796199,23
"SenMayo_nonoverlap",1496,0.199737584343724,0.180305637412801,22
"SenMayo_nonoverlap",1497,0.233519381705023,0.246259556973591,23
"SenMayo_nonoverlap",1498,0.204356688519826,0.22419624383459,23
"SenMayo_nonoverlap",1499,0.237245636247595,0.216991413498262,22
"SenMayo_nonoverlap",1500,0.171186005603269,0.168236253564692,23
"SenMayo_nonoverlap",1501,0.270370412028917,0.269268550912432,23
"SenMayo_nonoverlap",1502,0.25676012904672,0.253386957183867,23
"SenMayo_nonoverlap",1503,0.191931030795341,0.18008191627959,22
"SenMayo_nonoverlap",1504,0.168281966804281,0.176686316022792,22
"SenMayo_nonoverlap",1505,0.318505163671729,0.317557939635025,23
"SenMayo_nonoverlap",1506,0.203494389163201,0.205080269436727,23
"SenMayo_nonoverlap",1507,0.163500127646601,0.167746033726623,20
"SenMayo_nonoverlap",1508,0.215745715756858,0.216477968971329,23
"SenMayo_nonoverlap",1509,0.245633538173189,0.228493150894558,23
"SenMayo_nonoverlap",1510,0.269998468283777,0.241614880381405,23
"SenMayo_nonoverlap",1511,0.137673084643496,0.145650075082711,20
"SenMayo_nonoverlap",1512,0.207331854885473,0.190559847741463,23
"SenMayo_nonoverlap",1513,0.161463742810635,0.180989565568488,23
"SenMayo_nonoverlap",1514,0.291653682114701,0.282871602448792,23
"SenMayo_nonoverlap",1515,0.173386166826223,0.176470007861908,22
"SenMayo_nonoverlap",1516,0.314378751011717,0.310165225787043,23
"SenMayo_nonoverlap",1517,0.283490455610735,0.280840693670653,23
"SenMayo_nonoverlap",1518,0.207816099542748,0.215518119192289,23
"SenMayo_nonoverlap",1519,0.191825148703012,0.18762681515961,23
"SenMayo_nonoverlap",1520,0.295280534514102,0.276353953333389,23
"SenMayo_nonoverlap",1521,0.102022896733233,0.0867860880820955,21
"SenMayo_nonoverlap",1522,0.193603271591204,0.195378862599226,23
"SenMayo_nonoverlap",1523,0.21489160983794,0.214129844166216,23
"SenMayo_nonoverlap",1524,0.286133490444658,0.286883803167388,23
"SenMayo_nonoverlap",1525,0.157094979081927,0.173411752461671,22
"SenMayo_nonoverlap",1526,0.317608558554039,0.295062288638863,23
"SenMayo_nonoverlap",1527,0.23905922362305,0.243798209892618,22
"SenMayo_nonoverlap",1528,0.233467178621922,0.227505327988461,23
"SenMayo_nonoverlap",1529,0.186564771731735,0.181435071019131,23
"SenMayo_nonoverlap",1530,0.204144129915363,0.195869804595979,23
"SenMayo_nonoverlap",1531,0.186446636261971,0.163295482940823,23
"SenMayo_nonoverlap",1532,0.234688413943907,0.213836310338336,23
"SenMayo_nonoverlap",1533,0.153444241479073,0.156815490866155,22
"SenMayo_nonoverlap",1534,0.331482991463167,0.343513277627944,23
"SenMayo_nonoverlap",1535,0.180170352837009,0.18906497632751,23
"SenMayo_nonoverlap",1536,0.161010236665957,0.155883119022679,23
"SenMayo_nonoverlap",1537,0.208854358716602,0.210553093368091,23
"SenMayo_nonoverlap",1538,0.335337956725513,0.339707835860103,23
"SenMayo_nonoverlap",1539,0.261244398229851,0.2676488255399,23
"SenMayo_nonoverlap",1540,0.301945584197214,0.307783708632958,23
"SenMayo_nonoverlap",1541,0.23998045864136,0.232380211448681,23
"SenMayo_nonoverlap",1542,0.362310399767087,0.3777607223365,23
"SenMayo_nonoverlap",1543,0.22917768490445,0.229747457281368,22
"SenMayo_nonoverlap",1544,0.214279250708422,0.181944312352611,23
"SenMayo_nonoverlap",1545,0.132791822405606,0.138216300416624,21
"SenMayo_nonoverlap",1546,0.238764547749949,0.243366415712656,23
"SenMayo_nonoverlap",1547,0.273102669142141,0.263813731732621,23
"SenMayo_nonoverlap",1548,0.190596030110012,0.190004156825725,23
"SenMayo_nonoverlap",1549,0.193538165785225,0.211801237439848,23
"SenMayo_nonoverlap",1550,0.16111593835709,0.160141763259203,23
"SenMayo_nonoverlap",1551,0.243950730368937,0.229554114752674,23
"SenMayo_nonoverlap",1552,0.182775207296217,0.174475020007644,23
"SenMayo_nonoverlap",1553,0.137456553083343,0.119266661694835,22
"SenMayo_nonoverlap",1554,0.224577707953415,0.233171586682331,23
"SenMayo_nonoverlap",1555,0.212641148223044,0.194431337968977,23
"SenMayo_nonoverlap",1556,0.210551967065299,0.180002379298284,23
"SenMayo_nonoverlap",1557,0.20598671318708,0.212187291232172,22
"SenMayo_nonoverlap",1558,0.241558310532738,0.241636213005377,23
"SenMayo_nonoverlap",1559,0.176855041008648,0.16546519972302,23
"SenMayo_nonoverlap",1560,0.285503523321781,0.303753263084471,23
"SenMayo_nonoverlap",1561,0.22566902879044,0.239872678051662,23
"SenMayo_nonoverlap",1562,0.27883107324648,0.283944079779345,23
"SenMayo_nonoverlap",1563,0.179862470840007,0.170594888676293,23
"SenMayo_nonoverlap",1564,0.181931761319544,0.168680998345963,22
"SenMayo_nonoverlap",1565,0.199882456708584,0.195501176394053,23
"SenMayo_nonoverlap",1566,0.221361254430456,0.241506381958728,22
"SenMayo_nonoverlap",1567,0.220414809174023,0.194492506799554,23
"SenMayo_nonoverlap",1568,0.165379846640983,0.168084607163617,21
"SenMayo_nonoverlap",1569,0.238954103737222,0.226655454329209,23
"SenMayo_nonoverlap",1570,0.257753786736974,0.242691014628884,23
"SenMayo_nonoverlap",1571,0.249321729335883,0.242703238244861,23
"SenMayo_nonoverlap",1572,0.287883378144857,0.28491237353779,22
"SenMayo_nonoverlap",1573,0.164393715255146,0.159300702899377,23
"SenMayo_nonoverlap",1574,0.298468923466823,0.272487028756552,23
"SenMayo_nonoverlap",1575,0.258287681810469,0.270585152108415,23
"SenMayo_nonoverlap",1576,0.139273278565242,0.135602872248699,22
"SenMayo_nonoverlap",1577,0.310538414853004,0.324849635561098,23
"SenMayo_nonoverlap",1578,0.196065251244482,0.175852441272158,23
"SenMayo_nonoverlap",1579,0.155810312664369,0.150160175796887,22
"SenMayo_nonoverlap",1580,0.241365367049077,0.228779055124737,23
"SenMayo_nonoverlap",1581,0.328592733323075,0.290789587782025,23
"SenMayo_nonoverlap",1582,0.262736688412129,0.256696359086434,23
"SenMayo_nonoverlap",1583,0.278278962996572,0.264555589194795,23
"SenMayo_nonoverlap",1584,0.294621022741339,0.286201439218441,23
"SenMayo_nonoverlap",1585,0.264334112464837,0.245557655724041,23
"SenMayo_nonoverlap",1586,0.245831964334755,0.241018581237052,23
"SenMayo_nonoverlap",1587,0.202520494637743,0.186035500629523,23
"SenMayo_nonoverlap",1588,0.254575262050703,0.247263306318046,23
"SenMayo_nonoverlap",1589,0.294659210379501,0.289032554106741,23
"SenMayo_nonoverlap",1590,0.276735055326496,0.276498589842233,23
"SenMayo_nonoverlap",1591,0.14111367321479,0.131967633716052,22
"SenMayo_nonoverlap",1592,0.155759198197217,0.163410509435352,23
"SenMayo_nonoverlap",1593,0.276602010540171,0.284652985258403,23
"SenMayo_nonoverlap",1594,0.304573621701133,0.316618724134594,23
"SenMayo_nonoverlap",1595,0.218226029013348,0.200545107302344,23
"SenMayo_nonoverlap",1596,0.270728354796912,0.250502384077406,23
"SenMayo_nonoverlap",1597,0.18523478345162,0.18722385430785,23
"SenMayo_nonoverlap",1598,0.274637611997341,0.279590507137951,23
"SenMayo_nonoverlap",1599,0.165988400995684,0.169906206687124,22
"SenMayo_nonoverlap",1600,0.147881255858161,0.140706031543257,23
"SenMayo_nonoverlap",1601,0.166239268631367,0.151027596707158,23
"SenMayo_nonoverlap",1602,0.162402863494782,0.151612218476881,22
"SenMayo_nonoverlap",1603,0.234759672374725,0.229669701062865,23
"SenMayo_nonoverlap",1604,0.245489254169865,0.25030905751222,23
"SenMayo_nonoverlap",1605,0.301654315758014,0.308129110881982,23
"SenMayo_nonoverlap",1606,0.41638427375958,0.416978317660439,23
"SenMayo_nonoverlap",1607,0.219432401120123,0.219342255251242,23
"SenMayo_nonoverlap",1608,0.264859746328745,0.26731842510542,23
"SenMayo_nonoverlap",1609,0.223455255129076,0.224757930450447,23
"SenMayo_nonoverlap",1610,0.20187046625357,0.204961971751669,23
"SenMayo_nonoverlap",1611,0.167609976986427,0.155157192993671,23
"SenMayo_nonoverlap",1612,0.298104626309006,0.280617613029459,23
"SenMayo_nonoverlap",1613,0.183430170082916,0.174203491524468,23
"SenMayo_nonoverlap",1614,0.278162417597579,0.272093992652648,23
"SenMayo_nonoverlap",1615,0.261727027980806,0.250971247487645,22
"SenMayo_nonoverlap",1616,0.256937395231495,0.26452612629468,23
"SenMayo_nonoverlap",1617,0.290252428039992,0.26504984051495,23
"SenMayo_nonoverlap",1618,0.226173231029942,0.199813534377408,23
"SenMayo_nonoverlap",1619,0.288323782627014,0.281920299074163,23
"SenMayo_nonoverlap",1620,0.216608112524557,0.213700081170016,23
"SenMayo_nonoverlap",1621,0.217993917946497,0.221233591377452,23
"SenMayo_nonoverlap",1622,0.204854276459116,0.202172032395152,22
"SenMayo_nonoverlap",1623,0.240019806460379,0.238821572196452,23
"SenMayo_nonoverlap",1624,0.204883289264803,0.202326203440129,22
"SenMayo_nonoverlap",1625,0.254668328346579,0.2453115908938,23
"SenMayo_nonoverlap",1626,0.18872126214137,0.16937136204473,22
"SenMayo_nonoverlap",1627,0.127017016036585,0.108114915335118,22
"SenMayo_nonoverlap",1628,0.166355225182388,0.153420033562849,23
"SenMayo_nonoverlap",1629,0.172306005678666,0.192427531276792,22
"SenMayo_nonoverlap",1630,0.12404319082876,0.129704309801722,21
"SenMayo_nonoverlap",1631,0.228431094768895,0.243202648736303,23
"SenMayo_nonoverlap",1632,0.325813030995596,0.323835166633895,23
"SenMayo_nonoverlap",1633,0.264524393687307,0.248646830784152,23
"SenMayo_nonoverlap",1634,0.225483849264433,0.226469308074862,23
"SenMayo_nonoverlap",1635,0.21788653431202,0.252334977660057,22
"SenMayo_nonoverlap",1636,0.186806580292011,0.181893240291875,23
"SenMayo_nonoverlap",1637,0.209411670396996,0.183877951699912,23
"SenMayo_nonoverlap",1638,0.114430381938713,0.116082388354425,22
"SenMayo_nonoverlap",1639,0.260931221457767,0.248809245983022,23
"SenMayo_nonoverlap",1640,0.205375122446879,0.212422855669599,23
"SenMayo_nonoverlap",1641,0.244436084827317,0.222159878425147,22
"SenMayo_nonoverlap",1642,0.283073454643624,0.269051728438971,23
"SenMayo_nonoverlap",1643,0.185571811009441,0.195555820951198,23
"SenMayo_nonoverlap",1644,0.224464353802364,0.207851470878661,23
"SenMayo_nonoverlap",1645,0.192811714446235,0.187042885064967,23
"SenMayo_nonoverlap",1646,0.223068873205565,0.21839045883615,23
"SenMayo_nonoverlap",1647,0.24561364100302,0.246209525860771,23
"SenMayo_nonoverlap",1648,0.229468998784682,0.221904150064895,23
"SenMayo_nonoverlap",1649,0.0558672562651357,0.0354977677540494,16
"SenMayo_nonoverlap",1650,0.184507225560925,0.166539883873636,22
"SenMayo_nonoverlap",1651,0.3051536962864,0.288070951737721,23
"SenMayo_nonoverlap",1652,0.118785425203671,0.12402834084722,22
"SenMayo_nonoverlap",1653,0.250415503704747,0.234585994357776,23
"SenMayo_nonoverlap",1654,0.196657761699015,0.200239056883066,23
"SenMayo_nonoverlap",1655,0.198295481026473,0.189669919508659,23
"SenMayo_nonoverlap",1656,0.168495386402981,0.176809690572953,22
"SenMayo_nonoverlap",1657,0.284354147291495,0.26488559300255,23
"SenMayo_nonoverlap",1658,0.0908795782915832,0.0913468735407104,19
"SenMayo_nonoverlap",1659,0.117017859548246,0.123618381492794,22
"SenMayo_nonoverlap",1660,0.204529150167625,0.193114828904506,23
"SenMayo_nonoverlap",1661,0.128326684263092,0.123209793061994,22
"SenMayo_nonoverlap",1662,0.29310957404693,0.293732002436871,23
"SenMayo_nonoverlap",1663,0.10417262531481,0.10289280138747,20
"SenMayo_nonoverlap",1664,0.174877564421645,0.155617064566429,23
"SenMayo_nonoverlap",1665,0.147284607468499,0.157367850256208,23
"SenMayo_nonoverlap",1666,0.14675110004248,0.149203996043817,21
"SenMayo_nonoverlap",1667,0.326357938081955,0.324424125837166,23
"SenMayo_nonoverlap",1668,0.343778681551895,0.340318472951376,23
"SenMayo_nonoverlap",1669,0.26301573392677,0.277135326941676,23
"SenMayo_nonoverlap",1670,0.0820443521700224,0.0822663220643746,19
"SenMayo_nonoverlap",1671,0.318497391723329,0.308142926440862,23
"SenMayo_nonoverlap",1672,0.0989681123584256,0.104708840956328,20
"SenMayo_nonoverlap",1673,0.162747118576263,0.160379855208257,22
"SenMayo_nonoverlap",1674,0.225016963056911,0.213591957964072,23
"SenMayo_nonoverlap",1675,0.234356907496533,0.243486043422184,23
"SenMayo_nonoverlap",1676,0.120002717686219,0.115285931558049,21
"SenMayo_nonoverlap",1677,0.160512635544142,0.161559121053345,22
"SenMayo_nonoverlap",1678,0.150278223436326,0.157807506136482,23
"SenMayo_nonoverlap",1679,0.1794324939324,0.188318198564511,22
"SenMayo_nonoverlap",1680,0.179345680576246,0.180275463463272,23
"SenMayo_nonoverlap",1681,0.210387299802379,0.183370062191671,23
"SenMayo_nonoverlap",1682,0.230079319475195,0.217127785571297,23
"SenMayo_nonoverlap",1683,0.162524707118978,0.159818872537172,22
"SenMayo_nonoverlap",1684,0.175878907931732,0.182223300978656,23
"SenMayo_nonoverlap",1685,0.183107120486332,0.181393115444592,22
"SenMayo_nonoverlap",1686,0.199856384729263,0.184515459646042,22
"SenMayo_nonoverlap",1687,0.215702151658448,0.208690349333512,23
"SenMayo_nonoverlap",1688,0.209932953696693,0.189315909925628,23
"SenMayo_nonoverlap",1689,0.260342465655636,0.255583690893264,23
"SenMayo_nonoverlap",1690,0.27404449219601,0.272840026318282,23
"SenMayo_nonoverlap",1691,0.078129015933547,0.0851421814595733,21
"SenMayo_nonoverlap",1692,0.148219808094694,0.145308183032642,22
"SenMayo_nonoverlap",1693,0.171756841499254,0.176461336899259,23
"SenMayo_nonoverlap",1694,0.180137654675378,0.183208964022577,22
"SenMayo_nonoverlap",1695,0.201197516919414,0.197426516023444,23
"SenMayo_nonoverlap",1696,0.217450565394704,0.23100476156657,22
"SenMayo_nonoverlap",1697,0.191213248810207,0.187453999435761,23
"SenMayo_nonoverlap",1698,0.237341107446414,0.238926220248452,22
"SenMayo_nonoverlap",1699,0.186590654655656,0.180381069488951,23
"SenMayo_nonoverlap",1700,0.221718976651206,0.226350826854124,23
"SenMayo_nonoverlap",1701,0.211256452731422,0.215885941060891,23
"SenMayo_nonoverlap",1702,0.206785947434202,0.215508020176451,23
"SenMayo_nonoverlap",1703,0.221488066707091,0.203053214635915,22
"SenMayo_nonoverlap",1704,0.24950242838451,0.235507809017848,23
"SenMayo_nonoverlap",1705,0.210188156233703,0.22109040112718,23
"SenMayo_nonoverlap",1706,0.249478506101536,0.253214299364974,23
"SenMayo_nonoverlap",1707,0.262015079807604,0.249601433172781,23
"SenMayo_nonoverlap",1708,0.203904814563029,0.182241468364196,22
"SenMayo_nonoverlap",1709,0.222254725460697,0.206014132084365,23
"SenMayo_nonoverlap",1710,0.229222095061752,0.234301370115894,23
"SenMayo_nonoverlap",1711,0.222929291412897,0.221853266331176,23
"SenMayo_nonoverlap",1712,0.257879825250689,0.267730224021993,23
"SenMayo_nonoverlap",1713,0.202238636467884,0.21507686623565,23
"SenMayo_nonoverlap",1714,0.134891578439717,0.131761125888989,21
"SenMayo_nonoverlap",1715,0.232211106662108,0.237569456234861,23
"SenMayo_nonoverlap",1716,0.225532425413692,0.23668602241349,23
"SenMayo_nonoverlap",1717,0.143588183616482,0.127372346042535,22
"SenMayo_nonoverlap",1718,0.162805019611488,0.157822871171871,22
"SenMayo_nonoverlap",1719,0.294457884575358,0.281445626687765,23
"SenMayo_nonoverlap",1720,0.22962028116655,0.200121393346543,23
"SenMayo_nonoverlap",1721,0.087380380805206,0.0969156926824741,20
"SenMayo_nonoverlap",1722,0.22486254313504,0.231991308892494,23
"SenMayo_nonoverlap",1723,0.252075230077994,0.244242354120455,23
"SenMayo_nonoverlap",1724,0.19433754356472,0.209555456983229,23
"SenMayo_nonoverlap",1725,0.194196808089321,0.204623278749054,23
"SenMayo_nonoverlap",1726,0.166090695303821,0.152089732126298,23
"SenMayo_nonoverlap",1727,0.236348073252868,0.258676619957242,23
"SenMayo_nonoverlap",1728,0.217661180427184,0.221577986821442,23
"SenMayo_nonoverlap",1729,0.14559062625155,0.145284267842326,23
"SenMayo_nonoverlap",1730,0.269541726426594,0.257788260399708,23
"SenMayo_nonoverlap",1731,0.203140363722191,0.231981526918898,23
"SenMayo_nonoverlap",1732,0.131625813843223,0.121999659426011,23
"SenMayo_nonoverlap",1733,0.144482514558982,0.148120821848867,22
"SenMayo_nonoverlap",1734,0.132753746230029,0.138522239099111,22
"SenMayo_nonoverlap",1735,0.215218293378982,0.214024004693001,23
"SenMayo_nonoverlap",1736,0.150431722758389,0.141032316300235,22
"SenMayo_nonoverlap",1737,0.17309060056349,0.154657543081396,23
"SenMayo_nonoverlap",1738,0.179271860865333,0.186667893154329,22
"SenMayo_nonoverlap",1739,0.153242402004778,0.145982619189171,23
"SenMayo_nonoverlap",1740,0.257002639503637,0.243741818391149,23
"SenMayo_nonoverlap",1741,0.27959491648345,0.284723049039387,23
"SenMayo_nonoverlap",1742,0.20995029477545,0.201770588421365,23
"SenMayo_nonoverlap",1743,0.334347566503344,0.332761132774602,23
"SenMayo_nonoverlap",1744,0.316094340375979,0.329127999414308,23
"SenMayo_nonoverlap",1745,0.238466469710111,0.211085074707633,23
"SenMayo_nonoverlap",1746,0.282600550179951,0.276488058486853,23
"SenMayo_nonoverlap",1747,0.344130259632687,0.352130548231095,23
"SenMayo_nonoverlap",1748,0.146551096024827,0.134753297085044,21
"SenMayo_nonoverlap",1749,0.252670589643485,0.272825094028196,23
"SenMayo_nonoverlap",1750,0.126743529637211,0.122055617500297,20
"SenMayo_nonoverlap",1751,0.261266121818023,0.237851707540655,23
"SenMayo_nonoverlap",1752,0.306203842498084,0.286132626557447,23
"SenMayo_nonoverlap",1753,0.327440400893162,0.323368029448306,23
"SenMayo_nonoverlap",1754,0.154767779207682,0.149948498344976,23
"SenMayo_nonoverlap",1755,0.289466037146352,0.288337832095439,23
"SenMayo_nonoverlap",1756,0.140377025893989,0.12238889421978,21
"SenMayo_nonoverlap",1757,0.21762470402122,0.224235105723622,23
"SenMayo_nonoverlap",1758,0.198226181226692,0.175867464410274,23
"SenMayo_nonoverlap",1759,0.0777505650444151,0.0631294113199193,21
"SenMayo_nonoverlap",1760,0.0964148838260248,0.0932843476591965,21
"SenMayo_nonoverlap",1761,0.266866774989879,0.272412708434014,23
"SenMayo_nonoverlap",1762,0.235160160953092,0.241658494504603,23
"SenMayo_nonoverlap",1763,0.142372544142064,0.127508177673073,23
"SenMayo_nonoverlap",1764,0.18879478028543,0.178785776354588,23
"SenMayo_nonoverlap",1765,0.175974429351528,0.168953243797063,23
"SenMayo_nonoverlap",1766,0.155624060076138,0.148165950820989,23
"SenMayo_nonoverlap",1767,0.308489159664334,0.324795002413652,23
"SenMayo_nonoverlap",1768,0.235753439747901,0.232972369295674,23
"SenMayo_nonoverlap",1769,0.179964621504636,0.180930892496043,23
"SenMayo_nonoverlap",1770,0.183665323131853,0.162876672414027,22
"SenMayo_nonoverlap",1771,0.165459059069484,0.161213327369981,23
"SenMayo_nonoverlap",1772,0.171714173751899,0.167828598763823,22
"SenMayo_nonoverlap",1773,0.221639004630384,0.227866006835809,23
"SenMayo_nonoverlap",1774,0.243911999863577,0.246915090944827,23
"SenMayo_nonoverlap",1775,0.207635560787237,0.192303078057599,23
"SenMayo_nonoverlap",1776,0.253560006403873,0.248208500860622,23
"SenMayo_nonoverlap",1777,0.174799325634501,0.171014818391173,23
"SenMayo_nonoverlap",1778,0.225839632656187,0.224206297162452,23
"SenMayo_nonoverlap",1779,0.242810259561502,0.238287302003019,23
"SenMayo_nonoverlap",1780,0.251838741219389,0.215102302900317,23
"SenMayo_nonoverlap",1781,0.313848771674672,0.322537883430264,23
"SenMayo_nonoverlap",1782,0.28016875144377,0.265458397920137,23
"SenMayo_nonoverlap",1783,0.207469189722398,0.199521500224794,23
"SenMayo_nonoverlap",1784,0.138131617905909,0.122814232858946,22
"SenMayo_nonoverlap",1785,0.13276227650269,0.121315864668059,22
"SenMayo_nonoverlap",1786,0.175050260743209,0.161471809654618,23
"SenMayo_nonoverlap",1787,0.337878281362986,0.325244783886079,23
"SenMayo_nonoverlap",1788,0.295751786008651,0.310875095374552,23
"SenMayo_nonoverlap",1789,0.122236563873251,0.128387746335727,22
"SenMayo_nonoverlap",1790,0.270665477384832,0.280603676528075,23
"SenMayo_nonoverlap",1791,0.191359416926812,0.208205829923366,22
"SenMayo_nonoverlap",1792,0.222975960282346,0.250092896650291,23
"SenMayo_nonoverlap",1793,0.22386527023595,0.214434983517014,23
"SenMayo_nonoverlap",1794,0.162470780582785,0.157251798660782,23
"SenMayo_nonoverlap",1795,0.234888731803311,0.211894810290734,23
"SenMayo_nonoverlap",1796,0.346547257206928,0.344055600319876,23
"SenMayo_nonoverlap",1797,0.181672421360179,0.172614153850188,23
"SenMayo_nonoverlap",1798,0.237608079223745,0.228385444676311,23
"SenMayo_nonoverlap",1799,0.295630160616013,0.286818150689943,23
"SenMayo_nonoverlap",1800,0.355819745213983,0.35909372328838,23
"SenMayo_nonoverlap",1801,0.199867507979604,0.189364415489656,23
"SenMayo_nonoverlap",1802,0.156784539469617,0.163442052364962,22
"SenMayo_nonoverlap",1803,0.242192868865886,0.241025359366124,23
"SenMayo_nonoverlap",1804,0.221308197732904,0.221884505418126,23
"SenMayo_nonoverlap",1805,0.273584202856665,0.286380782545748,23
"SenMayo_nonoverlap",1806,0.223303810670892,0.252774058098209,22
"SenMayo_nonoverlap",1807,0.185513849656706,0.186569047343286,22
"SenMayo_nonoverlap",1808,0.172929115241243,0.168765898456971,23
"SenMayo_nonoverlap",1809,0.262042809127846,0.256309269404823,23
"SenMayo_nonoverlap",1810,0.168826271161295,0.1551471081106,23
"SenMayo_nonoverlap",1811,0.256837040289357,0.265376324198637,23
"SenMayo_nonoverlap",1812,0.136208404998829,0.121324454823953,22
"SenMayo_nonoverlap",1813,0.258021129699974,0.259543992711359,23
"SenMayo_nonoverlap",1814,0.263124087600522,0.278941641785285,23
"SenMayo_nonoverlap",1815,0.168281929775296,0.162600272625708,22
"SenMayo_nonoverlap",1816,0.330233445447865,0.305902134981246,23
"SenMayo_nonoverlap",1817,0.217022727990798,0.219196462772886,23
"SenMayo_nonoverlap",1818,0.2164891983196,0.214737439850485,23
"SenMayo_nonoverlap",1819,0.155579986205583,0.146753531744243,22
"SenMayo_nonoverlap",1820,0.192690033871622,0.187490880586591,23
"SenMayo_nonoverlap",1821,0.228166576373314,0.213838694241651,23
"SenMayo_nonoverlap",1822,0.190620771480108,0.185176609830802,23
"SenMayo_nonoverlap",1823,0.193138997229449,0.18960493584296,23
"SenMayo_nonoverlap",1824,0.142284631130529,0.134955066821826,23
"SenMayo_nonoverlap",1825,0.242437777685318,0.244323589493198,23
"SenMayo_nonoverlap",1826,0.187752996255628,0.195927544339178,22
"SenMayo_nonoverlap",1827,0.273460027106625,0.267756387930198,23
"SenMayo_nonoverlap",1828,0.328602023885594,0.314623603638088,23
"SenMayo_nonoverlap",1829,0.136189662501955,0.163295177728793,22
"SenMayo_nonoverlap",1830,0.175209325969391,0.175136886043446,23
"SenMayo_nonoverlap",1831,0.20677340157453,0.219528333955205,23
"SenMayo_nonoverlap",1832,0.264011651242118,0.258472296011151,23
"SenMayo_nonoverlap",1833,0.182215858001687,0.181784458832542,22
"SenMayo_nonoverlap",1834,0.118300637115058,0.11744169433263,22
"SenMayo_nonoverlap",1835,0.196372227894859,0.200426265663803,23
"SenMayo_nonoverlap",1836,0.120122765963685,0.113697663902314,21
"SenMayo_nonoverlap",1837,0.152420224338549,0.148322193645441,23
"SenMayo_nonoverlap",1838,0.163016733216479,0.16010703867626,22
"SenMayo_nonoverlap",1839,0.272386700488679,0.259092400746325,23
"SenMayo_nonoverlap",1840,0.227506286139409,0.220147950047733,23
"SenMayo_nonoverlap",1841,0.163233990577483,0.15816069472156,23
"SenMayo_nonoverlap",1842,0.111546399022114,0.109536848953845,21
"SenMayo_nonoverlap",1843,0.292525240060208,0.291395287397641,23
"SenMayo_nonoverlap",1844,0.309800938565731,0.300756343488453,23
"SenMayo_nonoverlap",1845,0.319021955087924,0.300291684253336,23
"SenMayo_nonoverlap",1846,0.227966826464925,0.228096563663508,23
"SenMayo_nonoverlap",1847,0.334425534115768,0.335629596096348,23
"SenMayo_nonoverlap",1848,0.237137129965088,0.223911309965762,23
"SenMayo_nonoverlap",1849,0.296124568560327,0.276192681795155,23
"SenMayo_nonoverlap",1850,0.272004679508379,0.252270703387574,23
"SenMayo_nonoverlap",1851,0.195793886835845,0.180704659363339,23
"SenMayo_nonoverlap",1852,0.158950459766628,0.166165131023153,23
"SenMayo_nonoverlap",1853,0.253359767089813,0.263968826961495,23
"SenMayo_nonoverlap",1854,0.235780883383065,0.223692489179302,23
"SenMayo_nonoverlap",1855,0.25766768468911,0.263072070310838,23
"SenMayo_nonoverlap",1856,0.140254919205504,0.127192048638504,22
"SenMayo_nonoverlap",1857,0.324520533772692,0.322370245297676,23
"SenMayo_nonoverlap",1858,0.280062440785995,0.286275625545678,22
"SenMayo_nonoverlap",1859,0.182784530243844,0.1702564494155,22
"SenMayo_nonoverlap",1860,0.197423452750506,0.18454134272337,23
"SenMayo_nonoverlap",1861,0.282269688799832,0.283399466906937,23
"SenMayo_nonoverlap",1862,0.256761582122636,0.263434023263068,23
"SenMayo_nonoverlap",1863,0.134295539826766,0.111590245278027,23
"SenMayo_nonoverlap",1864,0.255277586292285,0.258892115376284,23
"SenMayo_nonoverlap",1865,0.306035534032558,0.312812667934868,23
"SenMayo_nonoverlap",1866,0.234378538420562,0.226605603217433,23
"SenMayo_nonoverlap",1867,0.189765106761904,0.176164841516749,23
"SenMayo_nonoverlap",1868,0.23631239706392,0.236683562201412,23
"SenMayo_nonoverlap",1869,0.211249273785519,0.213499451805235,23
"SenMayo_nonoverlap",1870,0.155186981328152,0.163046470068557,23
"SenMayo_nonoverlap",1871,0.217764774932025,0.242617300158414,23
"SenMayo_nonoverlap",1872,0.184744599440039,0.193760678122787,22
"SenMayo_nonoverlap",1873,0.26001577298724,0.252969006793901,23
"SenMayo_nonoverlap",1874,0.270389947492372,0.239963659948083,23
"SenMayo_nonoverlap",1875,0.17095173152535,0.179689093592218,22
"SenMayo_nonoverlap",1876,0.199574179722195,0.189375969694088,23
"SenMayo_nonoverlap",1877,0.199725294762575,0.205201032523951,23
"SenMayo_nonoverlap",1878,0.251908518489521,0.239379045568122,23
"SenMayo_nonoverlap",1879,0.304964895851009,0.268989627109887,23
"SenMayo_nonoverlap",1880,0.309745151221814,0.291916743994227,23
"SenMayo_nonoverlap",1881,0.264086235068615,0.259153415323958,23
"SenMayo_nonoverlap",1882,0.162683197156627,0.158905898970932,23
"SenMayo_nonoverlap",1883,0.246307719175449,0.226845332074736,23
"SenMayo_nonoverlap",1884,0.141187191194709,0.124121237531641,22
"SenMayo_nonoverlap",1885,0.154750707359815,0.157412100937203,22
"SenMayo_nonoverlap",1886,0.185507797029267,0.194131443096117,22
"SenMayo_nonoverlap",1887,0.243556504465496,0.230336897696965,23
"SenMayo_nonoverlap",1888,0.172210538989737,0.160491279192777,23
"SenMayo_nonoverlap",1889,0.191722513550295,0.183443773838423,22
"SenMayo_nonoverlap",1890,0.21898458184174,0.208607686617358,23
"SenMayo_nonoverlap",1891,0.119183879675362,0.111567018493177,22
"SenMayo_nonoverlap",1892,0.112712867902703,0.117132335150142,21
"SenMayo_nonoverlap",1893,0.300612192037876,0.291436434590024,23
"SenMayo_nonoverlap",1894,0.132433051110289,0.139055901232676,22
"SenMayo_nonoverlap",1895,0.215061840479545,0.207849642037269,23
"SenMayo_nonoverlap",1896,0.292826060141109,0.259352899428427,23
"SenMayo_nonoverlap",1897,0.118067820434573,0.116421199553752,22
"SenMayo_nonoverlap",1898,0.23675277950625,0.226636194039701,23
"SenMayo_nonoverlap",1899,0.119142831823042,0.112899779837962,22
"SenMayo_nonoverlap",1900,0.213156816891668,0.187655544007696,23
"SenMayo_nonoverlap",1901,0.266468814815956,0.265324098379739,23
"SenMayo_nonoverlap",1902,0.194080441471557,0.203841310626598,22
"SenMayo_nonoverlap",1903,0.204817069911889,0.213830586738187,23
"SenMayo_nonoverlap",1904,0.238859538780529,0.231604778132231,23
"SenMayo_nonoverlap",1905,0.200354126676127,0.185272830776314,23
"SenMayo_nonoverlap",1906,0.18748550510691,0.185206466761664,23
"SenMayo_nonoverlap",1907,0.316973292121885,0.309674212572287,23
"SenMayo_nonoverlap",1908,0.160787990435775,0.143480037977378,23
"SenMayo_nonoverlap",1909,0.207656180384192,0.214102301965476,23
"SenMayo_nonoverlap",1910,0.17465904205241,0.16474629035795,23
"SenMayo_nonoverlap",1911,0.199303186500875,0.199602755499878,22
"SenMayo_nonoverlap",1912,0.179228835609339,0.156281857156302,23
"SenMayo_nonoverlap",1913,0.184795918018188,0.1856635540662,23
"SenMayo_nonoverlap",1914,0.244560977629401,0.236584635478713,23
"SenMayo_nonoverlap",1915,0.136743932220375,0.141598661813602,22
"SenMayo_nonoverlap",1916,0.150230147367854,0.129485706661571,23
"SenMayo_nonoverlap",1917,0.248985748817582,0.254316881298005,23
"SenMayo_nonoverlap",1918,0.249328175954694,0.241198575030205,23
"SenMayo_nonoverlap",1919,0.276237014283499,0.251845054029726,23
"SenMayo_nonoverlap",1920,0.258231982954246,0.250979601597002,23
"SenMayo_nonoverlap",1921,0.259477125037769,0.264947415602981,23
"SenMayo_nonoverlap",1922,0.307160153471878,0.295070155739463,23
"SenMayo_nonoverlap",1923,0.230815213455472,0.228379599976151,23
"SenMayo_nonoverlap",1924,0.262262749188726,0.249906454912703,23
"SenMayo_nonoverlap",1925,0.194660373275894,0.203664388525912,22
"SenMayo_nonoverlap",1926,0.374903255584149,0.373542966127428,23
"SenMayo_nonoverlap",1927,0.206935865042664,0.220407228102525,23
"SenMayo_nonoverlap",1928,0.190317705906317,0.170294746123418,23
"SenMayo_nonoverlap",1929,0.214092946076438,0.212106989953572,23
"SenMayo_nonoverlap",1930,0.217878445670407,0.222537756828872,23
"SenMayo_nonoverlap",1931,0.157851491297848,0.153460463539384,23
"SenMayo_nonoverlap",1932,0.344090367676494,0.344611828365825,23
"SenMayo_nonoverlap",1933,0.245737213869521,0.249709150138783,23
"SenMayo_nonoverlap",1934,0.243626139370462,0.22856379174822,23
"SenMayo_nonoverlap",1935,0.254330224746476,0.230204467961769,23
"SenMayo_nonoverlap",1936,0.204584214129459,0.213757342291224,23
"SenMayo_nonoverlap",1937,0.190683971817726,0.201401792294287,23
"SenMayo_nonoverlap",1938,0.301559592033879,0.268945648662925,23
"SenMayo_nonoverlap",1939,0.276615598864788,0.276810839018731,23
"SenMayo_nonoverlap",1940,0.282635180750018,0.271768127144239,23
"SenMayo_nonoverlap",1941,0.253486251899605,0.248605090880508,23
"SenMayo_nonoverlap",1942,0.254307298680813,0.25093909464905,23
"SenMayo_nonoverlap",1943,0.180358450772678,0.184292911453228,23
"SenMayo_nonoverlap",1944,0.223143802176184,0.234281911201221,23
"SenMayo_nonoverlap",1945,0.31801827089546,0.317830710464297,23
"SenMayo_nonoverlap",1946,0.306366866238329,0.303317301558252,23
"SenMayo_nonoverlap",1947,0.221807583553891,0.227371360226709,23
"SenMayo_nonoverlap",1948,0.269278741116595,0.248377320515128,23
"SenMayo_nonoverlap",1949,0.245514898447928,0.254577139208724,23
"SenMayo_nonoverlap",1950,0.206738304252298,0.195741613239677,23
"SenMayo_nonoverlap",1951,0.262993820471331,0.270099600708912,23
"SenMayo_nonoverlap",1952,0.228626905865876,0.216808320829088,22
"SenMayo_nonoverlap",1953,0.181040692136763,0.18315303437103,23
"SenMayo_nonoverlap",1954,0.198232031136062,0.225965508073674,23
"SenMayo_nonoverlap",1955,0.349696517953399,0.352421626770359,23
"SenMayo_nonoverlap",1956,0.181722827122719,0.177258274413296,22
"SenMayo_nonoverlap",1957,0.198674140748351,0.183579648703173,23
"SenMayo_nonoverlap",1958,0.214398330971795,0.210044928396745,23
"SenMayo_nonoverlap",1959,0.286667238134942,0.266412288047439,23
"SenMayo_nonoverlap",1960,0.179894344008636,0.182211065249941,23
"SenMayo_nonoverlap",1961,0.163696575053855,0.151628495197357,23
"SenMayo_nonoverlap",1962,0.240293587001433,0.230494446412944,23
"SenMayo_nonoverlap",1963,0.350876690358664,0.335883341793539,23
"SenMayo_nonoverlap",1964,0.207474476107588,0.20123355146917,23
"SenMayo_nonoverlap",1965,0.159642370029092,0.176341905456214,23
"SenMayo_nonoverlap",1966,0.17760024456708,0.197274415020435,21
"SenMayo_nonoverlap",1967,0.250938355847909,0.239475560121788,23
"SenMayo_nonoverlap",1968,0.13493957154738,0.15254158258151,21
"SenMayo_nonoverlap",1969,0.300515845001182,0.287858954551887,23
"SenMayo_nonoverlap",1970,0.282503862946045,0.306839911589875,23
"SenMayo_nonoverlap",1971,0.219724306271192,0.218317446228051,23
"SenMayo_nonoverlap",1972,0.182037509561082,0.177504083871373,21
"SenMayo_nonoverlap",1973,0.168653707648028,0.15651178626824,23
"SenMayo_nonoverlap",1974,0.102636467112607,0.0971013254585122,21
"SenMayo_nonoverlap",1975,0.200617981637005,0.183056047632472,23
"SenMayo_nonoverlap",1976,0.258983132826417,0.271656795310309,23
"SenMayo_nonoverlap",1977,0.242524724354146,0.251681869533896,23
"SenMayo_nonoverlap",1978,0.229557818517587,0.224347580501945,23
"SenMayo_nonoverlap",1979,0.233731686294256,0.211737786109373,23
"SenMayo_nonoverlap",1980,0.169097678769045,0.161345789379978,23
"SenMayo_nonoverlap",1981,0.13408158043868,0.122599665007688,23
"SenMayo_nonoverlap",1982,0.277131984172094,0.296287904965689,23
"SenMayo_nonoverlap",1983,0.218120080866072,0.207665289062561,23
"SenMayo_nonoverlap",1984,0.22823013937019,0.214369908697297,23
"SenMayo_nonoverlap",1985,0.215326158547559,0.234039129252257,23
"SenMayo_nonoverlap",1986,0.106485768573062,0.101501274945361,21
"SenMayo_nonoverlap",1987,0.150632199409985,0.145026236613635,23
"SenMayo_nonoverlap",1988,0.146815917211446,0.151769305485602,23
"SenMayo_nonoverlap",1989,0.193242398008627,0.198200978748633,23
"SenMayo_nonoverlap",1990,0.246427308797505,0.234999904510286,23
"SenMayo_nonoverlap",1991,0.274004871944084,0.285802095219599,23
"SenMayo_nonoverlap",1992,0.197852426160929,0.215989988342774,22
"SenMayo_nonoverlap",1993,0.147619439122865,0.150733372405608,23
"SenMayo_nonoverlap",1994,0.291652907371022,0.252275402848339,23
"SenMayo_nonoverlap",1995,0.126561183364413,0.125568635345071,22
"SenMayo_nonoverlap",1996,0.248319096603619,0.254157153664185,23
"SenMayo_nonoverlap",1997,0.16456660859057,0.185292981217369,23
"SenMayo_nonoverlap",1998,0.174611253380766,0.169888457140833,23
"SenMayo_nonoverlap",1999,0.215081829396158,0.211208281548622,22
"SenMayo_nonoverlap",2000,0.242502096112913,0.24075816118828,22
"SenMayo_nonoverlap",2001,0.28840593411224,0.294631917946386,23
"SenMayo_nonoverlap",2002,0.216811474782226,0.206133774942202,23
"SenMayo_nonoverlap",2003,0.207555186866237,0.22480902523861,23
"SenMayo_nonoverlap",2004,0.191676589103748,0.194520066886884,22
"SenMayo_nonoverlap",2005,0.164285412667186,0.149151777118845,23
"SenMayo_nonoverlap",2006,0.307668316011829,0.306326367456138,23
"SenMayo_nonoverlap",2007,0.153537704281318,0.166516541724958,23
"SenMayo_nonoverlap",2008,0.202934744327692,0.20371105742355,23
"SenMayo_nonoverlap",2009,0.143519444018398,0.160378801297141,22
"SenMayo_nonoverlap",2010,0.0771375314821952,0.0743271099413483,20
"SenMayo_nonoverlap",2011,0.175527969402348,0.16911157177632,23
"SenMayo_nonoverlap",2012,0.259342317758046,0.283251162377997,23
"SenMayo_nonoverlap",2013,0.202920049849017,0.197380633708347,23
"SenMayo_nonoverlap",2014,0.280800426177404,0.286405002141727,23
"SenMayo_nonoverlap",2015,0.195121990506637,0.17992905602899,23
"SenMayo_nonoverlap",2016,0.258524347786761,0.244963585664522,23
"SenMayo_nonoverlap",2017,0.193919542053444,0.194208106006316,23
"SenMayo_nonoverlap",2018,0.293074649437799,0.295017401361616,23
"SenMayo_nonoverlap",2019,0.23604114266636,0.226941598050478,23
"SenMayo_nonoverlap",2020,0.232545671617181,0.242486397238845,23
"SenMayo_nonoverlap",2021,0.19893332260434,0.217300682051471,21
"SenMayo_nonoverlap",2022,0.321815020326475,0.330615477597278,23
"SenMayo_nonoverlap",2023,0.234496649347614,0.220428006407518,23
"SenMayo_nonoverlap",2024,0.291643660306246,0.264138164083232,23
"SenMayo_nonoverlap",2025,0.266514213511159,0.265282322075493,23
"SenMayo_nonoverlap",2026,0.270011595869711,0.254966536659499,23
"SenMayo_nonoverlap",2027,0.362296197608401,0.351315895470657,23
"SenMayo_nonoverlap",2028,0.150405205276227,0.145205677405663,23
"SenMayo_nonoverlap",2029,0.178051878958304,0.169546357331322,22
"SenMayo_nonoverlap",2030,0.213195399485821,0.213214561950856,22
"SenMayo_nonoverlap",2031,0.169925627673086,0.182544922747667,22
"SenMayo_nonoverlap",2032,0.287886507180522,0.278893493378523,23
"SenMayo_nonoverlap",2033,0.222148865442735,0.228857248160966,23
"SenMayo_nonoverlap",2034,0.160203310622668,0.163264856823319,23
"SenMayo_nonoverlap",2035,0.160830743753589,0.162062661750359,21
"SenMayo_nonoverlap",2036,0.209759135502402,0.216072195223605,23
"SenMayo_nonoverlap",2037,0.153029489904598,0.164512106381118,23
"SenMayo_nonoverlap",2038,0.235070565848653,0.255352256977724,23
"SenMayo_nonoverlap",2039,0.310523104572679,0.304726210144814,23
"SenMayo_nonoverlap",2040,0.193336955639304,0.190891154334205,23
"SenMayo_nonoverlap",2041,0.246562991509921,0.225226574369684,23
"SenMayo_nonoverlap",2042,0.231137320624469,0.227567310648647,23
"SenMayo_nonoverlap",2043,0.277055450429251,0.274917743370621,23
"SenMayo_nonoverlap",2044,0.125570951315611,0.131621196433851,21
"SenMayo_nonoverlap",2045,0.27632311417059,0.247209130246509,23
"SenMayo_nonoverlap",2046,0.329269023211807,0.328238778202736,23
"SenMayo_nonoverlap",2047,0.176720925097476,0.177233317334209,23
"SenMayo_nonoverlap",2048,0.210703028967728,0.202516922918038,23
"SenMayo_nonoverlap",2049,0.237487054232866,0.2255464096483,23
"SenMayo_nonoverlap",2050,0.243192392095403,0.234799720521871,23
"SenMayo_nonoverlap",2051,0.291512115212969,0.277706866209083,23
"SenMayo_nonoverlap",2052,0.131817814860634,0.133937194002449,22
"SenMayo_nonoverlap",2053,0.260611132070836,0.255385247938886,23
"SenMayo_nonoverlap",2054,0.208399238629795,0.192914239173949,23
"SenMayo_nonoverlap",2055,0.328769887495221,0.328708576772981,23
"SenMayo_nonoverlap",2056,0.168835812753657,0.165265640572277,22
"SenMayo_nonoverlap",2057,0.236170725805196,0.231014874581608,22
"SenMayo_nonoverlap",2058,0.10379855649525,0.123299248922356,22
"SenMayo_nonoverlap",2059,0.165820539353442,0.16057960056379,23
"SenMayo_nonoverlap",2060,0.233264591817979,0.240600447696417,22
"SenMayo_nonoverlap",2061,0.171400919629277,0.171810316018624,23
"SenMayo_nonoverlap",2062,0.261306287629536,0.273629997225334,22
"SenMayo_nonoverlap",2063,0.129841977880359,0.131617234372221,21
"SenMayo_nonoverlap",2064,0.209552838314499,0.210754752433252,23
"SenMayo_nonoverlap",2065,0.250312615778705,0.241072833698366,23
"SenMayo_nonoverlap",2066,0.261406616130046,0.279829835467764,23
"SenMayo_nonoverlap",2067,0.146117375811486,0.14168301863338,22
"SenMayo_nonoverlap",2068,0.0688712658804564,0.0556320620764096,20
"SenMayo_nonoverlap",2069,0.131242724831448,0.106857539988618,22
"SenMayo_nonoverlap",2070,0.193668330394163,0.186125151621137,22
"SenMayo_nonoverlap",2071,0.213202073728887,0.196191450953145,23
"SenMayo_nonoverlap",2072,0.196722093763015,0.178799842997057,23
"SenMayo_nonoverlap",2073,0.273845425306895,0.297262504811647,23
"SenMayo_nonoverlap",2074,0.257337913625217,0.267660428117794,23
"SenMayo_nonoverlap",2075,0.212614410553206,0.209959433691645,22
"SenMayo_nonoverlap",2076,0.184107399946539,0.162111921691959,23
"SenMayo_nonoverlap",2077,0.203386930019837,0.19108571608941,23
"SenMayo_nonoverlap",2078,0.0952900712307705,0.0912532016794974,22
"SenMayo_nonoverlap",2079,0.198028753284898,0.195339473285609,23
"SenMayo_nonoverlap",2080,0.273248551386201,0.276597448169325,23
"SenMayo_nonoverlap",2081,0.25574174054164,0.277384840873028,23
"SenMayo_nonoverlap",2082,0.279095994003805,0.285571493098388,23
"SenMayo_nonoverlap",2083,0.27566014382048,0.268519678315832,23
"SenMayo_nonoverlap",2084,0.2384918647039,0.229391386455418,23
"SenMayo_nonoverlap",2085,0.172064154141236,0.167771152864477,23
"SenMayo_nonoverlap",2086,0.259388387124978,0.245224636820769,23
"SenMayo_nonoverlap",2087,0.237724036414137,0.238833347064554,23
"SenMayo_nonoverlap",2088,0.164779817999723,0.166862908210517,23
"SenMayo_nonoverlap",2089,0.171431373308306,0.148844435781509,23
"SenMayo_nonoverlap",2090,0.256533678064481,0.276345164294048,23
"SenMayo_nonoverlap",2091,0.134979544455175,0.145293921396409,21
"SenMayo_nonoverlap",2092,0.212521740371807,0.200622385872083,22
"SenMayo_nonoverlap",2093,0.224158119658931,0.203365252001713,23
"SenMayo_nonoverlap",2094,0.240845844693552,0.260555412904639,22
"SenMayo_nonoverlap",2095,0.225279582064899,0.23359075900843,23
"SenMayo_nonoverlap",2096,0.202337250842806,0.18576582685686,23
"SenMayo_nonoverlap",2097,0.299588106568626,0.297993032478395,23
"SenMayo_nonoverlap",2098,0.27298518736472,0.265881355595821,23
"SenMayo_nonoverlap",2099,0.244115015091997,0.243156849442173,23
"SenMayo_nonoverlap",2100,0.123058269777156,0.117135198648153,22
"SenMayo_nonoverlap",2101,0.205136706344589,0.187306230843767,23
"SenMayo_nonoverlap",2102,0.240922692448281,0.243994874953408,23
"SenMayo_nonoverlap",2103,0.147067216926214,0.152252277088306,23
"SenMayo_nonoverlap",2104,0.138471072130144,0.155771654319906,22
"SenMayo_nonoverlap",2105,0.25248435772572,0.251992281649049,23
"SenMayo_nonoverlap",2106,0.304964937304291,0.295208899751291,23
"SenMayo_nonoverlap",2107,0.193378175990381,0.179942591460362,23
"SenMayo_nonoverlap",2108,0.309531053501437,0.303957490789309,23
"SenMayo_nonoverlap",2109,0.18709081583654,0.183067633519193,23
"SenMayo_nonoverlap",2110,0.280340416150805,0.281191052105267,23
"SenMayo_nonoverlap",2111,0.274199660187186,0.307992187189277,23
"SenMayo_nonoverlap",2112,0.198620336841009,0.206940616894774,22
"SenMayo_nonoverlap",2113,0.127421543747619,0.142902945263392,22
"SenMayo_nonoverlap",2114,0.202113568183373,0.197156628738665,22
"SenMayo_nonoverlap",2115,0.16289916492274,0.150630910504927,22
"SenMayo_nonoverlap",2116,0.195429148749041,0.174222242168025,23
"SenMayo_nonoverlap",2117,0.24557973378372,0.247616934062834,23
"SenMayo_nonoverlap",2118,0.258285271234317,0.270610123276058,23
"SenMayo_nonoverlap",2119,0.226774620931244,0.214466541436579,23
"SenMayo_nonoverlap",2120,0.174221124993287,0.178870546859635,22
"SenMayo_nonoverlap",2121,0.149053595782774,0.170176552888963,22
"SenMayo_nonoverlap",2122,0.190264004537996,0.172120450646281,23
"SenMayo_nonoverlap",2123,0.280282898580442,0.286926011123933,23
"SenMayo_nonoverlap",2124,0.263713992128789,0.255524611832884,23
"SenMayo_nonoverlap",2125,0.290068515545836,0.281665874003735,23
"SenMayo_nonoverlap",2126,0.221015565332121,0.235254455894954,23
"SenMayo_nonoverlap",2127,0.225383626855069,0.236439675097816,23
"SenMayo_nonoverlap",2128,0.25111100995497,0.245668873765141,23
"SenMayo_nonoverlap",2129,0.256586955191847,0.259179050109634,23
"SenMayo_nonoverlap",2130,0.165444179100386,0.168930019849294,23
"SenMayo_nonoverlap",2131,0.244396312387885,0.22479695418961,22
"SenMayo_nonoverlap",2132,0.210776206326947,0.206795643982208,23
"SenMayo_nonoverlap",2133,0.195009778450462,0.203237885696668,23
"SenMayo_nonoverlap",2134,0.269986391581405,0.261539565267598,23
"SenMayo_nonoverlap",2135,0.296335976248504,0.278324333374857,23
"SenMayo_nonoverlap",2136,0.220220861679832,0.239434186765289,23
"SenMayo_nonoverlap",2137,0.261181750066256,0.249161780534888,23
"SenMayo_nonoverlap",2138,0.0931873450643981,0.094206004485471,20
"SenMayo_nonoverlap",2139,0.273662471299546,0.263630624723225,23
"SenMayo_nonoverlap",2140,0.157053312801206,0.159207759752539,23
"SenMayo_nonoverlap",2141,0.231904414311967,0.229984934693415,23
"SenMayo_nonoverlap",2142,0.155990126035142,0.150196020553609,23
"SenMayo_nonoverlap",2143,0.118929185736166,0.141918744777766,23
"SenMayo_nonoverlap",2144,0.135483187969383,0.12213564783164,22
"SenMayo_nonoverlap",2145,0.176070704277337,0.190568304500929,22
"SenMayo_nonoverlap",2146,0.248658756013358,0.260386351555055,22
"SenMayo_nonoverlap",2147,0.242283277085991,0.217902686820228,23
"SenMayo_nonoverlap",2148,0.217051159340254,0.225371627228892,23
"SenMayo_nonoverlap",2149,0.147393607820866,0.143696286390373,22
"SenMayo_nonoverlap",2150,0.349309646806148,0.338866085029419,23
"SenMayo_nonoverlap",2151,0.10785149199819,0.132497105034439,21
"SenMayo_nonoverlap",2152,0.124450695937907,0.120910432612613,23
"SenMayo_nonoverlap",2153,0.242361507695425,0.22747591747483,23
"SenMayo_nonoverlap",2154,0.234835085014313,0.224954443456712,23
"SenMayo_nonoverlap",2155,0.183426743297514,0.180454867296307,23
"SenMayo_nonoverlap",2156,0.256415861828277,0.261952063358855,23
"SenMayo_nonoverlap",2157,0.17802508676858,0.171502585014321,23
"SenMayo_nonoverlap",2158,0.297715217784096,0.291974685031777,23
"SenMayo_nonoverlap",2159,0.216208667664192,0.206108560909374,22
"SenMayo_nonoverlap",2160,0.0957640093489635,0.105848872586348,22
"SenMayo_nonoverlap",2161,0.118509908162637,0.145844760554455,21
"SenMayo_nonoverlap",2162,0.294055277386654,0.262975052509673,23
"SenMayo_nonoverlap",2163,0.188045128417813,0.194689975097391,23
"SenMayo_nonoverlap",2164,0.310024480188567,0.296440885356567,23
"SenMayo_nonoverlap",2165,0.17414814051389,0.170545635797073,22
"SenMayo_nonoverlap",2166,0.275182298439095,0.264034951321888,23
"SenMayo_nonoverlap",2167,0.241505381702593,0.220271082153261,23
"SenMayo_nonoverlap",2168,0.23868158897105,0.240349422470951,23
"SenMayo_nonoverlap",2169,0.189394786353238,0.178477099626948,23
"SenMayo_nonoverlap",2170,0.113349825125649,0.120833959590478,20
"SenMayo_nonoverlap",2171,0.141200455864305,0.141957395362688,22
"SenMayo_nonoverlap",2172,0.261966197915308,0.229503232050323,23
"SenMayo_nonoverlap",2173,0.249980771874436,0.254570054248037,22
"SenMayo_nonoverlap",2174,0.384893074952873,0.405770646665165,23
"SenMayo_nonoverlap",2175,0.298497986367313,0.317423278686545,23
"SenMayo_nonoverlap",2176,0.234773448408814,0.220857601274749,23
"SenMayo_nonoverlap",2177,0.218028076058308,0.218527441757583,23
"SenMayo_nonoverlap",2178,0.320328702328684,0.30985930528699,23
"SenMayo_nonoverlap",2179,0.193476689316258,0.177106571814906,23
"SenMayo_nonoverlap",2180,0.244926133993524,0.239403217455111,23
"SenMayo_nonoverlap",2181,0.186302457455384,0.190468358140627,23
"SenMayo_nonoverlap",2182,0.246162650342583,0.252852005033251,23
"SenMayo_nonoverlap",2183,0.222576054131722,0.214735049551353,23
"SenMayo_nonoverlap",2184,0.207340756867078,0.200419133888634,23
"SenMayo_nonoverlap",2185,0.29083931740775,0.288037846961682,23
"SenMayo_nonoverlap",2186,0.256969744156733,0.240307737141571,23
"SenMayo_nonoverlap",2187,0.238859308361298,0.246788039938153,23
"SenMayo_nonoverlap",2188,0.208280156437896,0.201537365356945,22
"SenMayo_nonoverlap",2189,0.174977581038834,0.183283793282243,22
"SenMayo_nonoverlap",2190,0.279273473703753,0.268348123159707,23
"SenMayo_nonoverlap",2191,0.113678885437586,0.112466521004932,21
"SenMayo_nonoverlap",2192,0.269057174344911,0.274263990859473,23
"SenMayo_nonoverlap",2193,0.197978880686249,0.189134678249829,23
"SenMayo_nonoverlap",2194,0.272384280625365,0.267551775928029,23
"SenMayo_nonoverlap",2195,0.300403246361274,0.278584029762516,23
"SenMayo_nonoverlap",2196,0.201157751505999,0.185311647540325,23
"SenMayo_nonoverlap",2197,0.150908565419026,0.169260027118661,21
"SenMayo_nonoverlap",2198,0.117015411492993,0.122472725605047,21
"SenMayo_nonoverlap",2199,0.2622413429566,0.271455814935901,23
"SenMayo_nonoverlap",2200,0.210853815774646,0.205892628475125,23
"SenMayo_nonoverlap",2201,0.198291134119936,0.180089240044475,23
"SenMayo_nonoverlap",2202,0.183094443929696,0.17807996162016,23
"SenMayo_nonoverlap",2203,0.187755524207032,0.202610104083674,22
"SenMayo_nonoverlap",2204,0.212718930318776,0.221792938411925,23
"SenMayo_nonoverlap",2205,0.156146180384081,0.162226244706103,22
"SenMayo_nonoverlap",2206,0.228385242063834,0.215796312804062,23
"SenMayo_nonoverlap",2207,0.154533680851166,0.167560142666416,23
"SenMayo_nonoverlap",2208,0.205493921993434,0.194612787353271,23
"SenMayo_nonoverlap",2209,0.353375147237768,0.336058399045731,23
"SenMayo_nonoverlap",2210,0.177385223733896,0.175300219302144,23
"SenMayo_nonoverlap",2211,0.283915718629754,0.287736539231509,22
"SenMayo_nonoverlap",2212,0.287694696274205,0.280473372934557,23
"SenMayo_nonoverlap",2213,0.241592681200999,0.245165114620353,23
"SenMayo_nonoverlap",2214,0.132746588754541,0.121197950859419,22
"SenMayo_nonoverlap",2215,0.256373724349601,0.266563796726265,23
"SenMayo_nonoverlap",2216,0.166961789187225,0.149773153174677,23
"SenMayo_nonoverlap",2217,0.168185625867513,0.181431009873993,23
"SenMayo_nonoverlap",2218,0.324802086387411,0.333601433464881,23
"SenMayo_nonoverlap",2219,0.162379244822958,0.14652690291744,23
"SenMayo_nonoverlap",2220,0.277460878594943,0.266926297163514,23
"SenMayo_nonoverlap",2221,0.242993805327989,0.242271456183437,23
"SenMayo_nonoverlap",2222,0.166398634298838,0.152294906033584,23
"SenMayo_nonoverlap",2223,0.288493008777833,0.296078766461747,23
"SenMayo_nonoverlap",2224,0.269382896933212,0.27214467613429,23
"SenMayo_nonoverlap",2225,0.228398994841075,0.228874549149831,23
"SenMayo_nonoverlap",2226,0.300248061332336,0.293147457384067,23
"SenMayo_nonoverlap",2227,0.188583448820066,0.168671285109165,23
"SenMayo_nonoverlap",2228,0.172004452308854,0.176667728365601,23
"SenMayo_nonoverlap",2229,0.356768091883107,0.363882827422605,23
"SenMayo_nonoverlap",2230,0.281556608832539,0.288001350733234,23
"SenMayo_nonoverlap",2231,0.196645180806055,0.200117669807757,23
"SenMayo_nonoverlap",2232,0.163754422314455,0.156199820497804,22
"SenMayo_nonoverlap",2233,0.315357607010487,0.284551839692829,23
"SenMayo_nonoverlap",2234,0.140699833291219,0.141730660310338,22
"SenMayo_nonoverlap",2235,0.290287312378381,0.30016972242904,23
"SenMayo_nonoverlap",2236,0.172934786317298,0.185728061130239,21
"SenMayo_nonoverlap",2237,0.167821859267251,0.157745573650032,23
"SenMayo_nonoverlap",2238,0.191917697582309,0.192043115878505,23
"SenMayo_nonoverlap",2239,0.353845533901708,0.360898889659901,23
"SenMayo_nonoverlap",2240,0.222599750734891,0.235399921885352,23
"SenMayo_nonoverlap",2241,0.185685561415753,0.193566684696707,23
"SenMayo_nonoverlap",2242,0.191154012604212,0.182615099606542,23
"SenMayo_nonoverlap",2243,0.293289121527005,0.291931042184349,23
"SenMayo_nonoverlap",2244,0.219172794841431,0.221486439497085,23
"SenMayo_nonoverlap",2245,0.2179046909145,0.216826414994434,23
"SenMayo_nonoverlap",2246,0.174051542141054,0.156085867790084,23
"SenMayo_nonoverlap",2247,0.192350216626555,0.196396620244523,23
"SenMayo_nonoverlap",2248,0.0261186137487171,0.0104153749248867,13
"SenMayo_nonoverlap",2249,0.214593472810369,0.225877895996802,23
"SenMayo_nonoverlap",2250,0.139376717313071,0.135921976869058,22
"SenMayo_nonoverlap",2251,0.232248021974557,0.230055880408937,23
"SenMayo_nonoverlap",2252,0.120068523911978,0.127629178322936,22
"SenMayo_nonoverlap",2253,0.257564873824658,0.254875528015755,23
"SenMayo_nonoverlap",2254,0.145769923420277,0.156364398511863,22
"SenMayo_nonoverlap",2255,0.259056906982313,0.243520571822551,23
"SenMayo_nonoverlap",2256,0.25445346608853,0.245030535640426,23
"SenMayo_nonoverlap",2257,0.229425003040938,0.226948788712582,23
"SenMayo_nonoverlap",2258,0.170215378228385,0.175423076318216,22
"SenMayo_nonoverlap",2259,0.241194451132764,0.216535911874001,23
"SenMayo_nonoverlap",2260,0.31141301989822,0.31718424995695,23
"SenMayo_nonoverlap",2261,0.242655335921088,0.248551244673968,23
"SenMayo_nonoverlap",2262,0.22898259233825,0.196808168211417,23
"SenMayo_nonoverlap",2263,0.255092498583452,0.256826341505752,23
"SenMayo_nonoverlap",2264,0.174414105255775,0.17025096563444,23
"SenMayo_nonoverlap",2265,0.241798035000016,0.235109402253464,23
"SenMayo_nonoverlap",2266,0.228516936825639,0.225703854890743,23
"SenMayo_nonoverlap",2267,0.269524368234297,0.280661539608273,23
"SenMayo_nonoverlap",2268,0.140984707376864,0.141083135928031,23
"SenMayo_nonoverlap",2269,0.0782297775711925,0.074027584805518,22
"SenMayo_nonoverlap",2270,0.16141757597227,0.12669257101687,22
"SenMayo_nonoverlap",2271,0.365709658030708,0.366035081374246,23
"SenMayo_nonoverlap",2272,0.108550668457733,0.101851293951995,22
"SenMayo_nonoverlap",2273,0.232771522896364,0.214063648902325,23
"SenMayo_nonoverlap",2274,0.186638539349787,0.189540627925617,23
"SenMayo_nonoverlap",2275,0.238519009648128,0.248434873541011,23
"SenMayo_nonoverlap",2276,0.307975498720128,0.316325216838936,23
"SenMayo_nonoverlap",2277,0.264288934079737,0.271180330037229,23
"SenMayo_nonoverlap",2278,0.358764817526383,0.371043184887259,23
"SenMayo_nonoverlap",2279,0.270722397912482,0.260569570092809,23
"SenMayo_nonoverlap",2280,0.4218507766878,0.409695546162195,23
"SenMayo_nonoverlap",2281,0.156138830962629,0.149789949353095,23
"SenMayo_nonoverlap",2282,0.255820652269685,0.267197823944484,23
"SenMayo_nonoverlap",2283,0.263348247972752,0.250925941538584,23
"SenMayo_nonoverlap",2284,0.325640346859786,0.306162952290381,23
"SenMayo_nonoverlap",2285,0.321138323562918,0.311742204072808,23
"SenMayo_nonoverlap",2286,0.225839697575236,0.220757679367037,23
"SenMayo_nonoverlap",2287,0.114679853931296,0.120534794693437,23
"SenMayo_nonoverlap",2288,0.184574945915312,0.175122865519771,22
"SenMayo_nonoverlap",2289,0.281086952741929,0.266590392833171,23
"SenMayo_nonoverlap",2290,0.192879096658074,0.185819425946476,23
"SenMayo_nonoverlap",2291,0.230895136492622,0.208331381555152,23
"SenMayo_nonoverlap",2292,0.108162338176664,0.0901605470853149,21
"SenMayo_nonoverlap",2293,0.27421359619687,0.284081750316753,23
"SenMayo_nonoverlap",2294,0.317726160321998,0.318561576932068,23
"SenMayo_nonoverlap",2295,0.237427929827697,0.234074060888543,23
"SenMayo_nonoverlap",2296,0.264248985395246,0.26302077095086,23
"SenMayo_nonoverlap",2297,0.252619893216334,0.241792267831279,23
"SenMayo_nonoverlap",2298,0.166928226811185,0.150648125048314,23
"SenMayo_nonoverlap",2299,0.247208369203169,0.264760695889054,23
"SenMayo_nonoverlap",2300,0.309599227984546,0.311463942872957,23
"SenMayo_nonoverlap",2301,0.101461907411277,0.103694113961377,22
"SenMayo_nonoverlap",2302,0.124362071864041,0.114865735056427,22
"SenMayo_nonoverlap",2303,0.237468070142949,0.248634957188981,23
"SenMayo_nonoverlap",2304,0.242980306311706,0.238377785564228,23
"SenMayo_nonoverlap",2305,0.200649307153707,0.190390513682776,23
"SenMayo_nonoverlap",2306,0.227823845750573,0.224620774643633,23
"SenMayo_nonoverlap",2307,0.271835039351855,0.268061767895231,23
"SenMayo_nonoverlap",2308,0.208709222894628,0.215242868155536,22
"SenMayo_nonoverlap",2309,0.188918374550887,0.188975956008218,23
"SenMayo_nonoverlap",2310,0.281425613489247,0.276695747831413,23
"SenMayo_nonoverlap",2311,0.211307522799131,0.206361127901115,23
"SenMayo_nonoverlap",2312,0.0525339828186231,0.0502871248020987,18
"SenMayo_nonoverlap",2313,0.198358327418351,0.203325453407661,22
"SenMayo_nonoverlap",2314,0.269875588317351,0.259124523722571,23
"SenMayo_nonoverlap",2315,0.324816007376317,0.337971610518007,23
"SenMayo_nonoverlap",2316,0.246516553626259,0.260696867491948,23
"SenMayo_nonoverlap",2317,0.289263452425351,0.296835282151551,23
"SenMayo_nonoverlap",2318,0.224821480813048,0.226446441776602,23
"SenMayo_nonoverlap",2319,0.188613418697607,0.202083625821592,23
"SenMayo_nonoverlap",2320,0.199301020965657,0.190888956691019,23
"SenMayo_nonoverlap",2321,0.185349130130076,0.184502040912551,23
"SenMayo_nonoverlap",2322,0.25113408123956,0.260025539552836,23
"SenMayo_nonoverlap",2323,0.274660637417185,0.284905145166436,23
"SenMayo_nonoverlap",2324,0.258386074876627,0.24554690905315,23
"SenMayo_nonoverlap",2325,0.261686079572618,0.278679314247884,22
"SenMayo_nonoverlap",2326,0.207048407361909,0.212688661742665,22
"SenMayo_nonoverlap",2327,0.235735984429878,0.222697847081054,23
"SenMayo_nonoverlap",2328,0.22368636558012,0.233095703537017,23
"SenMayo_nonoverlap",2329,0.208580202919894,0.217212191104535,23
"SenMayo_nonoverlap",2330,0.238507162274666,0.243074531594671,23
"SenMayo_nonoverlap",2331,0.134821072278174,0.135505868133333,23
"SenMayo_nonoverlap",2332,0.167434545596847,0.165610957010933,23
"SenMayo_nonoverlap",2333,0.110478039791009,0.108103472272875,21
"SenMayo_nonoverlap",2334,0.296226806313994,0.296252305643191,23
"SenMayo_nonoverlap",2335,0.170763988235663,0.191198232866982,22
"SenMayo_nonoverlap",2336,0.212668342650538,0.231482282436165,22
"SenMayo_nonoverlap",2337,0.271172084042578,0.254722909407139,23
"SenMayo_nonoverlap",2338,0.218514308632569,0.213392419183214,23
"SenMayo_nonoverlap",2339,0.134737695179168,0.10058341181558,23
"SenMayo_nonoverlap",2340,0.241075037345542,0.247083457182191,23
"SenMayo_nonoverlap",2341,0.284084535304891,0.286577010247483,23
"SenMayo_nonoverlap",2342,0.33109343299445,0.334615633938607,23
"SenMayo_nonoverlap",2343,0.340320202469885,0.345849499359995,23
"SenMayo_nonoverlap",2344,0.136993359682217,0.149553353755295,22
"SenMayo_nonoverlap",2345,0.0979353182161961,0.104004869673132,21
"SenMayo_nonoverlap",2346,0.322975975444348,0.304346105735005,23
"SenMayo_nonoverlap",2347,0.203151744620778,0.208251222282989,22
"SenMayo_nonoverlap",2348,0.254367888529787,0.250907893413674,23
"SenMayo_nonoverlap",2349,0.242657335311274,0.232165985269837,22
"SenMayo_nonoverlap",2350,0.242310230474331,0.225805770304134,23
"SenMayo_nonoverlap",2351,0.298586731376555,0.30128665680066,23
"SenMayo_nonoverlap",2352,0.24481844773871,0.241546998167476,23
"SenMayo_nonoverlap",2353,0.169046914030519,0.167476722392161,21
"SenMayo_nonoverlap",2354,0.21382533379447,0.206387700260802,23
"SenMayo_nonoverlap",2355,0.180035195671079,0.160926279728581,22
"SenMayo_nonoverlap",2356,0.211472587692791,0.211391624303528,23
"SenMayo_nonoverlap",2357,0.308973983104549,0.297277789463749,23
"SenMayo_nonoverlap",2358,0.29717928637371,0.274249121020269,23
"SenMayo_nonoverlap",2359,0.133409326368662,0.133684774682191,22
"SenMayo_nonoverlap",2360,0.163077478560331,0.157250025677618,23
"SenMayo_nonoverlap",2361,0.331138413656997,0.325966921369843,23
"SenMayo_nonoverlap",2362,0.347506325327696,0.343666652799677,23
"SenMayo_nonoverlap",2363,0.248982112905362,0.262680414828128,23
"SenMayo_nonoverlap",2364,0.326789702678685,0.307110723086437,23
"SenMayo_nonoverlap",2365,0.319886085074691,0.303790922764571,23
"SenMayo_nonoverlap",2366,0.276722802225095,0.257245422519939,23
"SenMayo_nonoverlap",2367,0.187346981860166,0.194384535258602,22
"SenMayo_nonoverlap",2368,0.233120581256983,0.222384521127286,23
"SenMayo_nonoverlap",2369,0.214596852060007,0.208724086678865,23
"SenMayo_nonoverlap",2370,0.277375855172181,0.26982610556686,23
"SenMayo_nonoverlap",2371,0.262013057410486,0.271237129223041,23
"SenMayo_nonoverlap",2372,0.260611688790482,0.281927886743645,23
"SenMayo_nonoverlap",2373,0.132412149035426,0.130362358265213,22
"SenMayo_nonoverlap",2374,0.286438009087341,0.283034505059071,23
"SenMayo_nonoverlap",2375,0.321733487852166,0.300773845097271,23
"SenMayo_nonoverlap",2376,0.181836553647106,0.148980209068727,23
"SenMayo_nonoverlap",2377,0.305740978829527,0.303871652193528,23
"SenMayo_nonoverlap",2378,0.275663385228399,0.285755452790121,23
"SenMayo_nonoverlap",2379,0.246425251718398,0.241639054601377,23
"SenMayo_nonoverlap",2380,0.106086965422606,0.0933452637844576,22
"SenMayo_nonoverlap",2381,0.235905684161346,0.219402074158172,23
"SenMayo_nonoverlap",2382,0.311311072545,0.310283189566122,23
"SenMayo_nonoverlap",2383,0.23389362380914,0.227292882290825,23
"SenMayo_nonoverlap",2384,0.243095390136233,0.228561562429635,23
"SenMayo_nonoverlap",2385,0.250728351930527,0.261050102441283,22
"SenMayo_nonoverlap",2386,0.254261470063789,0.245594218233645,23
"SenMayo_nonoverlap",2387,0.193702877303397,0.195383784156483,23
"SenMayo_nonoverlap",2388,0.31211641317858,0.311432717038192,23
"SenMayo_nonoverlap",2389,0.218808029694565,0.217364753239435,23
"SenMayo_nonoverlap",2390,0.286588533098605,0.288716315318762,23
"SenMayo_nonoverlap",2391,0.120072226543327,0.116229177285841,22
"SenMayo_nonoverlap",2392,0.154407011583311,0.153488811736644,21
"SenMayo_nonoverlap",2393,0.18694428674472,0.206398124826746,23
"SenMayo_nonoverlap",2394,0.292693914340554,0.287206524997366,23
"SenMayo_nonoverlap",2395,0.176291666646678,0.194106238751465,23
"SenMayo_nonoverlap",2396,0.291953713349774,0.286624612883786,23
"SenMayo_nonoverlap",2397,0.191789222686564,0.179031898474771,23
"SenMayo_nonoverlap",2398,0.226498507022618,0.229385852398188,23
"SenMayo_nonoverlap",2399,0.206593455213678,0.192990469790344,23
"SenMayo_nonoverlap",2400,0.35678056677769,0.374095600451133,23
"SenMayo_nonoverlap",2401,0.175917737052663,0.180398403146562,23
"SenMayo_nonoverlap",2402,0.194442173744315,0.179508778263533,22
"SenMayo_nonoverlap",2403,0.200351311881615,0.18882217850998,23
"SenMayo_nonoverlap",2404,0.277998595551316,0.269905901398813,23
"SenMayo_nonoverlap",2405,0.331270388599135,0.342481554958952,23
"SenMayo_nonoverlap",2406,0.157088766250882,0.151754308455808,22
"SenMayo_nonoverlap",2407,0.133237207569452,0.127826020034584,22
"SenMayo_nonoverlap",2408,0.228111237457196,0.234436864494677,23
"SenMayo_nonoverlap",2409,0.213273112734044,0.202854868183143,23
"SenMayo_nonoverlap",2410,0.103348697660007,0.0961833159821881,21
"SenMayo_nonoverlap",2411,0.0705367297919738,0.0656652909710844,20
"SenMayo_nonoverlap",2412,0.237556018745667,0.244679254559779,23
"SenMayo_nonoverlap",2413,0.219455487544355,0.219448453164665,23
"SenMayo_nonoverlap",2414,0.382305753789506,0.37379579662734,23
"SenMayo_nonoverlap",2415,0.10593502910358,0.107104379024645,22
"SenMayo_nonoverlap",2416,0.196782657941291,0.217713147617372,23
"SenMayo_nonoverlap",2417,0.149491983523644,0.149457200321951,21
"SenMayo_nonoverlap",2418,0.240097179373508,0.217778760649486,22
"SenMayo_nonoverlap",2419,0.22369326083391,0.226636415976972,22
"SenMayo_nonoverlap",2420,0.246678585798125,0.244720172779127,23
"SenMayo_nonoverlap",2421,0.190630607775077,0.185714439762334,23
"SenMayo_nonoverlap",2422,0.239580027097491,0.230577387973059,23
"SenMayo_nonoverlap",2423,0.246459724774319,0.244983398282204,23
"SenMayo_nonoverlap",2424,0.144142234827138,0.151961443834041,21
"SenMayo_nonoverlap",2425,0.297652725545181,0.283330768753492,23
"SenMayo_nonoverlap",2426,0.227301205491037,0.227964611829726,23
"SenMayo_nonoverlap",2427,0.181180739260399,0.183832082962225,23
"SenMayo_nonoverlap",2428,0.201668199535882,0.215959574077576,23
"SenMayo_nonoverlap",2429,0.155517857011674,0.163825278574428,23
"SenMayo_nonoverlap",2430,0.09556617652656,0.0969090355913446,20
"SenMayo_nonoverlap",2431,0.0815768068517444,0.0648660726962779,20
"SenMayo_nonoverlap",2432,0.191275061152219,0.196331573768535,22
"SenMayo_nonoverlap",2433,0.0757698235010012,0.0692345595886205,20
"SenMayo_nonoverlap",2434,0.163678032266196,0.16287900594118,23
"SenMayo_nonoverlap",2435,0.113631453727588,0.11124179559029,21
"SenMayo_nonoverlap",2436,0.184230340712211,0.170237371828233,22
"SenMayo_nonoverlap",2437,0.233690999126762,0.238127224969495,23
"SenMayo_nonoverlap",2438,0.316658655184907,0.297775286070853,23
"SenMayo_nonoverlap",2439,0.252788994930199,0.245355759219375,23
"SenMayo_nonoverlap",2440,0.20942350885807,0.192513482605378,23
"SenMayo_nonoverlap",2441,0.184194508498904,0.1796692363732,22
"SenMayo_nonoverlap",2442,0.178102474143163,0.190137079949283,22
"SenMayo_nonoverlap",2443,0.223395680015682,0.210764439554919,23
"SenMayo_nonoverlap",2444,0.237053964488006,0.238943030399757,22
"SenMayo_nonoverlap",2445,0.0748583878916728,0.0677667921700223,18
"SenMayo_nonoverlap",2446,0.26043288692,0.255026648772301,23
"SenMayo_nonoverlap",2447,0.206163013087706,0.197992151466442,23
"SenMayo_nonoverlap",2448,0.186994070227852,0.187397253206946,23
"SenMayo_nonoverlap",2449,0.269361075452461,0.283195699495697,23
"SenMayo_nonoverlap",2450,0.0940086448365055,0.0951610228480246,21
"SenMayo_nonoverlap",2451,0.211151998960418,0.204725615832659,23
"SenMayo_nonoverlap",2452,0.260045194294783,0.255705499008228,23
"SenMayo_nonoverlap",2453,0.237681924074461,0.249569770092471,23
"SenMayo_nonoverlap",2454,0.163384078292663,0.164548420801283,22
"SenMayo_nonoverlap",2455,0.184956676992759,0.183869895085907,22
"SenMayo_nonoverlap",2456,0.21752760724021,0.243582959067034,22
"SenMayo_nonoverlap",2457,0.128590644144465,0.115563700060066,19
"SenMayo_nonoverlap",2458,0.182252353640405,0.161081142082003,23
"SenMayo_nonoverlap",2459,0.152167408037711,0.131323832754823,22
"SenMayo_nonoverlap",2460,0.112283921396101,0.0891331284753722,22
"SenMayo_nonoverlap",2461,0.189676025555753,0.183032881771258,22
"SenMayo_nonoverlap",2462,0.144521930959758,0.144993580034392,22
"SenMayo_nonoverlap",2463,0.183276355574857,0.187131463497582,22
"SenMayo_nonoverlap",2464,0.201222667828166,0.202597349802896,23
"SenMayo_nonoverlap",2465,0.140384920972455,0.136774254841888,22
"SenMayo_nonoverlap",2466,0.286891111214531,0.274160087722916,23
"SenMayo_nonoverlap",2467,0.206085595072476,0.211780985947828,23
"SenMayo_nonoverlap",2468,0.135734709821885,0.130406961084352,21
"SenMayo_nonoverlap",2469,0.113691355068043,0.11602797652112,21
"SenMayo_nonoverlap",2470,0.143848082649483,0.171656089422474,21
"SenMayo_nonoverlap",2471,0.0997789264972973,0.112378572989606,19
"SenMayo_nonoverlap",2472,0.290166433930974,0.288875449700138,23
"SenMayo_nonoverlap",2473,0.255723744170774,0.225425143564971,23
"SenMayo_nonoverlap",2474,0.223131728615813,0.208401706552025,22
"SenMayo_nonoverlap",2475,0.226950078570514,0.230744607733463,23
"SenMayo_nonoverlap",2476,0.306028766352172,0.320127704215956,23
"SenMayo_nonoverlap",2477,0.172726378447118,0.180235970361065,22
"SenMayo_nonoverlap",2478,0.141121883570577,0.137526334903266,22
"SenMayo_nonoverlap",2479,0.198816453435733,0.19142389658956,23
"SenMayo_nonoverlap",2480,0.204117990892407,0.214614775786138,23
"SenMayo_nonoverlap",2481,0.180184445806986,0.164018256585377,22
"SenMayo_nonoverlap",2482,0.253461194638353,0.241440725385352,23
"SenMayo_nonoverlap",2483,0.171111433385755,0.174694344821655,22
"SenMayo_nonoverlap",2484,0.359354961415725,0.34653531870403,23
"SenMayo_nonoverlap",2485,0.164506116041927,0.168887365390777,22
"SenMayo_nonoverlap",2486,0.303469284447714,0.2994418625766,23
"SenMayo_nonoverlap",2487,0.330592267679362,0.342390213549942,23
"SenMayo_nonoverlap",2488,0.326483177959952,0.34052837427015,23
"SenMayo_nonoverlap",2489,0.100553395727301,0.0884315395508458,22
"SenMayo_nonoverlap",2490,0.213457630529322,0.222877999415851,23
"SenMayo_nonoverlap",2491,0.21916469427814,0.217078386431018,22
"SenMayo_nonoverlap",2492,0.229467938166803,0.22003038669071,23
"SenMayo_nonoverlap",2493,0.200323498246226,0.177299750972235,23
"SenMayo_nonoverlap",2494,0.236648657829653,0.223848795017133,22
"SenMayo_nonoverlap",2495,0.238479919925755,0.228491679987908,23
"SenMayo_nonoverlap",2496,0.227929515490126,0.231145994612197,23
"SenMayo_nonoverlap",2497,0.23270565345121,0.222159205251508,23
"SenMayo_nonoverlap",2498,0.253384470714447,0.261419361323307,23
"SenMayo_nonoverlap",2499,0.199826337399596,0.174047022607189,23
"SenMayo_nonoverlap",2500,0.16936221186009,0.157336056930281,23
"SenMayo_nonoverlap",2501,0.225712188429954,0.212424347044142,23
"SenMayo_nonoverlap",2502,0.157989091136969,0.174242751520633,21
"SenMayo_nonoverlap",2503,0.170699512152552,0.167302855014594,22
"SenMayo_nonoverlap",2504,0.23960906076738,0.213531687583208,23
"SenMayo_nonoverlap",2505,0.265000541382226,0.273148904430223,23
"SenMayo_nonoverlap",2506,0.222973311608205,0.22731990210013,22
"SenMayo_nonoverlap",2507,0.18486758029316,0.175900462150708,23
"SenMayo_nonoverlap",2508,0.22146713724242,0.207184360062826,22
"SenMayo_nonoverlap",2509,0.157883974349726,0.148040226948132,23
"SenMayo_nonoverlap",2510,0.0746908846944515,0.0492938654307395,17
"SenMayo_nonoverlap",2511,0.29465072487744,0.292579405691046,23
"SenMayo_nonoverlap",2512,0.192142650584855,0.187351864037139,23
"SenMayo_nonoverlap",2513,0.196084031694794,0.19417836800733,23
"SenMayo_nonoverlap",2514,0.317557747095258,0.30140659354369,23
"SenMayo_nonoverlap",2515,0.348298868676349,0.351921529645285,23
"SenMayo_nonoverlap",2516,0.209146493636926,0.209781972063973,22
"SenMayo_nonoverlap",2517,0.14356094496156,0.152553052822893,23
"SenMayo_nonoverlap",2518,0.231373776494886,0.241584065262666,23
"SenMayo_nonoverlap",2519,0.207782085708287,0.207232265445646,23
"SenMayo_nonoverlap",2520,0.325588326255993,0.325953563209106,23
"SenMayo_nonoverlap",2521,0.193499454218701,0.189324221784506,23
"SenMayo_nonoverlap",2522,0.21253853469761,0.18533504880601,22
"SenMayo_nonoverlap",2523,0.171879306425263,0.173774521915146,22
"SenMayo_nonoverlap",2524,0.181400421864482,0.170055919349755,22
"SenMayo_nonoverlap",2525,0.342592028954367,0.360967796985942,23
"SenMayo_nonoverlap",2526,0.270065218724062,0.254839167212478,23
"SenMayo_nonoverlap",2527,0.176196509576794,0.187143084204298,22
"SenMayo_nonoverlap",2528,0.193258465696283,0.187705464992886,23
"SenMayo_nonoverlap",2529,0.269573275756379,0.241402090052447,23
"SenMayo_nonoverlap",2530,0.257433016867626,0.233132593086799,23
"SenMayo_nonoverlap",2531,0.26743672549826,0.265858916694237,23
"SenMayo_nonoverlap",2532,0.274127547206393,0.277836279066314,23
"SenMayo_nonoverlap",2533,0.185639885953545,0.188795742221711,23
"SenMayo_nonoverlap",2534,0.199177662396087,0.204914076399159,23
"SenMayo_nonoverlap",2535,0.231515950914929,0.233823476333364,23
"SenMayo_nonoverlap",2536,0.188862723694254,0.193521257984189,23
"SenMayo_nonoverlap",2537,0.319497856181813,0.312980482035838,23
"SenMayo_nonoverlap",2538,0.223199324407327,0.197879634101136,23
"SenMayo_nonoverlap",2539,0.29542098266966,0.280191466949622,23
"SenMayo_nonoverlap",2540,0.187456687705323,0.172983237107283,23
"SenMayo_nonoverlap",2541,0.242313697226164,0.238370723980126,23
"SenMayo_nonoverlap",2542,0.252608354916018,0.228740511247998,23
"SenMayo_nonoverlap",2543,0.297704656234811,0.321452480849158,23
"SenMayo_nonoverlap",2544,0.1945685588858,0.188083689728636,23
"SenMayo_nonoverlap",2545,0.152573972313868,0.14004439039024,23
"SenMayo_nonoverlap",2546,0.108692248920783,0.104588834376708,21
"SenMayo_nonoverlap",2547,0.128830126166725,0.137292561902891,21
"SenMayo_nonoverlap",2548,0.21051415390604,0.208974054335581,23
"SenMayo_nonoverlap",2549,0.138686707121709,0.136593221726365,22
"SenMayo_nonoverlap",2550,0.184437455419956,0.170979682546074,23
"SenMayo_nonoverlap",2551,0.244638489841037,0.239008953845554,23
"SenMayo_nonoverlap",2552,0.206038113355988,0.20932047753769,23
"SenMayo_nonoverlap",2553,0.242730675461808,0.230514815812415,22
"SenMayo_nonoverlap",2554,0.180433173310501,0.158333137563334,23
"SenMayo_nonoverlap",2555,0.220174612869634,0.208792185193021,23
"SenMayo_nonoverlap",2556,0.22117378397059,0.223171173512511,22
"SenMayo_nonoverlap",2557,0.257735143552565,0.240685990896981,23
"SenMayo_nonoverlap",2558,0.230837540862591,0.208734130938345,23
"SenMayo_nonoverlap",2559,0.24040625966518,0.217754902400934,23
"SenMayo_nonoverlap",2560,0.227817943249873,0.224871561415931,23
"SenMayo_nonoverlap",2561,0.335855018603493,0.327064809325134,23
"SenMayo_nonoverlap",2562,0.247333707132715,0.25633401588002,23
"SenMayo_nonoverlap",2563,0.155239725525019,0.133255073651654,22
"SenMayo_nonoverlap",2564,0.240114294804908,0.249061485520894,23
"SenMayo_nonoverlap",2565,0.326472703861841,0.320599802265615,23
"SenMayo_nonoverlap",2566,0.273620544986209,0.265896898553902,23
"SenMayo_nonoverlap",2567,0.13264033223765,0.134908592783166,21
"SenMayo_nonoverlap",2568,0.232389439871711,0.219404204709251,23
"SenMayo_nonoverlap",2569,0.276403491667025,0.286062124482468,22
"SenMayo_nonoverlap",2570,0.212751707049684,0.180789882117741,23
"SenMayo_nonoverlap",2571,0.213236266871847,0.203042478569956,23
"SenMayo_nonoverlap",2572,0.225915178522389,0.21846722220697,22
"SenMayo_nonoverlap",2573,0.197712878471971,0.193596139339592,23
"SenMayo_nonoverlap",2574,0.204588326021937,0.206895827202245,22
"SenMayo_nonoverlap",2575,0.234587540784691,0.231003281906209,23
"SenMayo_nonoverlap",2576,0.245741754583616,0.218496272321874,23
"SenMayo_nonoverlap",2577,0.206782819113732,0.206530758067264,22
"SenMayo_nonoverlap",2578,0.111260003870071,0.107816568552908,22
"SenMayo_nonoverlap",2579,0.184212839416411,0.185596236363574,23
"SenMayo_nonoverlap",2580,0.248944987291882,0.223224894346458,23
"SenMayo_nonoverlap",2581,0.192670909680829,0.195245135325872,23
"SenMayo_nonoverlap",2582,0.128213881540206,0.127259825486681,22
"SenMayo_nonoverlap",2583,0.138863340727915,0.141978078661805,23
"SenMayo_nonoverlap",2584,0.144415990963404,0.147398587440584,22
"SenMayo_nonoverlap",2585,0.187457758116791,0.169639375644956,22
"SenMayo_nonoverlap",2586,0.202657678572534,0.205719180762127,22
"SenMayo_nonoverlap",2587,0.273479549711352,0.266696910985819,23
"SenMayo_nonoverlap",2588,0.197032759642711,0.206981468477105,22
"SenMayo_nonoverlap",2589,0.126014649325481,0.106327145993699,21
"SenMayo_nonoverlap",2590,0.169844433052497,0.160417323492099,23
"SenMayo_nonoverlap",2591,0.167912917029572,0.174970163215328,23
"SenMayo_nonoverlap",2592,0.242661473294036,0.239878928294018,23
"SenMayo_nonoverlap",2593,0.136089546824379,0.123298769824761,21
"SenMayo_nonoverlap",2594,0.209787693015888,0.20595571117551,23
"SenMayo_nonoverlap",2595,0.159189491124773,0.165419607429337,22
"SenMayo_nonoverlap",2596,0.322307399746349,0.311399611753992,23
"SenMayo_nonoverlap",2597,0.222764392949338,0.213870373162455,23
"SenMayo_nonoverlap",2598,0.171627439947827,0.16067347129449,22
"SenMayo_nonoverlap",2599,0.213149583760723,0.220535986730903,23
"SenMayo_nonoverlap",2600,0.255356298394579,0.250374846927126,23
"SenMayo_nonoverlap",2601,0.28148347942113,0.279230851629288,23
"SenMayo_nonoverlap",2602,0.284288148936476,0.263655241390762,23
"SenMayo_nonoverlap",2603,0.220167824267471,0.23719591281093,23
"SenMayo_nonoverlap",2604,0.24968002919502,0.240302453080178,23
"SenMayo_nonoverlap",2605,0.219530215881979,0.225667807447217,23
"SenMayo_nonoverlap",2606,0.21119816163191,0.227806634444097,23
"SenMayo_nonoverlap",2607,0.0826427018104107,0.0705927146870591,19
"SenMayo_nonoverlap",2608,0.135143086912736,0.13509384130358,21
"SenMayo_nonoverlap",2609,0.193941558264953,0.178330081088268,23
"SenMayo_nonoverlap",2610,0.125721152035065,0.120174973182515,22
"SenMayo_nonoverlap",2611,0.261818995986567,0.263402128682834,23
"SenMayo_nonoverlap",2612,0.342281067292101,0.347801036582343,23
"SenMayo_nonoverlap",2613,0.294711847256129,0.296325685370897,23
"SenMayo_nonoverlap",2614,0.165870024827219,0.15796045990477,23
"SenMayo_nonoverlap",2615,0.239622444038633,0.23214219091445,23
"SenMayo_nonoverlap",2616,0.273861358620809,0.269682726597936,23
"SenMayo_nonoverlap",2617,0.220557095544826,0.223293928343802,23
"SenMayo_nonoverlap",2618,0.232870980093625,0.225750285691534,23
"SenMayo_nonoverlap",2619,0.169533190492575,0.17266075602113,23
"SenMayo_nonoverlap",2620,0.286649097959046,0.277538237828036,23
"SenMayo_nonoverlap",2621,0.158697768385701,0.169145136629537,23
"SenMayo_nonoverlap",2622,0.249209180160396,0.269135844366911,23
"SenMayo_nonoverlap",2623,0.179516123686004,0.187100450742337,22
"SenMayo_nonoverlap",2624,0.296941697970468,0.28963430708435,23
"SenMayo_nonoverlap",2625,0.362652715422826,0.367163437770449,23
"SenMayo_nonoverlap",2626,0.308348639285355,0.320175586048453,23
"SenMayo_nonoverlap",2627,0.277580192201977,0.278975508425767,23
"SenMayo_nonoverlap",2628,0.149313774051367,0.134643162393142,23
"SenMayo_nonoverlap",2629,0.150271949515242,0.129905466969022,23
"SenMayo_nonoverlap",2630,0.25731487472519,0.262708169878347,22
"SenMayo_nonoverlap",2631,0.248550655702604,0.247775156705451,23
"SenMayo_nonoverlap",2632,0.124738239949975,0.132591985539367,22
"SenMayo_nonoverlap",2633,0.295476924742162,0.307223862368468,23
"SenMayo_nonoverlap",2634,0.414006810570771,0.416763253888652,23
"SenMayo_nonoverlap",2635,0.239666596279401,0.222396669573244,23
"SenMayo_nonoverlap",2636,0.2460780741419,0.205422131419289,23
"SenMayo_nonoverlap",2637,0.271960348193541,0.235001410097181,23
"SenMayo_nonoverlap",2638,0.260465427378448,0.235502343570198,23
"SenMayo_nonoverlap",2639,0.219583713112513,0.218981711052774,23
"SenMayo_nonoverlap",2640,0.280476082322625,0.28467501377442,23
"SenMayo_nonoverlap",2641,0.363594009573218,0.36519393805611,23
"SenMayo_nonoverlap",2642,0.196770492340855,0.204094706692849,22
"SenMayo_nonoverlap",2643,0.190907743911028,0.174821667872938,23
"SenMayo_nonoverlap",2644,0.311946282289016,0.30825065583992,23
"SenMayo_nonoverlap",2645,0.255223740421444,0.268875171697397,23
"SenMayo_nonoverlap",2646,0.184132542450683,0.156826499419796,23
"SenMayo_nonoverlap",2647,0.143230206066484,0.142515838168238,21
"SenMayo_nonoverlap",2648,0.228180694242041,0.223751952209427,23
"SenMayo_nonoverlap",2649,0.275652030119151,0.267703901149329,23
"SenMayo_nonoverlap",2650,0.194014502611403,0.179607805812272,23
"SenMayo_nonoverlap",2651,0.258535033028668,0.271327386822095,23
"SenMayo_nonoverlap",2652,0.185935045684977,0.166909262155418,23
"SenMayo_nonoverlap",2653,0.21622447797937,0.239446214010171,22
"SenMayo_nonoverlap",2654,0.211777625235881,0.198213926046821,23
"SenMayo_nonoverlap",2655,0.176479578156797,0.16964509061881,23
"SenMayo_nonoverlap",2656,0.220204122883511,0.215384132880562,23
"SenMayo_nonoverlap",2657,0.277461978256394,0.285031244044031,23
"SenMayo_nonoverlap",2658,0.257871945647292,0.256939586887854,23
"SenMayo_nonoverlap",2659,0.111361930682759,0.110234598158199,21
"SenMayo_nonoverlap",2660,0.249548479559868,0.239454513345511,22
"SenMayo_nonoverlap",2661,0.20721497441315,0.219266956121409,22
"SenMayo_nonoverlap",2662,0.270531585945002,0.279614639974574,23
"SenMayo_nonoverlap",2663,0.281961666160024,0.271851660752216,23
"SenMayo_nonoverlap",2664,0.229773817081629,0.245253458458994,23
"SenMayo_nonoverlap",2665,0.263256677366127,0.26581162945858,23
"SenMayo_nonoverlap",2666,0.271142621273745,0.268045405814543,23
"SenMayo_nonoverlap",2667,0.321168770874271,0.301630733911459,23
"SenMayo_nonoverlap",2668,0.211347144803254,0.211937452141192,23
"SenMayo_nonoverlap",2669,0.178730160373486,0.1708728685191,22
"SenMayo_nonoverlap",2670,0.233463469347372,0.246779475263304,23
"SenMayo_nonoverlap",2671,0.206623529907994,0.197482451885991,23
"SenMayo_nonoverlap",2672,0.234725264526316,0.234354380038294,23
"SenMayo_nonoverlap",2673,0.272806205700005,0.251195528224625,23
"SenMayo_nonoverlap",2674,0.180498236304041,0.174188417756321,22
"SenMayo_nonoverlap",2675,0.304571869099135,0.28874765062842,23
"SenMayo_nonoverlap",2676,0.131079258714155,0.13473983833453,22
"SenMayo_nonoverlap",2677,0.206167834081461,0.197124386195958,22
"SenMayo_nonoverlap",2678,0.165827130748391,0.157266417687432,23
"SenMayo_nonoverlap",2679,0.135230293418798,0.153039377375582,22
"SenMayo_nonoverlap",2680,0.100245309267057,0.0927932694910156,23
"SenMayo_nonoverlap",2681,0.263748375378685,0.266358507840498,23
"SenMayo_nonoverlap",2682,0.23139327899057,0.253188071765208,23
"SenMayo_nonoverlap",2683,0.184363862756556,0.172815882660654,23
"SenMayo_nonoverlap",2684,0.263148189080363,0.257012883960783,23
"SenMayo_nonoverlap",2685,0.237187154438367,0.237465404535498,23
"SenMayo_nonoverlap",2686,0.253689469479253,0.254990391343641,23
"SenMayo_nonoverlap",2687,0.211942269554257,0.208964948443544,22
"SenMayo_nonoverlap",2688,0.305237321287245,0.306106086460811,23
"SenMayo_nonoverlap",2689,0.169969041300046,0.160007636346417,23
"SenMayo_nonoverlap",2690,0.220513532186568,0.209369909227258,23
"SenMayo_nonoverlap",2691,0.297890127632808,0.29422529370973,23
"SenMayo_nonoverlap",2692,0.294357674872974,0.287730652236073,23
"SenMayo_nonoverlap",2693,0.185927302852115,0.183537235805823,23
"SenMayo_nonoverlap",2694,0.123941379467383,0.112717813569613,23
"SenMayo_nonoverlap",2695,0.255090159961942,0.250053499305152,23
"SenMayo_nonoverlap",2696,0.216135471480969,0.191883764593892,23
"SenMayo_nonoverlap",2697,0.212472625778028,0.240045757541177,23
"SenMayo_nonoverlap",2698,0.209168786397563,0.184287690891872,23
"SenMayo_nonoverlap",2699,0.191107012085657,0.178753703570501,23
"SenMayo_nonoverlap",2700,0.171541614805891,0.161528976455731,22
"SenMayo_nonoverlap",2701,0.2258013631422,0.20952859718295,23
"SenMayo_nonoverlap",2702,0.30117871589137,0.292193814052739,23
"SenMayo_nonoverlap",2703,0.312886972943932,0.324507972803873,23
"SenMayo_nonoverlap",2704,0.242188771778652,0.236365345254779,23
"SenMayo_nonoverlap",2705,0.279858732899182,0.261886199204875,23
"SenMayo_nonoverlap",2706,0.171646229478627,0.150288026475177,22
"SenMayo_nonoverlap",2707,0.306109332880829,0.287905876412002,23
"SenMayo_nonoverlap",2708,0.129557928179951,0.136403177988427,22
"SenMayo_nonoverlap",2709,0.211889304923885,0.198169281138693,23
"SenMayo_nonoverlap",2710,0.103888235522924,0.121015339675651,21
"SenMayo_nonoverlap",2711,0.220234084959513,0.214519566957314,23
"SenMayo_nonoverlap",2712,0.125693020562995,0.11506332929966,22
"SenMayo_nonoverlap",2713,0.251090527793793,0.23593136973833,23
"SenMayo_nonoverlap",2714,0.260857664472889,0.267789607527162,23
"SenMayo_nonoverlap",2715,0.346602098604702,0.345025199865758,23
"SenMayo_nonoverlap",2716,0.253531153998976,0.270630536135671,23
"SenMayo_nonoverlap",2717,0.15201853733344,0.157493597618904,22
"SenMayo_nonoverlap",2718,0.0742218791770659,0.0689596965392277,20
"SenMayo_nonoverlap",2719,0.261288002524173,0.274941555375707,23
"SenMayo_nonoverlap",2720,0.270122698775515,0.250885442240779,23
"SenMayo_nonoverlap",2721,0.307335753105534,0.290072611655771,23
"SenMayo_nonoverlap",2722,0.118280483670211,0.131972043716619,20
"SenMayo_nonoverlap",2723,0.305515476575722,0.310472455430186,22
"SenMayo_nonoverlap",2724,0.271115580284032,0.273101738020062,23
"SenMayo_nonoverlap",2725,0.204222288827253,0.206624856900205,23
"SenMayo_nonoverlap",2726,0.258513170159454,0.250949422023446,23
"SenMayo_nonoverlap",2727,0.207706407533774,0.229102468025911,23
"SenMayo_nonoverlap",2728,0.299110085322804,0.31943543622475,23
"SenMayo_nonoverlap",2729,0.117453600669737,0.128374987799745,20
"SenMayo_nonoverlap",2730,0.187598566755156,0.184461806589241,23
"SenMayo_nonoverlap",2731,0.23571446205438,0.234016777441124,23
"SenMayo_nonoverlap",2732,0.22887307767761,0.2173615214521,23
"SenMayo_nonoverlap",2733,0.223537079452295,0.226441086992906,23
"SenMayo_nonoverlap",2734,0.184720181230266,0.179377581314077,22
"SenMayo_nonoverlap",2735,0.232048355138873,0.224777741059831,23
"SenMayo_nonoverlap",2736,0.154020079230122,0.157016270808501,22
"SenMayo_nonoverlap",2737,0.201516439484033,0.199799716313667,22
"SenMayo_nonoverlap",2738,0.284573201821518,0.271167502466556,23
"SenMayo_nonoverlap",2739,0.177869835946993,0.194166036654326,23
"SenMayo_nonoverlap",2740,0.234952088597477,0.228333426743929,23
"SenMayo_nonoverlap",2741,0.285750083491826,0.271082005182113,23
"SenMayo_nonoverlap",2742,0.278759300090361,0.299296605800957,23
"SenMayo_nonoverlap",2743,0.202566744625724,0.211323281765464,23
"SenMayo_nonoverlap",2744,0.18567014572643,0.18779106394521,22
"SenMayo_nonoverlap",2745,0.357178875156276,0.352637298600375,23
"SenMayo_nonoverlap",2746,0.230816817024856,0.212687494052913,22
"SenMayo_nonoverlap",2747,0.166682836163923,0.163549603683546,23
"SenMayo_nonoverlap",2748,0.106918079621611,0.0917968122863583,20
"SenMayo_nonoverlap",2749,0.193205049511837,0.19073985577944,23
"SenMayo_nonoverlap",2750,0.262503735013322,0.244036017939625,23
"SenMayo_nonoverlap",2751,0.0766237610445568,0.0673779079374053,20
"SenMayo_nonoverlap",2752,0.26938924331928,0.272422928953138,23
"SenMayo_nonoverlap",2753,0.206577184045962,0.205302567691154,23
"SenMayo_nonoverlap",2754,0.168497861872799,0.175064834886081,22
"SenMayo_nonoverlap",2755,0.184635185423808,0.177404538902639,23
"SenMayo_nonoverlap",2756,0.155473339426724,0.166553881985446,22
"SenMayo_nonoverlap",2757,0.2118836618313,0.203340843815741,23
"SenMayo_nonoverlap",2758,0.374156585294652,0.376854803071054,23
"SenMayo_nonoverlap",2759,0.231031875928942,0.216425921590909,23
"SenMayo_nonoverlap",2760,0.261471958353102,0.272078018383589,23
"SenMayo_nonoverlap",2761,0.185587576302336,0.179686364469127,22
"SenMayo_nonoverlap",2762,0.297923672201779,0.285645219257292,23
"SenMayo_nonoverlap",2763,0.221555553009762,0.221741676345125,23
"SenMayo_nonoverlap",2764,0.363291503658816,0.352878213386164,23
"SenMayo_nonoverlap",2765,0.146933989750148,0.139304040689383,23
"SenMayo_nonoverlap",2766,0.32209539147386,0.325770814439672,23
"SenMayo_nonoverlap",2767,0.153828485758935,0.140195701758818,22
"SenMayo_nonoverlap",2768,0.29128616644697,0.298493076754188,23
"SenMayo_nonoverlap",2769,0.0702179661979261,0.067241427191558,19
"SenMayo_nonoverlap",2770,0.187635151896122,0.182248870095179,23
"SenMayo_nonoverlap",2771,0.218213556878775,0.220676350289619,23
"SenMayo_nonoverlap",2772,0.225371952490709,0.213106087203088,23
"SenMayo_nonoverlap",2773,0.312946406821234,0.301535258264527,23
"SenMayo_nonoverlap",2774,0.181511045999675,0.177549362207265,22
"SenMayo_nonoverlap",2775,0.0953143751824039,0.0994503733862979,21
"SenMayo_nonoverlap",2776,0.281121337758874,0.271716023435227,23
"SenMayo_nonoverlap",2777,0.221746510210454,0.231672637652191,23
"SenMayo_nonoverlap",2778,0.217042957864534,0.210515867121376,23
"SenMayo_nonoverlap",2779,0.128228836543103,0.124455109093683,23
"SenMayo_nonoverlap",2780,0.284837587290851,0.274240917951037,23
"SenMayo_nonoverlap",2781,0.317875659041416,0.33144545520272,23
"SenMayo_nonoverlap",2782,0.245633027840959,0.231293762504875,23
"SenMayo_nonoverlap",2783,0.340045882370821,0.322699645532814,23
"SenMayo_nonoverlap",2784,0.247876319599301,0.237982771794847,23
"SenMayo_nonoverlap",2785,0.184338365151068,0.177332513252296,23
"SenMayo_nonoverlap",2786,0.236229173442571,0.198398258715163,23
"SenMayo_nonoverlap",2787,0.255097812274029,0.244127368547195,23
"SenMayo_nonoverlap",2788,0.194070390234211,0.199934528264702,22
"SenMayo_nonoverlap",2789,0.306868426283192,0.289517372144057,23
"SenMayo_nonoverlap",2790,0.240537068827304,0.233269283577873,23
"SenMayo_nonoverlap",2791,0.214529642347299,0.210705465864662,23
"SenMayo_nonoverlap",2792,0.158020993015417,0.146949426806614,22
"SenMayo_nonoverlap",2793,0.260857291897452,0.258279000578945,23
"SenMayo_nonoverlap",2794,0.218894694289402,0.205216683896367,23
"SenMayo_nonoverlap",2795,0.276662880377078,0.280165314294388,23
"SenMayo_nonoverlap",2796,0.177399385473872,0.168068786524352,23
"SenMayo_nonoverlap",2797,0.146163022010103,0.140607929821284,22
"SenMayo_nonoverlap",2798,0.319871936971267,0.318277836745464,23
"SenMayo_nonoverlap",2799,0.224039754298449,0.214019901420106,23
"SenMayo_nonoverlap",2800,0.241173498794962,0.241602555799371,22
"SenMayo_nonoverlap",2801,0.204240889109841,0.201059349956756,23
"SenMayo_nonoverlap",2802,0.140505145825487,0.135476863013119,23
"SenMayo_nonoverlap",2803,0.219013961485531,0.203503528305857,23
"SenMayo_nonoverlap",2804,0.171291281624433,0.167024802299825,23
"SenMayo_nonoverlap",2805,0.15500195765236,0.167958217101555,21
"SenMayo_nonoverlap",2806,0.20588622303778,0.177038466012972,23
"SenMayo_nonoverlap",2807,0.314257954687123,0.319863674979079,23
"SenMayo_nonoverlap",2808,0.262142645016201,0.252727753761111,23
"SenMayo_nonoverlap",2809,0.135118497645733,0.144475592783739,21
"SenMayo_nonoverlap",2810,0.206245884430326,0.212291297922368,22
"SenMayo_nonoverlap",2811,0.1619584504442,0.164959843103532,23
"SenMayo_nonoverlap",2812,0.254674171321747,0.254219815214098,23
"SenMayo_nonoverlap",2813,0.263063068302683,0.257302914327763,23
"SenMayo_nonoverlap",2814,0.247851628439675,0.249348749180195,23
"SenMayo_nonoverlap",2815,0.176946769988083,0.164845014498291,23
"SenMayo_nonoverlap",2816,0.318622487324559,0.342429535111977,22
"SenMayo_nonoverlap",2817,0.131057045221214,0.133495845345914,22
"SenMayo_nonoverlap",2818,0.277176615302207,0.29339742526672,23
"SenMayo_nonoverlap",2819,0.183019024950326,0.181786232839256,22
"SenMayo_nonoverlap",2820,0.190688765232953,0.176515152716939,22
"SenMayo_nonoverlap",2821,0.351351905004756,0.359505034629386,23
"SenMayo_nonoverlap",2822,0.235712980675306,0.215969530979521,23
"SenMayo_nonoverlap",2823,0.221156327701359,0.229905043766255,22
"SenMayo_nonoverlap",2824,0.21276770576961,0.205780392082136,23
"SenMayo_nonoverlap",2825,0.110588127657187,0.0987805214981577,22
"SenMayo_nonoverlap",2826,0.178321973164646,0.174372753840934,23
"SenMayo_nonoverlap",2827,0.236505134140173,0.229427275518885,23
"SenMayo_nonoverlap",2828,0.236964712890376,0.252716522058161,23
"SenMayo_nonoverlap",2829,0.252497964653024,0.24235699797219,23
"SenMayo_nonoverlap",2830,0.259920437671156,0.267122985596473,23
"SenMayo_nonoverlap",2831,0.0885620759641125,0.0716974233594323,20
"SenMayo_nonoverlap",2832,0.221789090329352,0.21639562374508,23
"SenMayo_nonoverlap",2833,0.195123393894761,0.18961490076844,22
"SenMayo_nonoverlap",2834,0.178184072580188,0.192571527430654,22
"SenMayo_nonoverlap",2835,0.362151708805813,0.382112550126495,23
"SenMayo_nonoverlap",2836,0.245492665636364,0.24194519100092,23
"SenMayo_nonoverlap",2837,0.237474016424852,0.239183686852178,23
"SenMayo_nonoverlap",2838,0.16071814623415,0.159306113414728,23
"SenMayo_nonoverlap",2839,0.198054116254071,0.194572883743488,22
"SenMayo_nonoverlap",2840,0.147540070200738,0.145697620079989,22
"SenMayo_nonoverlap",2841,0.127821886171819,0.130160954402517,22
"SenMayo_nonoverlap",2842,0.257079258914867,0.256175286380318,23
"SenMayo_nonoverlap",2843,0.170241291942437,0.182749620219702,22
"SenMayo_nonoverlap",2844,0.285644566629179,0.272641988932118,23
"SenMayo_nonoverlap",2845,0.25733908043114,0.267204261702479,23
"SenMayo_nonoverlap",2846,0.141357678772002,0.133755899355755,23
"SenMayo_nonoverlap",2847,0.317712436732551,0.307800386311754,23
"SenMayo_nonoverlap",2848,0.29144672908076,0.268595199787554,23
"SenMayo_nonoverlap",2849,0.223708378478871,0.215936996027853,23
"SenMayo_nonoverlap",2850,0.275548427096418,0.270042477849464,23
"SenMayo_nonoverlap",2851,0.291972441261303,0.260825917996385,23
"SenMayo_nonoverlap",2852,0.199336413130274,0.215093857360331,23
"SenMayo_nonoverlap",2853,0.240490149190791,0.250110750908884,23
"SenMayo_nonoverlap",2854,0.191253891442051,0.192559927678424,22
"SenMayo_nonoverlap",2855,0.212288749493879,0.209422839994585,23
"SenMayo_nonoverlap",2856,0.268689944248603,0.257058222602318,23
"SenMayo_nonoverlap",2857,0.21276388885532,0.202079870963914,22
"SenMayo_nonoverlap",2858,0.258178082443137,0.258040413353708,23
"SenMayo_nonoverlap",2859,0.311039722021549,0.33138747813762,23
"SenMayo_nonoverlap",2860,0.210763619022753,0.190626504872418,23
"SenMayo_nonoverlap",2861,0.212508601473241,0.211049097073479,22
"SenMayo_nonoverlap",2862,0.260995851142721,0.247876217869604,23
"SenMayo_nonoverlap",2863,0.17547164567779,0.196318956369466,23
"SenMayo_nonoverlap",2864,0.307963678619668,0.293317724284513,23
"SenMayo_nonoverlap",2865,0.166772827028279,0.154816956304846,23
"SenMayo_nonoverlap",2866,0.196596316129937,0.170330236873369,23
"SenMayo_nonoverlap",2867,0.165448089158483,0.1619975763499,23
"SenMayo_nonoverlap",2868,0.255001841465997,0.253128278086639,23
"SenMayo_nonoverlap",2869,0.338115780737585,0.336883868599287,23
"SenMayo_nonoverlap",2870,0.273032638607922,0.266394759931411,23
"SenMayo_nonoverlap",2871,0.205230003957537,0.190894254968701,22
"SenMayo_nonoverlap",2872,0.198266330453698,0.197123642951911,22
"SenMayo_nonoverlap",2873,0.104725422053668,0.101739596606872,20
"SenMayo_nonoverlap",2874,0.199470783498914,0.188113975801216,23
"SenMayo_nonoverlap",2875,0.181634428541513,0.178245291660782,23
"SenMayo_nonoverlap",2876,0.182936660323262,0.183787477634278,23
"SenMayo_nonoverlap",2877,0.229485507216613,0.215301849359648,23
"SenMayo_nonoverlap",2878,0.270041692928829,0.252779271883206,23
"SenMayo_nonoverlap",2879,0.281705365765887,0.286006884562426,23
"SenMayo_nonoverlap",2880,0.277002845499969,0.262286765327896,23
"SenMayo_nonoverlap",2881,0.249969048028565,0.228803265591339,23
"SenMayo_nonoverlap",2882,0.286188336476707,0.275900854893409,23
"SenMayo_nonoverlap",2883,0.284869038567265,0.28761821079003,23
"SenMayo_nonoverlap",2884,0.164913108321252,0.169229687804154,22
"SenMayo_nonoverlap",2885,0.217741926627345,0.228426403731843,23
"SenMayo_nonoverlap",2886,0.18539647520195,0.168884637588274,23
"SenMayo_nonoverlap",2887,0.123033732725666,0.118716773783304,20
"SenMayo_nonoverlap",2888,0.178874391536053,0.177179550777811,22
"SenMayo_nonoverlap",2889,0.228949458436221,0.238495639985581,23
"SenMayo_nonoverlap",2890,0.278705569271141,0.272271143187998,23
"SenMayo_nonoverlap",2891,0.153812077161781,0.15626884805055,22
"SenMayo_nonoverlap",2892,0.1591099248952,0.146652568664566,23
"SenMayo_nonoverlap",2893,0.180219067358118,0.160288941357824,23
"SenMayo_nonoverlap",2894,0.24229381059994,0.225914799389382,23
"SenMayo_nonoverlap",2895,0.25640475531945,0.26145605337249,23
"SenMayo_nonoverlap",2896,0.202582206517583,0.202253993381359,23
"SenMayo_nonoverlap",2897,0.202420329189811,0.189192207013955,22
"SenMayo_nonoverlap",2898,0.241404244513634,0.246901370157963,23
"SenMayo_nonoverlap",2899,0.2003907394385,0.189809747450345,23
"SenMayo_nonoverlap",2900,0.158318909657922,0.163470635973583,22
"SenMayo_nonoverlap",2901,0.234455776826518,0.224134737675459,23
"SenMayo_nonoverlap",2902,0.143829068003597,0.157849904968308,22
"SenMayo_nonoverlap",2903,0.309624373743318,0.313946959084798,23
"SenMayo_nonoverlap",2904,0.325010031574754,0.324178677025031,23
"SenMayo_nonoverlap",2905,0.313660705132791,0.299645056153882,23
"SenMayo_nonoverlap",2906,0.157847024675011,0.162320273705187,21
"SenMayo_nonoverlap",2907,0.172508563877065,0.188600814601609,23
"SenMayo_nonoverlap",2908,0.247945796976079,0.269704527392182,23
"SenMayo_nonoverlap",2909,0.177251993064611,0.177959860626172,23
"SenMayo_nonoverlap",2910,0.181969250481801,0.187982391903866,22
"SenMayo_nonoverlap",2911,0.155810408575503,0.1650370497796,21
"SenMayo_nonoverlap",2912,0.319313140443439,0.307803557061216,23
"SenMayo_nonoverlap",2913,0.196302976407362,0.213619676450422,23
"SenMayo_nonoverlap",2914,0.28502349732698,0.282513277848171,23
"SenMayo_nonoverlap",2915,0.263597895765763,0.269862198996461,23
"SenMayo_nonoverlap",2916,0.17900697259569,0.202839571277318,22
"SenMayo_nonoverlap",2917,0.289240928903453,0.286173508790893,23
"SenMayo_nonoverlap",2918,0.14075521868194,0.158315880496579,23
"SenMayo_nonoverlap",2919,0.230694068925071,0.216187644122493,23
"SenMayo_nonoverlap",2920,0.214401238950483,0.239519640987444,22
"SenMayo_nonoverlap",2921,0.33561298788043,0.335021195839125,23
"SenMayo_nonoverlap",2922,0.278285439618673,0.279084663484281,23
"SenMayo_nonoverlap",2923,0.208244750662353,0.221391896087967,23
"SenMayo_nonoverlap",2924,0.244337431836708,0.24758463210183,23
"SenMayo_nonoverlap",2925,0.175402766366587,0.185648310193131,22
"SenMayo_nonoverlap",2926,0.225288637821988,0.196960224428206,23
"SenMayo_nonoverlap",2927,0.22162271368062,0.21819439402311,23
"SenMayo_nonoverlap",2928,0.254900786623962,0.233292021140145,23
"SenMayo_nonoverlap",2929,0.291886484115466,0.279381755359188,23
"SenMayo_nonoverlap",2930,0.196669326677279,0.196189204686167,23
"SenMayo_nonoverlap",2931,0.227840462489667,0.224312396760124,23
"SenMayo_nonoverlap",2932,0.0922515084759808,0.0960641542403185,20
"SenMayo_nonoverlap",2933,0.17232356224894,0.160437636914351,22
"SenMayo_nonoverlap",2934,0.212233003101955,0.182891078765466,23
"SenMayo_nonoverlap",2935,0.0857702812776673,0.0816931673445959,20
"SenMayo_nonoverlap",2936,0.265605709536859,0.266713694343257,23
"SenMayo_nonoverlap",2937,0.195864916362325,0.195556127468496,23
"SenMayo_nonoverlap",2938,0.237628295547349,0.233026460867743,23
"SenMayo_nonoverlap",2939,0.166121594847308,0.147208216867076,23
"SenMayo_nonoverlap",2940,0.191873044427994,0.198155421028025,23
"SenMayo_nonoverlap",2941,0.160055014660739,0.155758350209166,21
"SenMayo_nonoverlap",2942,0.305650853160305,0.275530924150658,23
"SenMayo_nonoverlap",2943,0.221835209700571,0.223786126973645,23
"SenMayo_nonoverlap",2944,0.140562303992343,0.144718503546263,22
"SenMayo_nonoverlap",2945,0.351499094631115,0.343403551350798,23
"SenMayo_nonoverlap",2946,0.219244468975128,0.217966170646649,23
"SenMayo_nonoverlap",2947,0.138697480242082,0.161547906842372,23
"SenMayo_nonoverlap",2948,0.150455576536783,0.158202651895209,22
"SenMayo_nonoverlap",2949,0.204192679882066,0.193580244447565,23
"SenMayo_nonoverlap",2950,0.227616379657915,0.229123290995942,23
"SenMayo_nonoverlap",2951,0.218817812935573,0.233827242071761,23
"SenMayo_nonoverlap",2952,0.172554676743086,0.175554410915951,23
"SenMayo_nonoverlap",2953,0.306274170534544,0.312129064076765,23
"SenMayo_nonoverlap",2954,0.287058605081944,0.268242710608152,23
"SenMayo_nonoverlap",2955,0.23877990599046,0.242317120000844,23
"SenMayo_nonoverlap",2956,0.247576509293523,0.245121503793513,23
"SenMayo_nonoverlap",2957,0.164030980924869,0.161366278224063,23
"SenMayo_nonoverlap",2958,0.263222291984467,0.246588006957879,23
"SenMayo_nonoverlap",2959,0.26702917696642,0.263451884409351,23
"SenMayo_nonoverlap",2960,0.287849619922758,0.275220345992998,23
"SenMayo_nonoverlap",2961,0.264618757365061,0.263645801126195,23
"SenMayo_nonoverlap",2962,0.169395385286873,0.145893918949998,23
"SenMayo_nonoverlap",2963,0.222480570087711,0.215055160176925,22
"SenMayo_nonoverlap",2964,0.250283355815228,0.231174183201973,23
"SenMayo_nonoverlap",2965,0.225903831564886,0.211774969289664,23
"SenMayo_nonoverlap",2966,0.261301906776271,0.252589832978922,23
"SenMayo_nonoverlap",2967,0.283977008285128,0.262743395963957,23
"SenMayo_nonoverlap",2968,0.195140160832398,0.202995050770828,22
"SenMayo_nonoverlap",2969,0.213285974685073,0.223905035086037,22
"SenMayo_nonoverlap",2970,0.235582096541481,0.227806148066411,23
"SenMayo_nonoverlap",2971,0.283897870143466,0.277661362995049,23
"SenMayo_nonoverlap",2972,0.290356787535556,0.269064156495829,23
"SenMayo_nonoverlap",2973,0.245871054257365,0.250565457962205,23
"SenMayo_nonoverlap",2974,0.320133094816009,0.31444426789017,23
"SenMayo_nonoverlap",2975,0.260499233877657,0.271411011979327,23
"SenMayo_nonoverlap",2976,0.268118698923083,0.249874280527635,23
"SenMayo_nonoverlap",2977,0.202445442299794,0.191928239718989,22
"SenMayo_nonoverlap",2978,0.188616238047065,0.169221812173857,22
"SenMayo_nonoverlap",2979,0.193998307056703,0.200969885603415,23
"SenMayo_nonoverlap",2980,0.150327214544392,0.128673945142385,23
"SenMayo_nonoverlap",2981,0.268553498905673,0.261265730767701,23
"SenMayo_nonoverlap",2982,0.259803248452984,0.263473919142138,23
"SenMayo_nonoverlap",2983,0.239732115447065,0.254016270813153,23
"SenMayo_nonoverlap",2984,0.135786095028222,0.109980771475619,22
"SenMayo_nonoverlap",2985,0.174489706614495,0.183351478536872,23
"SenMayo_nonoverlap",2986,0.253998791762848,0.253450355624073,23
"SenMayo_nonoverlap",2987,0.163138640098077,0.158568207684812,23
"SenMayo_nonoverlap",2988,0.257247099392486,0.287376059263749,23
"SenMayo_nonoverlap",2989,0.1673066378396,0.166655913482359,22
"SenMayo_nonoverlap",2990,0.210623864930915,0.189636211303359,23
"SenMayo_nonoverlap",2991,0.228237088029421,0.214778645537213,23
"SenMayo_nonoverlap",2992,0.176515719087894,0.173402153573088,23
"SenMayo_nonoverlap",2993,0.11409550984188,0.123052748134749,21
"SenMayo_nonoverlap",2994,0.235044378871535,0.233364163071206,23
"SenMayo_nonoverlap",2995,0.232783360615854,0.209122836815286,23
"SenMayo_nonoverlap",2996,0.191089713264337,0.180369819489854,22
"SenMayo_nonoverlap",2997,0.277017906882435,0.27468943179438,23
"SenMayo_nonoverlap",2998,0.179171021756125,0.173807213231284,23
"SenMayo_nonoverlap",2999,0.368372292227792,0.361088943943848,23
"SenMayo_nonoverlap",3000,0.315917664817138,0.336499985250786,23
"SenMayo_nonoverlap",3001,0.196550359054916,0.196016447669026,23
"SenMayo_nonoverlap",3002,0.326386857076147,0.307390438330067,23
"SenMayo_nonoverlap",3003,0.205590710099979,0.192932493876493,23
"SenMayo_nonoverlap",3004,0.203369023236105,0.203629526921988,23
"SenMayo_nonoverlap",3005,0.203738003787895,0.183014419087575,23
"SenMayo_nonoverlap",3006,0.24605623982042,0.249547702148234,23
"SenMayo_nonoverlap",3007,0.156716934166515,0.161416270862729,22
"SenMayo_nonoverlap",3008,0.159379621237424,0.145737907206699,22
"SenMayo_nonoverlap",3009,0.356814241823551,0.356237176593488,23
"SenMayo_nonoverlap",3010,0.324675004912319,0.317188009597246,23
"SenMayo_nonoverlap",3011,0.250992932528061,0.256639393648948,23
"SenMayo_nonoverlap",3012,0.196398346656739,0.178775216484762,23
"SenMayo_nonoverlap",3013,0.306116633567768,0.284312657747836,23
"SenMayo_nonoverlap",3014,0.254474110202995,0.253572863418162,23
"SenMayo_nonoverlap",3015,0.24448863943863,0.242326861433727,23
"SenMayo_nonoverlap",3016,0.250261988201713,0.267075501872823,23
"SenMayo_nonoverlap",3017,0.397208339540746,0.399080446861088,23
"SenMayo_nonoverlap",3018,0.292762616761842,0.299333778245278,23
"SenMayo_nonoverlap",3019,0.202253884893221,0.203601477021383,23
"SenMayo_nonoverlap",3020,0.38415740561064,0.390993944432058,23
"SenMayo_nonoverlap",3021,0.177891117374988,0.166588768890038,22
"SenMayo_nonoverlap",3022,0.131459300524652,0.14152218912645,23
"SenMayo_nonoverlap",3023,0.245352934762071,0.256790288525274,23
"SenMayo_nonoverlap",3024,0.153672943231982,0.145566627335999,23
"SenMayo_nonoverlap",3025,0.26939162763676,0.266888535492961,23
"SenMayo_nonoverlap",3026,0.0569237184075133,0.0493013563943606,20
"SenMayo_nonoverlap",3027,0.251656895967411,0.238355672492078,23
"SenMayo_nonoverlap",3028,0.173672960438572,0.169165175821264,23
"SenMayo_nonoverlap",3029,0.233731113710562,0.233896198178641,23
"SenMayo_nonoverlap",3030,0.170111257606583,0.154242294176549,23
"SenMayo_nonoverlap",3031,0.282917885478192,0.280419778988149,23
"SenMayo_nonoverlap",3032,0.174595606816262,0.163400261933642,23
"SenMayo_nonoverlap",3033,0.165555330571931,0.156822059380969,23
"SenMayo_nonoverlap",3034,0.147084373097211,0.156467286382513,21
"SenMayo_nonoverlap",3035,0.247369187149056,0.252026254194319,22
"SenMayo_nonoverlap",3036,0.215748923333332,0.221078316522842,23
"SenMayo_nonoverlap",3037,0.148154963044855,0.158287804849663,23
"SenMayo_nonoverlap",3038,0.274060074667367,0.260851590134233,23
"SenMayo_nonoverlap",3039,0.215152488313279,0.194863031028014,23
"SenMayo_nonoverlap",3040,0.119412117601919,0.128889857337441,23
"SenMayo_nonoverlap",3041,0.31678157084326,0.341831173100827,23
"SenMayo_nonoverlap",3042,0.211929922766174,0.210334041231076,22
"SenMayo_nonoverlap",3043,0.178980069129594,0.20977925425352,23
"SenMayo_nonoverlap",3044,0.120308127687335,0.105517967938912,21
"SenMayo_nonoverlap",3045,0.203465456921114,0.21372542971926,23
"SenMayo_nonoverlap",3046,0.272274181901478,0.273923020073645,23
"SenMayo_nonoverlap",3047,0.305386248397049,0.325616480520574,23
"SenMayo_nonoverlap",3048,0.249772281288887,0.2243871122821,23
"SenMayo_nonoverlap",3049,0.116481985681624,0.120501173971224,22
"SenMayo_nonoverlap",3050,0.177223258068229,0.188919982433712,22
"SenMayo_nonoverlap",3051,0.232403707846168,0.237748063170867,23
"SenMayo_nonoverlap",3052,0.318386250580657,0.318618540917429,23
"SenMayo_nonoverlap",3053,0.153792282034651,0.138109499961353,22
"SenMayo_nonoverlap",3054,0.216316871232173,0.217278832000037,23
"SenMayo_nonoverlap",3055,0.163569733385662,0.134185058494116,23
"SenMayo_nonoverlap",3056,0.289915709121533,0.276091674409701,23
"SenMayo_nonoverlap",3057,0.298145511228227,0.303462816411712,23
"SenMayo_nonoverlap",3058,0.193716287786679,0.188967711133211,23
"SenMayo_nonoverlap",3059,0.296241207525203,0.289936705037952,23
"SenMayo_nonoverlap",3060,0.308771116573727,0.307056560894086,23
"SenMayo_nonoverlap",3061,0.215232847669998,0.184450309900543,23
"SenMayo_nonoverlap",3062,0.256527427727366,0.2358630989014,23
"SenMayo_nonoverlap",3063,0.195176105356088,0.195412953382482,23
"SenMayo_nonoverlap",3064,0.146342453331495,0.142155189704397,23
"SenMayo_nonoverlap",3065,0.259580585935255,0.267296554504454,23
"SenMayo_nonoverlap",3066,0.148425292384224,0.146231879127997,23
"SenMayo_nonoverlap",3067,0.154150152563099,0.154694185179577,22
"SenMayo_nonoverlap",3068,0.0919481653374236,0.114383134013389,19
"SenMayo_nonoverlap",3069,0.160305201299741,0.173846677747161,23
"SenMayo_nonoverlap",3070,0.301593924558136,0.280512799753375,23
"SenMayo_nonoverlap",3071,0.351748271221331,0.365141830444264,23
"SenMayo_nonoverlap",3072,0.250490299152936,0.230169063383801,23
"SenMayo_nonoverlap",3073,0.144806747579001,0.163353316657504,22
"SenMayo_nonoverlap",3074,0.121872882232015,0.126804387654738,22
"SenMayo_nonoverlap",3075,0.25055071802905,0.253332479515182,23
"SenMayo_nonoverlap",3076,0.203551458110437,0.203234077491103,23
"SenMayo_nonoverlap",3077,0.145532423205861,0.128899544179967,23
"SenMayo_nonoverlap",3078,0.274907324965617,0.257858690412058,23
"SenMayo_nonoverlap",3079,0.196907658881341,0.195078578078715,23
"SenMayo_nonoverlap",3080,0.320857649567152,0.332339511124311,23
"SenMayo_nonoverlap",3081,0.204849527773513,0.201761242494212,23
"SenMayo_nonoverlap",3082,0.206659334880777,0.200856380641347,23
"SenMayo_nonoverlap",3083,0.17629130788085,0.156848174239075,23
"SenMayo_nonoverlap",3084,0.196023092066664,0.192614759229024,23
"SenMayo_nonoverlap",3085,0.203351292610363,0.192173885403755,23
"SenMayo_nonoverlap",3086,0.39427037913153,0.38751319962608,23
"SenMayo_nonoverlap",3087,0.29854436460403,0.29499523968066,23
"SenMayo_nonoverlap",3088,0.204579953745157,0.188524164527075,23
"SenMayo_nonoverlap",3089,0.193651450632387,0.189930130293524,23
"SenMayo_nonoverlap",3090,0.133908790723063,0.130327819816577,23
"SenMayo_nonoverlap",3091,0.230558694889284,0.246312564765227,22
"SenMayo_nonoverlap",3092,0.224210712492445,0.22411342282792,22
"SenMayo_nonoverlap",3093,0.234205776464835,0.242127092117966,23
"SenMayo_nonoverlap",3094,0.230651152160115,0.224822376009084,23
"SenMayo_nonoverlap",3095,0.196600978327483,0.204429832924366,22
"SenMayo_nonoverlap",3096,0.177645415863052,0.176523707087076,23
"SenMayo_nonoverlap",3097,0.235819072118728,0.219066477130352,23
"SenMayo_nonoverlap",3098,0.21425131456966,0.20704983059584,23
"SenMayo_nonoverlap",3099,0.30344009631371,0.300895123734705,23
"SenMayo_nonoverlap",3100,0.301054191707244,0.294359478481169,23
"SenMayo_nonoverlap",3101,0.224084555902604,0.206622177549927,23
"SenMayo_nonoverlap",3102,0.232286075889314,0.219593429035296,23
"SenMayo_nonoverlap",3103,0.259383801312927,0.256576570473186,23
"SenMayo_nonoverlap",3104,0.224868562711649,0.246814502522696,23
"SenMayo_nonoverlap",3105,0.196044949201914,0.214884279680824,22
"SenMayo_nonoverlap",3106,0.171688670684513,0.182279642205554,23
"SenMayo_nonoverlap",3107,0.209863445012548,0.205951171368947,22
"SenMayo_nonoverlap",3108,0.186885485988215,0.202428266728461,22
"SenMayo_nonoverlap",3109,0.25325658066316,0.254003085941777,23
"SenMayo_nonoverlap",3110,0.206885732434936,0.202356605992713,23
"SenMayo_nonoverlap",3111,0.271327260564223,0.268726488598433,23
"SenMayo_nonoverlap",3112,0.171286876219781,0.165787312347178,23
"SenMayo_nonoverlap",3113,0.215158618438498,0.229111562143375,22
"SenMayo_nonoverlap",3114,0.244289689980414,0.22239901228186,23
"SenMayo_nonoverlap",3115,0.248498846781951,0.247491548735552,23
"SenMayo_nonoverlap",3116,0.175791461508885,0.168974256922707,23
"SenMayo_nonoverlap",3117,0.23261539928749,0.204851941877235,23
"SenMayo_nonoverlap",3118,0.314425249308783,0.32292518471988,23
"SenMayo_nonoverlap",3119,0.273741842121122,0.266423062842418,23
"SenMayo_nonoverlap",3120,0.272595150131591,0.273552954692214,23
"SenMayo_nonoverlap",3121,0.236834897943174,0.23786802391895,22
"SenMayo_nonoverlap",3122,0.350577380916176,0.339297141807935,23
"SenMayo_nonoverlap",3123,0.176167445613566,0.182021520824095,22
"SenMayo_nonoverlap",3124,0.176522159300386,0.173797182151144,22
"SenMayo_nonoverlap",3125,0.182693394489794,0.187818676591377,22
"SenMayo_nonoverlap",3126,0.179598815830152,0.153320476046164,23
"SenMayo_nonoverlap",3127,0.191901242590046,0.173230482810705,23
"SenMayo_nonoverlap",3128,0.218807633671364,0.218142583959877,23
"SenMayo_nonoverlap",3129,0.186248366602174,0.182327059784782,22
"SenMayo_nonoverlap",3130,0.16105621172626,0.161423611232045,22
"SenMayo_nonoverlap",3131,0.30277604269108,0.292552811238278,23
"SenMayo_nonoverlap",3132,0.306359404867756,0.302022478061096,23
"SenMayo_nonoverlap",3133,0.308666631848069,0.32832456832796,23
"SenMayo_nonoverlap",3134,0.19060869294025,0.193709221933715,23
"SenMayo_nonoverlap",3135,0.185509607467401,0.215515759245592,23
"SenMayo_nonoverlap",3136,0.202792821445747,0.21393045079719,23
"SenMayo_nonoverlap",3137,0.0616691793774483,0.0739845234031699,18
"SenMayo_nonoverlap",3138,0.193958393324631,0.202822970532991,23
"SenMayo_nonoverlap",3139,0.169051930331319,0.145090830245968,22
"SenMayo_nonoverlap",3140,0.270471550967841,0.272656678496344,23
"SenMayo_nonoverlap",3141,0.316345578112164,0.331521299922049,23
"SenMayo_nonoverlap",3142,0.227546929986367,0.233531736177068,23
"SenMayo_nonoverlap",3143,0.234057920087827,0.205689254090818,23
"SenMayo_nonoverlap",3144,0.220268489348499,0.196079420319032,23
"SenMayo_nonoverlap",3145,0.191799240835227,0.200813417251745,23
"SenMayo_nonoverlap",3146,0.0681146975577352,0.0728014218942871,19
"SenMayo_nonoverlap",3147,0.11456598839453,0.105425917099739,21
"SenMayo_nonoverlap",3148,0.264355806736275,0.263653176263388,23
"SenMayo_nonoverlap",3149,0.126712343672898,0.123458138400092,22
"SenMayo_nonoverlap",3150,0.294289648717188,0.302799688514834,22
"SenMayo_nonoverlap",3151,0.12242412557055,0.131965343664991,22
"SenMayo_nonoverlap",3152,0.179636658571748,0.179316029124605,23
"SenMayo_nonoverlap",3153,0.28749808721603,0.307105819913925,23
"SenMayo_nonoverlap",3154,0.201543320718136,0.204982995350787,23
"SenMayo_nonoverlap",3155,0.187350279679183,0.183286890215496,23
"SenMayo_nonoverlap",3156,0.199964256882838,0.183179024007083,22
"SenMayo_nonoverlap",3157,0.287851451882627,0.291988954285339,23
"SenMayo_nonoverlap",3158,0.172086882164936,0.17427223846536,23
"SenMayo_nonoverlap",3159,0.229957066365219,0.196124827955347,23
"SenMayo_nonoverlap",3160,0.198576944941525,0.20615162144423,23
"SenMayo_nonoverlap",3161,0.283092405950586,0.289862017071986,23
"SenMayo_nonoverlap",3162,0.250529403916874,0.258155578721253,23
"SenMayo_nonoverlap",3163,0.222431841724951,0.227697093737547,23
"SenMayo_nonoverlap",3164,0.321741520661937,0.314558877164462,23
"SenMayo_nonoverlap",3165,0.221397595369405,0.209329275081217,23
"SenMayo_nonoverlap",3166,0.308094169882339,0.294038681661609,23
"SenMayo_nonoverlap",3167,0.252471692727052,0.235155339495183,23
"SenMayo_nonoverlap",3168,0.178808502342477,0.186451930041189,23
"SenMayo_nonoverlap",3169,0.245968341099517,0.222500334899035,23
"SenMayo_nonoverlap",3170,0.170643772720115,0.16365801830791,23
"SenMayo_nonoverlap",3171,0.268916492923378,0.275718670813216,23
"SenMayo_nonoverlap",3172,0.250169036459134,0.253128500161969,23
"SenMayo_nonoverlap",3173,0.261648720370139,0.267836138574889,23
"SenMayo_nonoverlap",3174,0.16961079520343,0.173115976445488,23
"SenMayo_nonoverlap",3175,0.25514986571987,0.262843366320733,23
"SenMayo_nonoverlap",3176,0.162633742622372,0.157190401848641,23
"SenMayo_nonoverlap",3177,0.222084774895327,0.216673801947027,23
"SenMayo_nonoverlap",3178,0.0997690900388289,0.0890330435582219,20
"SenMayo_nonoverlap",3179,0.221545392900548,0.233182616663631,23
"SenMayo_nonoverlap",3180,0.207635384979126,0.221447763076985,23
"SenMayo_nonoverlap",3181,0.260598137942408,0.252061693158311,23
"SenMayo_nonoverlap",3182,0.109374258406292,0.113312883045986,21
"SenMayo_nonoverlap",3183,0.237982317674526,0.254091497968368,23
"SenMayo_nonoverlap",3184,0.177283054619259,0.162607280816041,23
"SenMayo_nonoverlap",3185,0.189241193268619,0.190323111818569,23
"SenMayo_nonoverlap",3186,0.174273664514368,0.179585384881761,23
"SenMayo_nonoverlap",3187,0.178935467693937,0.182686303671322,22
"SenMayo_nonoverlap",3188,0.11152457319995,0.106267838326232,22
"SenMayo_nonoverlap",3189,0.185621077471738,0.186234277270562,23
"SenMayo_nonoverlap",3190,0.275189013363076,0.250530197331765,23
"SenMayo_nonoverlap",3191,0.234690062240631,0.235545899873377,23
"SenMayo_nonoverlap",3192,0.237692044049697,0.250323395329211,23
"SenMayo_nonoverlap",3193,0.176907524559987,0.15792167471141,23
"SenMayo_nonoverlap",3194,0.115389777513764,0.109335598443957,21
"SenMayo_nonoverlap",3195,0.146252440636058,0.166209609807824,23
"SenMayo_nonoverlap",3196,0.235529580568902,0.222959946439176,22
"SenMayo_nonoverlap",3197,0.223674609670912,0.194591192279206,23
"SenMayo_nonoverlap",3198,0.240256601155916,0.234159455106667,23
"SenMayo_nonoverlap",3199,0.246231178656434,0.235244840998345,23
"SenMayo_nonoverlap",3200,0.25286126195191,0.252794678433923,23
"SenMayo_nonoverlap",3201,0.157238056789389,0.158640201029383,22
"SenMayo_nonoverlap",3202,0.232124652094294,0.223001686222124,23
"SenMayo_nonoverlap",3203,0.225199966224101,0.232138620382502,22
"SenMayo_nonoverlap",3204,0.202199430222156,0.192855029259737,23
"SenMayo_nonoverlap",3205,0.124259760873237,0.106788419736211,22
"SenMayo_nonoverlap",3206,0.229869199846134,0.210384907713401,23
"SenMayo_nonoverlap",3207,0.15818337954004,0.165261077517619,22
"SenMayo_nonoverlap",3208,0.220161216433235,0.230934120826629,23
"SenMayo_nonoverlap",3209,0.169016951760756,0.147316502079306,23
"SenMayo_nonoverlap",3210,0.166441477852991,0.157773272213132,23
"SenMayo_nonoverlap",3211,0.25715459198195,0.260458757162835,23
"SenMayo_nonoverlap",3212,0.231968327364385,0.226006180728368,23
"SenMayo_nonoverlap",3213,0.284078468192577,0.276191089213628,22
"SenMayo_nonoverlap",3214,0.176694556679052,0.186511420787732,23
"SenMayo_nonoverlap",3215,0.243888922443576,0.231927301185111,23
"SenMayo_nonoverlap",3216,0.224801542828376,0.226211885819577,23
"SenMayo_nonoverlap",3217,0.29820015264634,0.308378973220906,23
"SenMayo_nonoverlap",3218,0.183205408938201,0.174569913027212,22
"SenMayo_nonoverlap",3219,0.215086803978974,0.221468176325588,22
"SenMayo_nonoverlap",3220,0.287216043562947,0.263465831229402,23
"SenMayo_nonoverlap",3221,0.270342745449469,0.252941455834267,23
"SenMayo_nonoverlap",3222,0.109167342806849,0.0936568635222502,22
"SenMayo_nonoverlap",3223,0.286123763556778,0.285153661683781,22
"SenMayo_nonoverlap",3224,0.256124844080147,0.247206423274148,23
"SenMayo_nonoverlap",3225,0.186266480902263,0.18492590232502,23
"SenMayo_nonoverlap",3226,0.356301100347262,0.343435314312405,23
"SenMayo_nonoverlap",3227,0.192034977591588,0.174004709470934,23
"SenMayo_nonoverlap",3228,0.204883578991545,0.194344777718383,22
"SenMayo_nonoverlap",3229,0.174010533726077,0.176025969802409,23
"SenMayo_nonoverlap",3230,0.268156293429271,0.246152712199744,23
"SenMayo_nonoverlap",3231,0.327475490529604,0.313779326686188,23
"SenMayo_nonoverlap",3232,0.288963880065083,0.289583662936528,23
"SenMayo_nonoverlap",3233,0.17925810348008,0.173086010730817,23
"SenMayo_nonoverlap",3234,0.244535717628521,0.242672943798948,23
"SenMayo_nonoverlap",3235,0.201211271874448,0.199352438231047,23
"SenMayo_nonoverlap",3236,0.144501616225319,0.159972455435713,22
"SenMayo_nonoverlap",3237,0.225673747162377,0.234517367279054,23
"SenMayo_nonoverlap",3238,0.300872470437835,0.285455151211908,23
"SenMayo_nonoverlap",3239,0.248943706143826,0.24591544789683,23
"SenMayo_nonoverlap",3240,0.173010497764479,0.167501606481223,22
"SenMayo_nonoverlap",3241,0.326238003848309,0.322690276555762,23
"SenMayo_nonoverlap",3242,0.221958115885784,0.211076430983745,23
"SenMayo_nonoverlap",3243,0.426216669684247,0.423939933250539,23
"SenMayo_nonoverlap",3244,0.156084390192023,0.161151772863448,22
"SenMayo_nonoverlap",3245,0.254989288774002,0.237112804184892,23
"SenMayo_nonoverlap",3246,0.14580494281225,0.150785660202557,22
"SenMayo_nonoverlap",3247,0.270382817755577,0.272240632764574,23
"SenMayo_nonoverlap",3248,0.162998872591696,0.151420343190234,23
"SenMayo_nonoverlap",3249,0.182999352450439,0.185194165894041,23
"SenMayo_nonoverlap",3250,0.185982362453611,0.175375571269506,22
"SenMayo_nonoverlap",3251,0.10060298163123,0.118219799339514,22
"SenMayo_nonoverlap",3252,0.150217551539636,0.141938364646081,23
"SenMayo_nonoverlap",3253,0.237056537036906,0.222674346854965,23
"SenMayo_nonoverlap",3254,0.207678609541189,0.21900661384797,23
"SenMayo_nonoverlap",3255,0.383942218565973,0.362693376432457,23
"SenMayo_nonoverlap",3256,0.216559700990589,0.24944106156472,23
"SenMayo_nonoverlap",3257,0.232680330474039,0.212140976877704,23
"SenMayo_nonoverlap",3258,0.188465142807704,0.194383068403296,22
"SenMayo_nonoverlap",3259,0.242518482048062,0.254398496722706,23
"SenMayo_nonoverlap",3260,0.244260821533135,0.246682413468405,23
"SenMayo_nonoverlap",3261,0.207506104586119,0.200034327941268,22
"SenMayo_nonoverlap",3262,0.217475410173281,0.217265011808433,22
"SenMayo_nonoverlap",3263,0.191581366964115,0.191033563541599,23
"SenMayo_nonoverlap",3264,0.278668699988673,0.272163897351334,23
"SenMayo_nonoverlap",3265,0.262750823196831,0.279226631013163,23
"SenMayo_nonoverlap",3266,0.214570346445758,0.209383960620759,22
"SenMayo_nonoverlap",3267,0.173244221213965,0.171390776450552,22
"SenMayo_nonoverlap",3268,0.187749457483401,0.18931426801509,23
"SenMayo_nonoverlap",3269,0.20809989947371,0.181605984329475,22
"SenMayo_nonoverlap",3270,0.283446033889121,0.278763564897689,23
"SenMayo_nonoverlap",3271,0.237678385573492,0.255779330677305,23
"SenMayo_nonoverlap",3272,0.209837716057847,0.213049837222551,22
"SenMayo_nonoverlap",3273,0.203386123147104,0.211755785586362,22
"SenMayo_nonoverlap",3274,0.226026187832257,0.219139322076231,22
"SenMayo_nonoverlap",3275,0.12819953193464,0.109672911982909,23
"SenMayo_nonoverlap",3276,0.264575903606245,0.251879709466447,23
"SenMayo_nonoverlap",3277,0.260662444560737,0.240127229470822,23
"SenMayo_nonoverlap",3278,0.189387815438697,0.187963822033956,23
"SenMayo_nonoverlap",3279,0.218280784506192,0.231297508879149,23
"SenMayo_nonoverlap",3280,0.25952213280282,0.262483509930592,23
"SenMayo_nonoverlap",3281,0.302657754975075,0.30377475116118,23
"SenMayo_nonoverlap",3282,0.182397824328007,0.19265634100746,23
"SenMayo_nonoverlap",3283,0.27204050610499,0.263276222208065,23
"SenMayo_nonoverlap",3284,0.220346560960332,0.23063947150974,22
"SenMayo_nonoverlap",3285,0.281894886026263,0.271273488703785,23
"SenMayo_nonoverlap",3286,0.33482248730911,0.326511473000488,23
"SenMayo_nonoverlap",3287,0.21624692585033,0.209706927908993,22
"SenMayo_nonoverlap",3288,0.19549722475111,0.197776338267488,22
"SenMayo_nonoverlap",3289,0.128454353965616,0.135258439296546,22
"SenMayo_nonoverlap",3290,0.219858334181494,0.217703071015127,23
"SenMayo_nonoverlap",3291,0.264090115982383,0.263962133981372,23
"SenMayo_nonoverlap",3292,0.172143313013775,0.172002305163892,22
"SenMayo_nonoverlap",3293,0.225576809244872,0.22080390607008,22
"SenMayo_nonoverlap",3294,0.177274580569591,0.163927349648184,23
"SenMayo_nonoverlap",3295,0.284679256338729,0.278956068147286,23
"SenMayo_nonoverlap",3296,0.224990229516174,0.232066072392317,23
"SenMayo_nonoverlap",3297,0.196223189522573,0.174169053978755,23
"SenMayo_nonoverlap",3298,0.247076482184867,0.222810165484038,23
"SenMayo_nonoverlap",3299,0.204155717627135,0.196931375975753,23
"SenMayo_nonoverlap",3300,0.302242387323506,0.311667792342035,23
"SenMayo_nonoverlap",3301,0.247179547532389,0.231473105588169,23
"SenMayo_nonoverlap",3302,0.273789344001838,0.257062812701044,23
"SenMayo_nonoverlap",3303,0.214624697312012,0.209654133237374,23
"SenMayo_nonoverlap",3304,0.194730409095791,0.192058695866777,23
"SenMayo_nonoverlap",3305,0.223853434165167,0.22414220731715,23
"SenMayo_nonoverlap",3306,0.334240634194878,0.325913258616725,23
"SenMayo_nonoverlap",3307,0.314130826833674,0.30310954501639,23
"SenMayo_nonoverlap",3308,0.184506839661548,0.15079301358949,23
"SenMayo_nonoverlap",3309,0.249908510341661,0.221060691783828,23
"SenMayo_nonoverlap",3310,0.247567002839095,0.245599966399122,23
"SenMayo_nonoverlap",3311,0.241936065209605,0.266699530489956,22
"SenMayo_nonoverlap",3312,0.218778514577785,0.213923609275668,23
"SenMayo_nonoverlap",3313,0.166368899167404,0.163165005487153,23
"SenMayo_nonoverlap",3314,0.241494992304787,0.230888629452895,23
"SenMayo_nonoverlap",3315,0.224000185971715,0.211152671812869,23
"SenMayo_nonoverlap",3316,0.244920507074272,0.242104173763429,23
"SenMayo_nonoverlap",3317,0.211793345054212,0.208653547517735,23
"SenMayo_nonoverlap",3318,0.300151006194868,0.295701102007631,23
"SenMayo_nonoverlap",3319,0.264890611907243,0.246380675286349,23
"SenMayo_nonoverlap",3320,0.167679325915993,0.169332201849513,22
"SenMayo_nonoverlap",3321,0.214277801686572,0.209986673834646,23
"SenMayo_nonoverlap",3322,0.242301110896899,0.24733663739069,23
"SenMayo_nonoverlap",3323,0.215237716807699,0.203799121895941,23
"SenMayo_nonoverlap",3324,0.217191621903576,0.218441452319827,22
"SenMayo_nonoverlap",3325,0.356519816978753,0.351382078961426,23
"SenMayo_nonoverlap",3326,0.170468346177689,0.163837533604957,23
"SenMayo_nonoverlap",3327,0.238603979562954,0.229014446666518,23
"SenMayo_nonoverlap",3328,0.161619888355256,0.174969338059642,22
"SenMayo_nonoverlap",3329,0.217858158392396,0.217092490017156,23
"SenMayo_nonoverlap",3330,0.237137787192894,0.263237487377275,23
"SenMayo_nonoverlap",3331,0.224855822185257,0.228478178358503,23
"SenMayo_nonoverlap",3332,0.184600775487033,0.18280063866166,22
"SenMayo_nonoverlap",3333,0.106038239600442,0.108479488202168,21
"SenMayo_nonoverlap",3334,0.36444379332335,0.351837797360563,23
"SenMayo_nonoverlap",3335,0.230594243155658,0.231036749005855,23
"SenMayo_nonoverlap",3336,0.309181132589195,0.313497488584349,23
"SenMayo_nonoverlap",3337,0.28185661609262,0.280514493934246,23
"SenMayo_nonoverlap",3338,0.170318790740474,0.160251452356557,22
"SenMayo_nonoverlap",3339,0.153519564369803,0.161586492348899,23
"SenMayo_nonoverlap",3340,0.276706802589429,0.262621459824607,23
"SenMayo_nonoverlap",3341,0.227946857699436,0.245286285918324,23
"SenMayo_nonoverlap",3342,0.23706181275928,0.232337485087789,23
"SenMayo_nonoverlap",3343,0.273994712157209,0.251736672443678,23
"SenMayo_nonoverlap",3344,0.196443404757298,0.175401973284953,23
"SenMayo_nonoverlap",3345,0.212279938296068,0.218214878976441,23
"SenMayo_nonoverlap",3346,0.22832400430805,0.218512038123125,23
"SenMayo_nonoverlap",3347,0.314854397466815,0.294812848988275,23
"SenMayo_nonoverlap",3348,0.219666455217266,0.191392311456122,23
"SenMayo_nonoverlap",3349,0.251209213367234,0.243007374910011,23
"SenMayo_nonoverlap",3350,0.244260960448493,0.253459429941048,23
"SenMayo_nonoverlap",3351,0.232049522658745,0.242900992531292,23
"SenMayo_nonoverlap",3352,0.236150672408037,0.233178808818415,23
"SenMayo_nonoverlap",3353,0.165902727018653,0.13907459396355,23
"SenMayo_nonoverlap",3354,0.198256737922933,0.17559531846313,23
"SenMayo_nonoverlap",3355,0.270651402386655,0.258068655869849,23
"SenMayo_nonoverlap",3356,0.214467678143684,0.202661626587246,23
"SenMayo_nonoverlap",3357,0.297458970521916,0.287364278336079,23
"SenMayo_nonoverlap",3358,0.206103790131441,0.219555217063725,23
"SenMayo_nonoverlap",3359,0.209324183650222,0.22543324259133,23
"SenMayo_nonoverlap",3360,0.201233795742805,0.193967678405748,23
"SenMayo_nonoverlap",3361,0.262056020470825,0.249211433425816,23
"SenMayo_nonoverlap",3362,0.162983073751995,0.154960140196041,23
"SenMayo_nonoverlap",3363,0.207984235410491,0.212634778983189,23
"SenMayo_nonoverlap",3364,0.190249724778762,0.179634635227677,23
"SenMayo_nonoverlap",3365,0.337013763941777,0.328819027664096,23
"SenMayo_nonoverlap",3366,0.320955139935043,0.319771819369617,23
"SenMayo_nonoverlap",3367,0.106097280115452,0.111655834986503,22
"SenMayo_nonoverlap",3368,0.209046955808357,0.21955416356652,22
"SenMayo_nonoverlap",3369,0.20192848780311,0.198618024391045,23
"SenMayo_nonoverlap",3370,0.284895745958238,0.291095446977667,23
"SenMayo_nonoverlap",3371,0.254410452744374,0.229656398137965,23
"SenMayo_nonoverlap",3372,0.298120856331469,0.291263370051466,23
"SenMayo_nonoverlap",3373,0.304912112409029,0.292503325915918,23
"SenMayo_nonoverlap",3374,0.259872388257664,0.256501175432741,23
"SenMayo_nonoverlap",3375,0.223856665246324,0.224817091062002,23
"SenMayo_nonoverlap",3376,0.346739648099819,0.343083867888468,23
"SenMayo_nonoverlap",3377,0.168291712591967,0.179564722025865,22
"SenMayo_nonoverlap",3378,0.325010664383491,0.312893344228766,23
"SenMayo_nonoverlap",3379,0.211011635398652,0.196851647227299,23
"SenMayo_nonoverlap",3380,0.236513185355155,0.222102523527807,23
"SenMayo_nonoverlap",3381,0.190065512359932,0.19089027233082,22
"SenMayo_nonoverlap",3382,0.208336546451512,0.219554068553078,23
"SenMayo_nonoverlap",3383,0.300688734394785,0.290219543941748,23
"SenMayo_nonoverlap",3384,0.285746666045788,0.291289267338121,23
"SenMayo_nonoverlap",3385,0.241523683242516,0.20990248218776,23
"SenMayo_nonoverlap",3386,0.115027028044643,0.0922451610113333,22
"SenMayo_nonoverlap",3387,0.270233405737219,0.282228490491253,23
"SenMayo_nonoverlap",3388,0.278566797951873,0.271390477682358,23
"SenMayo_nonoverlap",3389,0.253464170565537,0.259781342912018,23
"SenMayo_nonoverlap",3390,0.204584650731576,0.182327301007189,23
"SenMayo_nonoverlap",3391,0.186619780686309,0.183165141531956,23
"SenMayo_nonoverlap",3392,0.168899426305157,0.155162586273332,23
"SenMayo_nonoverlap",3393,0.23750837698048,0.227819611621527,23
"SenMayo_nonoverlap",3394,0.280817921407528,0.276379993451547,23
"SenMayo_nonoverlap",3395,0.22305921413896,0.215949132622889,23
"SenMayo_nonoverlap",3396,0.294374667497561,0.289450250788073,23
"SenMayo_nonoverlap",3397,0.210218201180428,0.207377747059899,23
"SenMayo_nonoverlap",3398,0.137790816233837,0.138021753636134,22
"SenMayo_nonoverlap",3399,0.148821033297408,0.148150135220352,23
"SenMayo_nonoverlap",3400,0.162423548362265,0.170487877626104,23
"SenMayo_nonoverlap",3401,0.188303473461735,0.167230697161009,23
"SenMayo_nonoverlap",3402,0.18818984906241,0.177286380226686,23
"SenMayo_nonoverlap",3403,0.216219853863513,0.22289738784477,23
"SenMayo_nonoverlap",3404,0.1278553703803,0.128112361789293,22
"SenMayo_nonoverlap",3405,0.131543635073783,0.113147030119846,23
"SenMayo_nonoverlap",3406,0.212144716515171,0.211360229400569,23
"SenMayo_nonoverlap",3407,0.273675826119362,0.264612719513525,23
"SenMayo_nonoverlap",3408,0.283876455651021,0.265922934134539,23
"SenMayo_nonoverlap",3409,0.243151127626168,0.236044062517422,23
"SenMayo_nonoverlap",3410,0.300957025733729,0.315514287753688,23
"SenMayo_nonoverlap",3411,0.247439793609292,0.244961631374841,23
"SenMayo_nonoverlap",3412,0.247409528579994,0.249495352963889,23
"SenMayo_nonoverlap",3413,0.246783369919592,0.25299718635495,23
"SenMayo_nonoverlap",3414,0.275252619084772,0.261710901596968,23
"SenMayo_nonoverlap",3415,0.209092505334412,0.189489047045595,23
"SenMayo_nonoverlap",3416,0.186319198192514,0.175597079633782,23
"SenMayo_nonoverlap",3417,0.1713963523067,0.174958790362172,23
"SenMayo_nonoverlap",3418,0.162835758127685,0.168975917833531,23
"SenMayo_nonoverlap",3419,0.27332740266479,0.296798752426734,23
"SenMayo_nonoverlap",3420,0.168157616349233,0.170333442987546,23
"SenMayo_nonoverlap",3421,0.186947224565012,0.195009860243844,22
"SenMayo_nonoverlap",3422,0.33612438871251,0.321572083252379,23
"SenMayo_nonoverlap",3423,0.271412068397928,0.225809610585175,23
"SenMayo_nonoverlap",3424,0.166612655531578,0.149465596174246,23
"SenMayo_nonoverlap",3425,0.197256711849462,0.193425937035946,23
"SenMayo_nonoverlap",3426,0.224892603345346,0.213129794029586,23
"SenMayo_nonoverlap",3427,0.203071688203042,0.177792729751621,23
"SenMayo_nonoverlap",3428,0.229947820438437,0.210925888362115,23
"SenMayo_nonoverlap",3429,0.164566768311029,0.162073879756129,22
"SenMayo_nonoverlap",3430,0.240060921320428,0.227132687429628,23
"SenMayo_nonoverlap",3431,0.210554712014733,0.200594851251495,23
"SenMayo_nonoverlap",3432,0.20417757923175,0.219010141024315,22
"SenMayo_nonoverlap",3433,0.192307836734564,0.214876233016892,22
"SenMayo_nonoverlap",3434,0.155174867102549,0.165449536112066,22
"SenMayo_nonoverlap",3435,0.196358585514154,0.180474101453873,23
"SenMayo_nonoverlap",3436,0.216770991607214,0.207615209219754,22
"SenMayo_nonoverlap",3437,0.152247611298704,0.149596109860033,22
"SenMayo_nonoverlap",3438,0.290838863229976,0.283901501035438,23
"SenMayo_nonoverlap",3439,0.207813253995344,0.187040580542233,23
"SenMayo_nonoverlap",3440,0.244281255102643,0.251699580408086,22
"SenMayo_nonoverlap",3441,0.2621431712202,0.274791320181558,23
"SenMayo_nonoverlap",3442,0.321303304860297,0.30185429650947,23
"SenMayo_nonoverlap",3443,0.204006899015749,0.228984095876534,23
"SenMayo_nonoverlap",3444,0.253799788511641,0.274623668521268,23
"SenMayo_nonoverlap",3445,0.156496736442883,0.161360814299249,22
"SenMayo_nonoverlap",3446,0.158224247315734,0.152952595501119,23
"SenMayo_nonoverlap",3447,0.229075625432438,0.239510410573286,23
"SenMayo_nonoverlap",3448,0.234950915356762,0.237764048209145,22
"SenMayo_nonoverlap",3449,0.340147078744866,0.343153429233219,23
"SenMayo_nonoverlap",3450,0.22269678818582,0.225563676871008,22
"SenMayo_nonoverlap",3451,0.190196182079096,0.190252623578033,23
"SenMayo_nonoverlap",3452,0.201347973537436,0.183435933791583,23
"SenMayo_nonoverlap",3453,0.126260891906707,0.131260947111547,20
"SenMayo_nonoverlap",3454,0.184815084531518,0.185988112046907,23
"SenMayo_nonoverlap",3455,0.206834749591116,0.200633157437454,23
"SenMayo_nonoverlap",3456,0.235391446731477,0.24236299252477,23
"SenMayo_nonoverlap",3457,0.233836631884353,0.227888670857182,23
"SenMayo_nonoverlap",3458,0.260481402930656,0.246459118867425,23
"SenMayo_nonoverlap",3459,0.274213481040198,0.274408486174838,23
"SenMayo_nonoverlap",3460,0.172391423022115,0.175296537777324,22
"SenMayo_nonoverlap",3461,0.25771684725244,0.251173811229993,23
"SenMayo_nonoverlap",3462,0.210599504055834,0.217085807240332,23
"SenMayo_nonoverlap",3463,0.2448771323582,0.244075532189018,23
"SenMayo_nonoverlap",3464,0.137338825760641,0.155639527852327,21
"SenMayo_nonoverlap",3465,0.106620194730441,0.0959089960231736,21
"SenMayo_nonoverlap",3466,0.209354149283233,0.219423157852547,23
"SenMayo_nonoverlap",3467,0.233790963656496,0.242225439734166,23
"SenMayo_nonoverlap",3468,0.169816492568869,0.169654269978441,23
"SenMayo_nonoverlap",3469,0.188791985983166,0.182510700906184,22
"SenMayo_nonoverlap",3470,0.266981002560214,0.276310858402501,22
"SenMayo_nonoverlap",3471,0.155749425000687,0.149376598698099,22
"SenMayo_nonoverlap",3472,0.229126724306274,0.230596591513992,23
"SenMayo_nonoverlap",3473,0.190456031688398,0.201191430661651,23
"SenMayo_nonoverlap",3474,0.203699982280885,0.182372650552073,23
"SenMayo_nonoverlap",3475,0.185143309748309,0.189714569194863,22
"SenMayo_nonoverlap",3476,0.225509166940727,0.213216921302756,23
"SenMayo_nonoverlap",3477,0.19337543851889,0.177681300718724,23
"SenMayo_nonoverlap",3478,0.188630757232299,0.174742464358895,22
"SenMayo_nonoverlap",3479,0.221541360503761,0.220901234985021,23
"SenMayo_nonoverlap",3480,0.178305820060226,0.190193935714668,21
"SenMayo_nonoverlap",3481,0.23620991957617,0.24902276559839,22
"SenMayo_nonoverlap",3482,0.271068552985635,0.258110823832023,23
"SenMayo_nonoverlap",3483,0.255610987483609,0.236962019419513,23
"SenMayo_nonoverlap",3484,0.21463268085811,0.192081800983465,23
"SenMayo_nonoverlap",3485,0.333373621592882,0.341278182405328,23
"SenMayo_nonoverlap",3486,0.275713419186941,0.277726773332888,23
"SenMayo_nonoverlap",3487,0.189106308564176,0.202460071627113,23
"SenMayo_nonoverlap",3488,0.213987468557868,0.202032793186636,23
"SenMayo_nonoverlap",3489,0.14338032387257,0.147394152227616,22
"SenMayo_nonoverlap",3490,0.219864411155051,0.206777303259895,23
"SenMayo_nonoverlap",3491,0.241050076837065,0.219309307776121,23
"SenMayo_nonoverlap",3492,0.225920264299228,0.218605017989935,23
"SenMayo_nonoverlap",3493,0.16927322001365,0.1554254856625,22
"SenMayo_nonoverlap",3494,0.266020933299006,0.243080546637508,22
"SenMayo_nonoverlap",3495,0.262379180673369,0.250861219894875,23
"SenMayo_nonoverlap",3496,0.167685420429099,0.166374645113698,22
"SenMayo_nonoverlap",3497,0.227216082219308,0.227354404597029,23
"SenMayo_nonoverlap",3498,0.194118488863925,0.184945585686439,23
"SenMayo_nonoverlap",3499,0.314822431833942,0.302333338057725,23
"SenMayo_nonoverlap",3500,0.28354148372842,0.264557842680502,23
"SenMayo_nonoverlap",3501,0.10414560548281,0.102403790823143,21
"SenMayo_nonoverlap",3502,0.27735283646948,0.282885398764966,23
"SenMayo_nonoverlap",3503,0.233760397400936,0.225757987790572,23
"SenMayo_nonoverlap",3504,0.155106490279609,0.135064489875271,22
"SenMayo_nonoverlap",3505,0.153612245938234,0.154041231464541,21
"SenMayo_nonoverlap",3506,0.14926816227929,0.141435340308813,23
"SenMayo_nonoverlap",3507,0.423236844711627,0.404137145413211,23
"SenMayo_nonoverlap",3508,0.113306924231507,0.131501041806275,21
"SenMayo_nonoverlap",3509,0.172844353103411,0.168916525772261,22
"SenMayo_nonoverlap",3510,0.180922639473355,0.204696365506905,22
"SenMayo_nonoverlap",3511,0.203998494320336,0.211098141993845,23
"SenMayo_nonoverlap",3512,0.304081023837363,0.310694309729823,23
"SenMayo_nonoverlap",3513,0.246239630825004,0.258398010488152,22
"SenMayo_nonoverlap",3514,0.195761494489204,0.199130218431323,23
"SenMayo_nonoverlap",3515,0.193421318061358,0.180453369222082,23
"SenMayo_nonoverlap",3516,0.224272725581194,0.234542471231486,23
"SenMayo_nonoverlap",3517,0.186665750308278,0.177834314596276,22
"SenMayo_nonoverlap",3518,0.170168948740545,0.192686973206179,22
"SenMayo_nonoverlap",3519,0.250184890037944,0.229416492038503,23
"SenMayo_nonoverlap",3520,0.160575506420302,0.1421274517827,22
"SenMayo_nonoverlap",3521,0.221809173509536,0.206305775119223,23
"SenMayo_nonoverlap",3522,0.191915025787898,0.176813369852768,23
"SenMayo_nonoverlap",3523,0.137618455436157,0.124769357274725,23
"SenMayo_nonoverlap",3524,0.226305416590366,0.225760981032979,22
"SenMayo_nonoverlap",3525,0.207419993997428,0.206574504052847,23
"SenMayo_nonoverlap",3526,0.29124145032969,0.278174262536781,23
"SenMayo_nonoverlap",3527,0.212769862467147,0.225904971293987,23
"SenMayo_nonoverlap",3528,0.34480079693896,0.347535756864175,23
"SenMayo_nonoverlap",3529,0.106721261227969,0.117793188285666,22
"SenMayo_nonoverlap",3530,0.258813241381927,0.239371087450894,23
"SenMayo_nonoverlap",3531,0.409555539104439,0.413763906323719,23
"SenMayo_nonoverlap",3532,0.256816856863782,0.279544491741842,23
"SenMayo_nonoverlap",3533,0.146273842768625,0.130709215890598,22
"SenMayo_nonoverlap",3534,0.269823583070922,0.294878715839421,23
"SenMayo_nonoverlap",3535,0.266657463486213,0.268396103641217,23
"SenMayo_nonoverlap",3536,0.112053079111307,0.114746878275627,22
"SenMayo_nonoverlap",3537,0.251756576118741,0.238359763361217,22
"SenMayo_nonoverlap",3538,0.163729609238104,0.162463131396405,23
"SenMayo_nonoverlap",3539,0.275356685584889,0.246645897607132,23
"SenMayo_nonoverlap",3540,0.222856007006913,0.22384483791293,23
"SenMayo_nonoverlap",3541,0.286411469183217,0.266790517544955,23
"SenMayo_nonoverlap",3542,0.287311016445615,0.286539335213243,23
"SenMayo_nonoverlap",3543,0.249109102240203,0.235803371444207,23
"SenMayo_nonoverlap",3544,0.226465324731618,0.223207097678332,23
"SenMayo_nonoverlap",3545,0.234872957645097,0.213768886608984,23
"SenMayo_nonoverlap",3546,0.213944018373289,0.209267241627662,23
"SenMayo_nonoverlap",3547,0.216479320980022,0.2083132625567,22
"SenMayo_nonoverlap",3548,0.117507827422032,0.130471819773121,23
"SenMayo_nonoverlap",3549,0.213797784240462,0.192852066189084,23
"SenMayo_nonoverlap",3550,0.120335298955311,0.125762982939056,23
"SenMayo_nonoverlap",3551,0.256764344638212,0.241233760631488,23
"SenMayo_nonoverlap",3552,0.134406604055415,0.126851421496528,22
"SenMayo_nonoverlap",3553,0.295424193742649,0.27795425372614,22
"SenMayo_nonoverlap",3554,0.257743593640645,0.258987424721554,23
"SenMayo_nonoverlap",3555,0.223049729135646,0.229332965390965,22
"SenMayo_nonoverlap",3556,0.261915493204048,0.274081888052898,23
"SenMayo_nonoverlap",3557,0.228827412622875,0.227885809543169,23
"SenMayo_nonoverlap",3558,0.213995471956182,0.192428482065472,23
"SenMayo_nonoverlap",3559,0.209929155311266,0.198131035339068,22
"SenMayo_nonoverlap",3560,0.109524254919291,0.108403322613399,22
"SenMayo_nonoverlap",3561,0.126952426237169,0.13185765015772,22
"SenMayo_nonoverlap",3562,0.251622880548312,0.255804792350629,22
"SenMayo_nonoverlap",3563,0.147637910098008,0.173739139687189,22
"SenMayo_nonoverlap",3564,0.243508585242763,0.252333029106684,23
"SenMayo_nonoverlap",3565,0.135335697446651,0.147057209354366,22
"SenMayo_nonoverlap",3566,0.341702813557389,0.343426248851981,23
"SenMayo_nonoverlap",3567,0.163592575343196,0.180508463309325,22
"SenMayo_nonoverlap",3568,0.145679556224637,0.134131591262791,21
"SenMayo_nonoverlap",3569,0.248365012197313,0.22900700063696,23
"SenMayo_nonoverlap",3570,0.267479320948935,0.265905812860523,23
"SenMayo_nonoverlap",3571,0.16023592545403,0.150436696556265,23
"SenMayo_nonoverlap",3572,0.256745075784228,0.25741450005658,23
"SenMayo_nonoverlap",3573,0.126837009813692,0.130769923672227,21
"SenMayo_nonoverlap",3574,0.232056616242701,0.229061907134208,23
"SenMayo_nonoverlap",3575,0.213165427643509,0.206638632495723,23
"SenMayo_nonoverlap",3576,0.143032617141198,0.137095041094062,23
"SenMayo_nonoverlap",3577,0.229174933685964,0.238862974566921,23
"SenMayo_nonoverlap",3578,0.262311160175158,0.247566349054386,23
"SenMayo_nonoverlap",3579,0.12867853304152,0.155012676134619,22
"SenMayo_nonoverlap",3580,0.24166869334943,0.243130648909215,23
"SenMayo_nonoverlap",3581,0.319347908795012,0.303159122491343,23
"SenMayo_nonoverlap",3582,0.245581579603008,0.223313759033004,23
"SenMayo_nonoverlap",3583,0.133208039571952,0.132565802154053,22
"SenMayo_nonoverlap",3584,0.261985325902607,0.258187139170617,23
"SenMayo_nonoverlap",3585,0.253959462257767,0.244979945926778,23
"SenMayo_nonoverlap",3586,0.235270449016255,0.233557530006598,23
"SenMayo_nonoverlap",3587,0.266385120924898,0.264299556079349,23
"SenMayo_nonoverlap",3588,0.265737458069627,0.277245347212482,23
"SenMayo_nonoverlap",3589,0.185388191983226,0.154730855432251,23
"SenMayo_nonoverlap",3590,0.310685145438973,0.328583474380546,23
"SenMayo_nonoverlap",3591,0.183232585109889,0.172723203846418,23
"SenMayo_nonoverlap",3592,0.163554389156604,0.184203998046219,22
"SenMayo_nonoverlap",3593,0.259360221882605,0.253476559934878,23
"SenMayo_nonoverlap",3594,0.261684011023939,0.255631471679516,23
"SenMayo_nonoverlap",3595,0.232720334703352,0.234988374821573,23
"SenMayo_nonoverlap",3596,0.172149454014888,0.165951859757922,23
"SenMayo_nonoverlap",3597,0.166593885951665,0.163437789915409,23
"SenMayo_nonoverlap",3598,0.268557884226804,0.263869159736085,23
"SenMayo_nonoverlap",3599,0.18366686757605,0.192227837284962,23
"SenMayo_nonoverlap",3600,0.207469872152458,0.208557856375782,23
"SenMayo_nonoverlap",3601,0.214260476257691,0.229301745113233,23
"SenMayo_nonoverlap",3602,0.194452520148374,0.174059032619162,22
"SenMayo_nonoverlap",3603,0.352032398169715,0.334721347500395,23
"SenMayo_nonoverlap",3604,0.296533653724948,0.284337234399497,23
"SenMayo_nonoverlap",3605,0.12888870630246,0.131009090302011,23
"SenMayo_nonoverlap",3606,0.0794554650753001,0.0782868647175947,20
"SenMayo_nonoverlap",3607,0.287877691714704,0.29923515373474,23
"SenMayo_nonoverlap",3608,0.22287880038952,0.232441779650232,23
"SenMayo_nonoverlap",3609,0.11326801925387,0.114714228819419,22
"SenMayo_nonoverlap",3610,0.191705289704132,0.190802031058887,23
"SenMayo_nonoverlap",3611,0.226328395708945,0.211115181107991,23
"SenMayo_nonoverlap",3612,0.246962953606314,0.253266425367155,23
"SenMayo_nonoverlap",3613,0.230819267247978,0.236966869289971,23
"SenMayo_nonoverlap",3614,0.309260186045956,0.319524166459253,23
"SenMayo_nonoverlap",3615,0.172160647881896,0.163668121064792,21
"SenMayo_nonoverlap",3616,0.188370277229444,0.188002342041493,22
"SenMayo_nonoverlap",3617,0.225151556824529,0.226140230903213,23
"SenMayo_nonoverlap",3618,0.306850334564047,0.314713846891794,23
"SenMayo_nonoverlap",3619,0.19878047824279,0.181811106454672,23
"SenMayo_nonoverlap",3620,0.214569613169868,0.229271937731319,23
"SenMayo_nonoverlap",3621,0.113520526208595,0.112052076836153,23
"SenMayo_nonoverlap",3622,0.224486595624996,0.225865053730946,23
"SenMayo_nonoverlap",3623,0.248157056099891,0.248449751557475,23
"SenMayo_nonoverlap",3624,0.159302223731993,0.147896309922689,23
"SenMayo_nonoverlap",3625,0.218823347699694,0.20344463122626,23
"SenMayo_nonoverlap",3626,0.175451212142779,0.151952337501991,23
"SenMayo_nonoverlap",3627,0.169805890354708,0.166882530414153,23
"SenMayo_nonoverlap",3628,0.226579615059986,0.225474750386084,22
"SenMayo_nonoverlap",3629,0.28435627769517,0.276441826334845,23
"SenMayo_nonoverlap",3630,0.153009102327738,0.152424710037306,22
"SenMayo_nonoverlap",3631,0.223413708643874,0.222240425544075,23
"SenMayo_nonoverlap",3632,0.112028954652021,0.104343461888509,23
"SenMayo_nonoverlap",3633,0.136642840719538,0.139312399442057,23
"SenMayo_nonoverlap",3634,0.29965165488739,0.299725367604718,23
"SenMayo_nonoverlap",3635,0.167067313947901,0.160341568155858,22
"SenMayo_nonoverlap",3636,0.180357397429213,0.153086497406477,21
"SenMayo_nonoverlap",3637,0.253844390535589,0.250914084252018,23
"SenMayo_nonoverlap",3638,0.222436542823105,0.249714333361346,23
"SenMayo_nonoverlap",3639,0.195649986989784,0.206407433932711,23
"SenMayo_nonoverlap",3640,0.103480834419301,0.0913738323580968,19
"SenMayo_nonoverlap",3641,0.25860569349403,0.263514727418138,23
"SenMayo_nonoverlap",3642,0.133182467434511,0.148226618121904,23
"SenMayo_nonoverlap",3643,0.205132010656456,0.222391795967106,23
"SenMayo_nonoverlap",3644,0.160911968509166,0.16294427142175,22
"SenMayo_nonoverlap",3645,0.219627404408628,0.199449082657802,23
"SenMayo_nonoverlap",3646,0.182796490261254,0.182854088226388,23
"SenMayo_nonoverlap",3647,0.226900751020481,0.224198918298669,23
"SenMayo_nonoverlap",3648,0.237978218969518,0.240560356496025,23
"SenMayo_nonoverlap",3649,0.161584001477192,0.174690486512996,23
"SenMayo_nonoverlap",3650,0.266632475761169,0.271567775201552,23
"SenMayo_nonoverlap",3651,0.304724065180231,0.281540027496087,23
"SenMayo_nonoverlap",3652,0.231662425748069,0.244331633853855,23
"SenMayo_nonoverlap",3653,0.277061703096521,0.270353234448001,23
"SenMayo_nonoverlap",3654,0.255355413869496,0.262240260391602,23
"SenMayo_nonoverlap",3655,-0.0258876085233813,-0.0282969888790091,6
"SenMayo_nonoverlap",3656,0.124631759785078,0.130805822791694,22
"SenMayo_nonoverlap",3657,0.342765822307018,0.322424007466888,23
"SenMayo_nonoverlap",3658,0.248454697014227,0.262684003026245,23
"SenMayo_nonoverlap",3659,0.255277860384898,0.253124226326076,23
"SenMayo_nonoverlap",3660,0.176590086003876,0.168155790265214,22
"SenMayo_nonoverlap",3661,0.185837788593403,0.186869858322382,23
"SenMayo_nonoverlap",3662,0.277311028270782,0.284575881975216,23
"SenMayo_nonoverlap",3663,0.307929812807152,0.293523211947636,23
"SenMayo_nonoverlap",3664,0.371311097794872,0.364959477838672,23
"SenMayo_nonoverlap",3665,0.175633738803577,0.180647111469737,23
"SenMayo_nonoverlap",3666,0.234940755537158,0.242386578524802,23
"SenMayo_nonoverlap",3667,0.325014247296588,0.332767787734617,23
"SenMayo_nonoverlap",3668,0.25495251158734,0.248994944467825,23
"SenMayo_nonoverlap",3669,0.182971610576985,0.17681741795053,23
"SenMayo_nonoverlap",3670,0.251416720070071,0.241592409290394,23
"SenMayo_nonoverlap",3671,0.283385370820791,0.272044094328394,23
"SenMayo_nonoverlap",3672,0.144694003535508,0.145983612525266,23
"SenMayo_nonoverlap",3673,0.311971101984801,0.304573418434898,23
"SenMayo_nonoverlap",3674,0.188783542090774,0.214237587449799,23
"SenMayo_nonoverlap",3675,0.251900777500763,0.259730139571206,23
"SenMayo_nonoverlap",3676,0.177072301258492,0.185879716914007,23
"SenMayo_nonoverlap",3677,0.243807629545513,0.251562052983102,23
"SenMayo_nonoverlap",3678,0.263061995097452,0.242440919413917,23
"SenMayo_nonoverlap",3679,0.250627538793775,0.253149533084125,23
"SenMayo_nonoverlap",3680,0.164689094097633,0.156052081631084,23
"SenMayo_nonoverlap",3681,0.175217814031089,0.183456184771184,22
"SenMayo_nonoverlap",3682,0.244738736255914,0.22986627098705,23
"SenMayo_nonoverlap",3683,0.246256806163288,0.211167860608828,23
"SenMayo_nonoverlap",3684,0.24259859995935,0.23678563623872,23
"SenMayo_nonoverlap",3685,0.215967437250112,0.212242996485061,23
"SenMayo_nonoverlap",3686,0.174644322646819,0.16635501746363,22
"SenMayo_nonoverlap",3687,0.178731528073513,0.183780636855609,23
"SenMayo_nonoverlap",3688,0.307349466367858,0.309040642746685,23
"SenMayo_nonoverlap",3689,0.213442429010141,0.215326977737632,23
"SenMayo_nonoverlap",3690,0.267849629716638,0.258835258345248,23
"SenMayo_nonoverlap",3691,0.152721701153465,0.154257461712758,22
"SenMayo_nonoverlap",3692,0.218877566930628,0.221403784939683,23
"SenMayo_nonoverlap",3693,0.168647544307151,0.17865586371404,23
"SenMayo_nonoverlap",3694,0.179415727683462,0.187347725798572,23
"SenMayo_nonoverlap",3695,0.231187353845508,0.244502319288372,23
"SenMayo_nonoverlap",3696,0.225757588798455,0.204510916757608,23
"SenMayo_nonoverlap",3697,0.229267905238219,0.236658966767366,23
"SenMayo_nonoverlap",3698,0.192135775378054,0.180844075336892,22
"SenMayo_nonoverlap",3699,0.150368860354362,0.136838453058404,22
"SenMayo_nonoverlap",3700,0.235488534316515,0.221826336682139,23
"SenMayo_nonoverlap",3701,0.251400425597662,0.249904003276239,22
"SenMayo_nonoverlap",3702,0.257852112835388,0.25579379941084,23
"SenMayo_nonoverlap",3703,0.230905963402957,0.219265618435493,23
"SenMayo_nonoverlap",3704,0.287574277378943,0.279116601633148,23
"SenMayo_nonoverlap",3705,0.239897931509387,0.233583626837146,23
"SenMayo_nonoverlap",3706,0.246139435133025,0.229417812257823,22
"SenMayo_nonoverlap",3707,0.17398531685423,0.189561490533513,22
"SenMayo_nonoverlap",3708,0.192689869905178,0.201312611987916,23
"SenMayo_nonoverlap",3709,0.206912484499362,0.200315172934566,23
"SenMayo_nonoverlap",3710,0.150114149406294,0.149003738119839,22
"SenMayo_nonoverlap",3711,0.190559641313716,0.189416186984092,23
"SenMayo_nonoverlap",3712,0.198444453302076,0.194482024200658,23
"SenMayo_nonoverlap",3713,0.277133617576893,0.279443003125241,23
"SenMayo_nonoverlap",3714,0.2190255474148,0.203177731050849,23
"SenMayo_nonoverlap",3715,0.253478012668181,0.253365059727546,23
"SenMayo_nonoverlap",3716,0.284928940467353,0.282599212172683,23
"SenMayo_nonoverlap",3717,0.114800228582395,0.100120191950685,23
"SenMayo_nonoverlap",3718,0.246995092884723,0.232022035674714,23
"SenMayo_nonoverlap",3719,0.206266612586332,0.197401279215263,23
"SenMayo_nonoverlap",3720,0.24486848130177,0.253317131342176,23
"SenMayo_nonoverlap",3721,0.201550091200676,0.189090115443365,23
"SenMayo_nonoverlap",3722,0.293646855353647,0.294424739434113,23
"SenMayo_nonoverlap",3723,0.29503767808117,0.278071471803132,23
"SenMayo_nonoverlap",3724,0.195643729712518,0.210436600399548,23
"SenMayo_nonoverlap",3725,0.253946908019891,0.258440717039145,23
"SenMayo_nonoverlap",3726,0.21157953310505,0.206236929319742,23
"SenMayo_nonoverlap",3727,0.238793172795599,0.229174654830762,23
"SenMayo_nonoverlap",3728,0.346522188276347,0.330211749333545,23
"SenMayo_nonoverlap",3729,0.275089517530211,0.264321685358683,23
"SenMayo_nonoverlap",3730,0.188888757473594,0.193894098964429,23
"SenMayo_nonoverlap",3731,0.308014480944556,0.310472497944037,23
"SenMayo_nonoverlap",3732,0.212926697867418,0.207808148023946,23
"SenMayo_nonoverlap",3733,0.326272906914026,0.326403043323698,23
"SenMayo_nonoverlap",3734,0.192091434238087,0.176233164852519,22
"SenMayo_nonoverlap",3735,0.271193333178587,0.245259843506033,23
"SenMayo_nonoverlap",3736,0.146274252977854,0.15446603289886,21
"SenMayo_nonoverlap",3737,0.214378621819269,0.214158030864188,23
"SenMayo_nonoverlap",3738,0.256079405835022,0.264504487399466,23
"SenMayo_nonoverlap",3739,0.218702796240341,0.219386647390438,23
"SenMayo_nonoverlap",3740,0.237761113904433,0.244544463644166,23
"SenMayo_nonoverlap",3741,0.154768826630106,0.148238930587634,23
"SenMayo_nonoverlap",3742,0.36369942194789,0.383171535525922,23
"SenMayo_nonoverlap",3743,0.193007155887085,0.191127359820242,23
"SenMayo_nonoverlap",3744,0.129395411721571,0.127462525401447,21
"SenMayo_nonoverlap",3745,0.198635012391045,0.192414363620878,22
"SenMayo_nonoverlap",3746,0.241927582000525,0.248047633067697,23
"SenMayo_nonoverlap",3747,0.304658660780875,0.290501116723158,23
"SenMayo_nonoverlap",3748,0.220298858105758,0.215066460923033,23
"SenMayo_nonoverlap",3749,0.322200506141915,0.324559274601889,23
"SenMayo_nonoverlap",3750,0.266404533290583,0.273907766437936,23
"SenMayo_nonoverlap",3751,0.198967286789652,0.20028453290517,23
"SenMayo_nonoverlap",3752,0.235294000464665,0.236549815506169,23
"SenMayo_nonoverlap",3753,0.22984439867911,0.235463826920069,23
"SenMayo_nonoverlap",3754,0.2203336953858,0.225539363072459,23
"SenMayo_nonoverlap",3755,0.229510958430532,0.216625025962779,23
"SenMayo_nonoverlap",3756,0.178751963293067,0.185308727193582,23
"SenMayo_nonoverlap",3757,0.203747469750372,0.224767869557688,23
"SenMayo_nonoverlap",3758,0.251951019735194,0.252609800928729,23
"SenMayo_nonoverlap",3759,0.242682876992268,0.225065937967243,22
"SenMayo_nonoverlap",3760,0.168502858354186,0.15120304259796,23
"SenMayo_nonoverlap",3761,0.237191014132449,0.243016390997382,23
"SenMayo_nonoverlap",3762,0.164696243339979,0.14347213729704,23
"SenMayo_nonoverlap",3763,0.174619774921397,0.190565513935946,23
"SenMayo_nonoverlap",3764,0.148934071717745,0.150238958090908,23
"SenMayo_nonoverlap",3765,0.297155919053132,0.288230784757125,23
"SenMayo_nonoverlap",3766,0.178636557389894,0.172364102156541,23
"SenMayo_nonoverlap",3767,0.216275840845711,0.2022354122425,23
"SenMayo_nonoverlap",3768,0.284488952317948,0.279964481187143,23
"SenMayo_nonoverlap",3769,0.328715528945757,0.31811609447244,23
"SenMayo_nonoverlap",3770,0.274597086844935,0.25856053495193,23
"SenMayo_nonoverlap",3771,0.187094210269691,0.189403592962696,22
"SenMayo_nonoverlap",3772,0.24153509652224,0.235846328898565,23
"SenMayo_nonoverlap",3773,0.237665286936489,0.249385587625097,23
"SenMayo_nonoverlap",3774,0.273444598203269,0.253170981884005,23
"SenMayo_nonoverlap",3775,0.365768134387901,0.371655276476031,23
"SenMayo_nonoverlap",3776,0.195738348816223,0.206733088562396,23
"SenMayo_nonoverlap",3777,0.13661622102256,0.119825287335227,23
"SenMayo_nonoverlap",3778,0.217013804986179,0.213393273900964,23
"SenMayo_nonoverlap",3779,0.182789106687803,0.199207252558405,23
"SenMayo_nonoverlap",3780,0.179793684630572,0.191852950486683,23
"SenMayo_nonoverlap",3781,0.189064132341635,0.163667115329119,22
"SenMayo_nonoverlap",3782,0.16981869207534,0.151577836624792,23
"SenMayo_nonoverlap",3783,0.189136019285152,0.202795017983772,23
"SenMayo_nonoverlap",3784,0.289386414293677,0.286469204042016,23
"SenMayo_nonoverlap",3785,0.173556656371169,0.158569392954907,23
"SenMayo_nonoverlap",3786,0.203693919381361,0.201613535186995,23
"SenMayo_nonoverlap",3787,0.176199205998424,0.199027783377715,23
"SenMayo_nonoverlap",3788,0.205364909912721,0.190088573755794,23
"SenMayo_nonoverlap",3789,0.270078694425867,0.285070617924756,23
"SenMayo_nonoverlap",3790,0.271541980502906,0.256419454264852,23
"SenMayo_nonoverlap",3791,0.199876402596315,0.198329666012149,23
"SenMayo_nonoverlap",3792,0.230220564348151,0.242943537848146,23
"SenMayo_nonoverlap",3793,0.163364184720651,0.177482407865496,23
"SenMayo_nonoverlap",3794,0.308641944054565,0.30641897401904,23
"SenMayo_nonoverlap",3795,0.334510637345757,0.302155644728742,23
"SenMayo_nonoverlap",3796,0.197262487709943,0.208296160267216,23
"SenMayo_nonoverlap",3797,0.191680093276922,0.190927307853525,22
"SenMayo_nonoverlap",3798,0.188151918403833,0.19809374731608,23
"SenMayo_nonoverlap",3799,0.222006179535415,0.224065389637645,22
"SenMayo_nonoverlap",3800,0.234393531034291,0.225455233738466,23
"SenMayo_nonoverlap",3801,0.209083663937608,0.208727987561756,23
"SenMayo_nonoverlap",3802,0.218744320920928,0.208104158502144,23
"SenMayo_nonoverlap",3803,0.0448339661050021,0.0621429909175997,17
"SenMayo_nonoverlap",3804,0.310477943075468,0.291339469250128,23
"SenMayo_nonoverlap",3805,0.201943352685012,0.197107993643523,23
"SenMayo_nonoverlap",3806,0.322330952871511,0.300140735492007,23
"SenMayo_nonoverlap",3807,0.156318683927722,0.148120481477186,23
"SenMayo_nonoverlap",3808,0.241060663971889,0.231736845260941,22
"SenMayo_nonoverlap",3809,0.211047156712713,0.192980028009854,23
"SenMayo_nonoverlap",3810,0.305094527906026,0.308754443672229,23
"SenMayo_nonoverlap",3811,0.23244221208212,0.215465788462091,23
"SenMayo_nonoverlap",3812,0.259451510399286,0.237794039038481,23
"SenMayo_nonoverlap",3813,0.226185146220456,0.218390639316173,23
"SenMayo_nonoverlap",3814,0.220040574761874,0.194929245717431,23
"SenMayo_nonoverlap",3815,0.209355135145478,0.198039066765013,23
"SenMayo_nonoverlap",3816,0.240157866767857,0.224369326974722,23
"SenMayo_nonoverlap",3817,0.214946987577324,0.221867382144063,23
"SenMayo_nonoverlap",3818,0.173606363490859,0.163018396107239,23
"SenMayo_nonoverlap",3819,0.132970394004227,0.137927276660502,23
"SenMayo_nonoverlap",3820,0.363233731672187,0.370147341986885,23
"SenMayo_nonoverlap",3821,0.283594905097389,0.29971748477289,23
"SenMayo_nonoverlap",3822,0.318378133405869,0.304184602403933,23
"SenMayo_nonoverlap",3823,0.247382557222822,0.241900618719455,23
"SenMayo_nonoverlap",3824,0.21274012610944,0.211468198531818,23
"SenMayo_nonoverlap",3825,0.256266893129999,0.25623168496275,23
"SenMayo_nonoverlap",3826,0.191165529874584,0.176709435655048,23
"SenMayo_nonoverlap",3827,0.257724743321219,0.268454138683539,23
"SenMayo_nonoverlap",3828,0.247319370928705,0.262168678900672,23
"SenMayo_nonoverlap",3829,0.179858850330114,0.182589692000435,23
"SenMayo_nonoverlap",3830,0.271601649526277,0.259318235184871,23
"SenMayo_nonoverlap",3831,0.205313234648409,0.216319549406577,23
"SenMayo_nonoverlap",3832,0.176386684058344,0.152627840761653,23
"SenMayo_nonoverlap",3833,0.253661790609498,0.268216979514569,23
"SenMayo_nonoverlap",3834,0.125285109323229,0.126480831757015,20
"SenMayo_nonoverlap",3835,0.306274316634551,0.294216528456292,23
"SenMayo_nonoverlap",3836,0.204201281970452,0.211333901814043,23
"SenMayo_nonoverlap",3837,0.173419439739876,0.151693670774283,23
"SenMayo_nonoverlap",3838,0.22742394235066,0.23117559916456,23
"SenMayo_nonoverlap",3839,0.270026777335985,0.265649939738307,23
"SenMayo_nonoverlap",3840,0.209120356198326,0.210963146877419,23
"SenMayo_nonoverlap",3841,0.113496059489492,0.125646237128939,20
"SenMayo_nonoverlap",3842,0.193008503777267,0.197544291589847,23
"SenMayo_nonoverlap",3843,0.326992605471724,0.322947392634328,23
"SenMayo_nonoverlap",3844,0.250751473116858,0.254862810334935,23
"SenMayo_nonoverlap",3845,0.319408726878996,0.295685415127313,23
"SenMayo_nonoverlap",3846,0.239297624012278,0.242010522404543,23
"SenMayo_nonoverlap",3847,0.179242517649187,0.203232020990996,23
"SenMayo_nonoverlap",3848,0.190913024333007,0.204892388994096,23
"SenMayo_nonoverlap",3849,0.208156698958639,0.203091271642733,23
"SenMayo_nonoverlap",3850,0.274049721722522,0.266317603217909,23
"SenMayo_nonoverlap",3851,0.28788631029136,0.279719275822623,23
"SenMayo_nonoverlap",3852,0.256241987765038,0.259184957311891,23
"SenMayo_nonoverlap",3853,0.206913099351309,0.20690143133398,23
"SenMayo_nonoverlap",3854,0.178511357487002,0.193240472536321,23
"SenMayo_nonoverlap",3855,0.183694833873911,0.220955648184749,21
"SenMayo_nonoverlap",3856,0.217117130487686,0.235977355344019,23
"SenMayo_nonoverlap",3857,0.203845615130496,0.197825098494022,23
"SenMayo_nonoverlap",3858,0.319450037311287,0.324446592659811,23
"SenMayo_nonoverlap",3859,0.181849783855217,0.199501826461077,23
"SenMayo_nonoverlap",3860,0.196229721083459,0.171556763426224,23
"SenMayo_nonoverlap",3861,0.0847033754706103,0.0650450503108917,18
"SenMayo_nonoverlap",3862,0.168369983071217,0.161348955110444,21
"SenMayo_nonoverlap",3863,0.17608474446621,0.162908416319327,23
"SenMayo_nonoverlap",3864,0.175597883311824,0.176518770174076,22
"SenMayo_nonoverlap",3865,0.215800885861459,0.217033738450285,23
"SenMayo_nonoverlap",3866,0.33284718656809,0.340662319179989,23
"SenMayo_nonoverlap",3867,0.362849723487857,0.35807161761031,23
"SenMayo_nonoverlap",3868,0.172914059570094,0.174243978106819,21
"SenMayo_nonoverlap",3869,0.181010815283781,0.16730716418647,23
"SenMayo_nonoverlap",3870,0.227294453130174,0.229417731460259,23
"SenMayo_nonoverlap",3871,0.204648164819462,0.205867487274131,23
"SenMayo_nonoverlap",3872,0.1881565959504,0.186941939977658,23
"SenMayo_nonoverlap",3873,0.218476288078343,0.208200936491963,23
"SenMayo_nonoverlap",3874,0.261985685492234,0.235829985258092,23
"SenMayo_nonoverlap",3875,0.180534722959574,0.175866791190937,22
"SenMayo_nonoverlap",3876,0.192505888451516,0.171344630378309,23
"SenMayo_nonoverlap",3877,0.246007112400163,0.256314197027465,23
"SenMayo_nonoverlap",3878,0.32381172151131,0.322444379416299,23
"SenMayo_nonoverlap",3879,0.267940389043893,0.246249245477893,23
"SenMayo_nonoverlap",3880,0.285240761487511,0.295715387185102,23
"SenMayo_nonoverlap",3881,0.162517093354039,0.141758893767995,23
"SenMayo_nonoverlap",3882,0.170399254924173,0.166145475728435,23
"SenMayo_nonoverlap",3883,0.200219904056589,0.18353599091996,23
"SenMayo_nonoverlap",3884,0.17544845755071,0.170642001881364,23
"SenMayo_nonoverlap",3885,0.286332474630255,0.289552516151119,23
"SenMayo_nonoverlap",3886,0.240104389836726,0.247189711939675,23
"SenMayo_nonoverlap",3887,0.296765698504555,0.335005130938405,23
"SenMayo_nonoverlap",3888,0.135673860224714,0.160159252991032,21
"SenMayo_nonoverlap",3889,0.299935464113413,0.30661242886405,23
"SenMayo_nonoverlap",3890,0.311905312383038,0.301524758347861,23
"SenMayo_nonoverlap",3891,0.20570045669072,0.222892435208671,22
"SenMayo_nonoverlap",3892,0.27614631846319,0.296247164246492,23
"SenMayo_nonoverlap",3893,0.111925292908762,0.0989395174276656,22
"SenMayo_nonoverlap",3894,0.206933032281155,0.209273996075602,23
"SenMayo_nonoverlap",3895,0.174733787086533,0.209176084476334,22
"SenMayo_nonoverlap",3896,0.233416163767529,0.227239950633263,22
"SenMayo_nonoverlap",3897,0.285671665856994,0.288053478529614,23
"SenMayo_nonoverlap",3898,0.205206729693275,0.203060109702095,23
"SenMayo_nonoverlap",3899,0.140137531014331,0.139832574123553,22
"SenMayo_nonoverlap",3900,0.255725506341806,0.245020257880031,23
"SenMayo_nonoverlap",3901,0.251057748571436,0.250700572886749,23
"SenMayo_nonoverlap",3902,0.240017143482758,0.239807206267214,22
"SenMayo_nonoverlap",3903,0.259901873446832,0.272319245224183,23
"SenMayo_nonoverlap",3904,0.382198737226661,0.349016692989291,23
"SenMayo_nonoverlap",3905,0.2546283783343,0.235271057481627,23
"SenMayo_nonoverlap",3906,0.185701479150238,0.169507310866955,23
"SenMayo_nonoverlap",3907,0.175234753852537,0.175053802032359,22
"SenMayo_nonoverlap",3908,0.30664394708243,0.316533445506421,23
"SenMayo_nonoverlap",3909,0.167235840379775,0.181703305727219,23
"SenMayo_nonoverlap",3910,0.289203434381717,0.302590510181052,23
"SenMayo_nonoverlap",3911,0.167813230112476,0.151054583114683,23
"SenMayo_nonoverlap",3912,0.242720872272663,0.243961905967656,23
"SenMayo_nonoverlap",3913,0.171284526270136,0.164430671755863,22
"SenMayo_nonoverlap",3914,0.293575461372797,0.28510907794705,23
"SenMayo_nonoverlap",3915,0.213639216938766,0.218331476680344,22
"SenMayo_nonoverlap",3916,0.12944029346468,0.121376694367303,21
"SenMayo_nonoverlap",3917,0.270530813773326,0.276496509260836,23
"SenMayo_nonoverlap",3918,0.067406890018198,0.0615214886696482,22
"SenMayo_nonoverlap",3919,0.311591526038823,0.321531935437094,23
"SenMayo_nonoverlap",3920,0.296402336875262,0.276837276932774,23
"SenMayo_nonoverlap",3921,0.16246480677746,0.159659244592051,23
"SenMayo_nonoverlap",3922,0.264062000649685,0.27716019966434,22
"SenMayo_nonoverlap",3923,0.00850390099901209,0.0194167311061527,14
"SenMayo_nonoverlap",3924,0.271832750500813,0.262753137227229,23
"SenMayo_nonoverlap",3925,0.188547930465083,0.179796977569527,22
"SenMayo_nonoverlap",3926,0.370731867582198,0.350744632346556,23
"SenMayo_nonoverlap",3927,0.210262507236931,0.22259107350561,22
"SenMayo_nonoverlap",3928,0.188121155041719,0.184002485181803,23
"SenMayo_nonoverlap",3929,0.198338011146773,0.210661151491349,23
"SenMayo_nonoverlap",3930,0.215112599056167,0.227626169053671,23
"SenMayo_nonoverlap",3931,0.372861228991092,0.374436717290612,23
"SenMayo_nonoverlap",3932,0.20393759202594,0.218488270871017,23
"SenMayo_nonoverlap",3933,0.14445386657065,0.13720898319535,22
"SenMayo_nonoverlap",3934,0.2645734044329,0.274566134556376,22
"SenMayo_nonoverlap",3935,0.241949036971227,0.256528625663584,23
"SenMayo_nonoverlap",3936,0.347769251005707,0.33276790755343,23
"SenMayo_nonoverlap",3937,0.0983121955541473,0.0906747172750683,19
"SenMayo_nonoverlap",3938,0.238814101146235,0.230337758108783,23
"SenMayo_nonoverlap",3939,0.310579665278634,0.297240235644594,23
"SenMayo_nonoverlap",3940,0.153266997333188,0.153710105976515,23
"SenMayo_nonoverlap",3941,0.290620631254443,0.297756287259279,23
"SenMayo_nonoverlap",3942,0.271265280670453,0.271095133400806,23
"SenMayo_nonoverlap",3943,0.224807410031881,0.240718640621266,23
"SenMayo_nonoverlap",3944,0.256336066736786,0.241509336305523,23
"SenMayo_nonoverlap",3945,0.229413673762683,0.254404029673301,23
"SenMayo_nonoverlap",3946,0.146795141457335,0.136092754761794,22
"SenMayo_nonoverlap",3947,0.0776319543479586,0.0660061987097349,21
"SenMayo_nonoverlap",3948,0.160092286500567,0.170079480203105,22
"SenMayo_nonoverlap",3949,0.175187936785319,0.172900112077897,23
"SenMayo_nonoverlap",3950,0.235468705401053,0.248554144777767,23
"SenMayo_nonoverlap",3951,0.308522604003486,0.304148349681552,23
"SenMayo_nonoverlap",3952,0.167329471185467,0.160229897740057,23
"SenMayo_nonoverlap",3953,0.180848645683543,0.176624800496716,22
"SenMayo_nonoverlap",3954,0.320170949653845,0.316654500986378,23
"SenMayo_nonoverlap",3955,0.0981593192425506,0.0806709726951867,22
"SenMayo_nonoverlap",3956,0.244512524303667,0.257352100176445,23
"SenMayo_nonoverlap",3957,0.22671050378038,0.23324680564689,23
"SenMayo_nonoverlap",3958,0.159028107070708,0.158534743914926,23
"SenMayo_nonoverlap",3959,0.209413091990039,0.199933248032076,23
"SenMayo_nonoverlap",3960,0.272753303983431,0.253100284884062,23
"SenMayo_nonoverlap",3961,0.223517311986275,0.208689860630967,23
"SenMayo_nonoverlap",3962,0.184808720529512,0.184639366776212,23
"SenMayo_nonoverlap",3963,0.318106534462968,0.300934636972331,23
"SenMayo_nonoverlap",3964,0.276357293844245,0.267146836242657,23
"SenMayo_nonoverlap",3965,0.319546688446023,0.327963218538268,22
"SenMayo_nonoverlap",3966,0.303284091232926,0.306677566166705,23
"SenMayo_nonoverlap",3967,0.250949232766617,0.227540750454369,22
"SenMayo_nonoverlap",3968,0.215172962394916,0.219442501319154,22
"SenMayo_nonoverlap",3969,0.228138580200277,0.239403874194874,22
"SenMayo_nonoverlap",3970,0.248905044183169,0.240227260450298,23
"SenMayo_nonoverlap",3971,0.272381266222469,0.285987935451751,23
"SenMayo_nonoverlap",3972,0.306686572764851,0.328174217330285,23
"SenMayo_nonoverlap",3973,0.253250381038253,0.249500801262518,23
"SenMayo_nonoverlap",3974,0.229586170212222,0.210648570376113,23
"SenMayo_nonoverlap",3975,0.203709147218111,0.205874791727814,22
"SenMayo_nonoverlap",3976,0.163346526911036,0.132165757161039,22
"SenMayo_nonoverlap",3977,0.258337445793833,0.251444288420309,23
"SenMayo_nonoverlap",3978,0.223105145181939,0.204864780628637,23
"SenMayo_nonoverlap",3979,0.204949052298989,0.206926369064532,23
"SenMayo_nonoverlap",3980,0.272319917985854,0.277120905166371,23
"SenMayo_nonoverlap",3981,0.1730299713927,0.163052438724737,23
"SenMayo_nonoverlap",3982,0.286677443273961,0.301533996473636,23
"SenMayo_nonoverlap",3983,0.268363744885863,0.261596802451986,23
"SenMayo_nonoverlap",3984,0.24884270504886,0.250371875708499,22
"SenMayo_nonoverlap",3985,0.194072644430191,0.173455581908135,23
"SenMayo_nonoverlap",3986,0.115496912075214,0.128941738667838,21
"SenMayo_nonoverlap",3987,0.306130908074602,0.292280956642992,23
"SenMayo_nonoverlap",3988,0.24232126733361,0.246418666542526,22
"SenMayo_nonoverlap",3989,0.177192727393026,0.172734259533656,22
"SenMayo_nonoverlap",3990,0.263431926640315,0.272702165950306,23
"SenMayo_nonoverlap",3991,0.19908454180228,0.189214362823566,22
"SenMayo_nonoverlap",3992,0.138121195603808,0.14717522698282,23
"SenMayo_nonoverlap",3993,0.192113518159754,0.197167757855432,23
"SenMayo_nonoverlap",3994,0.252977555325181,0.268482506380108,23
"SenMayo_nonoverlap",3995,0.279171797061391,0.262586030758313,23
"SenMayo_nonoverlap",3996,0.250232732404808,0.239058968763766,22
"SenMayo_nonoverlap",3997,0.186313996055257,0.183093481458661,23
"SenMayo_nonoverlap",3998,0.196535255817466,0.188833898590836,22
"SenMayo_nonoverlap",3999,0.287590098582691,0.283712807596115,23
"SenMayo_nonoverlap",4000,0.333536612799026,0.330375436718414,23
"SenMayo_nonoverlap",4001,0.206718051581198,0.207402257589734,22
"SenMayo_nonoverlap",4002,0.256258758003518,0.246826159948971,23
"SenMayo_nonoverlap",4003,0.179892625907389,0.160639026745993,23
"SenMayo_nonoverlap",4004,0.201389219938242,0.199676458129503,23
"SenMayo_nonoverlap",4005,0.235965964261803,0.217600847043501,23
"SenMayo_nonoverlap",4006,0.224685261525276,0.200553876223851,23
"SenMayo_nonoverlap",4007,0.238658629025174,0.243000206295479,23
"SenMayo_nonoverlap",4008,0.19705457150649,0.179997775857513,23
"SenMayo_nonoverlap",4009,0.267465840695159,0.259036483711559,23
"SenMayo_nonoverlap",4010,0.176091906253746,0.186729646613087,23
"SenMayo_nonoverlap",4011,0.179110318445596,0.185369785063301,22
"SenMayo_nonoverlap",4012,0.281660722259058,0.27824146847646,23
"SenMayo_nonoverlap",4013,0.204847856111481,0.18920322542956,23
"SenMayo_nonoverlap",4014,0.188837522501266,0.196382901279439,23
"SenMayo_nonoverlap",4015,0.152817463551174,0.170568558537132,21
"SenMayo_nonoverlap",4016,0.292032769400254,0.277343160774682,23
"SenMayo_nonoverlap",4017,0.14177489715458,0.131134391325066,21
"SenMayo_nonoverlap",4018,0.207635427353223,0.214038680567311,22
"SenMayo_nonoverlap",4019,0.244232264148554,0.250626375456581,23
"SenMayo_nonoverlap",4020,0.266656284090921,0.285024472489911,22
"SenMayo_nonoverlap",4021,0.205174360315553,0.22860223386225,23
"SenMayo_nonoverlap",4022,0.214600125611416,0.21230017378104,23
"SenMayo_nonoverlap",4023,0.268585163959129,0.249467798662317,23
"SenMayo_nonoverlap",4024,0.243433123183652,0.256106631889007,23
"SenMayo_nonoverlap",4025,0.160007605167572,0.155525536054459,23
"SenMayo_nonoverlap",4026,0.246317942922818,0.250496585422747,23
"SenMayo_nonoverlap",4027,0.199336226535763,0.196441684942644,23
"SenMayo_nonoverlap",4028,0.304235363682141,0.274316877814545,23
"SenMayo_nonoverlap",4029,0.200411754834943,0.192140564724461,23
"SenMayo_nonoverlap",4030,0.195133973403901,0.190249759035039,23
"SenMayo_nonoverlap",4031,0.20646986833295,0.218788184124332,23
"SenMayo_nonoverlap",4032,0.248772578776223,0.256113369283903,23
"SenMayo_nonoverlap",4033,0.0913225419957105,0.0790679912542293,19
"SenMayo_nonoverlap",4034,0.233067032405454,0.2192657232129,23
"SenMayo_nonoverlap",4035,0.115860994047908,0.0956388669686489,22
"SenMayo_nonoverlap",4036,0.304148148989948,0.291671364890328,23
"SenMayo_nonoverlap",4037,0.227834783555929,0.211975170469632,23
"SenMayo_nonoverlap",4038,0.176194244636972,0.169932889696571,22
"SenMayo_nonoverlap",4039,0.215128208482105,0.196195159994182,23
"SenMayo_nonoverlap",4040,0.217755867226039,0.213714095784794,23
"SenMayo_nonoverlap",4041,0.203590127853404,0.175243571816947,23
"SenMayo_nonoverlap",4042,0.220219814402363,0.235626398266636,23
"SenMayo_nonoverlap",4043,0.129139379810581,0.128995355290543,22
"SenMayo_nonoverlap",4044,0.312914037910262,0.299920939242928,23
"SenMayo_nonoverlap",4045,0.202410425836291,0.187415693024388,23
"SenMayo_nonoverlap",4046,0.235856610868795,0.217296571799115,23
"SenMayo_nonoverlap",4047,0.220637247274671,0.204123854771959,23
"SenMayo_nonoverlap",4048,0.305633889409671,0.310480579303275,23
"SenMayo_nonoverlap",4049,0.184871220492543,0.190624517672013,23
"SenMayo_nonoverlap",4050,0.248759422741248,0.257040358553731,23
"SenMayo_nonoverlap",4051,0.151570111382198,0.146923985552683,23
"SenMayo_nonoverlap",4052,0.301218134056796,0.298803684625601,23
"SenMayo_nonoverlap",4053,0.168973244194628,0.193072701517065,22
"SenMayo_nonoverlap",4054,0.409385946077181,0.398650801281065,23
"SenMayo_nonoverlap",4055,0.173471923812863,0.177181908027572,23
"SenMayo_nonoverlap",4056,0.214317597445927,0.219439832401101,23
"SenMayo_nonoverlap",4057,0.23028242466612,0.228062160158869,23
"SenMayo_nonoverlap",4058,0.200415505340213,0.194262844745928,23
"SenMayo_nonoverlap",4059,0.158924428811558,0.147656698578734,22
"SenMayo_nonoverlap",4060,0.174818699915087,0.18975169535716,23
"SenMayo_nonoverlap",4061,0.284941082321636,0.289995601471747,23
"SenMayo_nonoverlap",4062,0.193285173680322,0.188348036722097,22
"SenMayo_nonoverlap",4063,0.267444119487962,0.256226800141007,22
"SenMayo_nonoverlap",4064,0.278581059083655,0.278426753786544,23
"SenMayo_nonoverlap",4065,0.184774710172114,0.180977824256629,23
"SenMayo_nonoverlap",4066,0.214984238768507,0.198074450355075,23
"SenMayo_nonoverlap",4067,0.147817092298951,0.153189311764462,21
"SenMayo_nonoverlap",4068,0.194055758815177,0.189707130402977,23
"SenMayo_nonoverlap",4069,0.279352847997127,0.286729921582576,23
"SenMayo_nonoverlap",4070,0.180917018560818,0.17163621993686,22
"SenMayo_nonoverlap",4071,0.206285291364375,0.193966810586787,23
"SenMayo_nonoverlap",4072,0.282214146249602,0.283419447641172,23
"SenMayo_nonoverlap",4073,0.217461337417479,0.197813193473995,23
"SenMayo_nonoverlap",4074,0.186541940785784,0.171787586913149,23
"SenMayo_nonoverlap",4075,0.268751105802886,0.248816342581516,23
"SenMayo_nonoverlap",4076,0.28369269309744,0.267067749127121,23
"SenMayo_nonoverlap",4077,0.262121593148084,0.261264705268404,23
"SenMayo_nonoverlap",4078,0.207811974023207,0.226286427489262,23
"SenMayo_nonoverlap",4079,0.180965407981163,0.174776026051033,23
"SenMayo_nonoverlap",4080,0.169569459737459,0.17811234599354,23
"SenMayo_nonoverlap",4081,0.125786098955243,0.115103140357132,23
"SenMayo_nonoverlap",4082,0.199471382193036,0.162392656102095,22
"SenMayo_nonoverlap",4083,0.166794089497096,0.162495473224023,22
"SenMayo_nonoverlap",4084,0.297687178173042,0.303150836296353,23
"SenMayo_nonoverlap",4085,0.253459720978711,0.266983350211511,23
"SenMayo_nonoverlap",4086,0.242052872863036,0.227852227247601,23
"SenMayo_nonoverlap",4087,0.284929617480329,0.296130720697058,23
"SenMayo_nonoverlap",4088,0.147396262535503,0.143308836722596,23
"SenMayo_nonoverlap",4089,0.338383176925956,0.335626530307615,23
"SenMayo_nonoverlap",4090,0.237517782791246,0.218989776775304,23
"SenMayo_nonoverlap",4091,0.227541047047432,0.238794593899687,23
"SenMayo_nonoverlap",4092,0.11868651259188,0.123186409276719,22
"SenMayo_nonoverlap",4093,0.214973879325784,0.217075147431007,23
"SenMayo_nonoverlap",4094,0.29675204484576,0.299296056988407,23
"SenMayo_nonoverlap",4095,0.213814182815878,0.218288790401209,22
"SenMayo_nonoverlap",4096,0.168222155052686,0.156115257284932,23
"SenMayo_nonoverlap",4097,0.293982211675107,0.288012550354656,23
"SenMayo_nonoverlap",4098,0.374680575823982,0.36297654261851,23
"SenMayo_nonoverlap",4099,0.268436153795856,0.243166884789923,23
"SenMayo_nonoverlap",4100,0.238249568500395,0.241658680332819,23
"SenMayo_nonoverlap",4101,0.169733155391161,0.173916028554117,23
"SenMayo_nonoverlap",4102,0.261988086486472,0.289650570059636,23
"SenMayo_nonoverlap",4103,0.271765520389178,0.275003127217631,23
"SenMayo_nonoverlap",4104,0.298171872877715,0.278075546927495,23
"SenMayo_nonoverlap",4105,0.175717773638974,0.159410479842175,23
"SenMayo_nonoverlap",4106,0.180836839077592,0.16862638660951,23
"SenMayo_nonoverlap",4107,0.179312495276628,0.180880383373788,23
"SenMayo_nonoverlap",4108,0.252164791768035,0.248415011205295,23
"SenMayo_nonoverlap",4109,0.272686443165203,0.267528578684058,23
"SenMayo_nonoverlap",4110,0.213767393351265,0.205980127084122,22
"SenMayo_nonoverlap",4111,0.208082213233822,0.207140472783296,22
"SenMayo_nonoverlap",4112,0.18710963002103,0.183334642425869,23
"SenMayo_nonoverlap",4113,0.394532823564514,0.348076592861665,23
"SenMayo_nonoverlap",4114,0.247813674300275,0.25927611143609,22
"SenMayo_nonoverlap",4115,0.177861371349055,0.173520075884578,22
"SenMayo_nonoverlap",4116,0.226680415516981,0.233063455427697,23
"SenMayo_nonoverlap",4117,0.190126381629468,0.180674619117745,23
"SenMayo_nonoverlap",4118,0.242425529880258,0.24026600668887,23
"SenMayo_nonoverlap",4119,0.331179005020865,0.30844824625668,23
"SenMayo_nonoverlap",4120,0.287047614629963,0.29370997829974,23
"SenMayo_nonoverlap",4121,0.218019248102026,0.216119808847314,23
"SenMayo_nonoverlap",4122,0.309744127483152,0.302452779517437,23
"SenMayo_nonoverlap",4123,0.24208037283266,0.246960620045649,23
"SenMayo_nonoverlap",4124,0.134599281935094,0.12477640237892,23
"SenMayo_nonoverlap",4125,0.250856152943695,0.25546237262188,23
"SenMayo_nonoverlap",4126,0.168919541515401,0.157428936985127,22
"SenMayo_nonoverlap",4127,0.249905245669739,0.244780630713332,23
"SenMayo_nonoverlap",4128,0.265464937819852,0.271349930259844,23
"SenMayo_nonoverlap",4129,0.244193887525902,0.251435364030741,23
"SenMayo_nonoverlap",4130,0.198639535592682,0.197821744562578,22
"SenMayo_nonoverlap",4131,0.18737973566368,0.203729675947989,23
"SenMayo_nonoverlap",4132,0.282480943227989,0.265421932856515,23
"SenMayo_nonoverlap",4133,0.188470733389238,0.170175942504085,22
"SenMayo_nonoverlap",4134,0.281018466154141,0.279159073374454,23
"SenMayo_nonoverlap",4135,0.107060235697005,0.0950123556504113,21
"SenMayo_nonoverlap",4136,0.240202870020174,0.238438027023817,23
"SenMayo_nonoverlap",4137,0.224778807973085,0.219782063651089,23
"SenMayo_nonoverlap",4138,0.306180535430937,0.282201533656629,23
"SenMayo_nonoverlap",4139,0.255249214166412,0.268369009929216,23
"SenMayo_nonoverlap",4140,0.237949131193166,0.247115529606458,23
"SenMayo_nonoverlap",4141,0.203317474336046,0.210076566867308,22
"SenMayo_nonoverlap",4142,0.198394855239255,0.182463822836701,23
"SenMayo_nonoverlap",4143,0.198510986441038,0.193750772059118,23
"SenMayo_nonoverlap",4144,0.268648621783565,0.258767399439492,23
"SenMayo_nonoverlap",4145,0.307230077231594,0.275410636121636,23
"SenMayo_nonoverlap",4146,0.203137232078672,0.22791932396979,22
"SenMayo_nonoverlap",4147,0.11407258611796,0.119834956993569,21
"SenMayo_nonoverlap",4148,0.215140084638715,0.213182191638388,23
"SenMayo_nonoverlap",4149,0.219100973018392,0.228917410282274,23
"SenMayo_nonoverlap",4150,0.160390183535707,0.16803766256272,22
"SenMayo_nonoverlap",4151,0.153176994856112,0.169232124839432,22
"SenMayo_nonoverlap",4152,0.148666692448534,0.161082668694858,22
"SenMayo_nonoverlap",4153,0.253019592382066,0.234138835988517,23
"SenMayo_nonoverlap",4154,0.255041512912126,0.240215247873944,23
"SenMayo_nonoverlap",4155,0.260776579607619,0.257934338591929,23
"SenMayo_nonoverlap",4156,0.185404518385839,0.177811099437351,23
"SenMayo_nonoverlap",4157,0.24259705967687,0.228205280514425,23
"SenMayo_nonoverlap",4158,0.243229084019079,0.227648460266828,22
"SenMayo_nonoverlap",4159,0.193876257072004,0.209234553872341,22
"SenMayo_nonoverlap",4160,0.263738345027047,0.264669029051445,23
"SenMayo_nonoverlap",4161,0.134465243189203,0.116807830084073,21
"SenMayo_nonoverlap",4162,0.337258252341627,0.366751547243491,23
"SenMayo_nonoverlap",4163,0.127992031722741,0.133909541605432,23
"SenMayo_nonoverlap",4164,0.216658329406781,0.217914680955703,23
"SenMayo_nonoverlap",4165,0.311116708908392,0.314175918197038,23
"SenMayo_nonoverlap",4166,0.228151757765524,0.233312654222751,23
"SenMayo_nonoverlap",4167,0.201280719750027,0.213248160363653,23
"SenMayo_nonoverlap",4168,0.126770190101092,0.116531236314811,21
"SenMayo_nonoverlap",4169,0.195438607887415,0.185053689896564,22
"SenMayo_nonoverlap",4170,0.125925643204214,0.13312426680026,22
"SenMayo_nonoverlap",4171,0.296619938283837,0.289468365405071,23
"SenMayo_nonoverlap",4172,0.194670820627404,0.181336805774037,22
"SenMayo_nonoverlap",4173,0.219116930554664,0.222891376581605,23
"SenMayo_nonoverlap",4174,0.222490249599235,0.233018483475628,23
"SenMayo_nonoverlap",4175,0.206117394080369,0.201827481615447,23
"SenMayo_nonoverlap",4176,0.269117325852218,0.240820041782185,23
"SenMayo_nonoverlap",4177,0.302090096011235,0.317473864847505,23
"SenMayo_nonoverlap",4178,0.156469103217506,0.168873794777349,21
"SenMayo_nonoverlap",4179,0.217648819712912,0.2074419588108,23
"SenMayo_nonoverlap",4180,0.222027358099332,0.20723515301726,23
"SenMayo_nonoverlap",4181,0.21024080519635,0.210568682382593,23
"SenMayo_nonoverlap",4182,0.183724034057806,0.184704008010457,22
"SenMayo_nonoverlap",4183,0.226120300503721,0.239986408929696,23
"SenMayo_nonoverlap",4184,0.269443728600756,0.260284282552635,23
"SenMayo_nonoverlap",4185,0.178666526783966,0.18824573584991,23
"SenMayo_nonoverlap",4186,0.271447511276348,0.281359207421862,23
"SenMayo_nonoverlap",4187,0.229966416139006,0.222068686457364,22
"SenMayo_nonoverlap",4188,0.238774923275224,0.241960783265366,23
"SenMayo_nonoverlap",4189,0.229452703958593,0.206282572511378,23
"SenMayo_nonoverlap",4190,0.380667639594225,0.362294114078444,23
"SenMayo_nonoverlap",4191,0.237515555556672,0.230649639177788,22
"SenMayo_nonoverlap",4192,0.235066686483523,0.241635841793616,23
"SenMayo_nonoverlap",4193,0.234219174073375,0.216568157693063,23
"SenMayo_nonoverlap",4194,0.203037625658211,0.199027787657241,22
"SenMayo_nonoverlap",4195,0.183246992059855,0.176023801911766,23
"SenMayo_nonoverlap",4196,0.182811845685241,0.183943838060324,23
"SenMayo_nonoverlap",4197,0.182373539300567,0.185763398901275,22
"SenMayo_nonoverlap",4198,0.213042368812882,0.204896144140659,23
"SenMayo_nonoverlap",4199,0.211571922912287,0.231575826802314,23
"SenMayo_nonoverlap",4200,0.28765130475411,0.293464771614547,23
"SenMayo_nonoverlap",4201,0.243376613799419,0.231999082776105,23
"SenMayo_nonoverlap",4202,0.26869407729127,0.249009916620392,23
"SenMayo_nonoverlap",4203,0.16876994272822,0.166787748035434,23
"SenMayo_nonoverlap",4204,0.244152848274539,0.232961957246082,23
"SenMayo_nonoverlap",4205,0.362654475311117,0.356922294896068,23
"SenMayo_nonoverlap",4206,0.147277794089515,0.157425694654673,22
"SenMayo_nonoverlap",4207,0.252130564592515,0.260931293505824,23
"SenMayo_nonoverlap",4208,0.219218752572175,0.224484857354078,23
"SenMayo_nonoverlap",4209,0.197963063014834,0.203082796203176,23
"SenMayo_nonoverlap",4210,0.203362354746502,0.208625865016154,23
"SenMayo_nonoverlap",4211,0.260848459226323,0.262054386565729,23
"SenMayo_nonoverlap",4212,0.222280184107189,0.204441583200817,23
"SenMayo_nonoverlap",4213,0.235048183692552,0.20711506315094,23
"SenMayo_nonoverlap",4214,0.314082737933403,0.298956569112159,23
"SenMayo_nonoverlap",4215,0.181309773389621,0.187504152082803,23
"SenMayo_nonoverlap",4216,0.258093647474437,0.251055583289526,23
"SenMayo_nonoverlap",4217,0.176175574743991,0.190432663323981,23
"SenMayo_nonoverlap",4218,0.100740550418142,0.0755694673366124,22
"SenMayo_nonoverlap",4219,0.137031911065869,0.14540710879746,23
"SenMayo_nonoverlap",4220,0.162523597353143,0.149934208551285,22
"SenMayo_nonoverlap",4221,0.257021942335408,0.255294411697804,23
"SenMayo_nonoverlap",4222,0.130681331667998,0.117980892098218,22
"SenMayo_nonoverlap",4223,0.202183878134418,0.21074097378437,22
"SenMayo_nonoverlap",4224,0.234424088878207,0.238693894684389,23
"SenMayo_nonoverlap",4225,0.265364774578562,0.253004924081658,23
"SenMayo_nonoverlap",4226,0.200857591658089,0.179287904497698,23
"SenMayo_nonoverlap",4227,0.253193921668757,0.247245297372496,23
"SenMayo_nonoverlap",4228,0.255681595571477,0.254524113325825,23
"SenMayo_nonoverlap",4229,0.0990332851028755,0.0884682079123455,22
"SenMayo_nonoverlap",4230,0.235375902501567,0.220952698142934,23
"SenMayo_nonoverlap",4231,0.204594907216596,0.190842636180247,23
"SenMayo_nonoverlap",4232,0.28204085740255,0.275366199868053,23
"SenMayo_nonoverlap",4233,0.259338366467721,0.25661096184571,23
"SenMayo_nonoverlap",4234,0.218477255059958,0.230101907287817,23
"SenMayo_nonoverlap",4235,0.207317733741927,0.196853866357047,23
"SenMayo_nonoverlap",4236,0.251965355174202,0.266427672342128,23
"SenMayo_nonoverlap",4237,0.133297647294045,0.142720687258655,23
"SenMayo_nonoverlap",4238,0.135287994892322,0.139900299522499,23
"SenMayo_nonoverlap",4239,0.217795910460289,0.212311875067308,22
"SenMayo_nonoverlap",4240,0.169704788914779,0.1709367548581,22
"SenMayo_nonoverlap",4241,0.24420116456285,0.248161014153588,23
"SenMayo_nonoverlap",4242,0.135133992908793,0.134198180340793,21
"SenMayo_nonoverlap",4243,0.240978636122402,0.235167617232312,23
"SenMayo_nonoverlap",4244,0.218482177903963,0.215052486388237,22
"SenMayo_nonoverlap",4245,0.286573974632926,0.282278998326509,23
"SenMayo_nonoverlap",4246,0.16691015844925,0.165581732068129,23
"SenMayo_nonoverlap",4247,0.266918947788257,0.279641939056921,23
"SenMayo_nonoverlap",4248,0.188223205146648,0.190624920105458,22
"SenMayo_nonoverlap",4249,0.216564015913262,0.204286821394419,23
"SenMayo_nonoverlap",4250,0.194433074724902,0.188661276073582,23
"SenMayo_nonoverlap",4251,0.239418432819042,0.252402101962902,23
"SenMayo_nonoverlap",4252,0.238671257846668,0.229209781711604,23
"SenMayo_nonoverlap",4253,0.281203349572201,0.271927258089253,23
"SenMayo_nonoverlap",4254,0.180304956797559,0.178751872181492,23
"SenMayo_nonoverlap",4255,0.279724776101779,0.267331817096892,23
"SenMayo_nonoverlap",4256,0.101941311446777,0.119077691066503,20
"SenMayo_nonoverlap",4257,0.179163290821255,0.174913698389513,22
"SenMayo_nonoverlap",4258,0.204815220183874,0.180313182276077,23
"SenMayo_nonoverlap",4259,0.224748154935137,0.217687857265291,23
"SenMayo_nonoverlap",4260,0.137313154575751,0.129627176685103,22
"SenMayo_nonoverlap",4261,0.226736301139218,0.232304400542746,23
"SenMayo_nonoverlap",4262,0.250301463112218,0.240930997912728,23
"SenMayo_nonoverlap",4263,0.196324823546368,0.195566619356407,23
"SenMayo_nonoverlap",4264,0.1426829218476,0.133870035787282,22
"SenMayo_nonoverlap",4265,0.197733164062553,0.217579996688722,22
"SenMayo_nonoverlap",4266,0.289887690277893,0.289566140979716,23
"SenMayo_nonoverlap",4267,0.269848779437236,0.259952533031642,23
"SenMayo_nonoverlap",4268,0.232292023085611,0.239334689721754,23
"SenMayo_nonoverlap",4269,0.244943518228006,0.24663990494061,23
"SenMayo_nonoverlap",4270,0.237377656359548,0.248495883828333,23
"SenMayo_nonoverlap",4271,0.183727244726273,0.16699289481752,23
"SenMayo_nonoverlap",4272,0.16614459299194,0.164919037509672,22
"SenMayo_nonoverlap",4273,0.222305286371352,0.221941217575691,23
"SenMayo_nonoverlap",4274,0.16728987917708,0.164289184768187,21
"SenMayo_nonoverlap",4275,0.229902620502821,0.235254537036416,23
"SenMayo_nonoverlap",4276,0.171275341166487,0.184328292777449,23
"SenMayo_nonoverlap",4277,0.231985716492545,0.22606964725911,23
"SenMayo_nonoverlap",4278,0.25523787014228,0.268207534092816,23
"SenMayo_nonoverlap",4279,0.311653947244509,0.298453892048748,23
"SenMayo_nonoverlap",4280,0.265267133395892,0.255690075201226,23
"SenMayo_nonoverlap",4281,0.165087444903199,0.150531758031839,22
"SenMayo_nonoverlap",4282,0.23485188462056,0.232541923514462,23
"SenMayo_nonoverlap",4283,0.236363174164493,0.22565248682421,23
"SenMayo_nonoverlap",4284,0.280790959403922,0.287734152620107,23
"SenMayo_nonoverlap",4285,0.230428664206883,0.228966520953945,23
"SenMayo_nonoverlap",4286,0.15827613875247,0.135718633798833,23
"SenMayo_nonoverlap",4287,0.158261834719229,0.179376438783977,23
"SenMayo_nonoverlap",4288,0.153286443195443,0.145397066488282,23
"SenMayo_nonoverlap",4289,0.261435635674358,0.271861493594073,23
"SenMayo_nonoverlap",4290,0.112788996908748,0.109540972217027,22
"SenMayo_nonoverlap",4291,0.138977288665487,0.133432706459936,23
"SenMayo_nonoverlap",4292,0.198223081084359,0.190030107008366,23
"SenMayo_nonoverlap",4293,0.284733992709032,0.281199846683475,23
"SenMayo_nonoverlap",4294,0.252687668615102,0.254818382016574,23
"SenMayo_nonoverlap",4295,0.182113251576719,0.173844468307515,23
"SenMayo_nonoverlap",4296,0.210604490807665,0.223901043367652,23
"SenMayo_nonoverlap",4297,0.221231949231527,0.215811165791677,23
"SenMayo_nonoverlap",4298,0.188637547558673,0.168090985145279,23
"SenMayo_nonoverlap",4299,0.201140599807287,0.183611451053354,23
"SenMayo_nonoverlap",4300,0.239525857695396,0.254943989216873,23
"SenMayo_nonoverlap",4301,0.239019534901212,0.23440101874816,22
"SenMayo_nonoverlap",4302,0.166448520104507,0.155377809540428,23
"SenMayo_nonoverlap",4303,0.225607232321485,0.224360232495695,23
"SenMayo_nonoverlap",4304,0.206282728683635,0.213743652932334,23
"SenMayo_nonoverlap",4305,0.19690113872298,0.212936289829897,23
"SenMayo_nonoverlap",4306,0.106868727222768,0.101969129795612,21
"SenMayo_nonoverlap",4307,0.16881720881134,0.179862979948335,23
"SenMayo_nonoverlap",4308,0.149352032828003,0.147863397789486,23
"SenMayo_nonoverlap",4309,0.253572246216521,0.268393556375196,23
"SenMayo_nonoverlap",4310,0.0567596039011719,0.0612973646455574,17
"SenMayo_nonoverlap",4311,0.297046817753949,0.303857314607203,23
"SenMayo_nonoverlap",4312,0.0564232601224283,0.0561310107850451,16
"SenMayo_nonoverlap",4313,0.268723138671872,0.275903121219129,22
"SenMayo_nonoverlap",4314,0.293688594859985,0.292550792401445,22
"SenMayo_nonoverlap",4315,0.166583076835326,0.181851141965756,23
"SenMayo_nonoverlap",4316,0.259445783809827,0.258445107411875,23
"SenMayo_nonoverlap",4317,0.291159524394398,0.293017747134625,23
"SenMayo_nonoverlap",4318,0.289044454909162,0.29602314561877,23
"SenMayo_nonoverlap",4319,0.295555900299642,0.281076974646267,23
"SenMayo_nonoverlap",4320,0.290867798173802,0.303856587574716,23
"SenMayo_nonoverlap",4321,0.106595314090939,0.101049625226431,22
"SenMayo_nonoverlap",4322,0.312733100358637,0.305077085200491,23
"SenMayo_nonoverlap",4323,0.206945224202561,0.174217626936363,23
"SenMayo_nonoverlap",4324,0.127645957899458,0.145589980554037,22
"SenMayo_nonoverlap",4325,0.277530935913314,0.260247888627197,23
"SenMayo_nonoverlap",4326,0.19884989673289,0.186082873749073,23
"SenMayo_nonoverlap",4327,0.235824562131605,0.226790679660654,23
"SenMayo_nonoverlap",4328,0.119869884872829,0.118474995036652,22
"SenMayo_nonoverlap",4329,0.230087063095099,0.243086019428098,23
"SenMayo_nonoverlap",4330,0.196993994853159,0.18611393413489,22
"SenMayo_nonoverlap",4331,0.22270079076271,0.209331480552458,23
"SenMayo_nonoverlap",4332,0.254430457412145,0.270972328075626,22
"SenMayo_nonoverlap",4333,0.180769116637399,0.167592737716381,22
"SenMayo_nonoverlap",4334,0.107010335809891,0.101211235384,22
"SenMayo_nonoverlap",4335,0.269412356628877,0.278041438493791,23
"SenMayo_nonoverlap",4336,0.232033304959743,0.241459227906322,23
"SenMayo_nonoverlap",4337,0.226261737530034,0.210959017475887,23
"SenMayo_nonoverlap",4338,0.242119634838038,0.244201058094409,23
"SenMayo_nonoverlap",4339,0.196820361242239,0.195504443749428,23
"SenMayo_nonoverlap",4340,0.270109180065625,0.28205878452749,23
"SenMayo_nonoverlap",4341,0.18292998144367,0.161836327091339,23
"SenMayo_nonoverlap",4342,0.163201077750919,0.142110821837136,22
"SenMayo_nonoverlap",4343,0.171134130198502,0.165373942674359,23
"SenMayo_nonoverlap",4344,0.201349641478567,0.229693352699252,22
"SenMayo_nonoverlap",4345,0.213085473932686,0.204447017891613,23
"SenMayo_nonoverlap",4346,0.298369342984839,0.290320417812112,23
"SenMayo_nonoverlap",4347,0.221141316059927,0.21117716403035,23
"SenMayo_nonoverlap",4348,0.218392762862838,0.219136776890075,23
"SenMayo_nonoverlap",4349,0.217267863271548,0.232621297831206,23
"SenMayo_nonoverlap",4350,0.142191556501771,0.148378768897331,23
"SenMayo_nonoverlap",4351,0.199179275075281,0.212291507305954,23
"SenMayo_nonoverlap",4352,0.251825443522105,0.240495185484862,23
"SenMayo_nonoverlap",4353,0.252258234746673,0.227648257854817,23
"SenMayo_nonoverlap",4354,0.207963768778758,0.182824621715283,23
"SenMayo_nonoverlap",4355,0.293515405755098,0.293039227349894,23
"SenMayo_nonoverlap",4356,0.263115840332823,0.262637740385007,22
"SenMayo_nonoverlap",4357,0.237800447230496,0.228133070122409,23
"SenMayo_nonoverlap",4358,0.309673590103459,0.29616804880316,23
"SenMayo_nonoverlap",4359,0.278852571037629,0.268627509273026,23
"SenMayo_nonoverlap",4360,0.154297725676204,0.157267804290547,22
"SenMayo_nonoverlap",4361,0.238173718702978,0.241756043328873,23
"SenMayo_nonoverlap",4362,0.182485813859513,0.184199764304899,23
"SenMayo_nonoverlap",4363,0.188412600559495,0.192714403204747,23
"SenMayo_nonoverlap",4364,0.262717083254189,0.27199133607173,23
"SenMayo_nonoverlap",4365,0.297881107727625,0.283358564297885,23
"SenMayo_nonoverlap",4366,0.236732869023513,0.235917471904964,23
"SenMayo_nonoverlap",4367,0.218051464470875,0.199118647893957,23
"SenMayo_nonoverlap",4368,0.18256977068767,0.169448866490123,23
"SenMayo_nonoverlap",4369,0.178540352823996,0.159799903737738,23
"SenMayo_nonoverlap",4370,0.241473280156922,0.249254840984044,23
"SenMayo_nonoverlap",4371,0.288231875588961,0.27398861689614,23
"SenMayo_nonoverlap",4372,0.191911714041482,0.190232676579718,22
"SenMayo_nonoverlap",4373,0.222069713801257,0.21560182394624,23
"SenMayo_nonoverlap",4374,0.186616077091495,0.179967893196687,23
"SenMayo_nonoverlap",4375,0.311527456235653,0.290505060541875,23
"SenMayo_nonoverlap",4376,0.143696703854097,0.138385609592366,23
"SenMayo_nonoverlap",4377,0.323504983652608,0.322916296273268,23
"SenMayo_nonoverlap",4378,0.1934576103704,0.196544501283464,23
"SenMayo_nonoverlap",4379,0.203775670186152,0.197617360985515,22
"SenMayo_nonoverlap",4380,0.364631150584285,0.362340201378261,23
"SenMayo_nonoverlap",4381,0.291957873069381,0.265137251994853,23
"SenMayo_nonoverlap",4382,0.13204809307555,0.130399194713329,20
"SenMayo_nonoverlap",4383,0.312049403256297,0.30430147055004,23
"SenMayo_nonoverlap",4384,0.20943544640483,0.211311340715934,23
"SenMayo_nonoverlap",4385,0.153146761238487,0.140034959068117,22
"SenMayo_nonoverlap",4386,0.235466062708183,0.235691056622017,23
"SenMayo_nonoverlap",4387,0.187292294736112,0.186795693837454,23
"SenMayo_nonoverlap",4388,0.129240163419415,0.147939638821801,22
"SenMayo_nonoverlap",4389,0.213058821207467,0.204757821416817,23
"SenMayo_nonoverlap",4390,0.281211015023508,0.279313875442307,23
"SenMayo_nonoverlap",4391,0.316615298554954,0.31133652570296,23
"SenMayo_nonoverlap",4392,0.242827783173011,0.249995373458151,23
"SenMayo_nonoverlap",4393,0.261349790404769,0.262870470616127,23
"SenMayo_nonoverlap",4394,0.145956924343285,0.178035706668439,22
"SenMayo_nonoverlap",4395,0.348957722720326,0.321100835385059,23
"SenMayo_nonoverlap",4396,0.226285328759754,0.224119243023357,23
"SenMayo_nonoverlap",4397,0.259871568273898,0.27550631487941,22
"SenMayo_nonoverlap",4398,0.312188202852461,0.309685711203624,23
"SenMayo_nonoverlap",4399,0.280642371029125,0.298492199855559,23
"SenMayo_nonoverlap",4400,0.140909541246593,0.130818450415907,23
"SenMayo_nonoverlap",4401,0.164569148312724,0.164232198771537,22
"SenMayo_nonoverlap",4402,0.182601782683606,0.172056927671904,22
"SenMayo_nonoverlap",4403,0.0670680716207043,0.0695889931136272,18
"SenMayo_nonoverlap",4404,0.265035827678784,0.242957529569543,23
"SenMayo_nonoverlap",4405,0.175333748478061,0.153675638057692,23
"SenMayo_nonoverlap",4406,0.228368868471471,0.22171958957555,23
"SenMayo_nonoverlap",4407,0.362783542227956,0.38432208253079,23
"SenMayo_nonoverlap",4408,0.215924059553365,0.215217568724023,23
"SenMayo_nonoverlap",4409,0.282538182257428,0.266927727423051,23
"SenMayo_nonoverlap",4410,0.157114887562044,0.150487598499429,23
"SenMayo_nonoverlap",4411,0.234507793450154,0.222372927742761,23
"SenMayo_nonoverlap",4412,0.193111694028697,0.185968627424895,23
"SenMayo_nonoverlap",4413,0.106903976560169,0.0976873006556047,23
"SenMayo_nonoverlap",4414,0.29531593615114,0.281602735668484,23
"SenMayo_nonoverlap",4415,0.210679159618857,0.194253066460465,23
"SenMayo_nonoverlap",4416,0.277800919072563,0.285218158725007,23
"SenMayo_nonoverlap",4417,0.314981156116313,0.294379300858779,23
"SenMayo_nonoverlap",4418,0.230945324570147,0.236830941784568,23
"SenMayo_nonoverlap",4419,0.231141153458631,0.226455468876797,23
"SenMayo_nonoverlap",4420,0.254680497515174,0.263145952831054,23
"SenMayo_nonoverlap",4421,0.240701930625841,0.238120753074328,23
"SenMayo_nonoverlap",4422,0.243136754232758,0.246933349615467,23
"SenMayo_nonoverlap",4423,0.170358767199236,0.174463732182084,22
"SenMayo_nonoverlap",4424,0.0708831977221234,0.0857465570497264,19
"SenMayo_nonoverlap",4425,0.125381993359986,0.127620057339892,22
"SenMayo_nonoverlap",4426,0.230834916399376,0.248511369937349,23
"SenMayo_nonoverlap",4427,0.210660057350465,0.223244130791169,23
"SenMayo_nonoverlap",4428,0.193300354372036,0.164777351816077,23
"SenMayo_nonoverlap",4429,0.266448804395769,0.238562506423132,23
"SenMayo_nonoverlap",4430,0.185726919927302,0.193042195575678,22
"SenMayo_nonoverlap",4431,0.2021730211324,0.193532649809738,23
"SenMayo_nonoverlap",4432,0.159868386642065,0.145148728097152,23
"SenMayo_nonoverlap",4433,0.160899320003801,0.152927258643993,23
"SenMayo_nonoverlap",4434,0.17966666662978,0.179353748008341,23
"SenMayo_nonoverlap",4435,0.170180485665595,0.168778790563531,23
"SenMayo_nonoverlap",4436,0.278659328568729,0.281533470650208,23
"SenMayo_nonoverlap",4437,0.105780216364512,0.0809589956679829,22
"SenMayo_nonoverlap",4438,0.184872702284672,0.191821870517369,23
"SenMayo_nonoverlap",4439,0.205105270012785,0.202807371560774,23
"SenMayo_nonoverlap",4440,0.312255300046623,0.319716241244129,23
"SenMayo_nonoverlap",4441,0.235182264465928,0.232620343387016,23
"SenMayo_nonoverlap",4442,0.271667098214044,0.273386093327698,23
"SenMayo_nonoverlap",4443,0.252213573019071,0.245179493739812,22
"SenMayo_nonoverlap",4444,0.220265636525982,0.187333194185842,22
"SenMayo_nonoverlap",4445,0.281440707141606,0.27851666770819,23
"SenMayo_nonoverlap",4446,0.180923743355193,0.173547994242906,22
"SenMayo_nonoverlap",4447,0.246535071826031,0.22888060297013,23
"SenMayo_nonoverlap",4448,0.214010600772903,0.206813689340129,23
"SenMayo_nonoverlap",4449,0.180961800366586,0.193530007381698,23
"SenMayo_nonoverlap",4450,0.26326802139199,0.257563555608259,23
"SenMayo_nonoverlap",4451,0.376734084745887,0.36105949993619,23
"SenMayo_nonoverlap",4452,0.193438941812612,0.200564289446628,23
"SenMayo_nonoverlap",4453,0.19872816021226,0.192618455048149,23
"SenMayo_nonoverlap",4454,0.240960658534406,0.240807776339388,23
"SenMayo_nonoverlap",4455,0.135525602616672,0.140043396683759,22
"SenMayo_nonoverlap",4456,0.141978194771471,0.137303478706143,22
"SenMayo_nonoverlap",4457,0.114237821168673,0.109213808527811,21
"SenMayo_nonoverlap",4458,0.221966506897221,0.213684275417311,23
"SenMayo_nonoverlap",4459,0.203212561737941,0.212600149348027,23
"SenMayo_nonoverlap",4460,0.102056493537029,0.122889046811623,21
"SenMayo_nonoverlap",4461,0.242227317968516,0.24620432792483,23
"SenMayo_nonoverlap",4462,0.196121876849003,0.186730269983483,23
"SenMayo_nonoverlap",4463,0.309733370105882,0.30517785315438,23
"SenMayo_nonoverlap",4464,0.154666937424581,0.147984607115352,23
"SenMayo_nonoverlap",4465,0.308204020908698,0.303792036194834,23
"SenMayo_nonoverlap",4466,0.284224411870024,0.291792143939428,23
"SenMayo_nonoverlap",4467,0.131465006272516,0.120602464223391,21
"SenMayo_nonoverlap",4468,0.169449657159295,0.160233517945876,23
"SenMayo_nonoverlap",4469,0.261826786604777,0.277865034385172,23
"SenMayo_nonoverlap",4470,0.296816471697348,0.313517497169162,23
"SenMayo_nonoverlap",4471,0.0834479318156322,0.0685452223283343,21
"SenMayo_nonoverlap",4472,0.234336236971734,0.215957076369075,23
"SenMayo_nonoverlap",4473,0.229475713921195,0.246999405503829,22
"SenMayo_nonoverlap",4474,0.248573278153124,0.246032346325712,23
"SenMayo_nonoverlap",4475,0.329042608892488,0.315031077677291,23
"SenMayo_nonoverlap",4476,0.196345113236071,0.203241124788896,23
"SenMayo_nonoverlap",4477,0.142039945737649,0.12702511142156,22
"SenMayo_nonoverlap",4478,0.262775092012731,0.278482863736893,22
"SenMayo_nonoverlap",4479,0.212337922250224,0.212190565399289,22
"SenMayo_nonoverlap",4480,0.155156030711893,0.15447223511411,23
"SenMayo_nonoverlap",4481,0.264718888786296,0.253991357574693,23
"SenMayo_nonoverlap",4482,0.205440552084955,0.182628199170741,23
"SenMayo_nonoverlap",4483,0.179280667908802,0.171033271621592,23
"SenMayo_nonoverlap",4484,0.184562096017916,0.190788732334689,22
"SenMayo_nonoverlap",4485,0.250722913353716,0.252973797258561,23
"SenMayo_nonoverlap",4486,0.224986447499128,0.219871277660677,23
"SenMayo_nonoverlap",4487,0.11636747635287,0.100064079327005,22
"SenMayo_nonoverlap",4488,0.194442481149373,0.197320821340268,22
"SenMayo_nonoverlap",4489,0.103843378179554,0.119314605295469,19
"SenMayo_nonoverlap",4490,0.262674401262104,0.258437297592851,23
"SenMayo_nonoverlap",4491,0.268676903389872,0.282833678446608,23
"SenMayo_nonoverlap",4492,0.224400820423879,0.234373788937223,23
"SenMayo_nonoverlap",4493,0.260896939296904,0.262251279070371,23
"SenMayo_nonoverlap",4494,0.280389227601077,0.259218514127148,23
"SenMayo_nonoverlap",4495,0.113030409692697,0.124981585290746,22
"SenMayo_nonoverlap",4496,0.294208483959746,0.302693767403272,23
"SenMayo_nonoverlap",4497,0.229658031250063,0.231940063436878,23
"SenMayo_nonoverlap",4498,0.154521203598021,0.146367206934247,22
"SenMayo_nonoverlap",4499,0.249860067766107,0.245270355331372,23
"SenMayo_nonoverlap",4500,0.204875629935316,0.213340167989382,23
"SenMayo_nonoverlap",4501,0.194496205725853,0.178561056283996,23
"SenMayo_nonoverlap",4502,0.231376783775057,0.234330172274451,23
"SenMayo_nonoverlap",4503,0.287772327916316,0.274414476112148,23
"SenMayo_nonoverlap",4504,0.248546688967371,0.247560225732977,23
"SenMayo_nonoverlap",4505,0.313014981519168,0.322077721339609,23
"SenMayo_nonoverlap",4506,0.246129958568416,0.258485049391239,23
"SenMayo_nonoverlap",4507,0.22293654775258,0.210876483455602,23
"SenMayo_nonoverlap",4508,0.263088599570931,0.251278090073424,23
"SenMayo_nonoverlap",4509,0.167895965830393,0.155413369498564,22
"SenMayo_nonoverlap",4510,0.259395276368739,0.244483272082951,23
"SenMayo_nonoverlap",4511,0.167988530077025,0.168984187614,23
"SenMayo_nonoverlap",4512,0.223442410768401,0.192360926891953,23
"SenMayo_nonoverlap",4513,0.254387822376795,0.247029794855544,22
"SenMayo_nonoverlap",4514,0.109677971350708,0.112982460823582,20
"SenMayo_nonoverlap",4515,0.15666044940005,0.156031531722453,22
"SenMayo_nonoverlap",4516,0.130265610539967,0.12436352462898,22
"SenMayo_nonoverlap",4517,0.251186670584398,0.241588495014454,23
"SenMayo_nonoverlap",4518,0.172297865371925,0.191128023554934,22
"SenMayo_nonoverlap",4519,0.270974153584875,0.262384985639427,23
"SenMayo_nonoverlap",4520,0.0883400795390745,0.0810631447688882,21
"SenMayo_nonoverlap",4521,0.111262454437579,0.11561629906409,21
"SenMayo_nonoverlap",4522,0.20239643313634,0.161787299694379,23
"SenMayo_nonoverlap",4523,0.252584827043283,0.250484279399396,23
"SenMayo_nonoverlap",4524,0.298777291991022,0.286054875320532,23
"SenMayo_nonoverlap",4525,0.206458818402724,0.213206661304487,23
"SenMayo_nonoverlap",4526,0.122566270479716,0.102709386013144,23
"SenMayo_nonoverlap",4527,0.198147058592346,0.223200312705892,23
"SenMayo_nonoverlap",4528,0.159624505377645,0.146823597640395,23
"SenMayo_nonoverlap",4529,0.290585787116341,0.274576758918417,22
"SenMayo_nonoverlap",4530,0.261582805621214,0.249812427884711,23
"SenMayo_nonoverlap",4531,0.181055705895939,0.184642389133934,22
"SenMayo_nonoverlap",4532,0.167350146621247,0.158574523497604,23
"SenMayo_nonoverlap",4533,0.198095604872636,0.205230194395002,23
"SenMayo_nonoverlap",4534,0.204057653878701,0.199289826228679,23
"SenMayo_nonoverlap",4535,0.206826403189454,0.185108270825846,23
"SenMayo_nonoverlap",4536,0.23136888055914,0.223707102881327,22
"SenMayo_nonoverlap",4537,0.134556323929054,0.138367468393408,23
"SenMayo_nonoverlap",4538,0.192287600053354,0.199166941805974,22
"SenMayo_nonoverlap",4539,0.222553096616774,0.230918486405173,22
"SenMayo_nonoverlap",4540,0.252792920968484,0.225404249572063,23
"SenMayo_nonoverlap",4541,0.184213405349275,0.167452822910132,22
"SenMayo_nonoverlap",4542,0.211402934212133,0.224535108231815,23
"SenMayo_nonoverlap",4543,0.151861724338489,0.151372390577617,22
"SenMayo_nonoverlap",4544,0.184072290822199,0.190592466592685,22
"SenMayo_nonoverlap",4545,0.134800594045312,0.108192874278384,23
"SenMayo_nonoverlap",4546,0.0878733302924666,0.0818142136276167,18
"SenMayo_nonoverlap",4547,0.165395824981119,0.173740324996061,21
"SenMayo_nonoverlap",4548,0.283393582313023,0.258020849944629,23
"SenMayo_nonoverlap",4549,0.17852063672929,0.184482816918293,22
"SenMayo_nonoverlap",4550,0.23839808594553,0.239440152988735,23
"SenMayo_nonoverlap",4551,0.259609406478267,0.256999594609839,23
"SenMayo_nonoverlap",4552,0.179660317819578,0.155052669255469,23
"SenMayo_nonoverlap",4553,0.187588711569709,0.172871867900778,23
"SenMayo_nonoverlap",4554,0.139025336382153,0.135622921182104,22
"SenMayo_nonoverlap",4555,0.229367152132323,0.224064781278448,23
"SenMayo_nonoverlap",4556,0.1631343589708,0.170435241013006,22
"SenMayo_nonoverlap",4557,0.193862977974317,0.195585841050525,23
"SenMayo_nonoverlap",4558,0.161928798503972,0.137330696280895,22
"SenMayo_nonoverlap",4559,0.239322026512749,0.237796986340308,23
"SenMayo_nonoverlap",4560,0.25781996254374,0.274820246181876,23
"SenMayo_nonoverlap",4561,0.193602388821987,0.199031933183728,22
"SenMayo_nonoverlap",4562,0.110517762704291,0.118711166682618,22
"SenMayo_nonoverlap",4563,0.293887262339471,0.289695257248732,23
"SenMayo_nonoverlap",4564,0.273921500316433,0.245693296252331,23
"SenMayo_nonoverlap",4565,0.223995986691928,0.203513228893098,23
"SenMayo_nonoverlap",4566,0.220115315878159,0.208273410433114,23
"SenMayo_nonoverlap",4567,0.286088681026981,0.265978838430193,23
"SenMayo_nonoverlap",4568,0.164030129690829,0.160225960457693,23
"SenMayo_nonoverlap",4569,0.21766991718681,0.192243999378806,21
"SenMayo_nonoverlap",4570,0.198159148733757,0.198391235297813,23
"SenMayo_nonoverlap",4571,0.292520520397343,0.285262983698079,23
"SenMayo_nonoverlap",4572,0.220331927366538,0.236343863864662,23
"SenMayo_nonoverlap",4573,0.232446881262159,0.21100061977796,23
"SenMayo_nonoverlap",4574,0.285283025044175,0.289254084593099,23
"SenMayo_nonoverlap",4575,0.320990476230579,0.294044634725275,23
"SenMayo_nonoverlap",4576,0.104336607929872,0.0966002684018915,21
"SenMayo_nonoverlap",4577,0.303340042597431,0.302185693551362,23
"SenMayo_nonoverlap",4578,0.21387273673425,0.204559171944171,23
"SenMayo_nonoverlap",4579,0.199443253896066,0.190848973060309,23
"SenMayo_nonoverlap",4580,0.190317757246552,0.177462675715828,23
"SenMayo_nonoverlap",4581,0.300186115181392,0.291734965445936,23
"SenMayo_nonoverlap",4582,0.269918302381167,0.252820117127435,23
"SenMayo_nonoverlap",4583,0.328336641667085,0.323607060451814,23
"SenMayo_nonoverlap",4584,0.273654970929502,0.282884232759043,22
"SenMayo_nonoverlap",4585,0.172031832575758,0.183614740292984,22
"SenMayo_nonoverlap",4586,0.20998084887571,0.191733790220862,22
"SenMayo_nonoverlap",4587,0.192976382109884,0.19299098238811,23
"SenMayo_nonoverlap",4588,0.20801843723087,0.235516292422663,22
"SenMayo_nonoverlap",4589,0.252639107026536,0.231810228594315,23
"SenMayo_nonoverlap",4590,0.240542544020962,0.253094038542956,23
"SenMayo_nonoverlap",4591,0.286971917280011,0.273325805428544,23
"SenMayo_nonoverlap",4592,0.255505460606068,0.268770978160385,23
"SenMayo_nonoverlap",4593,0.117913062787182,0.109676950149044,22
"SenMayo_nonoverlap",4594,0.195044138675229,0.179816671016385,22
"SenMayo_nonoverlap",4595,0.215004954503375,0.217091480699785,23
"SenMayo_nonoverlap",4596,0.214772597984442,0.213273369649922,23
"SenMayo_nonoverlap",4597,0.2274542864261,0.220380261020316,23
"SenMayo_nonoverlap",4598,0.276948080189643,0.270791131507919,23
"SenMayo_nonoverlap",4599,0.238217336796936,0.242198048641011,22
"SenMayo_nonoverlap",4600,0.198766660926926,0.190737555235121,23
"SenMayo_nonoverlap",4601,0.257090664026611,0.249746728836533,23
"SenMayo_nonoverlap",4602,0.178747172983236,0.17935547676728,21
"SenMayo_nonoverlap",4603,0.333743698972829,0.326671815635309,23
"SenMayo_nonoverlap",4604,0.249765298718093,0.260719761209016,23
"SenMayo_nonoverlap",4605,0.252479866661749,0.250392217831953,23
"SenMayo_nonoverlap",4606,0.290717008998151,0.270292768923212,23
"SenMayo_nonoverlap",4607,0.175513073372113,0.170739028394673,23
"SenMayo_nonoverlap",4608,0.225433317342188,0.212980415947311,23
"SenMayo_nonoverlap",4609,0.236849650784732,0.25150454526689,23
"SenMayo_nonoverlap",4610,0.251117020694529,0.257482063787011,23
"SenMayo_nonoverlap",4611,0.181651933787146,0.189610539923813,22
"SenMayo_nonoverlap",4612,0.181135883397303,0.197107399157547,23
"SenMayo_nonoverlap",4613,0.100218783212625,0.115157787411515,21
"SenMayo_nonoverlap",4614,0.237625499086652,0.226221717512786,23
"SenMayo_nonoverlap",4615,0.206785738930915,0.201487547796754,23
"SenMayo_nonoverlap",4616,0.131158575607946,0.149323939748017,20
"SenMayo_nonoverlap",4617,0.249033487577265,0.248058642995122,23
"SenMayo_nonoverlap",4618,0.225936877788979,0.23489816352503,23
"SenMayo_nonoverlap",4619,0.240246124081826,0.22401192841711,23
"SenMayo_nonoverlap",4620,0.283494009058741,0.264071878807281,23
"SenMayo_nonoverlap",4621,0.211209671995369,0.209094828414288,23
"SenMayo_nonoverlap",4622,0.213957978823442,0.214333409909386,23
"SenMayo_nonoverlap",4623,0.191520491182453,0.180557530358181,23
"SenMayo_nonoverlap",4624,0.223420284059203,0.221956471144591,23
"SenMayo_nonoverlap",4625,0.203704488108704,0.191298448571995,22
"SenMayo_nonoverlap",4626,0.262663892717504,0.237772823778989,23
"SenMayo_nonoverlap",4627,0.249600443176151,0.24749896790389,23
"SenMayo_nonoverlap",4628,0.225479325072142,0.22120158783239,23
"SenMayo_nonoverlap",4629,0.15002627109484,0.168175156992306,22
"SenMayo_nonoverlap",4630,0.198868526425803,0.206500012823229,23
"SenMayo_nonoverlap",4631,0.204053533984536,0.191313425573406,23
"SenMayo_nonoverlap",4632,0.201836581644575,0.213399083322994,23
"SenMayo_nonoverlap",4633,0.217135031405673,0.215676914983465,23
"SenMayo_nonoverlap",4634,0.225221648035396,0.228206518946484,22
"SenMayo_nonoverlap",4635,0.204980286783116,0.207587944635808,23
"SenMayo_nonoverlap",4636,0.248116330136173,0.262377344305013,23
"SenMayo_nonoverlap",4637,0.127731998254089,0.129425486847666,22
"SenMayo_nonoverlap",4638,0.108751545444452,0.10614452274308,20
"SenMayo_nonoverlap",4639,0.285447121239308,0.296418749976026,23
"SenMayo_nonoverlap",4640,0.239471218276073,0.235786320988279,23
"SenMayo_nonoverlap",4641,0.192019772843918,0.172836181285955,23
"SenMayo_nonoverlap",4642,0.312714151630974,0.293512479650333,23
"SenMayo_nonoverlap",4643,0.2264998582452,0.247433799183079,22
"SenMayo_nonoverlap",4644,0.258576961315529,0.268206568451375,23
"SenMayo_nonoverlap",4645,0.320329920783759,0.324606239573355,23
"SenMayo_nonoverlap",4646,0.0906115143778431,0.0883701381210307,20
"SenMayo_nonoverlap",4647,0.248862277909314,0.241520132547062,23
"SenMayo_nonoverlap",4648,0.248830911947455,0.238790522805123,23
"SenMayo_nonoverlap",4649,0.364447416520025,0.34801948843171,23
"SenMayo_nonoverlap",4650,0.182468212151372,0.179242667287839,23
"SenMayo_nonoverlap",4651,0.220259027613433,0.23343055174112,22
"SenMayo_nonoverlap",4652,0.27187649804655,0.257061997434959,23
"SenMayo_nonoverlap",4653,0.280536890485807,0.289337390434627,23
"SenMayo_nonoverlap",4654,0.34639549061894,0.339012173102967,23
"SenMayo_nonoverlap",4655,0.28273462835143,0.290570476431643,23
"SenMayo_nonoverlap",4656,0.216591628276603,0.231878240001468,23
"SenMayo_nonoverlap",4657,0.232994216845233,0.228802352721239,23
"SenMayo_nonoverlap",4658,0.134066848875528,0.126764280970659,21
"SenMayo_nonoverlap",4659,0.125342158590149,0.14107385880334,22
"SenMayo_nonoverlap",4660,0.255321980442081,0.246003788252885,23
"SenMayo_nonoverlap",4661,0.210783509500295,0.199825003556417,23
"SenMayo_nonoverlap",4662,0.247297664960232,0.239823887516153,23
"SenMayo_nonoverlap",4663,0.192102922800655,0.19150546120065,23
"SenMayo_nonoverlap",4664,0.250859224619888,0.256278897230621,23
"SenMayo_nonoverlap",4665,0.239631044058893,0.243440929780741,23
"SenMayo_nonoverlap",4666,0.251450307004557,0.261964423139659,23
"SenMayo_nonoverlap",4667,0.227396938835737,0.223543136800446,23
"SenMayo_nonoverlap",4668,0.206103431826641,0.204065029916479,23
"SenMayo_nonoverlap",4669,0.255204972002267,0.258523848855244,23
"SenMayo_nonoverlap",4670,0.20615938088297,0.202891730565102,23
"SenMayo_nonoverlap",4671,0.231994316157407,0.216846335990036,23
"SenMayo_nonoverlap",4672,0.215660661234487,0.223849250271561,23
"SenMayo_nonoverlap",4673,0.229922947241836,0.214114435612764,23
"SenMayo_nonoverlap",4674,0.335078199143457,0.32488943760792,23
"SenMayo_nonoverlap",4675,0.279799290830598,0.262033494417325,23
"SenMayo_nonoverlap",4676,0.0733754560941386,0.071641677462067,18
"SenMayo_nonoverlap",4677,0.178570064833381,0.17789123024818,23
"SenMayo_nonoverlap",4678,0.300335234925557,0.287943246367668,23
"SenMayo_nonoverlap",4679,0.287700691125363,0.268940748656694,23
"SenMayo_nonoverlap",4680,0.214888026416305,0.217228846807628,23
"SenMayo_nonoverlap",4681,0.197062177652511,0.206654090781953,23
"SenMayo_nonoverlap",4682,0.21063911509161,0.197237980506947,23
"SenMayo_nonoverlap",4683,0.280137044264284,0.28015816876329,23
"SenMayo_nonoverlap",4684,0.174645805042257,0.183620581195647,23
"SenMayo_nonoverlap",4685,0.261630007053244,0.25516627339592,23
"SenMayo_nonoverlap",4686,0.161724394000175,0.161336821298205,23
"SenMayo_nonoverlap",4687,0.214544967745622,0.20392064001971,23
"SenMayo_nonoverlap",4688,0.246187279807087,0.261767863763925,23
"SenMayo_nonoverlap",4689,0.158626207063715,0.157568129446526,23
"SenMayo_nonoverlap",4690,0.208800214744112,0.212074130297277,23
"SenMayo_nonoverlap",4691,0.107995250697421,0.0883199567076938,22
"SenMayo_nonoverlap",4692,0.261684902842824,0.255398996149159,23
"SenMayo_nonoverlap",4693,0.391969157536483,0.407152292207143,23
"SenMayo_nonoverlap",4694,0.347641598626631,0.334360991521044,23
"SenMayo_nonoverlap",4695,0.273927983594644,0.294656315948254,23
"SenMayo_nonoverlap",4696,0.130487583646525,0.138294164818405,21
"SenMayo_nonoverlap",4697,0.250382133151211,0.2596106242894,23
"SenMayo_nonoverlap",4698,0.214920776378502,0.224219211563042,23
"SenMayo_nonoverlap",4699,0.146853259105226,0.157234572057975,23
"SenMayo_nonoverlap",4700,0.240051597706383,0.250417207036919,22
"SenMayo_nonoverlap",4701,0.200348940616344,0.211800441819247,22
"SenMayo_nonoverlap",4702,0.0782784894531586,0.0738822687834396,18
"SenMayo_nonoverlap",4703,0.251675399797233,0.250742877638565,23
"SenMayo_nonoverlap",4704,0.147343508658367,0.147370594555196,23
"SenMayo_nonoverlap",4705,0.182271160193457,0.181566292605655,23
"SenMayo_nonoverlap",4706,0.226221264708575,0.21743667076087,23
"SenMayo_nonoverlap",4707,0.18702508931946,0.199692179186369,23
"SenMayo_nonoverlap",4708,0.136180518736281,0.13665432001781,21
"SenMayo_nonoverlap",4709,0.18672600592898,0.176671858177503,23
"SenMayo_nonoverlap",4710,0.265337428513493,0.263821111034574,23
"SenMayo_nonoverlap",4711,0.182753312875923,0.166771945163572,23
"SenMayo_nonoverlap",4712,0.289328616768198,0.280988811174348,23
"SenMayo_nonoverlap",4713,0.203037722481932,0.176050401118573,23
"SenMayo_nonoverlap",4714,0.103388847416029,0.0898534771201658,22
"SenMayo_nonoverlap",4715,0.245938299127907,0.252973854585057,23
"SenMayo_nonoverlap",4716,0.275255552781077,0.289637773037613,23
"SenMayo_nonoverlap",4717,0.368203010889916,0.376919278524492,23
"SenMayo_nonoverlap",4718,0.196400521530898,0.194152225207006,23
"SenMayo_nonoverlap",4719,0.186257972094036,0.185981353767279,23
"SenMayo_nonoverlap",4720,0.217680133365227,0.223787324035857,22
"SenMayo_nonoverlap",4721,0.194107545870649,0.195861749954237,23
"SenMayo_nonoverlap",4722,0.144222254117614,0.157163234498534,22
"SenMayo_nonoverlap",4723,0.232583657884074,0.235671099232368,23
"SenMayo_nonoverlap",4724,0.168603991906352,0.182927446249433,22
"SenMayo_nonoverlap",4725,0.186449494729815,0.163763911485397,23
"SenMayo_nonoverlap",4726,0.180933205926031,0.172095958493123,23
"SenMayo_nonoverlap",4727,0.31124889040012,0.313512034793454,23
"SenMayo_nonoverlap",4728,0.107705228277137,0.0915073220256186,21
"SenMayo_nonoverlap",4729,0.2252782233052,0.21826814954772,23
"SenMayo_nonoverlap",4730,0.22991123288998,0.215806109648409,23
"SenMayo_nonoverlap",4731,0.184092515068142,0.20352653292529,22
"SenMayo_nonoverlap",4732,0.261672894482845,0.271548267903822,23
"SenMayo_nonoverlap",4733,0.104515066729138,0.120080531881025,21
"SenMayo_nonoverlap",4734,0.267629556559756,0.286048338621472,23
"SenMayo_nonoverlap",4735,0.227991948438361,0.214919973370324,23
"SenMayo_nonoverlap",4736,0.245116497071285,0.23348007884787,23
"SenMayo_nonoverlap",4737,0.217970744914718,0.212761875254968,23
"SenMayo_nonoverlap",4738,0.220034063204964,0.213694602709375,23
"SenMayo_nonoverlap",4739,0.203039012065601,0.210237155156013,22
"SenMayo_nonoverlap",4740,0.106985675015372,0.104730326727387,22
"SenMayo_nonoverlap",4741,0.204047334333173,0.199966577628539,23
"SenMayo_nonoverlap",4742,0.240321984397313,0.231995148640915,23
"SenMayo_nonoverlap",4743,0.112556705642286,0.0926669957533049,22
"SenMayo_nonoverlap",4744,0.206653948393966,0.217626733650466,23
"SenMayo_nonoverlap",4745,0.166834655996344,0.17971659721626,23
"SenMayo_nonoverlap",4746,0.246728848772485,0.242103950643953,23
"SenMayo_nonoverlap",4747,0.179449526074645,0.188322591502127,23
"SenMayo_nonoverlap",4748,0.207400804088357,0.197130574885047,23
"SenMayo_nonoverlap",4749,0.160362956984555,0.168721116616328,22
"SenMayo_nonoverlap",4750,0.12532083306984,0.107818810361023,19
"SenMayo_nonoverlap",4751,0.325420787896331,0.333869755176765,23
"SenMayo_nonoverlap",4752,0.183680198913543,0.181547432587401,23
"SenMayo_nonoverlap",4753,0.220143636491446,0.202619373579431,22
"SenMayo_nonoverlap",4754,0.302579742509064,0.317405394703888,23
"SenMayo_nonoverlap",4755,0.183175253254888,0.180652674753017,22
"SenMayo_nonoverlap",4756,0.152981129802453,0.161845297909659,22
"SenMayo_nonoverlap",4757,0.292653233746693,0.294353152775894,22
"SenMayo_nonoverlap",4758,0.17275256656916,0.18082413646518,23
"SenMayo_nonoverlap",4759,0.280308204990924,0.286053742805025,23
"SenMayo_nonoverlap",4760,0.243099401187435,0.222802102783296,23
"SenMayo_nonoverlap",4761,0.289706155851496,0.291724169696671,23
"SenMayo_nonoverlap",4762,0.230255978120411,0.228502064932601,23
"SenMayo_nonoverlap",4763,0.247583998411289,0.248273101471125,23
"SenMayo_nonoverlap",4764,0.303395797734609,0.311146515455891,23
"SenMayo_nonoverlap",4765,0.265356439213512,0.286920579592147,23
"SenMayo_nonoverlap",4766,0.227689400532171,0.215163402502372,23
"SenMayo_nonoverlap",4767,0.222229463747189,0.233464839678636,23
"SenMayo_nonoverlap",4768,0.322449246337613,0.321214422212823,23
"SenMayo_nonoverlap",4769,0.173473903674455,0.175663466614989,23
"SenMayo_nonoverlap",4770,0.212897000249981,0.214805362393423,23
"SenMayo_nonoverlap",4771,0.116372695588302,0.0815443555037866,22
"SenMayo_nonoverlap",4772,0.19653506824006,0.21783810135053,22
"SenMayo_nonoverlap",4773,0.312080823394708,0.3104692561781,23
"SenMayo_nonoverlap",4774,0.268464554723817,0.245633594572425,23
"SenMayo_nonoverlap",4775,0.206194272944923,0.222091651932295,23
"SenMayo_nonoverlap",4776,0.154074905952266,0.145717677401034,23
"SenMayo_nonoverlap",4777,0.169068333266604,0.178890775068264,22
"SenMayo_nonoverlap",4778,0.186957604620752,0.180480113305531,22
"SenMayo_nonoverlap",4779,0.189782340126276,0.190574063898871,23
"SenMayo_nonoverlap",4780,0.18441064720252,0.163528897763634,23
"SenMayo_nonoverlap",4781,0.231064994637164,0.232901364546849,23
"SenMayo_nonoverlap",4782,0.277035957638369,0.266928773219206,23
"SenMayo_nonoverlap",4783,0.205218615515252,0.215634635210495,23
"SenMayo_nonoverlap",4784,0.0671221957887584,0.0610201280153403,19
"SenMayo_nonoverlap",4785,0.158443150463692,0.166689569856513,23
"SenMayo_nonoverlap",4786,0.139533721161388,0.117802410581445,23
"SenMayo_nonoverlap",4787,0.228507662721111,0.234977877620893,22
"SenMayo_nonoverlap",4788,0.18905820080924,0.166410105615701,23
"SenMayo_nonoverlap",4789,0.209704859094107,0.220603282175532,23
"SenMayo_nonoverlap",4790,0.194765274965732,0.192561671076963,23
"SenMayo_nonoverlap",4791,0.18540213964817,0.190843190058169,22
"SenMayo_nonoverlap",4792,0.161161605300916,0.141180310856316,22
"SenMayo_nonoverlap",4793,0.160842579927235,0.165911132608034,23
"SenMayo_nonoverlap",4794,0.231488245451301,0.22907921160032,22
"SenMayo_nonoverlap",4795,0.174420519697031,0.173370776866621,22
"SenMayo_nonoverlap",4796,0.190787508304446,0.1738836684414,23
"SenMayo_nonoverlap",4797,0.245201065940644,0.23496784582895,23
"SenMayo_nonoverlap",4798,0.126591187259447,0.142128827737141,22
"SenMayo_nonoverlap",4799,0.307800824669815,0.320182274770273,23
"SenMayo_nonoverlap",4800,0.250446348052682,0.241255482121934,23
"SenMayo_nonoverlap",4801,0.234769496584941,0.22344635606543,23
"SenMayo_nonoverlap",4802,0.176445894449584,0.155514966656053,23
"SenMayo_nonoverlap",4803,0.242807488390557,0.246995988949291,23
"SenMayo_nonoverlap",4804,0.128683893156961,0.133627680422061,23
"SenMayo_nonoverlap",4805,0.209704478561027,0.209195330830063,23
"SenMayo_nonoverlap",4806,0.162942011403419,0.165167033270273,23
"SenMayo_nonoverlap",4807,0.224856233754706,0.219817683326581,23
"SenMayo_nonoverlap",4808,0.198504681228873,0.215911866186508,22
"SenMayo_nonoverlap",4809,0.199591179451046,0.198377096278826,23
"SenMayo_nonoverlap",4810,0.365218902174271,0.338439030953016,23
"SenMayo_nonoverlap",4811,0.152921000076232,0.14710740703957,22
"SenMayo_nonoverlap",4812,0.135094938690135,0.125102632778596,23
"SenMayo_nonoverlap",4813,0.176812900270611,0.170396338943101,23
"SenMayo_nonoverlap",4814,0.283585363874673,0.298653788119669,23
"SenMayo_nonoverlap",4815,0.164336263522687,0.173382850193899,23
"SenMayo_nonoverlap",4816,0.136461649972272,0.128613512607873,22
"SenMayo_nonoverlap",4817,0.119338469135527,0.120589187430042,21
"SenMayo_nonoverlap",4818,0.155616865701695,0.163767095088722,22
"SenMayo_nonoverlap",4819,0.266592731706927,0.264226305569959,23
"SenMayo_nonoverlap",4820,0.331315274014598,0.329952894819846,23
"SenMayo_nonoverlap",4821,0.250296539625445,0.24116672418491,23
"SenMayo_nonoverlap",4822,0.260125191609256,0.278207621964225,23
"SenMayo_nonoverlap",4823,0.314172286520453,0.327253869983504,23
"SenMayo_nonoverlap",4824,0.172323822091999,0.176751117420036,22
"SenMayo_nonoverlap",4825,0.142681967731962,0.120503613602124,23
"SenMayo_nonoverlap",4826,0.242660056205618,0.234520669114823,23
"SenMayo_nonoverlap",4827,0.189426117237135,0.180186856727054,23
"SenMayo_nonoverlap",4828,0.213832219229848,0.223508296461793,23
"SenMayo_nonoverlap",4829,0.339165033417339,0.339446867127168,23
"SenMayo_nonoverlap",4830,0.19894647779101,0.217335377650569,22
"SenMayo_nonoverlap",4831,0.259635519479186,0.245741659760413,23
"SenMayo_nonoverlap",4832,0.152773958208286,0.14806111159968,23
"SenMayo_nonoverlap",4833,0.207396809659619,0.201052144927796,23
"SenMayo_nonoverlap",4834,0.205634535904961,0.190244054467473,23
"SenMayo_nonoverlap",4835,0.337975638748814,0.319427377033326,23
"SenMayo_nonoverlap",4836,0.376355176898375,0.374047710889842,23
"SenMayo_nonoverlap",4837,0.231785635480953,0.222238157560094,23
"SenMayo_nonoverlap",4838,0.246885619718381,0.243281639408267,23
"SenMayo_nonoverlap",4839,0.294539512555675,0.293348234378191,23
"SenMayo_nonoverlap",4840,0.25347839816061,0.281135785084099,23
"SenMayo_nonoverlap",4841,0.132139125520247,0.125073110575313,23
"SenMayo_nonoverlap",4842,0.193997466185413,0.208555880151731,23
"SenMayo_nonoverlap",4843,0.28180896703982,0.266947798504278,23
"SenMayo_nonoverlap",4844,0.15534595666111,0.146999067957277,22
"SenMayo_nonoverlap",4845,0.237344037992544,0.232866027625682,23
"SenMayo_nonoverlap",4846,0.242901387155954,0.247971659862196,23
"SenMayo_nonoverlap",4847,0.211271817380449,0.215030292147358,23
"SenMayo_nonoverlap",4848,0.237935902011752,0.233297030367677,23
"SenMayo_nonoverlap",4849,0.31469022932742,0.310316418764082,23
"SenMayo_nonoverlap",4850,0.290217441657322,0.275287292646019,23
"SenMayo_nonoverlap",4851,0.090889375267561,0.107065517645582,21
"SenMayo_nonoverlap",4852,0.193285278256539,0.176717325922617,22
"SenMayo_nonoverlap",4853,0.235076313327967,0.228165981286201,23
"SenMayo_nonoverlap",4854,0.286389936182655,0.259342525758282,23
"SenMayo_nonoverlap",4855,0.187838001721948,0.200834301050367,22
"SenMayo_nonoverlap",4856,0.217656561269951,0.222778772933195,23
"SenMayo_nonoverlap",4857,0.264435405538294,0.28278770457426,23
"SenMayo_nonoverlap",4858,0.136195565373289,0.136752596347016,22
"SenMayo_nonoverlap",4859,0.199620164673847,0.16387268087353,23
"SenMayo_nonoverlap",4860,0.169658477584061,0.159688159796788,23
"SenMayo_nonoverlap",4861,0.2744626507712,0.259158889492999,23
"SenMayo_nonoverlap",4862,0.218913705454267,0.219195829917513,23
"SenMayo_nonoverlap",4863,0.158655266006177,0.157507854695011,22
"SenMayo_nonoverlap",4864,0.267415056968746,0.279215149760537,22
"SenMayo_nonoverlap",4865,0.21593294970555,0.203728722199707,23
"SenMayo_nonoverlap",4866,0.212430734536653,0.187046382061072,23
"SenMayo_nonoverlap",4867,0.217898449185621,0.19980659229491,22
"SenMayo_nonoverlap",4868,0.250081392765531,0.21447876720916,23
"SenMayo_nonoverlap",4869,0.239713446989139,0.24486637809031,23
"SenMayo_nonoverlap",4870,0.262961116395093,0.25074075013277,23
"SenMayo_nonoverlap",4871,0.111750888750873,0.101606079265662,22
"SenMayo_nonoverlap",4872,0.21613878165531,0.249105127685799,23
"SenMayo_nonoverlap",4873,0.284222493450711,0.274796419543687,23
"SenMayo_nonoverlap",4874,0.160858602693327,0.157894204867468,23
"SenMayo_nonoverlap",4875,0.275972931313013,0.273421472159788,23
"SenMayo_nonoverlap",4876,0.107137221148343,0.10749817479204,22
"SenMayo_nonoverlap",4877,0.166347439512654,0.162951070632006,22
"SenMayo_nonoverlap",4878,0.139493387784505,0.130392601333907,21
"SenMayo_nonoverlap",4879,0.265204367415216,0.256324676418687,23
"SenMayo_nonoverlap",4880,0.170464841635901,0.188717266366132,22
"SenMayo_nonoverlap",4881,0.181253149953221,0.18424443538593,23
"SenMayo_nonoverlap",4882,0.241806647663166,0.252161376237181,23
"SenMayo_nonoverlap",4883,0.245133105380914,0.269495439953811,22
"SenMayo_nonoverlap",4884,0.107933904283365,0.111204436652091,22
"SenMayo_nonoverlap",4885,0.130589963407033,0.131923605222173,22
"SenMayo_nonoverlap",4886,0.208613003614021,0.212138857505586,23
"SenMayo_nonoverlap",4887,0.0885562519004512,0.0903070651018419,21
"SenMayo_nonoverlap",4888,0.17602205595438,0.178074322374244,23
"SenMayo_nonoverlap",4889,0.203250624167277,0.230077049789187,23
"SenMayo_nonoverlap",4890,0.251276859920815,0.239653537095823,23
"SenMayo_nonoverlap",4891,0.184094155919029,0.171082724241211,23
"SenMayo_nonoverlap",4892,0.267643862075348,0.250535012216056,23
"SenMayo_nonoverlap",4893,0.146464630610905,0.141214878885562,21
"SenMayo_nonoverlap",4894,0.1313509339084,0.125900440857543,23
"SenMayo_nonoverlap",4895,0.227377508765115,0.217560899549389,23
"SenMayo_nonoverlap",4896,0.195690817880049,0.180524121231542,23
"SenMayo_nonoverlap",4897,0.279254523573943,0.272812264703445,23
"SenMayo_nonoverlap",4898,0.26323855660491,0.240266018473457,23
"SenMayo_nonoverlap",4899,0.224918935720816,0.202585862838398,23
"SenMayo_nonoverlap",4900,0.220022960838569,0.223507946680486,23
"SenMayo_nonoverlap",4901,0.201122209550406,0.203122770314868,23
"SenMayo_nonoverlap",4902,0.198753910865398,0.196767303037938,23
"SenMayo_nonoverlap",4903,0.165281470050092,0.179561949913024,23
"SenMayo_nonoverlap",4904,0.257162101111271,0.257448750575336,23
"SenMayo_nonoverlap",4905,0.199105620898554,0.187685051188555,23
"SenMayo_nonoverlap",4906,0.216803133488259,0.209160264089301,23
"SenMayo_nonoverlap",4907,0.219107122764087,0.201658485246832,23
"SenMayo_nonoverlap",4908,0.169687363338663,0.174128696252411,23
"SenMayo_nonoverlap",4909,0.308807111086356,0.328927279655117,23
"SenMayo_nonoverlap",4910,0.222433714246567,0.212277346819372,23
"SenMayo_nonoverlap",4911,0.179280603709451,0.183090062934384,23
"SenMayo_nonoverlap",4912,0.252564106385039,0.258808341336267,23
"SenMayo_nonoverlap",4913,0.295314542220266,0.2728796032682,23
"SenMayo_nonoverlap",4914,0.136003398600764,0.124081861726706,23
"SenMayo_nonoverlap",4915,0.204009055233195,0.189557572528894,23
"SenMayo_nonoverlap",4916,0.246230352575482,0.247010647061045,23
"SenMayo_nonoverlap",4917,0.302078541512054,0.294398149961202,23
"SenMayo_nonoverlap",4918,0.116930508382897,0.131550707953737,21
"SenMayo_nonoverlap",4919,0.106658873545882,0.11040551708937,20
"SenMayo_nonoverlap",4920,0.233897472364573,0.244636251221912,23
"SenMayo_nonoverlap",4921,0.125524611294647,0.122489057815748,22
"SenMayo_nonoverlap",4922,0.343447989479097,0.346733457387676,23
"SenMayo_nonoverlap",4923,0.196940958571047,0.188315398714225,23
"SenMayo_nonoverlap",4924,0.150965307632928,0.161130859024034,21
"SenMayo_nonoverlap",4925,0.135051273771742,0.127367707262272,23
"SenMayo_nonoverlap",4926,0.115097777054677,0.114691348526907,22
"SenMayo_nonoverlap",4927,0.226020898593241,0.207461997614443,23
"SenMayo_nonoverlap",4928,0.106580968366439,0.0867107462065894,22
"SenMayo_nonoverlap",4929,0.363026213269374,0.350373517881898,23
"SenMayo_nonoverlap",4930,0.172236369102748,0.171436495541631,22
"SenMayo_nonoverlap",4931,0.171694106292396,0.153237464408449,22
"SenMayo_nonoverlap",4932,0.233463763906373,0.215408692657512,23
"SenMayo_nonoverlap",4933,0.17194674257477,0.164349243568075,23
"SenMayo_nonoverlap",4934,0.176377012594384,0.164746435641438,23
"SenMayo_nonoverlap",4935,0.169844653584059,0.158122429886654,23
"SenMayo_nonoverlap",4936,0.208813427648162,0.208430746026632,23
"SenMayo_nonoverlap",4937,0.203853249018344,0.190432131069041,23
"SenMayo_nonoverlap",4938,0.172867231831986,0.163193882269377,23
"SenMayo_nonoverlap",4939,0.153247644556302,0.147419935995579,23
"SenMayo_nonoverlap",4940,0.296147343454012,0.285797195468008,23
"SenMayo_nonoverlap",4941,0.259694324731261,0.26226548700343,23
"SenMayo_nonoverlap",4942,0.221712964189531,0.208057161266922,22
"SenMayo_nonoverlap",4943,0.208310140778162,0.230313287797206,22
"SenMayo_nonoverlap",4944,0.293655369656242,0.299380217976736,23
"SenMayo_nonoverlap",4945,0.17347897084939,0.180099854144107,23
"SenMayo_nonoverlap",4946,0.149785771009721,0.132023746619088,23
"SenMayo_nonoverlap",4947,0.327531761272471,0.309717494626219,23
"SenMayo_nonoverlap",4948,0.257243403207276,0.236315211880194,23
"SenMayo_nonoverlap",4949,0.228264537361856,0.216575486571433,23
"SenMayo_nonoverlap",4950,0.182736111757112,0.200027279749485,21
"SenMayo_nonoverlap",4951,0.313687483531622,0.301875541784084,23
"SenMayo_nonoverlap",4952,0.18602693025258,0.180533705857424,23
"SenMayo_nonoverlap",4953,0.222178645030197,0.228693530812925,23
"SenMayo_nonoverlap",4954,0.161894464142964,0.137174442774243,23
"SenMayo_nonoverlap",4955,0.184335165785881,0.189288067197789,23
"SenMayo_nonoverlap",4956,0.257160257024082,0.274700968936528,22
"SenMayo_nonoverlap",4957,0.155046098349541,0.170898423147039,23
"SenMayo_nonoverlap",4958,0.169650093559016,0.169146051822434,23
"SenMayo_nonoverlap",4959,0.228602911647192,0.225048427168892,23
"SenMayo_nonoverlap",4960,0.265711544404682,0.269560743240309,23
"SenMayo_nonoverlap",4961,0.136236644522304,0.122251207544814,22
"SenMayo_nonoverlap",4962,0.219803487034117,0.219046054582253,23
"SenMayo_nonoverlap",4963,0.185958609041032,0.200916342501987,23
"SenMayo_nonoverlap",4964,0.0872946761127831,0.0864038885456479,20
"SenMayo_nonoverlap",4965,0.191441920391977,0.163414021014825,23
"SenMayo_nonoverlap",4966,0.203324613393673,0.191035126801885,23
"SenMayo_nonoverlap",4967,0.279204152126371,0.29692374406679,23
"SenMayo_nonoverlap",4968,0.160594463794032,0.135594107732586,22
"SenMayo_nonoverlap",4969,0.234119964213793,0.229009889134522,23
"SenMayo_nonoverlap",4970,0.209460559281911,0.208001036782779,23
"SenMayo_nonoverlap",4971,0.16487797374601,0.169905485055645,22
"SenMayo_nonoverlap",4972,0.211498531383649,0.209603565795842,23
"SenMayo_nonoverlap",4973,0.21554290250893,0.210342802922858,22
"SenMayo_nonoverlap",4974,0.21475255905228,0.204498215578795,23
"SenMayo_nonoverlap",4975,0.316894270049016,0.33328178660515,23
"SenMayo_nonoverlap",4976,0.210131789007931,0.213595333091902,23
"SenMayo_nonoverlap",4977,0.221120014237162,0.212193801305087,23
"SenMayo_nonoverlap",4978,0.212412959767518,0.202311747675936,23
"SenMayo_nonoverlap",4979,0.259826809350264,0.26114877308943,23
"SenMayo_nonoverlap",4980,0.218778344176589,0.207395726625357,23
"SenMayo_nonoverlap",4981,0.127131464791023,0.117129902360944,23
"SenMayo_nonoverlap",4982,0.110675336526796,0.0999927238153344,21
"SenMayo_nonoverlap",4983,0.20790670073392,0.201411996073723,23
"SenMayo_nonoverlap",4984,0.158104336121081,0.153548241811568,22
"SenMayo_nonoverlap",4985,0.289553210434602,0.279947164521616,23
"SenMayo_nonoverlap",4986,0.247036185909732,0.251814916070619,23
"SenMayo_nonoverlap",4987,0.206249015516892,0.209159356821654,23
"SenMayo_nonoverlap",4988,0.0853024060458768,0.0859113631386484,21
"SenMayo_nonoverlap",4989,0.328060799148063,0.322662603507688,23
"SenMayo_nonoverlap",4990,0.25244023541291,0.26051354108236,23
"SenMayo_nonoverlap",4991,0.151255175582788,0.147848063602998,23
"SenMayo_nonoverlap",4992,0.258994393299787,0.243720023021761,23
"SenMayo_nonoverlap",4993,0.290063676375612,0.277890669473544,23
"SenMayo_nonoverlap",4994,0.221755991882434,0.231204064599592,23
"SenMayo_nonoverlap",4995,0.12468744598766,0.121479450232959,22
"SenMayo_nonoverlap",4996,0.358228385479183,0.339930225384947,23
"SenMayo_nonoverlap",4997,0.294449920331506,0.299903498907923,23
"SenMayo_nonoverlap",4998,0.175308965356975,0.12865798269124,22
"SenMayo_nonoverlap",4999,0.307833423956748,0.316355294117645,23
"SenMayo_nonoverlap",5000,0.139884418997719,0.145146225715618,22
"SASP25",1,0.197266002036435,0.195340575944602,22
"SASP25",2,0.705617667613555,0.71227024842153,23
"SASP25",3,0.208889481927113,0.196764259456107,23
"SASP25",4,0.271804781549879,0.27670677313516,23
"SASP25",5,0.482130576356313,0.47086168614655,23
"SASP25",6,0.295401207024515,0.29768352824974,22
"SASP25",7,0.221522654799366,0.214592748654864,21
"SASP25",8,0.539495194505586,0.526802540984399,23
"SASP25",9,0.598225972471503,0.578830555013597,23
"SASP25",10,0.546690231367296,0.541801821857429,23
"SASP25",11,0.48143288010042,0.470023253773875,23
"SASP25",12,0.367073525497484,0.35515934514137,23
"SASP25",13,0.605668318574602,0.633141079125503,23
"SASP25",14,0.272882906276802,0.246285334297825,22
"SASP25",15,0.39043458294623,0.37314430439496,23
"SASP25",16,0.349064462442842,0.384736626683452,22
"SASP25",17,0.663973130777516,0.680303282215608,23
"SASP25",18,0.453889379737631,0.476385884343375,23
"SASP25",19,0.313487922951199,0.313933321499146,22
"SASP25",20,0.266617564931139,0.304026594082478,21
"SASP25",21,0.647089432578091,0.623666247501204,23
"SASP25",22,0.608913752020679,0.585168869052435,23
"SASP25",23,0.512301612880754,0.51729777384796,23
"SASP25",24,0.325372429003526,0.33217373865098,22
"SASP25",25,0.15493716795273,0.139959084376565,20
"SASP25",26,0.144682864088816,0.109322264219735,20
"SASP25",27,0.644992756771468,0.644858212758994,23
"SASP25",28,0.249070974954536,0.250157763314291,22
"SASP25",29,0.536975865766634,0.478677640024308,23
"SASP25",30,0.41367774751466,0.440192566513264,23
"SASP25",31,0.449963174498168,0.462982417146479,22
"SASP25",32,0.458694353310948,0.473701496295577,23
"SASP25",33,0.459622023141311,0.454545802696015,22
"SASP25",34,0.576389700252725,0.559630291560089,23
"SASP25",35,0.410410532579875,0.429870967940837,23
"SASP25",36,0.617601099352325,0.594889183283824,23
"SASP25",37,0.612890112106482,0.59983812797378,23
"SASP25",38,0.48622959685417,0.460088663753533,23
"SASP25",39,0.455926951526665,0.417023757546948,23
"SASP25",40,0.371674577988706,0.320578254748702,22
"SASP25",41,0.212621218014288,0.197444099110726,22
"SASP25",42,0.297067681053511,0.284933386685639,22
"SASP25",43,0.332176239290778,0.327094751225207,22
"SASP25",44,0.446985884701252,0.355826613130725,23
"SASP25",45,0.575839172276792,0.578694223508248,23
"SASP25",46,0.18411772728103,0.164810505347631,22
"SASP25",47,0.372686525003575,0.357972394715121,22
"SASP25",48,0.666819644387294,0.659401954814943,23
"SASP25",49,0.448471535046489,0.411642305788076,23
"SASP25",50,0.284723090407196,0.324955475701568,23
"SASP25",51,0.699053769450751,0.701696459738994,23
"SASP25",52,0.689687101654545,0.688589109867794,23
"SASP25",53,0.682996492050206,0.669725141066302,23
"SASP25",54,0.42939415154496,0.449534038305507,23
"SASP25",55,0.219850036296663,0.229172793932783,22
"SASP25",56,0.322137950452083,0.324643123719158,23
"SASP25",57,0.356966144871723,0.33287851473508,23
"SASP25",58,0.405191807630604,0.39010677195922,23
"SASP25",59,0.265614709137571,0.24133561000696,22
"SASP25",60,0.234331939353356,0.19608732308145,21
"SASP25",61,0.411569305424418,0.43038291808827,23
"SASP25",62,0.185725829173676,0.182644141549904,22
"SASP25",63,0.611146129720174,0.607980216169103,23
"SASP25",64,0.719919491570125,0.778627298718968,23
"SASP25",65,0.30160189757543,0.297860321814293,23
"SASP25",66,0.412394942628326,0.363105664985369,23
"SASP25",67,0.398866607293747,0.394578902868522,23
"SASP25",68,0.41481104606461,0.448796060896194,23
"SASP25",69,0.569690422146893,0.619796942232867,23
"SASP25",70,0.313897761012077,0.318253704604026,22
"SASP25",71,0.134303870413848,0.13017520588754,20
"SASP25",72,0.404590447586217,0.412671672088183,23
"SASP25",73,0.332653226433128,0.321668986596134,22
"SASP25",74,0.321731674588395,0.300529451387461,22
"SASP25",75,0.390484291413882,0.37980338618432,23
"SASP25",76,0.440603019228409,0.452101858236793,23
"SASP25",77,0.271944491203865,0.279693483183543,22
"SASP25",78,0.552500842340089,0.570021063213874,23
"SASP25",79,0.604154880785592,0.601818947510472,23
"SASP25",80,0.864036040712606,0.870223235225001,23
"SASP25",81,0.515301437584218,0.513932803824531,23
"SASP25",82,0.587693213701202,0.623261386961075,22
"SASP25",83,0.764443917468727,0.794554681414305,23
"SASP25",84,0.173611765379161,0.18305255721556,21
"SASP25",85,0.487826471903044,0.475590979730307,23
"SASP25",86,0.500624127028339,0.52864591077028,23
"SASP25",87,0.207874519162993,0.212124486501155,21
"SASP25",88,0.557131136644419,0.548207712124541,23
"SASP25",89,0.659480346583366,0.724718153306666,23
"SASP25",90,0.708844770215288,0.711328547764189,23
"SASP25",91,0.370421880877157,0.351782154389921,23
"SASP25",92,0.589064266669193,0.577644692475649,23
"SASP25",93,0.402919158375389,0.362128144977343,23
"SASP25",94,0.337395296293297,0.343756612139179,22
"SASP25",95,0.580502201330667,0.615293632545346,23
"SASP25",96,0.494355703190391,0.506311755861716,22
"SASP25",97,0.39908502821065,0.376094375459937,23
"SASP25",98,0.229028167283439,0.224101476255174,22
"SASP25",99,0.523488447619899,0.488640968363158,23
"SASP25",100,0.462928037738805,0.472723485565498,23
"SASP25",101,0.260983975316706,0.260778336759939,22
"SASP25",102,0.624349324080796,0.639148545129257,23
"SASP25",103,0.193462866970343,0.169071074594336,23
"SASP25",104,0.347344303398991,0.320254619762982,23
"SASP25",105,0.529217999812066,0.54363307120297,23
"SASP25",106,0.357552638349785,0.336578824375285,23
"SASP25",107,0.456216144515469,0.434937058009851,23
"SASP25",108,0.487062648079685,0.522785818959358,23
"SASP25",109,0.321038131790197,0.290256141133896,22
"SASP25",110,0.437247999611202,0.44462921322594,23
"SASP25",111,0.204297155195453,0.183096788735776,22
"SASP25",112,0.44931379663909,0.44105027588145,23
"SASP25",113,0.344341649183147,0.319451431873446,22
"SASP25",114,0.339948792244609,0.356127343766209,23
"SASP25",115,0.297802046426294,0.267457120637031,23
"SASP25",116,0.383861191315071,0.319499752240112,23
"SASP25",117,0.361109304356817,0.364893946938175,23
"SASP25",118,0.556607412518984,0.559329942622788,23
"SASP25",119,0.380388534032508,0.353485642156026,23
"SASP25",120,0.519128136554408,0.546334284364835,23
"SASP25",121,0.7293237675528,0.709989659106893,23
"SASP25",122,0.626408952144923,0.612836516034091,23
"SASP25",123,0.322382750304235,0.320422767199889,23
"SASP25",124,0.339736872180743,0.364881463709456,23
"SASP25",125,0.275415902308255,0.247466913474308,23
"SASP25",126,0.421786842554757,0.423037658489318,22
"SASP25",127,0.397156259281092,0.418110252339153,23
"SASP25",128,0.518376646693746,0.542337636397108,23
"SASP25",129,0.476804634272334,0.48274041656033,22
"SASP25",130,0.523482950641808,0.578098120289691,23
"SASP25",131,0.815955799591087,0.783250730804033,23
"SASP25",132,0.565767462983851,0.568068302638983,23
"SASP25",133,0.424410132001685,0.431413296500313,23
"SASP25",134,0.529929020167951,0.541762811483278,23
"SASP25",135,0.34924299256058,0.351976400022273,23
"SASP25",136,0.288048711350501,0.288674922037224,23
"SASP25",137,0.19377312961273,0.139960144371348,22
"SASP25",138,0.157190074788286,0.150242773855924,20
"SASP25",139,0.374223177440849,0.353031942658469,23
"SASP25",140,0.20053955182621,0.178923221861844,21
"SASP25",141,0.588045610235522,0.598828559073582,23
"SASP25",142,0.316901878813969,0.34418597922932,23
"SASP25",143,0.189714793007522,0.174401873589895,22
"SASP25",144,0.487190185601429,0.498760933697991,23
"SASP25",145,0.316968779387889,0.320111966201873,22
"SASP25",146,0.273768702817395,0.28126804261076,22
"SASP25",147,0.548195883015341,0.591146642619819,23
"SASP25",148,0.647425831385836,0.685344498495725,23
"SASP25",149,0.374041701885719,0.38938505508976,23
"SASP25",150,0.286507426329566,0.288373617732428,22
"SASP25",151,0.447842771153406,0.434638180535663,22
"SASP25",152,0.326423373025368,0.314204172140602,22
"SASP25",153,0.441535781863323,0.42882798603306,23
"SASP25",154,0.311182840457032,0.323661530442608,23
"SASP25",155,0.343398061309979,0.358069837509552,21
"SASP25",156,0.467902641937802,0.465913587754177,23
"SASP25",157,0.237414600176359,0.261780517311145,21
"SASP25",158,0.568146014614425,0.530612014428353,23
"SASP25",159,0.389711389558215,0.414278098522329,22
"SASP25",160,0.573578033989705,0.619164780365147,23
"SASP25",161,0.273776402562228,0.28402309745934,22
"SASP25",162,0.420228356674777,0.431283588360811,23
"SASP25",163,0.383447904693919,0.38086261366601,23
"SASP25",164,0.129240962025607,0.117731706338109,20
"SASP25",165,0.343420374110985,0.373081808917565,23
"SASP25",166,0.549698320356487,0.565374330650107,23
"SASP25",167,0.515384746333747,0.514856480365974,23
"SASP25",168,0.615345743278552,0.568258848867636,23
"SASP25",169,0.32766304894755,0.322110905905762,23
"SASP25",170,0.121016776883212,0.133697572262636,19
"SASP25",171,0.556989912360043,0.530453218555139,23
"SASP25",172,0.644739802677777,0.62017582164851,23
"SASP25",173,0.428234771614813,0.415139516456337,23
"SASP25",174,0.513894113952301,0.55800488268736,21
"SASP25",175,0.505637414161643,0.534448845006462,23
"SASP25",176,0.297827995269288,0.285696679193501,23
"SASP25",177,0.455542635034203,0.454634929070404,23
"SASP25",178,0.421506745517644,0.409401348045745,23
"SASP25",179,0.675976767816007,0.645063152478253,23
"SASP25",180,0.756301697739857,0.809927662771519,23
"SASP25",181,0.0998112810089435,0.0929983580030754,20
"SASP25",182,0.393107387660324,0.383755383287736,22
"SASP25",183,0.589166495588365,0.594885098242312,23
"SASP25",184,0.21906790017153,0.221239602322946,22
"SASP25",185,0.57794929729581,0.588351104389159,23
"SASP25",186,0.524971210572636,0.511444200957356,23
"SASP25",187,0.434396843949434,0.443532718461758,23
"SASP25",188,0.328149301370196,0.295909415898381,23
"SASP25",189,0.283807245869945,0.30853858552827,23
"SASP25",190,0.189990111992556,0.1760546265399,21
"SASP25",191,0.420195948509105,0.388644932376034,23
"SASP25",192,0.379534663211875,0.433415465001018,22
"SASP25",193,0.26539864073475,0.269630549912784,22
"SASP25",194,0.185417986406288,0.216305195315659,21
"SASP25",195,0.311521609340493,0.309354343158602,23
"SASP25",196,0.376609850802315,0.385562805590015,22
"SASP25",197,0.569205107002957,0.556244067011477,23
"SASP25",198,0.573561260993061,0.584496378717021,23
"SASP25",199,0.161700121903803,0.149729554234549,22
"SASP25",200,0.276197888253382,0.303738938894209,23
"SASP25",201,0.619724963296922,0.592978923592998,23
"SASP25",202,0.725161995969537,0.701843267127049,23
"SASP25",203,0.366342420373428,0.383970022501146,23
"SASP25",204,0.49130349214374,0.479408655004679,23
"SASP25",205,0.628703332366801,0.644201730696968,23
"SASP25",206,0.233464419278983,0.249336257993072,23
"SASP25",207,0.387248973701464,0.384839482503576,23
"SASP25",208,0.73863566456545,0.71337227671562,23
"SASP25",209,0.894913264456942,0.870064726070986,23
"SASP25",210,0.166942498218377,0.176814519493384,21
"SASP25",211,0.425616897826401,0.4301346955027,23
"SASP25",212,0.207911620278246,0.197513413270506,21
"SASP25",213,0.426423351373711,0.374531627319877,23
"SASP25",214,0.308916128355588,0.315749915358797,22
"SASP25",215,0.671796275492452,0.677055845694922,23
"SASP25",216,0.290538634393276,0.270861359189046,23
"SASP25",217,0.413001742504161,0.428025254665454,23
"SASP25",218,0.436405525036235,0.439965017072652,23
"SASP25",219,0.774839625217116,0.792936723032483,23
"SASP25",220,0.313170271591319,0.308420115449641,23
"SASP25",221,0.383921938290056,0.363503017370706,23
"SASP25",222,0.656848544300501,0.673317006066329,23
"SASP25",223,0.729637358126081,0.746970520365138,23
"SASP25",224,0.448342768226494,0.431434425887773,23
"SASP25",225,0.427846987323519,0.4216138604916,23
"SASP25",226,0.329066054606306,0.344565009490846,21
"SASP25",227,0.273738806275538,0.290442558561742,22
"SASP25",228,0.601915411504924,0.584547686551866,23
"SASP25",229,0.724107502873512,0.714856583101032,23
"SASP25",230,0.661693639221088,0.645968760841932,23
"SASP25",231,0.214080514368435,0.219456102181699,20
"SASP25",232,0.144046085340849,0.105131125890996,18
"SASP25",233,0.6339541795289,0.624596931079353,23
"SASP25",234,0.333617632665483,0.354557590882306,23
"SASP25",235,0.456250833948461,0.441038667629099,22
"SASP25",236,0.236283746578164,0.222959487586413,19
"SASP25",237,0.447076581360678,0.454053737410468,23
"SASP25",238,0.474403913032397,0.442605276861637,23
"SASP25",239,0.812712862181455,0.835734479490635,23
"SASP25",240,0.365641258308957,0.350610451509803,22
"SASP25",241,0.453207184680838,0.426136878852066,23
"SASP25",242,0.648078967052595,0.638217329613751,23
"SASP25",243,0.591674838191041,0.563512580951914,23
"SASP25",244,0.172803910376962,0.171143212367382,21
"SASP25",245,0.360356979790258,0.367458081188795,21
"SASP25",246,0.404125110336867,0.431491926377118,23
"SASP25",247,0.536402978118584,0.497659825076913,22
"SASP25",248,0.226088022067932,0.228300402535093,21
"SASP25",249,0.470397654297547,0.497916942633395,22
"SASP25",250,0.403811272415912,0.372505269939474,23
"SASP25",251,0.215774766463274,0.250648784428633,22
"SASP25",252,0.657771262322766,0.624216818611824,23
"SASP25",253,0.327990081235299,0.353521701778051,22
"SASP25",254,0.298468476996604,0.343435402251072,23
"SASP25",255,0.181680493339411,0.183291161223202,22
"SASP25",256,0.371426724507562,0.37834744690771,22
"SASP25",257,0.326826705908177,0.303415679306432,22
"SASP25",258,0.674050599434977,0.695661966818918,23
"SASP25",259,0.68632986108672,0.713164046003695,23
"SASP25",260,0.743873884170477,0.753460282193442,23
"SASP25",261,0.489370870839009,0.491795213121812,23
"SASP25",262,0.517932701194245,0.529996647655839,22
"SASP25",263,0.528848264270976,0.555055249285551,23
"SASP25",264,0.555795652910267,0.533960555686245,23
"SASP25",265,0.374513984706658,0.385102508827516,23
"SASP25",266,0.55129868929361,0.607416803303253,23
"SASP25",267,0.154445316080407,0.119123795367396,19
"SASP25",268,0.382281334405556,0.420352510752409,22
"SASP25",269,0.59860325853751,0.619524575837497,23
"SASP25",270,0.354106500943936,0.343876086058653,22
"SASP25",271,0.528682899361826,0.527522094734083,23
"SASP25",272,0.498538294807535,0.49799417258356,23
"SASP25",273,0.487531179905059,0.472886877983432,22
"SASP25",274,0.390425198874664,0.358648144655084,23
"SASP25",275,0.304259458520478,0.289042511297567,23
"SASP25",276,0.438893412633756,0.435553624111822,23
"SASP25",277,0.376678845708177,0.359255115787952,23
"SASP25",278,0.274648552825478,0.282555224745985,21
"SASP25",279,0.465531507832155,0.457756383830396,23
"SASP25",280,0.207779244914556,0.22246648822522,21
"SASP25",281,0.525450305172818,0.545494745964931,23
"SASP25",282,0.214563390413623,0.210442804936893,23
"SASP25",283,0.248955691907427,0.232849950333022,22
"SASP25",284,0.513315657760352,0.509935949761151,23
"SASP25",285,0.393346314089066,0.403796807920074,23
"SASP25",286,0.468369506072893,0.470264336238549,23
"SASP25",287,0.346909073849257,0.320374859765108,23
"SASP25",288,0.518100555821412,0.483580192513756,23
"SASP25",289,0.640726222161223,0.630511041165983,23
"SASP25",290,0.441622945154556,0.448344100602689,23
"SASP25",291,0.673712601917889,0.668726005868185,23
"SASP25",292,0.460794558394383,0.441227875880657,23
"SASP25",293,0.394230152801101,0.4090736930379,23
"SASP25",294,0.373150177225757,0.376910816172958,23
"SASP25",295,0.391452043405207,0.359648764602398,22
"SASP25",296,0.148805777505248,0.112174982866648,20
"SASP25",297,0.17027367387064,0.153438838854134,21
"SASP25",298,0.342249712183083,0.331303312972667,23
"SASP25",299,0.69986886580508,0.69012662552803,23
"SASP25",300,0.488510625941665,0.529113075929248,22
"SASP25",301,0.251947462678194,0.270543863297691,21
"SASP25",302,0.652134366387315,0.605927732309147,23
"SASP25",303,0.148825389494185,0.141238679597035,22
"SASP25",304,0.454299860631113,0.471731517616913,22
"SASP25",305,0.326028612747593,0.295768693092984,23
"SASP25",306,0.134933978378546,0.132439363135562,18
"SASP25",307,0.708306549200192,0.710430648187895,23
"SASP25",308,0.170783153268676,0.193264844696295,20
"SASP25",309,0.187887243645808,0.198875744630851,21
"SASP25",310,0.0858576363540532,0.0860845564983172,17
"SASP25",311,0.366116287261671,0.354785231395163,23
"SASP25",312,0.358380374385105,0.343431383185457,22
"SASP25",313,0.151533354124236,0.160935352678457,19
"SASP25",314,0.336310943347322,0.351234394219737,23
"SASP25",315,0.343350712825482,0.324061298021056,22
"SASP25",316,0.30772591480473,0.325084879241801,23
"SASP25",317,0.558533051885394,0.554878345116367,23
"SASP25",318,0.744568542992914,0.744381767697569,23
"SASP25",319,0.414672754793177,0.453502308696376,23
"SASP25",320,0.544666977880682,0.549249759620628,23
"SASP25",321,0.425243606095865,0.460159083212127,23
"SASP25",322,0.20358807730452,0.218529711791425,22
"SASP25",323,0.28816016666559,0.288060472422011,23
"SASP25",324,0.540125698864311,0.541546829753746,23
"SASP25",325,0.416339290086475,0.453090207772421,23
"SASP25",326,0.777743747778494,0.716008532559858,23
"SASP25",327,0.506726264168364,0.519931209403042,23
"SASP25",328,0.264551298012088,0.302840115234286,20
"SASP25",329,0.213105998462045,0.158119954117343,20
"SASP25",330,0.507112331346649,0.478930347920496,23
"SASP25",331,0.656748938094571,0.671694125013674,23
"SASP25",332,0.138670220971394,0.182532089419031,19
"SASP25",333,0.34685346157368,0.320567849737208,22
"SASP25",334,0.507210199671646,0.494457839800528,23
"SASP25",335,0.250385920917528,0.223517135756947,22
"SASP25",336,0.586385814828086,0.569769316016385,23
"SASP25",337,0.383026639109936,0.416153320608539,22
"SASP25",338,0.287858048340988,0.253582833386155,22
"SASP25",339,0.343346534262131,0.334710290302303,23
"SASP25",340,0.203590172755595,0.186056448242124,22
"SASP25",341,0.459498738960445,0.457632045698794,23
"SASP25",342,0.63196195912848,0.648843641084719,23
"SASP25",343,0.393197825408924,0.394744327735462,23
"SASP25",344,0.31812649549045,0.298320227135669,23
"SASP25",345,0.351851090227429,0.365112952188323,23
"SASP25",346,0.478263338462535,0.524541005523633,23
"SASP25",347,0.437676795740112,0.425465918794519,23
"SASP25",348,0.234773880746342,0.260787734528078,21
"SASP25",349,0.461960985589614,0.456606706577477,23
"SASP25",350,0.351718735442467,0.332879599782492,22
"SASP25",351,0.663818406081682,0.625751523024776,23
"SASP25",352,0.32899153342785,0.352321364276472,22
"SASP25",353,0.64799496258763,0.618308123818896,23
"SASP25",354,0.519269163660978,0.502826167085614,23
"SASP25",355,0.360708163148738,0.335921471784521,23
"SASP25",356,0.428852668778516,0.426864202293539,23
"SASP25",357,0.485707350490155,0.421050599129883,23
"SASP25",358,0.0995881848322247,0.10307348573072,20
"SASP25",359,0.449397976654488,0.441683172648835,23
"SASP25",360,0.115324659448143,0.114684146665351,17
"SASP25",361,0.406673211362251,0.402183404676227,23
"SASP25",362,0.121623791005002,0.115799944505127,18
"SASP25",363,0.546179982681607,0.469074060753996,23
"SASP25",364,0.357299583044243,0.366137399168631,23
"SASP25",365,0.111494254213089,0.114252403987434,20
"SASP25",366,0.218658075894773,0.216425725371125,22
"SASP25",367,0.0309319370667037,0.0267482970018883,17
"SASP25",368,0.525689254893069,0.545967497234295,23
"SASP25",369,0.374355299222029,0.361460854722189,23
"SASP25",370,0.408430204076346,0.424410156295311,23
"SASP25",371,0.633447258513517,0.635472195185274,23
"SASP25",372,0.329728426849393,0.329012416666809,23
"SASP25",373,0.220262100151286,0.261011631136419,20
"SASP25",374,0.419207783797785,0.411893015222415,23
"SASP25",375,0.33445159593182,0.316330873402213,22
"SASP25",376,0.362142507175834,0.36409967195535,23
"SASP25",377,0.411288084949587,0.442421403450667,22
"SASP25",378,0.276536591509531,0.292565751752389,22
"SASP25",379,0.145938924665642,0.173129515493521,20
"SASP25",380,0.459992810903647,0.443849813547487,23
"SASP25",381,0.402317694396294,0.388165156956639,23
"SASP25",382,0.38290822722233,0.37286326043893,22
"SASP25",383,0.212332805998119,0.216581932868834,20
"SASP25",384,0.392967123887613,0.388611152318102,23
"SASP25",385,0.27613013361443,0.313825982855535,22
"SASP25",386,0.51092762975828,0.535653867086208,23
"SASP25",387,0.548421183452385,0.546330061199456,23
"SASP25",388,0.411352032856799,0.409015022451389,23
"SASP25",389,0.247729868924957,0.242189402095922,23
"SASP25",390,0.392873396897174,0.357861584428591,22
"SASP25",391,0.468627116815185,0.462640505466964,22
"SASP25",392,0.69622543390406,0.717987523916111,23
"SASP25",393,0.320689723039148,0.315925936834107,22
"SASP25",394,0.263821880562425,0.223713391272545,21
"SASP25",395,0.514674191520394,0.523842042394855,23
"SASP25",396,0.561044141207711,0.557679098890595,23
"SASP25",397,0.629540120795957,0.642751152589108,23
"SASP25",398,0.221313495915986,0.247225760745509,21
"SASP25",399,0.420555290983232,0.43178821433182,23
"SASP25",400,0.184469238678832,0.176972594040705,22
"SASP25",401,0.21239887156298,0.23799088594159,22
"SASP25",402,0.436257424046547,0.463511841299646,23
"SASP25",403,0.290668839082598,0.255628797337448,23
"SASP25",404,0.194434329865838,0.208820138020568,21
"SASP25",405,0.303464485431056,0.297729506331974,22
"SASP25",406,0.313524527998332,0.339061688130302,22
"SASP25",407,0.363324086658486,0.321140018539111,22
"SASP25",408,0.356753215255869,0.375887966651118,23
"SASP25",409,0.642835221764701,0.634767277226196,23
"SASP25",410,0.704444987255546,0.68087421412663,23
"SASP25",411,0.533283268743076,0.520596993086715,22
"SASP25",412,0.248145218810797,0.246059314429068,22
"SASP25",413,0.210718326550774,0.223451589218838,22
"SASP25",414,0.382466076422021,0.364241316876982,23
"SASP25",415,0.361202116016182,0.364504019078721,22
"SASP25",416,0.415800528427369,0.414610846574043,23
"SASP25",417,0.259357406565477,0.271293480615113,22
"SASP25",418,0.474703021103945,0.476099503163203,23
"SASP25",419,0.532711486578137,0.525373931321963,23
"SASP25",420,0.529634620781408,0.519551856653664,23
"SASP25",421,0.325738943192998,0.299255876114009,23
"SASP25",422,0.459647572354362,0.438849053848609,23
"SASP25",423,0.662509920157654,0.641732798523384,23
"SASP25",424,0.74326900390378,0.752881217565202,23
"SASP25",425,0.432185363894829,0.461769950409875,23
"SASP25",426,0.461609368888928,0.434515793993411,23
"SASP25",427,0.671246719387006,0.642725987461209,23
"SASP25",428,0.214351802343065,0.203315305822265,22
"SASP25",429,0.867185128420408,0.793474880646948,23
"SASP25",430,0.635015778502153,0.611895584881548,23
"SASP25",431,0.60524622684845,0.592509198185986,23
"SASP25",432,0.241204845978578,0.240034721580139,22
"SASP25",433,0.280427623692258,0.265311135523705,23
"SASP25",434,0.355351607807372,0.358604054655006,22
"SASP25",435,0.639513709867245,0.613260371593565,23
"SASP25",436,0.399366075364807,0.397186483106357,23
"SASP25",437,0.497481664894671,0.514216761834736,23
"SASP25",438,0.399269566931848,0.400259347973237,22
"SASP25",439,0.671155666077395,0.642309323041291,23
"SASP25",440,0.38872983392281,0.379735363516674,23
"SASP25",441,0.0894795080764725,0.0664613577018829,15
"SASP25",442,0.617475821748676,0.592127168223716,23
"SASP25",443,0.353311861980781,0.330185297609727,22
"SASP25",444,0.201856972357738,0.206511362811921,22
"SASP25",445,0.297746660039343,0.31351708961254,22
"SASP25",446,0.390257570841833,0.428278511764353,23
"SASP25",447,0.678699629385111,0.652953169670572,23
"SASP25",448,0.0484589758867892,0.0691359293897181,16
"SASP25",449,0.18343375440006,0.184911971344718,20
"SASP25",450,0.554461452173235,0.557873069453578,23
"SASP25",451,0.304678529107453,0.313928441746129,22
"SASP25",452,0.641255727853566,0.644012068128316,23
"SASP25",453,0.183008853029998,0.197932147080769,20
"SASP25",454,0.369175773360285,0.376366782064986,23
"SASP25",455,0.659246447642378,0.629554994014022,23
"SASP25",456,0.472424815355128,0.448678046926664,23
"SASP25",457,0.448893675972782,0.428712173513143,23
"SASP25",458,-0.0267126639416454,-0.0253569113825352,8
"SASP25",459,0.16137697665521,0.164310193403388,21
"SASP25",460,0.359996297526978,0.338367386814665,23
"SASP25",461,0.482411831857585,0.449177815882,23
"SASP25",462,0.287055276386209,0.316077065541574,23
"SASP25",463,0.646970556025532,0.654911766571886,23
"SASP25",464,0.372540691453503,0.352559697035935,23
"SASP25",465,0.268384379957666,0.256579897001586,23
"SASP25",466,0.285015419299182,0.318093776803973,23
"SASP25",467,0.407088906703551,0.421634209197626,23
"SASP25",468,0.37322399199681,0.3779683093437,23
"SASP25",469,0.467199007235182,0.467219317563352,23
"SASP25",470,0.218963660597991,0.186648955665804,21
"SASP25",471,0.482963950185136,0.451489246585583,23
"SASP25",472,0.377154147492155,0.375485210812509,23
"SASP25",473,0.289944845912454,0.281919880269411,22
"SASP25",474,0.197316520295921,0.204746256644042,21
"SASP25",475,0.145737552172417,0.0895063085796705,19
"SASP25",476,0.584195497908082,0.534485127690647,23
"SASP25",477,0.330254980527371,0.289953554624305,22
"SASP25",478,0.320952521156258,0.332868316290041,22
"SASP25",479,0.682392803406249,0.686559144656359,23
"SASP25",480,0.793175067545845,0.802319031115914,23
"SASP25",481,0.197456266590022,0.184368090033805,22
"SASP25",482,0.0799974584601783,0.103439297680909,19
"SASP25",483,0.283292228781417,0.295835873559446,22
"SASP25",484,0.502868155452715,0.497322428568352,23
"SASP25",485,0.272352142683838,0.270910678982855,22
"SASP25",486,0.745189243245275,0.746133753736432,23
"SASP25",487,0.401139956594089,0.421233102077944,23
"SASP25",488,0.341260488445494,0.326090977272143,22
"SASP25",489,0.013600351912291,0.000461999363507786,12
"SASP25",490,0.698960373207488,0.712820665179858,23
"SASP25",491,0.420877372477167,0.450404091276087,23
"SASP25",492,0.818000344246956,0.835778730811156,23
"SASP25",493,0.331849265658046,0.344160531080482,22
"SASP25",494,0.386618785409494,0.368482362301192,23
"SASP25",495,0.0980665580744375,0.0979023930520098,19
"SASP25",496,0.236589947555084,0.198452715643977,21
"SASP25",497,0.237028872575497,0.231142149258088,22
"SASP25",498,0.292792721919237,0.284498165519021,23
"SASP25",499,0.527998219457712,0.50446427981057,23
"SASP25",500,0.362389707068705,0.380604745269198,23
"SASP25",501,0.627836200083031,0.587766624858812,23
"SASP25",502,0.533677841642918,0.521525605533367,23
"SASP25",503,0.280910181829917,0.311398562226853,22
"SASP25",504,0.514675810066422,0.520249547261354,23
"SASP25",505,0.365377735669302,0.387944244574141,22
"SASP25",506,0.519752399657668,0.566464744842057,23
"SASP25",507,0.5938911742473,0.512792665191686,23
"SASP25",508,0.225208791156014,0.253974925428183,20
"SASP25",509,0.483313835828675,0.45405511636311,23
"SASP25",510,0.628473270657374,0.626985767318954,23
"SASP25",511,0.428643356236764,0.348176438602423,23
"SASP25",512,0.345568586413476,0.342865092918994,23
"SASP25",513,0.187620512061338,0.181024526582673,21
"SASP25",514,0.442510248475547,0.449618418139105,23
"SASP25",515,0.290008867092547,0.247929331472706,22
"SASP25",516,0.192700602258663,0.18236289136256,22
"SASP25",517,0.422252316679797,0.422830602063884,23
"SASP25",518,0.378235680889565,0.340862278034429,23
"SASP25",519,0.336545389655021,0.331625410095514,21
"SASP25",520,0.4978945187182,0.516839228164866,23
"SASP25",521,0.476007151327462,0.51228402011438,23
"SASP25",522,0.0102196864644582,0.00539509808971298,13
"SASP25",523,0.561028761085092,0.553577264318929,23
"SASP25",524,0.651545383642506,0.567812902026643,23
"SASP25",525,0.344331644582743,0.359476115708287,21
"SASP25",526,0.232612232671107,0.277265876310866,21
"SASP25",527,0.533049027241309,0.577730017538436,23
"SASP25",528,0.566848346232848,0.606294277073012,23
"SASP25",529,0.357311779623291,0.376834292446783,23
"SASP25",530,0.406107350969826,0.380677321047737,23
"SASP25",531,0.23860183619926,0.242176693919819,22
"SASP25",532,0.657249866380882,0.663583943496828,23
"SASP25",533,0.580240257289357,0.572016197725023,23
"SASP25",534,0.332902777038479,0.338637127885251,23
"SASP25",535,0.236721413510176,0.237057221465939,23
"SASP25",536,0.68406696240635,0.644571956097196,23
"SASP25",537,0.390436009855393,0.430623302074185,23
"SASP25",538,0.25042860258784,0.216997661864236,22
"SASP25",539,0.576070431703364,0.563804459581204,23
"SASP25",540,0.402687315159672,0.396883719163271,23
"SASP25",541,0.64222690445484,0.616159646403653,23
"SASP25",542,0.398469816533819,0.418420709425658,23
"SASP25",543,0.553197824232845,0.54501983681323,23
"SASP25",544,0.433793874508253,0.427044751710024,23
"SASP25",545,0.428995208312736,0.433726991443646,23
"SASP25",546,0.332470281571226,0.324657123891654,23
"SASP25",547,0.454655887845955,0.446005928261208,23
"SASP25",548,0.528669264070203,0.507955390247139,23
"SASP25",549,0.661979388943525,0.626226980463305,23
"SASP25",550,0.149345998815648,0.154974845966455,19
"SASP25",551,0.285399742760288,0.302844517652896,22
"SASP25",552,0.319745654566232,0.353268043474402,22
"SASP25",553,0.207391038981222,0.14925171879438,23
"SASP25",554,0.478992464864114,0.532467174364278,23
"SASP25",555,0.481235612196026,0.469386452363273,23
"SASP25",556,0.303360943466002,0.294961205784786,23
"SASP25",557,0.563951380422235,0.590601454693404,23
"SASP25",558,0.3649091841221,0.318478676462806,23
"SASP25",559,0.429571341854195,0.476757400456249,23
"SASP25",560,0.431002384011027,0.382878335491251,23
"SASP25",561,0.370026482582573,0.38201248420907,22
"SASP25",562,0.358409313741134,0.329064059011194,23
"SASP25",563,0.526159438688848,0.51130235845271,23
"SASP25",564,0.212185034304839,0.193136066933736,22
"SASP25",565,0.8372113838095,0.815521864509003,23
"SASP25",566,0.604229881960653,0.588977063898177,23
"SASP25",567,0.339215629580913,0.27949652894515,23
"SASP25",568,0.43987931036056,0.455645805211676,23
"SASP25",569,0.278089322539091,0.247065454177075,23
"SASP25",570,0.37384299741044,0.332205768469118,23
"SASP25",571,0.28271320488371,0.300205922542392,22
"SASP25",572,0.51186300158233,0.466978042902605,23
"SASP25",573,0.664507816248972,0.665426958948882,23
"SASP25",574,0.435298458191355,0.364831976032075,23
"SASP25",575,0.206742038556202,0.208352094692314,22
"SASP25",576,0.371837844808666,0.288584762616534,23
"SASP25",577,0.313631803377814,0.293011888508487,23
"SASP25",578,0.112518603717917,0.0828785803233483,19
"SASP25",579,0.161169668967368,0.167751616946686,21
"SASP25",580,0.260592421671321,0.235481532278619,23
"SASP25",581,0.323434054725827,0.299522190165947,23
"SASP25",582,0.224776786047373,0.232604497396397,22
"SASP25",583,0.187996550758586,0.174588402671582,23
"SASP25",584,0.148334268488862,0.145863790487079,21
"SASP25",585,0.218522777911595,0.214462939961972,23
"SASP25",586,0.401677323741798,0.413326815852944,23
"SASP25",587,0.357245483017162,0.334782562586078,23
"SASP25",588,0.564502691700215,0.542609162306095,23
"SASP25",589,0.59154807961292,0.580294082485131,23
"SASP25",590,0.0774412457395943,0.0217070696184428,16
"SASP25",591,0.137695633178248,0.169962136444567,22
"SASP25",592,0.664661835175203,0.655557307282399,23
"SASP25",593,0.414403606350932,0.43548196477453,23
"SASP25",594,0.587029445673054,0.64742680957248,23
"SASP25",595,0.0545414388625014,0.0569925185316698,15
"SASP25",596,0.411126185179849,0.406802739448798,23
"SASP25",597,0.846849383762805,0.855820485514187,23
"SASP25",598,0.414028897500685,0.39954036632825,23
"SASP25",599,0.45819276847154,0.449679132674676,23
"SASP25",600,0.457636792270653,0.478976836004216,23
"SASP25",601,0.435629811875669,0.439589089880302,23
"SASP25",602,0.353874498899071,0.336890529864772,23
"SASP25",603,0.829963260592959,0.843948830337034,23
"SASP25",604,0.558103691301182,0.55681362824546,23
"SASP25",605,0.0285977958945625,0.074176523608171,15
"SASP25",606,0.103962401939009,0.089570316325871,20
"SASP25",607,0.756812980595574,0.765899771248466,23
"SASP25",608,0.36057813838467,0.403654558772423,22
"SASP25",609,0.478166522493917,0.483031267207154,23
"SASP25",610,0.490530380155158,0.484643295177482,23
"SASP25",611,0.354483563322271,0.359657010894417,23
"SASP25",612,0.0460400747094536,0.0619584626385696,14
"SASP25",613,0.593217251548714,0.59039200436912,23
"SASP25",614,0.544384339783499,0.56184364734426,23
"SASP25",615,0.772411652567562,0.806789789901636,23
"SASP25",616,0.507071158007104,0.499202371248776,23
"SASP25",617,0.270791286351586,0.238430952602053,22
"SASP25",618,0.440059192902441,0.46893703405658,23
"SASP25",619,0.203250276683554,0.209686888716021,21
"SASP25",620,0.111343169836538,0.105730728071604,20
"SASP25",621,0.411308244236754,0.422516756391402,23
"SASP25",622,0.544703745376556,0.523436577839201,23
"SASP25",623,0.611556324803112,0.624946342236077,23
"SASP25",624,0.431485361472776,0.451630128153911,23
"SASP25",625,0.236623525510295,0.24267473009272,22
"SASP25",626,0.412709913849592,0.407748872223657,23
"SASP25",627,0.366668900621033,0.366816394294778,23
"SASP25",628,0.25202426497147,0.240588372276357,23
"SASP25",629,0.35786169212254,0.379397770039458,22
"SASP25",630,0.495312949324794,0.482312846082793,23
"SASP25",631,0.229108035778195,0.243304776802287,21
"SASP25",632,0.34827676877422,0.330010974837381,23
"SASP25",633,0.201020081349479,0.194942219039065,22
"SASP25",634,0.261500888799165,0.255037837605672,23
"SASP25",635,0.353981478548035,0.34970809500188,23
"SASP25",636,0.452935560294837,0.441688617631542,23
"SASP25",637,0.278837214400692,0.266157338217126,23
"SASP25",638,0.357560433090311,0.355343716471327,23
"SASP25",639,0.243296300172402,0.213469517405959,20
"SASP25",640,0.583164002179114,0.590491440296604,23
"SASP25",641,0.594363549886744,0.595044861163981,23
"SASP25",642,0.184178230240577,0.203424581031155,18
"SASP25",643,0.734674896599484,0.667357109680827,23
"SASP25",644,0.35964596502332,0.368291135752132,22
"SASP25",645,0.142763762443813,0.0927441969906065,20
"SASP25",646,0.349904458457286,0.333880147325302,23
"SASP25",647,0.342360842772948,0.358153800107978,22
"SASP25",648,0.417390922284678,0.435306927511753,22
"SASP25",649,0.32606714506771,0.326534059376725,23
"SASP25",650,0.313718685154696,0.332857316079422,21
"SASP25",651,0.257218641846009,0.258551341604262,23
"SASP25",652,0.441029314271091,0.406605298118849,23
"SASP25",653,0.343025694338101,0.351481056226182,23
"SASP25",654,0.173498468286425,0.186375478589675,21
"SASP25",655,0.643315440009304,0.658819081885677,23
"SASP25",656,0.537063503465036,0.598904505691344,22
"SASP25",657,0.322823275594318,0.331937768429112,23
"SASP25",658,0.286485909478607,0.273511572674049,23
"SASP25",659,0.299744622789337,0.296301753268934,22
"SASP25",660,0.505621313416507,0.507629487439893,23
"SASP25",661,0.357199235568112,0.355427084047824,23
"SASP25",662,0.272161001585052,0.293937649594421,22
"SASP25",663,0.385792696275731,0.392140664666443,23
"SASP25",664,0.0977908180697071,0.117709491074957,18
"SASP25",665,0.710868783238933,0.752660152283145,23
"SASP25",666,0.0512649646787195,0.0410719883044955,16
"SASP25",667,0.460110407663646,0.453428019236804,23
"SASP25",668,0.341646286255821,0.328536650390914,23
"SASP25",669,0.428848826116725,0.454789582065841,23
"SASP25",670,0.112446290656341,0.116284443367692,20
"SASP25",671,0.505266880575323,0.502238928809728,23
"SASP25",672,0.362145743222078,0.358325046908742,23
"SASP25",673,0.297821644941628,0.345299595801128,22
"SASP25",674,0.281605780431514,0.216236831576504,22
"SASP25",675,0.442700905897104,0.434894954173132,23
"SASP25",676,0.464036481354816,0.477213439465549,23
"SASP25",677,0.309572703310478,0.319981453262755,22
"SASP25",678,0.23335788837703,0.213726638083646,20
"SASP25",679,0.365360944604086,0.351962935339138,23
"SASP25",680,0.638549620165369,0.603407812335524,23
"SASP25",681,0.720156800256457,0.742814384297618,23
"SASP25",682,0.43357440791753,0.42336085318805,23
"SASP25",683,0.160459515020136,0.148340316264267,22
"SASP25",684,0.210092838678289,0.210391186790261,21
"SASP25",685,0.126798882190035,0.119952620119271,20
"SASP25",686,0.23060090687602,0.216655684284475,21
"SASP25",687,0.47919788735651,0.455245268748603,23
"SASP25",688,0.649051432566345,0.668184087996766,23
"SASP25",689,0.344797449302544,0.360604136462253,22
"SASP25",690,0.122434185273908,0.117918722023645,17
"SASP25",691,0.511646683680608,0.530214662999161,22
"SASP25",692,0.842552410221647,0.905952833641333,23
"SASP25",693,0.275604515258397,0.262458706776192,23
"SASP25",694,0.671674906624098,0.676212405441021,23
"SASP25",695,0.526509757050933,0.550924303920293,23
"SASP25",696,0.535926574780391,0.501724764911063,23
"SASP25",697,0.37821392428986,0.384850679612865,23
"SASP25",698,0.401654488972225,0.410231869456524,22
"SASP25",699,0.0962182267634473,0.115562547722999,17
"SASP25",700,0.94242042455871,0.914477222189096,23
"SASP25",701,0.317952106389142,0.328559607981186,23
"SASP25",702,0.417601431921311,0.402946463508325,22
"SASP25",703,0.505381773228251,0.511594422302893,23
"SASP25",704,0.549589875211341,0.545839200862889,23
"SASP25",705,0.375985114785287,0.367276296536612,23
"SASP25",706,-0.0531361120060631,-0.0516582360799728,7
"SASP25",707,0.260212833711178,0.265786672667883,22
"SASP25",708,0.486054789283695,0.505630418445546,23
"SASP25",709,0.563339989179802,0.606131775782618,23
"SASP25",710,0.554475735085482,0.578618363564194,23
"SASP25",711,0.632921200123873,0.624560413915096,23
"SASP25",712,0.38275804856161,0.411907719792832,23
"SASP25",713,0.453865041515853,0.405670433328074,22
"SASP25",714,0.244945363379024,0.295980495277184,22
"SASP25",715,0.514668652534681,0.521097147122407,23
"SASP25",716,0.264333938815322,0.276852478059217,22
"SASP25",717,0.261905395405979,0.268130519050194,23
"SASP25",718,0.349357294486702,0.362712536940216,23
"SASP25",719,0.374945513909336,0.34997785718308,23
"SASP25",720,0.182939008734779,0.171880258951726,22
"SASP25",721,0.373604006993936,0.391312439814072,23
"SASP25",722,0.327906408117408,0.324779915531501,23
"SASP25",723,0.379233989655098,0.386607847729725,23
"SASP25",724,0.437620266045195,0.479642565708763,23
"SASP25",725,0.788480531128755,0.73538566554385,23
"SASP25",726,0.479007930136939,0.495493539624425,23
"SASP25",727,0.300886611085574,0.310999626008545,23
"SASP25",728,0.341594763606707,0.339540625406838,23
"SASP25",729,0.419860605425803,0.437728891784515,23
"SASP25",730,0.283637674886459,0.301755630527979,23
"SASP25",731,0.614230032351818,0.641617027054658,23
"SASP25",732,0.60458766808349,0.632149500122632,23
"SASP25",733,0.445514327223784,0.406886382140388,23
"SASP25",734,0.473110247745257,0.469091781284994,23
"SASP25",735,0.216411285827975,0.207939105213233,21
"SASP25",736,0.153606142209538,0.148205776262759,19
"SASP25",737,0.423544626609077,0.463291998160504,23
"SASP25",738,0.355675332611386,0.356903631259966,23
"SASP25",739,0.455646615190735,0.428925615907046,23
"SASP25",740,0.583283163005322,0.544990853394049,23
"SASP25",741,0.779454099700786,0.770265833933083,23
"SASP25",742,0.507923687474417,0.515520157022526,23
"SASP25",743,0.496437313314787,0.503612872100144,23
"SASP25",744,0.487731413953412,0.502583310851121,23
"SASP25",745,0.505613923453094,0.535602859054563,23
"SASP25",746,0.406439538890134,0.413501036082271,23
"SASP25",747,0.397386035410001,0.420621079094258,22
"SASP25",748,0.20989993523828,0.198228206586035,23
"SASP25",749,0.478714020596502,0.486257603529493,23
"SASP25",750,0.320521225442825,0.326963996922831,23
"SASP25",751,0.372922455449554,0.378244479847423,23
"SASP25",752,0.284443635950992,0.266473238305068,23
"SASP25",753,0.489451478113914,0.501455724206073,23
"SASP25",754,0.688572668061238,0.69601525961084,23
"SASP25",755,0.558679082076571,0.544114643651967,23
"SASP25",756,0.463317722583486,0.455117406575324,23
"SASP25",757,0.339312088172788,0.329983192643372,23
"SASP25",758,0.244963269327792,0.261732891355677,23
"SASP25",759,0.0201846124523173,0.0173995399556609,14
"SASP25",760,0.68813649621382,0.666216415232893,23
"SASP25",761,0.43984313171483,0.431552560886355,23
"SASP25",762,0.601368608181659,0.563986044622135,23
"SASP25",763,0.293820465154386,0.322500948309679,22
"SASP25",764,0.121438265099592,0.101596682608516,20
"SASP25",765,0.495541665626157,0.499209781994266,23
"SASP25",766,0.684582629290719,0.693409368770845,23
"SASP25",767,0.351248742227793,0.313639296091021,23
"SASP25",768,0.382813329509015,0.37908961672614,23
"SASP25",769,0.365022799827043,0.413123642963513,23
"SASP25",770,0.483542147616067,0.469540109166722,23
"SASP25",771,0.551826205618344,0.528427670752285,23
"SASP25",772,0.396750138213877,0.412759371966802,23
"SASP25",773,0.280728616473369,0.3000779260952,22
"SASP25",774,0.220709773896213,0.212080469115328,23
"SASP25",775,0.426438120352408,0.412585481834935,22
"SASP25",776,0.407872242584987,0.397383543641628,23
"SASP25",777,0.540728474607379,0.533450760145024,23
"SASP25",778,0.279795136657521,0.279260622023919,23
"SASP25",779,0.592477924888104,0.560756643166285,23
"SASP25",780,0.49735461899193,0.510482809277041,23
"SASP25",781,0.628204927649756,0.620313828628229,23
"SASP25",782,0.261554795511496,0.224633635929694,21
"SASP25",783,0.367020410545714,0.360175875154003,23
"SASP25",784,0.602729762750006,0.650674669123401,23
"SASP25",785,0.221738634631423,0.168171008914553,23
"SASP25",786,0.447090216537835,0.413974864927781,23
"SASP25",787,0.210256021126359,0.187452009161789,23
"SASP25",788,0.296139431655296,0.335468939866334,22
"SASP25",789,0.333158323110297,0.330061444941398,22
"SASP25",790,0.331629323929424,0.313416249210353,22
"SASP25",791,0.340265705825648,0.316944218898086,23
"SASP25",792,0.221474606337934,0.242935278165187,21
"SASP25",793,0.613268242162155,0.608031645979352,23
"SASP25",794,0.171539329020645,0.178502247559011,19
"SASP25",795,0.171056005006228,0.152519389455018,22
"SASP25",796,0.806310356383483,0.778025016801235,23
"SASP25",797,0.280608138791929,0.311907283309367,22
"SASP25",798,0.571444005987957,0.582522555770446,23
"SASP25",799,0.614833296405207,0.632711353870171,23
"SASP25",800,0.459708535965462,0.450700999503479,23
"SASP25",801,0.129724594211186,0.188233464597156,17
"SASP25",802,0.159115445254709,0.190619745021976,20
"SASP25",803,0.218375024607014,0.221472690696448,22
"SASP25",804,0.171287450386194,0.210498135483143,21
"SASP25",805,0.120895023137979,0.130101535794484,17
"SASP25",806,0.565819262923345,0.509967979938895,23
"SASP25",807,0.326696441183634,0.297053356797544,22
"SASP25",808,0.499504513951411,0.520375674570634,23
"SASP25",809,0.316763291606038,0.331075888839449,22
"SASP25",810,0.662800509592115,0.652651993965588,23
"SASP25",811,0.34084782385648,0.361531540259156,23
"SASP25",812,0.238242463068739,0.253743649767763,23
"SASP25",813,0.448834224811954,0.478272848880409,23
"SASP25",814,0.427570425112921,0.456201581788536,23
"SASP25",815,0.583604361340226,0.58678495398072,23
"SASP25",816,0.806791899707747,0.823689145323815,23
"SASP25",817,0.314865200924204,0.301998562249965,23
"SASP25",818,0.148275847591409,0.149937602950813,19
"SASP25",819,0.511386168530227,0.49961184428927,23
"SASP25",820,0.258917649675579,0.224889051881396,22
"SASP25",821,0.301164913010313,0.333247942799141,21
"SASP25",822,0.470870098489667,0.489603186246905,23
"SASP25",823,0.25738248770979,0.244731025652719,23
"SASP25",824,0.179761893252767,0.198599060925819,23
"SASP25",825,0.614745211228738,0.639568097696697,23
"SASP25",826,0.136050485416064,0.14268460235516,19
"SASP25",827,0.436934769115908,0.448540106277818,23
"SASP25",828,0.518069919479417,0.519584959611602,23
"SASP25",829,0.545249714511007,0.559442577955995,23
"SASP25",830,0.286407046305019,0.282202861150782,23
"SASP25",831,0.231540764258074,0.218153491909529,22
"SASP25",832,0.427111220456731,0.430309871868752,23
"SASP25",833,0.278899841881804,0.27315502241188,21
"SASP25",834,0.383227213034353,0.41348792419435,23
"SASP25",835,0.153754303399511,0.185715599747525,20
"SASP25",836,0.542972183037296,0.547970616310427,23
"SASP25",837,0.371361478751835,0.359102297200737,23
"SASP25",838,0.155150415802481,0.155930076724125,20
"SASP25",839,0.546858922606542,0.581466959220794,23
"SASP25",840,0.231273747120543,0.207870142340818,22
"SASP25",841,0.55131661177009,0.570569078616522,23
"SASP25",842,0.0567970792917233,0.0771934646197465,14
"SASP25",843,0.300814950420579,0.290916100735159,23
"SASP25",844,0.338336499633875,0.297873537470251,23
"SASP25",845,0.379910737926437,0.372098252542325,23
"SASP25",846,0.410576975137072,0.385840575891047,23
"SASP25",847,0.983400837810702,0.943075289660441,23
"SASP25",848,0.706924411341804,0.746513104195735,23
"SASP25",849,0.0183334624830723,0.00965036283853664,12
"SASP25",850,0.507254073381314,0.437525815617751,23
"SASP25",851,0.314274069803997,0.330625339028544,23
"SASP25",852,0.481215821289142,0.494526573771439,23
"SASP25",853,0.351487675272939,0.335408899094693,23
"SASP25",854,0.426902517973626,0.381072437018083,23
"SASP25",855,0.359390131927925,0.3769251142158,23
"SASP25",856,0.323291409068637,0.340859646660102,23
"SASP25",857,0.630512693113294,0.660282174355982,23
"SASP25",858,0.401496577386273,0.42218222220713,22
"SASP25",859,0.595563728968349,0.60790564464047,23
"SASP25",860,0.545729001305743,0.537363269278527,23
"SASP25",861,0.343321719473691,0.325616418848962,22
"SASP25",862,0.481243531223115,0.463523931079735,23
"SASP25",863,0.312009273410752,0.317167952173516,22
"SASP25",864,0.562381094663421,0.611947061313189,23
"SASP25",865,0.701985325180167,0.686171111558114,23
"SASP25",866,0.429540776151034,0.430042236212871,22
"SASP25",867,0.504105949657723,0.51912841051888,23
"SASP25",868,0.550383595204742,0.548262282104567,23
"SASP25",869,0.671070443895199,0.66771766591388,23
"SASP25",870,0.703924214372569,0.675290287810868,23
"SASP25",871,0.416420937677453,0.425651237540324,23
"SASP25",872,0.334516319444272,0.339002167829985,22
"SASP25",873,0.218658105865838,0.2371394033422,23
"SASP25",874,0.440368832026185,0.450468349159735,23
"SASP25",875,0.74469503150529,0.744169273880316,23
"SASP25",876,0.534342587929347,0.544358718897058,23
"SASP25",877,0.0957781247518145,0.0944149424836215,18
"SASP25",878,0.501777511567767,0.525847406544989,23
"SASP25",879,0.719481910061939,0.71874849717007,23
"SASP25",880,0.293148674477042,0.313700821526161,21
"SASP25",881,0.0160430658037746,0.0400012345867905,15
"SASP25",882,0.517032206522997,0.500813865719373,23
"SASP25",883,0.565733348639624,0.594483678691171,23
"SASP25",884,0.388171281342602,0.362598287128051,23
"SASP25",885,0.275673266990648,0.260105923063101,23
"SASP25",886,0.79716833479406,0.831870843729931,23
"SASP25",887,0.561540666929885,0.573974523798309,23
"SASP25",888,0.519063993084652,0.522813511458296,23
"SASP25",889,0.243845822973653,0.255601081086388,22
"SASP25",890,0.392404551414994,0.384435889776017,22
"SASP25",891,0.270289019616403,0.24343257552506,22
"SASP25",892,0.366583560553985,0.320812346728179,23
"SASP25",893,0.208152250053094,0.186672433685797,22
"SASP25",894,0.317105714702709,0.343876787393532,23
"SASP25",895,0.295297743756843,0.27390408726358,22
"SASP25",896,0.739980595554145,0.753371478260165,23
"SASP25",897,0.417498364399164,0.394683578879558,23
"SASP25",898,0.208084064831812,0.20542901327674,19
"SASP25",899,0.40942127336382,0.380964539051922,23
"SASP25",900,0.202168254615668,0.196518340223725,22
"SASP25",901,0.496551079977515,0.478813165139316,23
"SASP25",902,0.512521087183286,0.52791175439688,23
"SASP25",903,0.156672199007073,0.133566123578836,21
"SASP25",904,0.124104016630448,0.123342444784026,20
"SASP25",905,0.472460977771709,0.443242946712843,23
"SASP25",906,0.206909817497262,0.22205310476406,22
"SASP25",907,0.531051859458334,0.496781216087349,23
"SASP25",908,0.241356425621102,0.277673838142519,21
"SASP25",909,0.268406368689268,0.268386510301019,22
"SASP25",910,0.785034059424976,0.746140103096983,23
"SASP25",911,0.349337237757177,0.372903794494851,23
"SASP25",912,0.487701602640234,0.428429312377704,23
"SASP25",913,0.888587644855678,0.844673788427631,23
"SASP25",914,0.396576094912254,0.437596451022172,22
"SASP25",915,0.4584146812195,0.428709340536998,23
"SASP25",916,0.284678236964865,0.223983339025707,22
"SASP25",917,0.162343633307737,0.139302190766706,19
"SASP25",918,0.446708083781041,0.418885386676766,23
"SASP25",919,0.0549651343562146,0.103901320681538,15
"SASP25",920,0.306665832993163,0.304044864147611,23
"SASP25",921,-0.0207744561179258,-0.0114039811357681,11
"SASP25",922,0.623937296985458,0.665133083402212,23
"SASP25",923,0.459740428800327,0.454246105546679,23
"SASP25",924,0.365301800436999,0.360146316938462,23
"SASP25",925,0.0975321584007809,0.111514610931232,16
"SASP25",926,0.809715106345736,0.820146498533651,23
"SASP25",927,0.365967602088072,0.31292642729992,23
"SASP25",928,0.185200608360677,0.175187093191347,21
"SASP25",929,0.309995238494817,0.295627549848154,23
"SASP25",930,0.162504039338889,0.159505166607082,21
"SASP25",931,0.752849847829118,0.721575759500037,23
"SASP25",932,0.427502248049337,0.429305351202565,22
"SASP25",933,0.483267292428633,0.484086147606885,23
"SASP25",934,0.61889271953447,0.600563536119576,23
"SASP25",935,0.436142237222108,0.468812803974594,23
"SASP25",936,0.844823930462791,0.812246402447903,23
"SASP25",937,0.364740740889534,0.348890951571023,22
"SASP25",938,0.415465349090391,0.417011567630162,22
"SASP25",939,0.223712075713749,0.209639873217489,23
"SASP25",940,0.572186683183306,0.563911683359288,23
"SASP25",941,0.132239057240955,0.138991534914931,21
"SASP25",942,0.459830997802477,0.488382043590214,23
"SASP25",943,0.567775470021148,0.556594040150174,23
"SASP25",944,-0.122523833447402,-0.134902257197065,4
"SASP25",945,0.383624034046765,0.360395310827415,23
"SASP25",946,0.249059246492868,0.248240809753038,22
"SASP25",947,0.375984831031289,0.393675246101263,21
"SASP25",948,0.605604802977936,0.598351134061638,23
"SASP25",949,0.730335179358185,0.728039563163577,23
"SASP25",950,-0.00516709983629548,-0.00329139907305858,11
"SASP25",951,0.297287508277329,0.295834365414458,23
"SASP25",952,0.644155662943522,0.619353062461755,23
"SASP25",953,0.389622937543881,0.376407643881539,23
"SASP25",954,0.983558099389585,0.99268260585896,23
"SASP25",955,0.576846849715925,0.579226745348237,23
"SASP25",956,0.600540008723543,0.580402226783063,23
"SASP25",957,0.349255435149712,0.355141533507855,23
"SASP25",958,0.514950306668301,0.537125110692947,23
"SASP25",959,0.298453470212328,0.292120346303215,22
"SASP25",960,0.60722762083622,0.570884279070485,23
"SASP25",961,0.388871181150981,0.376466203462786,23
"SASP25",962,0.447085699664544,0.433527776226868,23
"SASP25",963,0.378046089438035,0.365171398673041,23
"SASP25",964,0.325082673127654,0.297843621810945,22
"SASP25",965,0.476408842338801,0.492434101960953,23
"SASP25",966,0.688397095184893,0.688225241764148,23
"SASP25",967,0.0744589514745443,0.0996884932207583,17
"SASP25",968,0.302391259086372,0.313135730943422,23
"SASP25",969,0.0147091907746944,0.0559610698937265,14
"SASP25",970,0.631197985058659,0.613162718559382,23
"SASP25",971,0.4652396594651,0.447670501098861,22
"SASP25",972,0.717509626593903,0.713149562959562,23
"SASP25",973,0.450765735607694,0.451735185508589,23
"SASP25",974,0.196383704087621,0.186865699438288,20
"SASP25",975,0.634932214527697,0.627243162467125,23
"SASP25",976,0.487851334929193,0.470094881248161,22
"SASP25",977,0.638192498470817,0.637034434950736,23
"SASP25",978,0.173712649201477,0.171718041188185,21
"SASP25",979,0.584350806108577,0.604180612114653,23
"SASP25",980,0.451849935925079,0.461193526843554,23
"SASP25",981,0.616706699542821,0.63542506566557,23
"SASP25",982,0.516562187092557,0.510804239505254,23
"SASP25",983,0.447007764817681,0.437425626965459,23
"SASP25",984,0.327106265139505,0.349323159214138,22
"SASP25",985,0.371679408485575,0.354674652312659,23
"SASP25",986,0.576496477938485,0.579453386713033,23
"SASP25",987,0.400851739136701,0.432545726652384,22
"SASP25",988,0.196896054854043,0.197488763980262,22
"SASP25",989,0.243324058497642,0.25550783572537,22
"SASP25",990,0.221744108621385,0.218635726382828,20
"SASP25",991,0.5333113009686,0.475286269768376,23
"SASP25",992,0.448755867833526,0.412337127771223,23
"SASP25",993,0.801117593230139,0.797914452164568,23
"SASP25",994,0.503230975540243,0.504034356304802,23
"SASP25",995,0.409760729610301,0.401842872250961,23
"SASP25",996,0.659955603025168,0.63676131320011,23
"SASP25",997,0.68107209221348,0.717741658328762,23
"SASP25",998,0.530589353275295,0.520851646373234,23
"SASP25",999,0.51976452606635,0.5355796545306,23
"SASP25",1000,0.451050050311794,0.476449294788365,23
"SASP25",1001,0.304448188398026,0.325284766017976,22
"SASP25",1002,0.0681437746636568,0.0813753138954141,18
"SASP25",1003,0.514096607713932,0.490862898127167,23
"SASP25",1004,0.573274058234999,0.562578056639696,23
"SASP25",1005,0.524531930593494,0.543646256429636,22
"SASP25",1006,0.433930959157819,0.415334971229501,23
"SASP25",1007,0.368678796252845,0.369320762486367,23
"SASP25",1008,0.549221481436332,0.526260686915193,23
"SASP25",1009,0.432087526000498,0.442414548900905,23
"SASP25",1010,0.454241268129456,0.416321174279005,23
"SASP25",1011,0.256054077603041,0.294645524930205,22
"SASP25",1012,0.448028120687405,0.435665329618358,23
"SASP25",1013,0.320967543778933,0.33722037364705,22
"SASP25",1014,0.373818918939011,0.417367406488378,22
"SASP25",1015,0.31020372974955,0.32052691974508,22
"SASP25",1016,0.168160602819497,0.180130685182846,21
"SASP25",1017,0.536809179602581,0.524128314413252,23
"SASP25",1018,0.483328109255787,0.481961716479625,23
"SASP25",1019,0.451479650829482,0.441955817952493,22
"SASP25",1020,0.461270564603777,0.441405712577409,23
"SASP25",1021,0.612385426646394,0.545343629216358,23
"SASP25",1022,0.234766901114456,0.225713237683094,21
"SASP25",1023,0.402461436127276,0.421190719920688,23
"SASP25",1024,0.223416569283895,0.231234385134296,21
"SASP25",1025,0.520757424359825,0.500298070474184,23
"SASP25",1026,0.442634657936054,0.428558901601122,23
"SASP25",1027,0.629818015269728,0.672824635151497,23
"SASP25",1028,0.326535209222648,0.338786863494832,23
"SASP25",1029,0.70249344764726,0.694721735413282,23
"SASP25",1030,0.577839185841037,0.607488999861508,23
"SASP25",1031,0.503441886155456,0.481585085282683,23
"SASP25",1032,0.155896323957462,0.154559603395888,21
"SASP25",1033,0.271706190927512,0.280644165348849,22
"SASP25",1034,0.770156512119471,0.727265639404321,23
"SASP25",1035,0.469544489943639,0.443438641167007,23
"SASP25",1036,0.756161075867959,0.743244180148971,23
"SASP25",1037,0.237167214674792,0.241194318915731,23
"SASP25",1038,0.331767047052594,0.322059133206628,23
"SASP25",1039,0.212837012408222,0.222970591952086,21
"SASP25",1040,0.341546664644684,0.386886517387094,22
"SASP25",1041,0.346146982015058,0.33228011522233,23
"SASP25",1042,0.248281174308978,0.241567019117935,22
"SASP25",1043,0.140429425280791,0.111182124605705,19
"SASP25",1044,0.541311662066255,0.527900175170912,23
"SASP25",1045,0.561748055437648,0.558826631843245,23
"SASP25",1046,0.7476864086695,0.739321672868492,23
"SASP25",1047,0.575943162280102,0.553923653700205,23
"SASP25",1048,0.126414878508155,0.0938676668670699,19
"SASP25",1049,0.679075466665553,0.676003788095097,23
"SASP25",1050,0.661378718642758,0.673259275665609,23
"SASP25",1051,0.488467186819021,0.446889038359773,23
"SASP25",1052,0.239765526222688,0.257074717097001,22
"SASP25",1053,0.744896900382101,0.676878153581175,23
"SASP25",1054,-0.0116258679256926,0.00726486548462459,12
"SASP25",1055,0.233090241492537,0.243373653785186,21
"SASP25",1056,0.273031657446017,0.260127484989354,22
"SASP25",1057,0.325935960265635,0.367599746577162,22
"SASP25",1058,0.376564456585333,0.373017775811434,22
"SASP25",1059,0.301138858106107,0.287497879923454,23
"SASP25",1060,0.0851471071048414,0.0821300853280503,17
"SASP25",1061,0.323978201099037,0.343226480243397,23
"SASP25",1062,0.315259410925298,0.311535784681539,23
"SASP25",1063,0.297467713159452,0.27528104914015,23
"SASP25",1064,0.424534885580196,0.420828678374127,23
"SASP25",1065,0.49180690430507,0.5067252536796,23
"SASP25",1066,0.48351304652979,0.487559288632921,23
"SASP25",1067,0.371323267644955,0.353462428710068,23
"SASP25",1068,0.300280780551129,0.301131150260418,21
"SASP25",1069,0.345619255894418,0.354048900785842,23
"SASP25",1070,0.682402476749918,0.691825162513492,23
"SASP25",1071,0.522744098061192,0.546953247325887,23
"SASP25",1072,0.370464421860292,0.375036383985473,23
"SASP25",1073,0.120037292880425,0.13939936905741,19
"SASP25",1074,0.476892579212292,0.511011079487364,23
"SASP25",1075,0.216766453222318,0.175192830935115,23
"SASP25",1076,0.0283034042096301,0.0468520892925321,14
"SASP25",1077,0.348379733122275,0.327894769433896,23
"SASP25",1078,0.220185168898517,0.217996664683098,22
"SASP25",1079,0.377103532052257,0.344680521881663,23
"SASP25",1080,0.433020671282675,0.454815321066907,23
"SASP25",1081,0.510467185273118,0.550270783900036,23
"SASP25",1082,0.313048653409456,0.309977626982518,23
"SASP25",1083,0.285857057429258,0.257496917699851,23
"SASP25",1084,0.414578072545329,0.37484991094141,23
"SASP25",1085,0.431373440940542,0.407776510376533,22
"SASP25",1086,0.328408702292826,0.324055020032394,22
"SASP25",1087,0.353130706856526,0.339001315784019,22
"SASP25",1088,0.327984111455013,0.303641332417995,23
"SASP25",1089,0.482657345862839,0.51264701712356,22
"SASP25",1090,0.585413693094247,0.610153258920897,23
"SASP25",1091,0.457433306940874,0.482500394070596,23
"SASP25",1092,0.427924758622215,0.343799550192812,23
"SASP25",1093,0.336970082174919,0.298463544881333,23
"SASP25",1094,0.663670624884323,0.670416779854236,23
"SASP25",1095,0.134306977564458,0.133401319961566,20
"SASP25",1096,0.204904536608468,0.184594334117081,22
"SASP25",1097,0.24488396188526,0.229130247663224,22
"SASP25",1098,0.734718876276737,0.740644987149506,23
"SASP25",1099,0.166895245883904,0.159485778918313,21
"SASP25",1100,0.797459021088257,0.789431414216151,23
"SASP25",1101,0.680493799190219,0.676108322224554,23
"SASP25",1102,0.198905209436101,0.21665833383059,20
"SASP25",1103,0.240005648903058,0.221916318547127,21
"SASP25",1104,0.204603369229129,0.14004759648422,21
"SASP25",1105,0.297554896506649,0.290223975593469,23
"SASP25",1106,0.195091206940174,0.200806430394037,20
"SASP25",1107,0.406047720610773,0.386159120882623,23
"SASP25",1108,0.309125876199376,0.305207637871044,23
"SASP25",1109,0.547205519969342,0.553904293792749,23
"SASP25",1110,0.688103666222738,0.647527188952306,23
"SASP25",1111,0.270008726541499,0.274758652908428,22
"SASP25",1112,0.654549119860479,0.662601939307303,23
"SASP25",1113,0.354894694622311,0.319084352645981,23
"SASP25",1114,0.215094787360577,0.263830941052839,21
"SASP25",1115,0.311089602457142,0.313692801636474,23
"SASP25",1116,0.445299926992763,0.424390486131561,23
"SASP25",1117,0.387358126208953,0.329804403617567,23
"SASP25",1118,0.321059791305648,0.290950108337813,21
"SASP25",1119,0.644825253158785,0.614094205126525,23
"SASP25",1120,0.460998848371684,0.455903779739632,23
"SASP25",1121,0.378637810420083,0.330504960782104,23
"SASP25",1122,0.355882815559502,0.365850405212146,22
"SASP25",1123,0.2556996312521,0.252078011606194,23
"SASP25",1124,0.604925237049249,0.583289339127315,23
"SASP25",1125,0.152636911163173,0.126672100277758,20
"SASP25",1126,0.224270265374448,0.22432839284319,20
"SASP25",1127,0.332578123606695,0.331636513705588,23
"SASP25",1128,0.391173811040647,0.356277052438039,23
"SASP25",1129,0.168963624636703,0.178501540730166,22
"SASP25",1130,0.12414305429729,0.0990519099993218,21
"SASP25",1131,0.404585100701289,0.410000732053018,23
"SASP25",1132,0.257322444707768,0.248442606438866,23
"SASP25",1133,0.555851542155921,0.555032220771952,23
"SASP25",1134,0.272968093953744,0.256594058826095,22
"SASP25",1135,0.423425831510812,0.462977203453028,23
"SASP25",1136,0.608372532115153,0.616028037969455,23
"SASP25",1137,0.653695122881127,0.663772650965074,23
"SASP25",1138,0.432951772199085,0.415867581140383,23
"SASP25",1139,0.369035999354075,0.395523003517972,22
"SASP25",1140,0.736289522374927,0.698454156722715,23
"SASP25",1141,0.560123806572088,0.539710902039177,23
"SASP25",1142,0.280924289119898,0.258550628504367,23
"SASP25",1143,0.227872367601115,0.27758093369379,21
"SASP25",1144,0.42952234619529,0.417674407200502,23
"SASP25",1145,0.41493667409363,0.438551038979816,22
"SASP25",1146,0.242944010370368,0.201900877189735,23
"SASP25",1147,0.595477610643126,0.572030871730305,23
"SASP25",1148,0.571125146318888,0.549425221732833,23
"SASP25",1149,0.629844354846469,0.642396193054255,23
"SASP25",1150,0.32760984179115,0.282938256795908,23
"SASP25",1151,0.282642888481819,0.299302086621063,22
"SASP25",1152,0.212848880905665,0.226430755810525,21
"SASP25",1153,0.31257462092568,0.298988592084671,22
"SASP25",1154,0.415619838800421,0.412731406079143,22
"SASP25",1155,0.577014211367714,0.612983682106645,23
"SASP25",1156,0.262547180369107,0.254205150643941,22
"SASP25",1157,0.265465483438637,0.274745670592663,23
"SASP25",1158,0.323813322657217,0.357800493469702,22
"SASP25",1159,0.460523439077645,0.493397343041681,23
"SASP25",1160,0.309135177138751,0.30538896324906,23
"SASP25",1161,0.300360823727035,0.291126310475318,22
"SASP25",1162,0.692529522066497,0.724447116631747,23
"SASP25",1163,0.447842482355872,0.414355120345887,23
"SASP25",1164,0.717767851315742,0.757954149306368,23
"SASP25",1165,0.34016675182076,0.364435435648407,22
"SASP25",1166,0.42252938627762,0.397588287368324,23
"SASP25",1167,0.718724880519855,0.703829032579984,23
"SASP25",1168,0.566476723742331,0.540039403958388,23
"SASP25",1169,0.471346978369892,0.428857599591578,23
"SASP25",1170,0.254179599570208,0.227837776628726,22
"SASP25",1171,0.345957455532563,0.33184496413595,23
"SASP25",1172,0.335294346398709,0.33364207004806,23
"SASP25",1173,0.475476459769099,0.494859540914345,23
"SASP25",1174,0.722005231472066,0.709042891583266,23
"SASP25",1175,0.552096914534816,0.578619584179651,23
"SASP25",1176,0.449573383874612,0.454872012740928,23
"SASP25",1177,-0.0110000909433,-0.0196625415818331,11
"SASP25",1178,-0.0834222361991737,-0.0968913493935749,7
"SASP25",1179,0.320587763089915,0.278590116276335,23
"SASP25",1180,0.31459812716511,0.301715581502578,23
"SASP25",1181,0.40798633193126,0.403209276536704,22
"SASP25",1182,0.192744159919065,0.182591672434821,20
"SASP25",1183,0.489328512195214,0.465497979919443,23
"SASP25",1184,0.426024258179681,0.43423795770484,22
"SASP25",1185,0.0235027350742582,0.0104419928672106,12
"SASP25",1186,0.371834908607243,0.361000587565266,23
"SASP25",1187,0.686907846754608,0.654698444636156,23
"SASP25",1188,0.380139569066929,0.336444370454548,23
"SASP25",1189,0.814773582857702,0.801685904690546,23
"SASP25",1190,0.431445696056068,0.402906374014266,23
"SASP25",1191,0.351281315903586,0.345560405144661,23
"SASP25",1192,0.440333286950836,0.417226968607294,23
"SASP25",1193,1.15085387219687,1.09174388141444,23
"SASP25",1194,0.133057354153049,0.115920604241169,21
"SASP25",1195,0.650222101262552,0.698290501881233,23
"SASP25",1196,0.399631571779823,0.354787873022001,22
"SASP25",1197,0.223109056520835,0.272560444979344,21
"SASP25",1198,0.465307368014905,0.431267976494881,23
"SASP25",1199,0.250510442014917,0.256400665396528,21
"SASP25",1200,0.522478833578473,0.514925654907955,23
"SASP25",1201,0.385882450605961,0.340997131505705,22
"SASP25",1202,0.768981881025738,0.731996960074076,23
"SASP25",1203,0.858778292275398,0.878731021692833,23
"SASP25",1204,0.412128377705235,0.383536776200244,22
"SASP25",1205,0.245829021895044,0.181602585982809,23
"SASP25",1206,0.428496857729823,0.424230274367037,22
"SASP25",1207,0.545125885587123,0.550557233631715,23
"SASP25",1208,0.419590249517263,0.412163926510009,23
"SASP25",1209,0.407353433853488,0.431295800818548,23
"SASP25",1210,0.586082155869648,0.581096596686061,23
"SASP25",1211,0.403557619092569,0.41795834966211,23
"SASP25",1212,0.432805691310984,0.473989474096234,23
"SASP25",1213,0.361626269580861,0.317540159452608,22
"SASP25",1214,0.378205403337285,0.391979126116929,23
"SASP25",1215,0.461685545401154,0.446768286007948,23
"SASP25",1216,0.706317677249769,0.693868962127682,23
"SASP25",1217,0.767113025942264,0.739549637784715,23
"SASP25",1218,0.264419587131551,0.250393948467085,22
"SASP25",1219,0.750967275135399,0.754171042472567,23
"SASP25",1220,0.510931283540596,0.45346589370382,23
"SASP25",1221,0.245843839590142,0.25503772449546,22
"SASP25",1222,0.469354172429763,0.464511600130757,23
"SASP25",1223,0.547012804047,0.543029958159088,23
"SASP25",1224,0.480588462497808,0.498377298206901,23
"SASP25",1225,0.387976037235948,0.373582378673376,23
"SASP25",1226,0.175487803271608,0.17818418951706,22
"SASP25",1227,0.569963442798401,0.529681056432528,23
"SASP25",1228,0.478673643883048,0.478857881634832,23
"SASP25",1229,0.299393937746756,0.283326971784291,22
"SASP25",1230,0.486399267431056,0.474402679492234,23
"SASP25",1231,0.262209044528971,0.279403012976869,22
"SASP25",1232,0.131627850744617,0.156768511947592,18
"SASP25",1233,0.718406810241521,0.73656267854718,23
"SASP25",1234,0.271053036575299,0.248925695680212,22
"SASP25",1235,0.358172090992281,0.337131423051914,23
"SASP25",1236,0.666144434034675,0.633297899447845,23
"SASP25",1237,0.170745763334963,0.180988521530969,21
"SASP25",1238,0.556766159101744,0.555006396242014,23
"SASP25",1239,0.361754462688793,0.377662317082631,22
"SASP25",1240,0.713249912800316,0.731286794309278,23
"SASP25",1241,0.456310650471351,0.464443085782572,23
"SASP25",1242,0.475829783450556,0.449293865613219,23
"SASP25",1243,0.211281939698632,0.197814822093262,21
"SASP25",1244,0.158188387822962,0.130120181864593,21
"SASP25",1245,0.266015748444607,0.260281591883314,23
"SASP25",1246,0.31295550197833,0.310769967519788,22
"SASP25",1247,0.0482119624732636,0.0783610273988146,17
"SASP25",1248,0.337573972378377,0.339513190445032,23
"SASP25",1249,0.258226392317586,0.267001850625431,22
"SASP25",1250,0.298829134783998,0.293121636392807,23
"SASP25",1251,0.186154829833427,0.1628075685576,21
"SASP25",1252,0.49500459119236,0.517648445732373,23
"SASP25",1253,0.413830750923246,0.420688943107453,23
"SASP25",1254,0.527707495791561,0.504986549785905,23
"SASP25",1255,0.391280032701131,0.384418547475881,23
"SASP25",1256,0.782804283107732,0.788689590704643,23
"SASP25",1257,0.507392370442484,0.49460772970621,23
"SASP25",1258,0.4008054638315,0.417916173719809,23
"SASP25",1259,0.0427175456432135,0.0079889868485817,12
"SASP25",1260,0.424550240032453,0.435185445678056,23
"SASP25",1261,0.519766922734621,0.534668224063629,23
"SASP25",1262,0.379633348298161,0.366400304121553,22
"SASP25",1263,0.410023768250662,0.398450466918363,23
"SASP25",1264,0.512951659205026,0.491034286857841,23
"SASP25",1265,0.139658754153543,0.117482035673608,22
"SASP25",1266,0.61784368266154,0.587822713393332,23
"SASP25",1267,0.137819201504382,0.148079186528905,19
"SASP25",1268,0.52045222283582,0.559911966463017,23
"SASP25",1269,0.483652582147442,0.466005462604125,23
"SASP25",1270,0.142090519055142,0.139112569119409,19
"SASP25",1271,0.737464932456523,0.756919644651972,23
"SASP25",1272,0.381192145199827,0.385626107400057,22
"SASP25",1273,0.605189738564058,0.651774925573169,23
"SASP25",1274,0.411889713548368,0.403868090783921,23
"SASP25",1275,0.289143023764276,0.260226968519819,22
"SASP25",1276,0.341797771267501,0.357286550515684,22
"SASP25",1277,0.326804294673267,0.317697994368363,22
"SASP25",1278,0.443996140642962,0.459427890120965,23
"SASP25",1279,0.336256293839298,0.312139959682339,23
"SASP25",1280,0.294419857668253,0.308081027195843,22
"SASP25",1281,0.35199707034793,0.292722056093768,23
"SASP25",1282,0.426643790283456,0.406929738980617,23
"SASP25",1283,0.351367936048017,0.34361356382774,23
"SASP25",1284,0.504812975546073,0.512365196726628,23
"SASP25",1285,0.633698074805385,0.674775197926104,23
"SASP25",1286,0.301178403208831,0.308362512493325,20
"SASP25",1287,0.440458421323404,0.469115819760165,23
"SASP25",1288,0.629223331029432,0.608609759362963,23
"SASP25",1289,0.538591637426648,0.546520962015801,23
"SASP25",1290,0.356597084710446,0.350158539970593,23
"SASP25",1291,0.749828393583665,0.74361660594838,23
"SASP25",1292,0.439213286273321,0.456303436284453,23
"SASP25",1293,0.420792155512401,0.437749259802561,23
"SASP25",1294,0.146008549945104,0.139344187893184,20
"SASP25",1295,0.371144652768789,0.367476849252249,23
"SASP25",1296,0.14637814261509,0.128502019822668,19
"SASP25",1297,0.578867374576258,0.612543192520921,23
"SASP25",1298,0.212972293180624,0.205492022090978,21
"SASP25",1299,0.404615105232825,0.432414997336932,23
"SASP25",1300,0.394635600576249,0.411689762415282,23
"SASP25",1301,0.457647370104645,0.474050223945424,23
"SASP25",1302,0.463107618781531,0.504672396934951,23
"SASP25",1303,0.458177859218707,0.469898585765578,23
"SASP25",1304,0.665129598322854,0.688153266682586,23
"SASP25",1305,0.365965205029326,0.349515500996369,22
"SASP25",1306,0.751300104226995,0.730865634799338,23
"SASP25",1307,0.251789595466672,0.224367148141426,20
"SASP25",1308,0.321775976152986,0.321148223907474,22
"SASP25",1309,0.60035004344334,0.578958320952414,23
"SASP25",1310,0.164450803225484,0.211243972662816,20
"SASP25",1311,0.619776987399452,0.625139745989262,23
"SASP25",1312,0.182513898129844,0.162163551727239,22
"SASP25",1313,0.625693165779457,0.621684640197253,23
"SASP25",1314,0.0867786465997434,0.0688604878340758,20
"SASP25",1315,0.363534805730579,0.379139406639194,23
"SASP25",1316,0.263997848042775,0.246074698314405,21
"SASP25",1317,0.373344378817635,0.366099829331611,22
"SASP25",1318,0.592446081083318,0.578569802939466,23
"SASP25",1319,0.415352885015784,0.40016496071479,23
"SASP25",1320,0.366036831661888,0.33615211627903,23
"SASP25",1321,0.508955195395624,0.498226729270422,23
"SASP25",1322,0.681271787141805,0.680318593139282,23
"SASP25",1323,0.477873090271491,0.506980751389039,23
"SASP25",1324,0.522224498834438,0.543464266002742,23
"SASP25",1325,0.306649782477004,0.300343188880706,22
"SASP25",1326,0.28920011118552,0.274246887645416,23
"SASP25",1327,0.378643183905591,0.328364882787638,23
"SASP25",1328,0.445359028382382,0.453120830524023,23
"SASP25",1329,0.310114789970983,0.310485818022083,23
"SASP25",1330,0.202667566544295,0.184700041476477,22
"SASP25",1331,0.426958390673694,0.449098595659886,23
"SASP25",1332,0.434291473861609,0.400671567429463,23
"SASP25",1333,0.478779152060949,0.443128068531043,23
"SASP25",1334,0.28963529687357,0.270242036468243,23
"SASP25",1335,0.253732188562045,0.251021469884974,22
"SASP25",1336,0.413760693802384,0.393415335467209,23
"SASP25",1337,0.265598249728455,0.27856917495497,21
"SASP25",1338,0.757259874546471,0.757989211515959,23
"SASP25",1339,0.420588477297199,0.416487054869002,23
"SASP25",1340,0.220846678488386,0.188355286792984,22
"SASP25",1341,0.461764709313738,0.40258271615448,23
"SASP25",1342,0.483318567389407,0.524059779504318,22
"SASP25",1343,0.0558674501469774,0.0633691797757268,17
"SASP25",1344,0.426229097916864,0.425278129762056,23
"SASP25",1345,0.432177698906406,0.440405087106123,23
"SASP25",1346,0.0339977218377327,0.000339281698812915,13
"SASP25",1347,0.547437647688212,0.515403996596978,23
"SASP25",1348,0.700143433773862,0.681135413946943,23
"SASP25",1349,0.275170555637272,0.269903637345321,22
"SASP25",1350,0.38838845748912,0.422130506046522,23
"SASP25",1351,0.869027259507904,0.847056704752381,23
"SASP25",1352,0.206107532531537,0.191495509580685,21
"SASP25",1353,0.187780563113395,0.143303498702026,22
"SASP25",1354,0.0927645450604814,0.0863731784908671,18
"SASP25",1355,0.501634837341394,0.500664887026595,23
"SASP25",1356,0.33937519561759,0.376088090334382,22
"SASP25",1357,0.523124372520803,0.532420890374213,23
"SASP25",1358,0.614579429877744,0.662487502949398,23
"SASP25",1359,0.405035469658925,0.374641704912813,23
"SASP25",1360,0.353112148914283,0.362618518124412,23
"SASP25",1361,0.254187267279894,0.251913191836188,22
"SASP25",1362,0.448510211963984,0.481033123841721,23
"SASP25",1363,0.491656833569803,0.523680281721805,23
"SASP25",1364,0.349970866737043,0.370806234378831,23
"SASP25",1365,0.192231731701315,0.17626400468232,21
"SASP25",1366,0.368054219557218,0.38346812076696,22
"SASP25",1367,0.490091775332107,0.483562443121925,23
"SASP25",1368,0.564922896639908,0.572695651318294,23
"SASP25",1369,0.395294696225868,0.373046887655421,22
"SASP25",1370,0.887360255071967,0.901043998287234,23
"SASP25",1371,0.523089726428308,0.536478546873373,23
"SASP25",1372,0.319953807225208,0.301878245811478,23
"SASP25",1373,0.3321304317564,0.324781253301555,21
"SASP25",1374,0.00837238528105752,0.00109930836412716,12
"SASP25",1375,0.430429386439703,0.44362065355741,22
"SASP25",1376,0.546921743089721,0.559673813694989,23
"SASP25",1377,0.15004052800738,0.137570045083479,20
"SASP25",1378,0.393838390200944,0.366264135933119,23
"SASP25",1379,0.213798737174149,0.202813711173137,22
"SASP25",1380,0.369369877603014,0.347595883712992,23
"SASP25",1381,0.734728816795318,0.74267968801774,23
"SASP25",1382,0.355168423436481,0.344407399236885,23
"SASP25",1383,0.89025987725795,0.897222625600338,23
"SASP25",1384,0.683755543549571,0.68436978447037,23
"SASP25",1385,0.272932361692492,0.278581384895526,22
"SASP25",1386,0.334219732296016,0.315651548586122,23
"SASP25",1387,0.487903315735004,0.508460843497612,22
"SASP25",1388,0.307429412785565,0.284587920375797,23
"SASP25",1389,0.552447497856571,0.550182929681586,23
"SASP25",1390,0.361436038284566,0.365333697348314,23
"SASP25",1391,0.433421374102939,0.436743589533531,23
"SASP25",1392,0.420938470448474,0.437658816545059,23
"SASP25",1393,0.533010016335328,0.53945117563822,23
"SASP25",1394,0.398391632963594,0.386083697351918,23
"SASP25",1395,0.433692914574653,0.458705674930644,23
"SASP25",1396,0.527438306971305,0.504150510525484,23
"SASP25",1397,0.511945632858572,0.53624832260484,23
"SASP25",1398,0.352142503418126,0.283071276741027,23
"SASP25",1399,0.22046826547195,0.228792020017474,21
"SASP25",1400,0.5815030011815,0.573133799878772,23
"SASP25",1401,0.42832979043293,0.408996279239715,23
"SASP25",1402,0.290479781082819,0.295050783684723,22
"SASP25",1403,0.537480810180675,0.552809927645996,23
"SASP25",1404,0.309451966102688,0.269964571827237,23
"SASP25",1405,0.415816124318128,0.386347219903236,23
"SASP25",1406,0.332617788213149,0.342138469879886,23
"SASP25",1407,0.556684528727892,0.605076955823064,22
"SASP25",1408,0.357316442674489,0.352662296488428,23
"SASP25",1409,0.588736463018654,0.551928580801758,23
"SASP25",1410,0.647794937827951,0.66721159258441,23
"SASP25",1411,0.32898558688487,0.308446106023588,23
"SASP25",1412,0.546256921916925,0.558115376131459,23
"SASP25",1413,0.390637826846753,0.384775426322503,23
"SASP25",1414,0.800410628572322,0.801865876038283,23
"SASP25",1415,0.193489783203277,0.189799107910158,21
"SASP25",1416,0.389140345398387,0.42850357781166,22
"SASP25",1417,0.389290926905756,0.38268705018111,22
"SASP25",1418,0.360077452711152,0.339408704041453,23
"SASP25",1419,0.111041016545893,0.12984207297118,20
"SASP25",1420,0.469325775760755,0.483209260277077,23
"SASP25",1421,0.637883915836807,0.64454261030487,23
"SASP25",1422,0.307941684063277,0.306673676413225,23
"SASP25",1423,0.538661280764076,0.550037463043315,23
"SASP25",1424,0.64657268233895,0.658829146177298,23
"SASP25",1425,0.370781228455466,0.394467717871438,23
"SASP25",1426,0.553130866861934,0.559983401199297,23
"SASP25",1427,0.468160321648549,0.417481402774236,23
"SASP25",1428,0.174166575597344,0.183811887413017,22
"SASP25",1429,0.272210862553864,0.221830591688631,22
"SASP25",1430,0.461556346094337,0.460276255951127,23
"SASP25",1431,0.609063724878779,0.602706104163516,23
"SASP25",1432,0.244205982513866,0.217588894922264,22
"SASP25",1433,0.573032509954708,0.587527244440908,23
"SASP25",1434,0.614791217335605,0.657922705342621,23
"SASP25",1435,0.361708545579917,0.392229060734194,21
"SASP25",1436,0.264102270996331,0.273019177274566,22
"SASP25",1437,0.474527943428219,0.478270038150952,23
"SASP25",1438,0.453614518703921,0.460925211204726,22
"SASP25",1439,0.328346919570391,0.335378993681824,23
"SASP25",1440,0.5785691479271,0.589993625214849,23
"SASP25",1441,0.0478651623428055,0.0695202899042277,14
"SASP25",1442,0.710029885873817,0.716329750456311,23
"SASP25",1443,-0.0318541595384302,-0.0239476844308927,7
"SASP25",1444,0.225021731901209,0.197765988963901,20
"SASP25",1445,0.290727834283226,0.244278645615098,23
"SASP25",1446,0.589257087693355,0.552156216803357,23
"SASP25",1447,0.466208380086196,0.451001070233268,23
"SASP25",1448,0.653099402164451,0.668871577245424,23
"SASP25",1449,0.543102901866193,0.537979969031236,23
"SASP25",1450,0.572646074161743,0.575540901424119,23
"SASP25",1451,0.34721195643276,0.320389471587221,23
"SASP25",1452,0.229074784449471,0.238014911272724,20
"SASP25",1453,0.664392407816053,0.662126892417021,23
"SASP25",1454,0.510571141327595,0.469962853285075,23
"SASP25",1455,0.422156871458285,0.432349140128313,22
"SASP25",1456,0.591428861563489,0.600706636442769,23
"SASP25",1457,0.610009798667217,0.637791697866604,23
"SASP25",1458,0.399212670218787,0.339634247750333,22
"SASP25",1459,0.77780988175309,0.775841445421255,23
"SASP25",1460,0.54714224509192,0.538650890824646,23
"SASP25",1461,0.390289712283021,0.400175793394408,22
"SASP25",1462,0.618794912088377,0.617747416121117,23
"SASP25",1463,0.357549649774466,0.345660706761857,22
"SASP25",1464,0.281304904193921,0.273071315910909,23
"SASP25",1465,0.273566126448001,0.242544308077459,22
"SASP25",1466,0.228744996106187,0.257786597803325,22
"SASP25",1467,0.520185416037583,0.523649981225458,23
"SASP25",1468,0.374990213077039,0.374282943081372,23
"SASP25",1469,0.343352894729671,0.323378238723681,23
"SASP25",1470,0.405526360591027,0.439774070922675,23
"SASP25",1471,0.340301592014646,0.337553429830062,23
"SASP25",1472,0.437848947442505,0.381250420397207,23
"SASP25",1473,0.3130218030894,0.278228958122198,23
"SASP25",1474,0.175580173795928,0.177723281375952,19
"SASP25",1475,0.502054553175464,0.489097253752908,23
"SASP25",1476,0.473144183578743,0.507178768575053,23
"SASP25",1477,0.536164809929748,0.512071461987345,23
"SASP25",1478,0.430833310992161,0.434554533418455,23
"SASP25",1479,0.651588175612762,0.715175613961829,23
"SASP25",1480,0.296979003701745,0.266169497749014,23
"SASP25",1481,0.437594146604921,0.427650893626265,23
"SASP25",1482,0.681295006382644,0.680557403998026,23
"SASP25",1483,0.15835997219179,0.150696684720405,21
"SASP25",1484,0.529218215258992,0.557545426989326,23
"SASP25",1485,0.463360378983501,0.483677433789471,23
"SASP25",1486,0.39358551169771,0.368450587578535,23
"SASP25",1487,0.243950661700053,0.223818235705945,23
"SASP25",1488,0.506972641094764,0.50460762796564,23
"SASP25",1489,0.205008654565455,0.206140466064761,21
"SASP25",1490,0.437602773342643,0.416152294904233,23
"SASP25",1491,0.256976491513348,0.236795975434783,22
"SASP25",1492,0.513009246335251,0.535139657557668,23
"SASP25",1493,0.459225751274052,0.458387718746277,23
"SASP25",1494,0.515695721068453,0.516339650048518,23
"SASP25",1495,0.679033066649708,0.585532407584102,23
"SASP25",1496,0.143290057730821,0.141211237762789,20
"SASP25",1497,0.365728765299209,0.351414810924852,23
"SASP25",1498,0.605571140226478,0.571506111660796,23
"SASP25",1499,0.499795617914445,0.50989832052312,23
"SASP25",1500,0.52161194119797,0.499431020789129,23
"SASP25",1501,0.568264173106601,0.525945094932644,23
"SASP25",1502,0.525839072684022,0.562510616581379,23
"SASP25",1503,0.42959620818012,0.42259375965509,23
"SASP25",1504,0.567323444524792,0.582545065374956,23
"SASP25",1505,0.501074266886634,0.505561628966432,23
"SASP25",1506,0.485952153925919,0.436890294783695,23
"SASP25",1507,0.516568627741927,0.518760247752422,23
"SASP25",1508,0.497700576154356,0.468676063844688,23
"SASP25",1509,0.465176567065568,0.475275232993209,23
"SASP25",1510,0.464471637330922,0.461747831471601,23
"SASP25",1511,0.874516989004315,0.876421629744162,23
"SASP25",1512,0.365946437696288,0.385126484173753,23
"SASP25",1513,0.175558208540026,0.158385023168584,20
"SASP25",1514,0.452737173037615,0.469353324694776,22
"SASP25",1515,0.384981683272729,0.401480766937246,23
"SASP25",1516,0.879465434100593,0.882242495731939,23
"SASP25",1517,0.47559288143252,0.462988041803704,23
"SASP25",1518,0.515936996663054,0.505973981721357,23
"SASP25",1519,0.298539930266501,0.302910889858668,22
"SASP25",1520,0.730502843261216,0.746737459206272,23
"SASP25",1521,0.506607178474346,0.53143194011835,23
"SASP25",1522,0.449284897539563,0.431764746410023,23
"SASP25",1523,0.307672331786346,0.347343356457654,22
"SASP25",1524,0.29823780988877,0.298538992348343,20
"SASP25",1525,0.480852089891958,0.466495216724498,23
"SASP25",1526,0.463685429896478,0.443458343068954,23
"SASP25",1527,0.274624339792175,0.294138616719767,22
"SASP25",1528,0.702794295938562,0.736271868287851,23
"SASP25",1529,0.709167873874734,0.745601960136185,23
"SASP25",1530,0.578727200151216,0.606812697836109,23
"SASP25",1531,0.519889044044255,0.488025310640171,23
"SASP25",1532,0.685969598199245,0.683321150674857,23
"SASP25",1533,0.232969917897359,0.224403680275052,19
"SASP25",1534,0.387242260330285,0.375533694211579,23
"SASP25",1535,0.252597019291368,0.253962503260961,21
"SASP25",1536,0.524374283047436,0.549223754554947,22
"SASP25",1537,0.461486450680735,0.489544888768086,23
"SASP25",1538,0.240157646677086,0.262267959170385,23
"SASP25",1539,0.461437146262798,0.440993319685034,23
"SASP25",1540,0.38943133631257,0.417606061043611,23
"SASP25",1541,0.684124487312354,0.740693159622263,23
"SASP25",1542,0.342636012311329,0.339782016324044,23
"SASP25",1543,0.397855752136518,0.416387423278291,23
"SASP25",1544,0.130586039550149,0.132503667610659,21
"SASP25",1545,0.438043658810376,0.464352958741675,22
"SASP25",1546,0.376641510302305,0.409127226347207,22
"SASP25",1547,0.356004794886676,0.344968377163622,23
"SASP25",1548,0.566097884483831,0.604007643994096,23
"SASP25",1549,0.636078058297248,0.584883433375807,23
"SASP25",1550,0.251532045886596,0.263132883563112,21
"SASP25",1551,0.571616448237177,0.574453631187931,23
"SASP25",1552,0.338490787037249,0.347282386688116,23
"SASP25",1553,0.532953774598888,0.556778807038887,23
"SASP25",1554,0.382586808941574,0.33441334778758,23
"SASP25",1555,0.291121690295708,0.288152091426876,22
"SASP25",1556,0.243014969482592,0.25583786912599,19
"SASP25",1557,0.442296917079957,0.392838694126514,23
"SASP25",1558,0.536058453129564,0.521747165253802,23
"SASP25",1559,0.445044356135474,0.451533783093135,23
"SASP25",1560,0.359872330046499,0.347413127956045,23
"SASP25",1561,0.433092738893429,0.435995210146017,23
"SASP25",1562,0.38656273599996,0.377026878411382,22
"SASP25",1563,0.607766106321782,0.584037273841853,23
"SASP25",1564,0.4391552663216,0.457502282975448,23
"SASP25",1565,0.381202642657394,0.371651613273586,23
"SASP25",1566,0.332875082352935,0.316892072656596,23
"SASP25",1567,0.48815047913513,0.524552418897381,22
"SASP25",1568,0.43612587391039,0.446524394582828,23
"SASP25",1569,0.392850941593178,0.403371588187919,23
"SASP25",1570,0.438767426410881,0.484037249108831,23
"SASP25",1571,0.21147388940906,0.180499517381262,22
"SASP25",1572,0.439873492831489,0.453457151372876,21
"SASP25",1573,0.310468614156382,0.299657785227687,22
"SASP25",1574,0.0184390777758643,0.0360972792212255,15
"SASP25",1575,0.636064211639268,0.626626659885851,23
"SASP25",1576,0.47241744359224,0.496255016451858,23
"SASP25",1577,0.626976461803675,0.620839698894933,23
"SASP25",1578,0.22085293624597,0.218677740686192,22
"SASP25",1579,0.407191034224534,0.459982171809756,22
"SASP25",1580,0.334784574123578,0.31938918675646,20
"SASP25",1581,0.562177490052028,0.574142504839001,23
"SASP25",1582,0.453422510391709,0.433916982365126,23
"SASP25",1583,0.600097654019815,0.625768192125919,23
"SASP25",1584,0.237770741215385,0.198196909787264,23
"SASP25",1585,0.323249683850105,0.331666374012763,23
"SASP25",1586,0.315148476202367,0.33390085291648,23
"SASP25",1587,0.195777207178891,0.182738690213575,19
"SASP25",1588,0.50529911765328,0.493599323711227,23
"SASP25",1589,0.487819900513142,0.52293475398019,23
"SASP25",1590,0.051854234692214,0.0946258899154947,16
"SASP25",1591,0.399653400776724,0.412329502593553,23
"SASP25",1592,0.507007477569794,0.478138611737161,23
"SASP25",1593,0.291394315287281,0.282390391556359,23
"SASP25",1594,0.609803132354064,0.64255237746824,23
"SASP25",1595,0.301740645115481,0.284439757227719,23
"SASP25",1596,0.40391936451355,0.354531802204325,23
"SASP25",1597,0.511667847211981,0.540419374658516,23
"SASP25",1598,0.19090700602995,0.202429943793592,21
"SASP25",1599,0.468440841383322,0.475324915696952,23
"SASP25",1600,0.226542620020169,0.191439598136533,22
"SASP25",1601,0.378600518882297,0.353958480663838,22
"SASP25",1602,0.332291242452322,0.315615559838845,22
"SASP25",1603,0.408204096713566,0.403629182395673,23
"SASP25",1604,0.426386873317015,0.439662481628338,23
"SASP25",1605,0.352449041419578,0.381391354920484,23
"SASP25",1606,0.222425429490123,0.203185350036549,22
"SASP25",1607,0.354974916851056,0.351935716626191,23
"SASP25",1608,0.101152941802908,0.129961206493364,19
"SASP25",1609,0.32301397398114,0.319430702991937,23
"SASP25",1610,0.292571434540113,0.295845012690933,22
"SASP25",1611,0.568921755847924,0.587047208316681,23
"SASP25",1612,0.246900328406922,0.247389594966906,22
"SASP25",1613,0.519250411933086,0.555444041950885,23
"SASP25",1614,0.294659939109798,0.313174516873038,22
"SASP25",1615,0.609839362366947,0.60464413071358,23
"SASP25",1616,0.555319013294371,0.554788919312786,23
"SASP25",1617,0.24539802881786,0.229194254670124,22
"SASP25",1618,0.427071213291999,0.419240025026033,23
"SASP25",1619,0.399821141253875,0.441445340211492,22
"SASP25",1620,0.32636122301375,0.309382960130951,23
"SASP25",1621,0.438589562107171,0.41304880962977,23
"SASP25",1622,0.653991163587859,0.610659063126776,23
"SASP25",1623,0.412150302159365,0.401040534373501,23
"SASP25",1624,0.313245596332349,0.307204735354321,23
"SASP25",1625,0.357923947879659,0.32860333790437,22
"SASP25",1626,0.510852309550982,0.51475407864585,23
"SASP25",1627,0.285555665640271,0.266096168303671,23
"SASP25",1628,0.306717102184508,0.314812935862652,22
"SASP25",1629,0.608958189172957,0.600738799635322,23
"SASP25",1630,0.360138478121643,0.30952442118572,23
"SASP25",1631,0.504015987863315,0.49086085651138,23
"SASP25",1632,0.190058108782271,0.204025732374154,23
"SASP25",1633,0.449006941174517,0.474634788681543,22
"SASP25",1634,0.453719743392673,0.464408331955001,23
"SASP25",1635,0.66340735184538,0.651306335889741,23
"SASP25",1636,0.228144632887674,0.2021546383524,23
"SASP25",1637,0.434782538492788,0.403992839016556,23
"SASP25",1638,0.164106469773016,0.170481231046274,20
"SASP25",1639,0.565899979078867,0.590182810052197,23
"SASP25",1640,0.460349316189275,0.412717582361512,23
"SASP25",1641,0.441586949246986,0.439792410393353,23
"SASP25",1642,0.201775665733459,0.209792914101538,19
"SASP25",1643,0.313823154545134,0.314527345325847,22
"SASP25",1644,0.298513243408124,0.299995390902826,23
"SASP25",1645,0.415917686198801,0.42848638162577,22
"SASP25",1646,0.395872049377681,0.402587875091486,23
"SASP25",1647,0.579714543190242,0.642097724785392,23
"SASP25",1648,0.50480813186018,0.518275743486966,23
"SASP25",1649,0.279349452750644,0.280610297211984,23
"SASP25",1650,0.303356217299725,0.306382444978823,23
"SASP25",1651,0.370332131673978,0.335313076737987,23
"SASP25",1652,0.440236885628048,0.454330077714114,23
"SASP25",1653,0.563603930602672,0.521750409685939,23
"SASP25",1654,0.353752793820834,0.366193798900412,23
"SASP25",1655,0.496283752621413,0.553069649607713,23
"SASP25",1656,0.441366190990852,0.458849772549087,23
"SASP25",1657,0.64864369720535,0.669368582035949,23
"SASP25",1658,0.234510198653195,0.207387973730228,21
"SASP25",1659,0.22026295951752,0.201757562892173,22
"SASP25",1660,0.601387446744824,0.622893539944356,23
"SASP25",1661,0.347611342865561,0.342758493812965,23
"SASP25",1662,0.431925788908084,0.414321498075502,23
"SASP25",1663,0.428413616847055,0.42052984535355,23
"SASP25",1664,0.242373707438793,0.26188627371774,21
"SASP25",1665,0.321560503490939,0.321279313526366,23
"SASP25",1666,0.467835472683285,0.50023791431573,22
"SASP25",1667,0.529465613109842,0.519650610413748,23
"SASP25",1668,0.255630765668011,0.244760723120214,21
"SASP25",1669,0.286134600512647,0.28143652122575,23
"SASP25",1670,0.504770867416536,0.464533762262793,23
"SASP25",1671,0.52679309748563,0.476259116977387,23
"SASP25",1672,0.493285115280956,0.482374530558301,23
"SASP25",1673,0.30744171475135,0.316028278511682,23
"SASP25",1674,0.633038257593313,0.64665771781118,23
"SASP25",1675,0.444698326536556,0.414266627601738,23
"SASP25",1676,0.651146330040634,0.644806655947048,23
"SASP25",1677,0.125800718878974,0.127002173717826,18
"SASP25",1678,0.440838122788626,0.450136062752854,23
"SASP25",1679,0.240955945505635,0.272392981677555,22
"SASP25",1680,0.620240144475738,0.593109195156219,23
"SASP25",1681,0.397066138436855,0.345919252369515,23
"SASP25",1682,0.283508296953632,0.283609773999496,23
"SASP25",1683,0.29696922851851,0.287709872105464,23
"SASP25",1684,0.544860016721053,0.552146587829666,23
"SASP25",1685,0.484211319384897,0.446857933537088,23
"SASP25",1686,0.436776503119056,0.461895282788054,23
"SASP25",1687,0.196837006072235,0.140916733873634,20
"SASP25",1688,0.257745910476673,0.238475323216951,21
"SASP25",1689,0.462167136292876,0.465151998090677,23
"SASP25",1690,0.506840534909343,0.510383107728351,23
"SASP25",1691,0.338623174297672,0.369461450865729,23
"SASP25",1692,0.478264915159764,0.489079432602719,23
"SASP25",1693,0.537690046156454,0.535432641982695,23
"SASP25",1694,0.426393603217834,0.403764198708051,23
"SASP25",1695,0.362345668166359,0.322195975663468,22
"SASP25",1696,0.14859125638501,0.1279110294096,22
"SASP25",1697,0.196389818376893,0.177978747193216,19
"SASP25",1698,0.176365124712478,0.150622338840558,20
"SASP25",1699,0.333870939477933,0.293308968871418,23
"SASP25",1700,0.392661117358811,0.390765691873661,23
"SASP25",1701,0.805704517238664,0.757240445775949,23
"SASP25",1702,0.339455199551728,0.338575430192009,22
"SASP25",1703,0.66051450267488,0.653999139732412,23
"SASP25",1704,0.22180559217313,0.213004053350298,22
"SASP25",1705,0.295562048978005,0.300982172131417,23
"SASP25",1706,0.369994029258437,0.368792559106747,23
"SASP25",1707,0.189811190357127,0.199000517805818,23
"SASP25",1708,0.52982813533101,0.547126557276811,23
"SASP25",1709,0.654726383186119,0.654229404917644,23
"SASP25",1710,0.265986855071468,0.251119894832619,22
"SASP25",1711,0.538797265306551,0.548477534718113,22
"SASP25",1712,0.455623443293786,0.446759232434691,23
"SASP25",1713,0.894715377540967,0.906108415433008,23
"SASP25",1714,0.360619261820027,0.327065475716489,23
"SASP25",1715,0.33396209101749,0.306188267030577,23
"SASP25",1716,0.15117677875633,0.160046308281411,20
"SASP25",1717,0.228945115186388,0.259081241013747,18
"SASP25",1718,0.232483781986099,0.256966679032328,22
"SASP25",1719,0.697647724294785,0.700855737234898,23
"SASP25",1720,0.462904167037939,0.470243370459395,23
"SASP25",1721,0.836977990540765,0.843370399304561,23
"SASP25",1722,0.357190073299456,0.34130330483779,23
"SASP25",1723,0.584676209160533,0.617542711354266,23
"SASP25",1724,0.27524809861771,0.243306287465603,22
"SASP25",1725,0.400710676486014,0.419799203390589,23
"SASP25",1726,0.615142159913135,0.603001442235131,23
"SASP25",1727,0.647584153072935,0.639690363852474,23
"SASP25",1728,0.303103520400708,0.35598350296361,22
"SASP25",1729,0.552999008741442,0.589152404995575,23
"SASP25",1730,0.377646504240855,0.320566599475634,23
"SASP25",1731,0.24614721450133,0.245643055974831,21
"SASP25",1732,0.322169763056037,0.326678274813804,23
"SASP25",1733,0.413644188708386,0.385231050075437,22
"SASP25",1734,0.214117470517047,0.178146066268882,19
"SASP25",1735,0.445184172205677,0.426983209568656,23
"SASP25",1736,0.449390364122937,0.474520225228555,23
"SASP25",1737,0.240736516151322,0.243166299608456,22
"SASP25",1738,0.177503665832311,0.182071277764446,20
"SASP25",1739,0.0233905877557115,-0.00559104440197797,11
"SASP25",1740,0.424716652061606,0.437516228679109,23
"SASP25",1741,0.138335382149127,0.128514946319995,22
"SASP25",1742,0.556562674269162,0.538497972748651,23
"SASP25",1743,0.57202327835849,0.526213321099081,23
"SASP25",1744,0.170447890662393,0.186589911532154,21
"SASP25",1745,0.759062001845167,0.74488036100183,23
"SASP25",1746,0.464806350160686,0.455389482227584,22
"SASP25",1747,0.60235149875735,0.630477568397705,23
"SASP25",1748,0.150830658784769,0.132660389941726,20
"SASP25",1749,0.724979725276592,0.706114867850167,23
"SASP25",1750,0.381567307779258,0.373372375867162,23
"SASP25",1751,0.368107059948655,0.376601531764731,23
"SASP25",1752,0.725378898140115,0.732327627490747,23
"SASP25",1753,0.240773002971674,0.220885075629227,22
"SASP25",1754,0.572537460711732,0.576441586796665,23
"SASP25",1755,0.337721815170994,0.360281901601595,22
"SASP25",1756,0.331800606898067,0.32029782139174,23
"SASP25",1757,0.0684650623506169,0.0523677197172428,16
"SASP25",1758,0.563100593431526,0.560241283691776,23
"SASP25",1759,0.261274127891278,0.267206249191446,22
"SASP25",1760,0.394386483653118,0.40498259163664,23
"SASP25",1761,0.113410748604121,0.127741320498332,20
"SASP25",1762,0.53326495323386,0.530117406583405,23
"SASP25",1763,0.408825068970049,0.400797836479779,23
"SASP25",1764,0.504375008608136,0.467952221983426,22
"SASP25",1765,0.233388438456135,0.195599123906527,23
"SASP25",1766,0.310082041454459,0.297193433261734,22
"SASP25",1767,0.342663373633595,0.339504765231413,23
"SASP25",1768,0.360628779830918,0.378492948643844,22
"SASP25",1769,0.524302727856682,0.502831572455673,23
"SASP25",1770,0.350617422437618,0.315890104812881,22
"SASP25",1771,0.334795814571868,0.346989317142972,23
"SASP25",1772,0.547442265346414,0.5736315042263,23
"SASP25",1773,0.593367681281091,0.582394984385771,23
"SASP25",1774,0.44688736462911,0.465449990324117,23
"SASP25",1775,0.352242995846225,0.360988912189676,23
"SASP25",1776,0.305495085720813,0.310786645960774,23
"SASP25",1777,0.541224044506309,0.598149723075666,23
"SASP25",1778,0.526466342855491,0.510179407675462,23
"SASP25",1779,0.382189061536822,0.445652052089034,23
"SASP25",1780,0.376760538229578,0.373160769862704,23
"SASP25",1781,0.245357186136786,0.266841118524683,22
"SASP25",1782,0.427363572876012,0.399129752085513,23
"SASP25",1783,0.189213198454761,0.175910995213096,22
"SASP25",1784,0.0266141606683748,0.00370775474675075,12
"SASP25",1785,0.310042014069142,0.275987918973617,22
"SASP25",1786,0.375572767013196,0.37871733233192,23
"SASP25",1787,0.241830458021869,0.21254866544597,21
"SASP25",1788,0.594076688917498,0.574272287291865,23
"SASP25",1789,0.481419350201256,0.464350094441828,23
"SASP25",1790,0.120484571733571,0.134892109870049,20
"SASP25",1791,0.466649864763297,0.459375876407837,23
"SASP25",1792,0.320783433354039,0.289253281124651,23
"SASP25",1793,0.516821690251333,0.561219513333529,23
"SASP25",1794,0.373619739938469,0.381199256906249,22
"SASP25",1795,0.600444596037621,0.617165740803321,23
"SASP25",1796,0.44748257833075,0.41564575843509,22
"SASP25",1797,0.533643204171619,0.514098872129062,23
"SASP25",1798,0.43204476749047,0.419023105715708,23
"SASP25",1799,0.463595465501136,0.467310795351993,23
"SASP25",1800,0.455575741048816,0.40803812165037,23
"SASP25",1801,0.500870541583349,0.478533216462145,23
"SASP25",1802,0.577978596289686,0.555687117377605,23
"SASP25",1803,0.332368812140314,0.353058153986832,23
"SASP25",1804,0.408876010744988,0.408617003703353,23
"SASP25",1805,0.159722751609045,0.147894271822877,21
"SASP25",1806,0.264491138433316,0.283892789562005,22
"SASP25",1807,0.402271312106889,0.378905118665528,23
"SASP25",1808,0.512018621484466,0.531077958433595,23
"SASP25",1809,0.333431738371763,0.33482589896313,23
"SASP25",1810,0.12127513175774,0.182773436908094,16
"SASP25",1811,0.589503029597261,0.609465278729596,23
"SASP25",1812,0.481583129963013,0.468249879375113,23
"SASP25",1813,0.53216109918255,0.530331313885827,23
"SASP25",1814,0.578357366836388,0.549704834619862,23
"SASP25",1815,0.674518722582164,0.681249849713533,23
"SASP25",1816,0.786147016721953,0.827183376321129,23
"SASP25",1817,0.45846737723964,0.486181246421734,23
"SASP25",1818,0.424105012582543,0.410602088509242,23
"SASP25",1819,0.379295726931363,0.388556896603542,22
"SASP25",1820,0.223997564074896,0.220923183131668,23
"SASP25",1821,0.427157127600129,0.469327090296898,23
"SASP25",1822,0.375617120855159,0.373184302228047,23
"SASP25",1823,0.131930083667332,0.138382275977791,20
"SASP25",1824,0.36383225100652,0.363811704627988,20
"SASP25",1825,0.0507102450518159,0.0312978986690315,14
"SASP25",1826,0.409246513250028,0.407620681799221,23
"SASP25",1827,0.456304852673078,0.35283358269995,23
"SASP25",1828,0.482497819944185,0.445994554741318,23
"SASP25",1829,0.511124353373111,0.537131902531354,22
"SASP25",1830,0.488369195400609,0.52764932025801,22
"SASP25",1831,0.36911315697819,0.315886545095772,23
"SASP25",1832,0.443655038765597,0.383719097708308,23
"SASP25",1833,0.21162190598288,0.20567354484821,22
"SASP25",1834,0.424387231185401,0.380269032166044,23
"SASP25",1835,0.379411744929177,0.397264969542201,22
"SASP25",1836,0.163691214940669,0.19569713576657,20
"SASP25",1837,0.240022803961976,0.232774171741681,22
"SASP25",1838,0.641049441373252,0.615387091957216,23
"SASP25",1839,0.277693372228741,0.20735721028602,22
"SASP25",1840,0.402792617369906,0.406644119724037,23
"SASP25",1841,0.52429909427529,0.523925113773103,23
"SASP25",1842,0.341886361303353,0.37154398074085,22
"SASP25",1843,0.31521194673726,0.312452745260019,23
"SASP25",1844,0.310307324072539,0.280260396976303,22
"SASP25",1845,0.705503222220827,0.699262136007963,23
"SASP25",1846,0.525104841010714,0.577682026721899,23
"SASP25",1847,0.306710885186213,0.328059145046747,23
"SASP25",1848,0.683173164971913,0.676751995193601,23
"SASP25",1849,0.624048217990628,0.577863016326975,23
"SASP25",1850,0.756472969719235,0.832589278393139,23
"SASP25",1851,0.345850103532046,0.346708470865055,23
"SASP25",1852,0.32323024936305,0.324690548467924,23
"SASP25",1853,0.28731176712312,0.291593518067447,23
"SASP25",1854,0.352939098790833,0.386198621225303,22
"SASP25",1855,0.140476954790766,0.136863577309901,19
"SASP25",1856,0.24031330698042,0.211288178281994,21
"SASP25",1857,0.420970466267902,0.409336332933809,23
"SASP25",1858,0.39431615449397,0.372923264566844,23
"SASP25",1859,0.336592806838226,0.28383584600445,22
"SASP25",1860,0.460069544303725,0.42958794067246,23
"SASP25",1861,0.331089657389184,0.316161256143298,23
"SASP25",1862,0.584475392840115,0.584471480953114,23
"SASP25",1863,0.720446366686281,0.703173084459039,23
"SASP25",1864,0.342026285284305,0.304188639840268,22
"SASP25",1865,0.351487628801374,0.376822412229447,23
"SASP25",1866,0.1557589210911,0.170750174889466,20
"SASP25",1867,0.212034028645391,0.211468369005019,22
"SASP25",1868,0.37750514860471,0.36804521195731,23
"SASP25",1869,0.211783451014403,0.217909487858234,22
"SASP25",1870,0.538064993996604,0.531936619643506,23
"SASP25",1871,0.728612629470619,0.737505372766087,23
"SASP25",1872,0.544170104051485,0.560046020751284,23
"SASP25",1873,0.350432547393071,0.348892108543105,23
"SASP25",1874,0.678678067807015,0.693570169426426,23
"SASP25",1875,0.49232657569209,0.500039533830915,22
"SASP25",1876,0.502025416610513,0.503850369756591,23
"SASP25",1877,0.409350739837652,0.34588775653436,23
"SASP25",1878,0.149383254054233,0.145890673352498,19
"SASP25",1879,0.39034066683738,0.427695160395861,22
"SASP25",1880,0.253119618849099,0.264804427782165,21
"SASP25",1881,0.609864902150593,0.588976146879287,23
"SASP25",1882,0.416825703627804,0.406939490344436,22
"SASP25",1883,0.651091711565594,0.674329875178838,23
"SASP25",1884,0.324087148326778,0.339314409735688,23
"SASP25",1885,0.218616443628121,0.236678571378995,21
"SASP25",1886,0.386638412811904,0.425392899791174,22
"SASP25",1887,0.296918043221022,0.282048344550942,23
"SASP25",1888,0.62413897172852,0.637993922315515,23
"SASP25",1889,0.503731872663909,0.49903458045677,23
"SASP25",1890,0.3079147580315,0.326158189613171,22
"SASP25",1891,0.200729848300243,0.222529747381744,22
"SASP25",1892,0.796333400058959,0.764284128574184,23
"SASP25",1893,0.362849596817879,0.357527412909581,22
"SASP25",1894,0.706435460815898,0.686778041753211,23
"SASP25",1895,0.493352951201944,0.497061225118519,22
"SASP25",1896,0.396967453456529,0.393562947774626,23
"SASP25",1897,0.394834448167134,0.415165035410689,23
"SASP25",1898,0.329268328997613,0.327979708123238,23
"SASP25",1899,0.250966833066785,0.273479889656886,21
"SASP25",1900,0.528524858354612,0.503865212872096,23
"SASP25",1901,0.514239887637484,0.450600302406648,23
"SASP25",1902,0.378978353859726,0.396065310699062,23
"SASP25",1903,0.208240958925175,0.230689495927064,22
"SASP25",1904,0.533843110545764,0.492532190616226,23
"SASP25",1905,0.254239803572508,0.251375434627063,22
"SASP25",1906,0.247949526341758,0.232676668390259,23
"SASP25",1907,0.347450327103325,0.35870947769223,22
"SASP25",1908,0.50298280848768,0.537446991194641,23
"SASP25",1909,0.391369916521882,0.394908791887122,23
"SASP25",1910,0.204204124836033,0.206409127240793,22
"SASP25",1911,0.157022693041652,0.151988588974535,21
"SASP25",1912,0.573539278012274,0.579701229272201,23
"SASP25",1913,0.15761101900251,0.182423357973394,20
"SASP25",1914,0.699914707429718,0.708202052407829,23
"SASP25",1915,0.390761882700049,0.396902259052533,23
"SASP25",1916,0.413083702864102,0.429377919302397,23
"SASP25",1917,0.46585362926345,0.446239998809401,22
"SASP25",1918,0.478878562388,0.478625756240506,23
"SASP25",1919,0.469158000734754,0.491427091594181,23
"SASP25",1920,0.240381513909849,0.235755778419198,22
"SASP25",1921,0.228494215876061,0.194036479205824,21
"SASP25",1922,0.321191105745661,0.298442502659261,22
"SASP25",1923,0.462444540548789,0.444454226369431,23
"SASP25",1924,0.519273916836412,0.499866455167065,23
"SASP25",1925,0.51517594837382,0.488733625839321,23
"SASP25",1926,0.625125250874769,0.630331021628199,23
"SASP25",1927,0.455175988557286,0.436413079473796,23
"SASP25",1928,0.618023713987959,0.616808334194319,23
"SASP25",1929,0.307451112818312,0.299544193780259,23
"SASP25",1930,0.495927101026045,0.454541186709514,23
"SASP25",1931,0.544923649107179,0.590044511629447,22
"SASP25",1932,0.55191368778115,0.564076088049244,23
"SASP25",1933,0.57512545013789,0.566042289318112,23
"SASP25",1934,0.509100049253319,0.513443877942822,23
"SASP25",1935,0.265970513063892,0.276788412847399,22
"SASP25",1936,0.415895600762178,0.419721783156789,23
"SASP25",1937,0.35699405473642,0.36172661382421,23
"SASP25",1938,0.541614002631003,0.531337130641697,23
"SASP25",1939,0.0112669048266967,0.0186105943818105,14
"SASP25",1940,0.787464673123826,0.818712072585751,23
"SASP25",1941,0.464494997445029,0.485513773104255,23
"SASP25",1942,0.452080562485637,0.444178681366984,23
"SASP25",1943,0.268419000331944,0.269885873171621,22
"SASP25",1944,0.332212808957021,0.358181304671286,22
"SASP25",1945,0.437213544990624,0.411751433179173,23
"SASP25",1946,0.258921533755157,0.243935702869283,21
"SASP25",1947,0.430283401126145,0.428499576111538,23
"SASP25",1948,0.673133344974253,0.69937976523942,23
"SASP25",1949,0.470642168456865,0.501818107992251,23
"SASP25",1950,0.147262600360159,0.143976796668162,19
"SASP25",1951,0.545515173270992,0.556264963936123,23
"SASP25",1952,0.303793762814331,0.331431909221772,21
"SASP25",1953,0.460635674150828,0.455798590117491,22
"SASP25",1954,0.369080650969371,0.319786416716685,23
"SASP25",1955,0.333983039558373,0.349827256431166,22
"SASP25",1956,0.316775894123914,0.320804917924685,23
"SASP25",1957,0.570682349184519,0.54692714709494,23
"SASP25",1958,0.182438061809624,0.16090455606072,21
"SASP25",1959,0.449768060805708,0.469331418267449,23
"SASP25",1960,0.436691719531985,0.434572634014361,23
"SASP25",1961,0.360910655672628,0.34333795889906,23
"SASP25",1962,0.594681134039403,0.600917883096683,23
"SASP25",1963,0.501367972495963,0.501405047467074,23
"SASP25",1964,0.280209408543786,0.306275329290142,22
"SASP25",1965,0.408725990978028,0.407961380807497,23
"SASP25",1966,0.501374624388389,0.501588903969032,23
"SASP25",1967,0.488864807183606,0.496403194525573,22
"SASP25",1968,0.449375013789007,0.45746949365784,23
"SASP25",1969,0.418633937756535,0.410070355525216,23
"SASP25",1970,0.419836885190906,0.425256632607446,22
"SASP25",1971,0.288068823102431,0.302444236713082,23
"SASP25",1972,0.364342465298921,0.4009601198295,21
"SASP25",1973,0.405437890506141,0.41904706274627,23
"SASP25",1974,0.271701511107274,0.263721910190269,23
"SASP25",1975,0.633170035570773,0.574386559654808,23
"SASP25",1976,0.534372060388318,0.49280441012733,23
"SASP25",1977,0.43192529302477,0.431336695513889,23
"SASP25",1978,0.490402066277107,0.494877869878726,23
"SASP25",1979,0.48491932611725,0.461141747379646,22
"SASP25",1980,0.499411100117622,0.506306490676201,23
"SASP25",1981,0.283475492200504,0.321439391428014,23
"SASP25",1982,0.3067905030334,0.349857867862666,23
"SASP25",1983,0.557178997234663,0.562015127626369,23
"SASP25",1984,0.695291731598644,0.663265407618699,23
"SASP25",1985,0.335409623822278,0.33605930364869,23
"SASP25",1986,0.481047845818748,0.498255067072194,23
"SASP25",1987,0.31134097412908,0.31682204705202,23
"SASP25",1988,0.384076489414424,0.355420405556347,23
"SASP25",1989,0.274049992823359,0.29898712269496,21
"SASP25",1990,0.436177655959997,0.445149376688144,23
"SASP25",1991,0.113661422965663,0.114372283552915,18
"SASP25",1992,0.228700974919002,0.230501816640586,23
"SASP25",1993,0.617919418988274,0.56488945917972,23
"SASP25",1994,0.381655308126232,0.418427830027958,23
"SASP25",1995,0.311646238460412,0.320023901076122,23
"SASP25",1996,0.284048154198036,0.287388667834379,23
"SASP25",1997,0.278157094511516,0.287278110001445,23
"SASP25",1998,0.349215100198706,0.356307443624241,23
"SASP25",1999,0.670461184895599,0.676996483196795,23
"SASP25",2000,0.410665567248265,0.348495834179471,23
"SASP25",2001,0.595000586498688,0.579321969727305,23
"SASP25",2002,0.598409005314417,0.550885394143612,23
"SASP25",2003,0.595096697879179,0.621994828623118,23
"SASP25",2004,0.604685602166358,0.512220155727294,23
"SASP25",2005,0.579772940541936,0.602477840413764,23
"SASP25",2006,0.374200326511132,0.379886187528504,23
"SASP25",2007,0.408426739168076,0.402205448385728,23
"SASP25",2008,0.496251891462145,0.495461283564896,23
"SASP25",2009,0.280339891704974,0.309015679600592,21
"SASP25",2010,0.383380341828661,0.390132811437102,23
"SASP25",2011,0.222500435415245,0.218871854782448,20
"SASP25",2012,0.62015039593585,0.596722449704876,23
"SASP25",2013,0.562284641844339,0.590793186023191,23
"SASP25",2014,0.285814226785545,0.243696735783644,21
"SASP25",2015,0.452253967940877,0.461539303423437,23
"SASP25",2016,0.563936392265875,0.542819128389108,23
"SASP25",2017,0.34415289559505,0.321744675240195,23
"SASP25",2018,0.481285939804807,0.448001957779874,23
"SASP25",2019,0.232827779834203,0.210542303311417,22
"SASP25",2020,0.366075802698818,0.357375438750452,23
"SASP25",2021,0.356113811744851,0.354150653234873,23
"SASP25",2022,0.555610864783891,0.584272872780524,23
"SASP25",2023,0.755129808642037,0.760515146908976,23
"SASP25",2024,0.282674988595271,0.317733534153723,22
"SASP25",2025,0.544746033010417,0.519885940770443,23
"SASP25",2026,0.61690150922603,0.590932318979849,23
"SASP25",2027,0.337158635425709,0.352238114941712,23
"SASP25",2028,0.360793091034535,0.396168553194661,22
"SASP25",2029,0.330310667785271,0.347493046677754,21
"SASP25",2030,0.366979575302541,0.378695755605068,23
"SASP25",2031,0.296617028691077,0.27747114799614,23
"SASP25",2032,0.214153434908836,0.251060290336749,22
"SASP25",2033,0.360253289419179,0.354559862673785,23
"SASP25",2034,0.272475166734365,0.278153882123453,23
"SASP25",2035,0.290886634638049,0.284880301158263,23
"SASP25",2036,0.409759682884954,0.382300090585381,23
"SASP25",2037,0.436900919105138,0.432360342567413,23
"SASP25",2038,0.502939255135115,0.493531794141601,23
"SASP25",2039,0.594364311299388,0.57618747991404,23
"SASP25",2040,0.292556042183704,0.286292628878079,23
"SASP25",2041,0.233418530686927,0.246121530820371,20
"SASP25",2042,0.346171889842488,0.341733777245077,23
"SASP25",2043,0.516301863326024,0.52370117640301,23
"SASP25",2044,0.341269361685679,0.354168362393963,22
"SASP25",2045,0.667930936097968,0.62780462276354,23
"SASP25",2046,0.592021079158508,0.638821432663113,23
"SASP25",2047,0.18155829802498,0.18087249566283,21
"SASP25",2048,0.438124180451408,0.43069007230078,23
"SASP25",2049,0.0727259139638454,0.0583714239816947,15
"SASP25",2050,0.571536214739527,0.57791872840889,23
"SASP25",2051,0.168069018658673,0.199133408556689,21
"SASP25",2052,0.299432948245656,0.310222786271799,23
"SASP25",2053,0.285451940645346,0.300111613786911,21
"SASP25",2054,0.400120185819459,0.381618238221228,23
"SASP25",2055,0.733744436299977,0.759956348142013,23
"SASP25",2056,0.633792061224329,0.667288339204565,23
"SASP25",2057,0.545492318690687,0.520974767191274,23
"SASP25",2058,0.325439128783222,0.333557627873532,23
"SASP25",2059,0.531136256265396,0.525746295076772,23
"SASP25",2060,0.23505696532875,0.258916808783972,22
"SASP25",2061,0.646489817180838,0.611532684886016,23
"SASP25",2062,0.17924518327473,0.168847917284457,22
"SASP25",2063,0.524408028200108,0.52983685162,23
"SASP25",2064,0.58285087369664,0.562295180196904,23
"SASP25",2065,0.565034214296073,0.54802188099752,23
"SASP25",2066,0.344314264220877,0.352618623890718,23
"SASP25",2067,0.576589663239424,0.556696630861586,22
"SASP25",2068,0.591919505131598,0.579782277328622,23
"SASP25",2069,0.418977304596387,0.394041300771923,23
"SASP25",2070,0.289656687118405,0.330252621076032,22
"SASP25",2071,0.29663678675551,0.298561098492276,22
"SASP25",2072,0.261782078041701,0.282951471322048,22
"SASP25",2073,0.560746572864067,0.577449214237813,23
"SASP25",2074,0.347900613804592,0.339125889318149,21
"SASP25",2075,0.260195342858266,0.231011739821491,23
"SASP25",2076,0.409097201295892,0.419304913963446,23
"SASP25",2077,0.242848022749608,0.250523256012666,22
"SASP25",2078,0.65429825255362,0.630557952814403,23
"SASP25",2079,0.181308093610391,0.165630475780971,22
"SASP25",2080,0.239008849682727,0.291103622778124,20
"SASP25",2081,0.737399311420024,0.720577089866551,23
"SASP25",2082,0.458002053212964,0.450116294670672,23
"SASP25",2083,0.44747485988433,0.440182989477648,23
"SASP25",2084,0.365212126763156,0.367779970694004,23
"SASP25",2085,0.395373238449535,0.335400260417189,23
"SASP25",2086,0.252119834934005,0.268839344156051,23
"SASP25",2087,0.314259837583516,0.313813132313129,22
"SASP25",2088,0.45737626603829,0.460799021234075,23
"SASP25",2089,0.519960236012071,0.468506410245435,23
"SASP25",2090,0.246806898399979,0.251391812882684,22
"SASP25",2091,0.416105382082312,0.426688196383903,23
"SASP25",2092,0.331688004167037,0.342056550464701,23
"SASP25",2093,0.420350591432527,0.395137727810977,23
"SASP25",2094,0.464893159907924,0.466962734666282,22
"SASP25",2095,0.345157259984145,0.366389743776049,23
"SASP25",2096,0.330054401860233,0.357505594583703,22
"SASP25",2097,0.482209736308265,0.49763755569572,23
"SASP25",2098,0.235764282806717,0.209783528025132,20
"SASP25",2099,0.468496238447962,0.480995351950039,23
"SASP25",2100,0.237630581043525,0.221543250102029,22
"SASP25",2101,0.332370275858342,0.300131329204975,23
"SASP25",2102,0.256707777216389,0.221371225511066,22
"SASP25",2103,0.245709211459577,0.196522186812379,23
"SASP25",2104,0.410311732134464,0.408285965283136,23
"SASP25",2105,0.496266033694154,0.485804412346867,23
"SASP25",2106,0.511967017192514,0.534724923361042,23
"SASP25",2107,0.314885087987666,0.3108663316933,22
"SASP25",2108,0.324399806586613,0.314066319719343,23
"SASP25",2109,0.157242481721179,0.141379485705808,19
"SASP25",2110,0.775186331811864,0.781312486846604,23
"SASP25",2111,0.384950740111211,0.437951218710802,23
"SASP25",2112,0.0740818318024719,0.0554865687037297,17
"SASP25",2113,0.155135443133057,0.112471373355736,22
"SASP25",2114,0.265292440504581,0.274732511118058,22
"SASP25",2115,0.411206794484004,0.379348438774903,23
"SASP25",2116,0.207574877313834,0.199054896527151,22
"SASP25",2117,0.369163156084833,0.362386399605489,23
"SASP25",2118,0.579421971199481,0.557994369238274,23
"SASP25",2119,0.634316653142809,0.599118495914418,23
"SASP25",2120,0.216230616721211,0.265481934229074,20
"SASP25",2121,0.416935112095424,0.445969389990958,23
"SASP25",2122,0.669931542973048,0.694828246564977,23
"SASP25",2123,0.364477293591076,0.350788009935661,23
"SASP25",2124,0.246665482191319,0.281075213323929,22
"SASP25",2125,0.132390578240632,0.116360811186377,19
"SASP25",2126,0.471920318335058,0.44525471314065,23
"SASP25",2127,0.120310042685838,0.112878553602726,18
"SASP25",2128,0.436504493804145,0.461428974430718,23
"SASP25",2129,0.441035212718257,0.474400102704071,23
"SASP25",2130,0.548854358649957,0.529847350397026,23
"SASP25",2131,0.0811442132479435,0.083411825891407,18
"SASP25",2132,0.353068008326756,0.328206167909253,22
"SASP25",2133,0.680142928125571,0.68371813049458,23
"SASP25",2134,0.237595669471003,0.263085621084597,22
"SASP25",2135,0.829129481041954,0.881651155537298,23
"SASP25",2136,0.549580736304529,0.559818839669174,23
"SASP25",2137,0.183115310395092,0.193314706912809,20
"SASP25",2138,0.743559821092669,0.739924246230568,23
"SASP25",2139,0.467897087103606,0.436618303143121,23
"SASP25",2140,0.294933621039536,0.280363612795474,22
"SASP25",2141,0.101308515385456,0.104980627082767,21
"SASP25",2142,0.341663351898911,0.326917066276692,23
"SASP25",2143,0.718193924361088,0.710041407425305,23
"SASP25",2144,0.375096596035596,0.374180472545796,23
"SASP25",2145,0.738518022791642,0.714730055050115,23
"SASP25",2146,0.127109266730549,0.107841362305736,20
"SASP25",2147,0.586060784640122,0.575723894732612,23
"SASP25",2148,0.363674940766071,0.337153267684228,23
"SASP25",2149,0.786952159783777,0.768642866625423,23
"SASP25",2150,0.321312723844709,0.311676349787743,23
"SASP25",2151,0.170268057867154,0.17121406900698,20
"SASP25",2152,0.268191655505064,0.239684538463823,23
"SASP25",2153,0.342536243653774,0.34497827880595,23
"SASP25",2154,0.538258240741819,0.526126900408032,23
"SASP25",2155,0.228070570939272,0.257089857871923,22
"SASP25",2156,0.512130229466159,0.521658726095425,23
"SASP25",2157,0.617297100500391,0.594583435098973,23
"SASP25",2158,0.582972670612032,0.592774502497619,23
"SASP25",2159,0.232060100465162,0.225444703324512,22
"SASP25",2160,0.616217039445783,0.632401267503674,23
"SASP25",2161,0.189183638683583,0.154931937642757,21
"SASP25",2162,0.259653947189428,0.254154164372949,23
"SASP25",2163,0.52464825015142,0.512956372048737,23
"SASP25",2164,0.367461809583383,0.372441688537015,23
"SASP25",2165,0.449776682402181,0.430337177022049,23
"SASP25",2166,0.32961094264771,0.351533120007495,23
"SASP25",2167,0.384585956003217,0.397889222190793,23
"SASP25",2168,0.113902084794175,0.106020114788443,18
"SASP25",2169,0.410599023169392,0.427928589580413,22
"SASP25",2170,0.23257081566515,0.262476232059532,19
"SASP25",2171,0.37168062114543,0.337568459749766,23
"SASP25",2172,0.543086572644706,0.528811602322295,23
"SASP25",2173,0.537348054291859,0.543024262330554,23
"SASP25",2174,0.602406336937267,0.62245168739748,23
"SASP25",2175,0.304041776700577,0.337230550301002,23
"SASP25",2176,0.426631479462467,0.423512232146764,22
"SASP25",2177,0.0292622026632174,0.00368124051392952,12
"SASP25",2178,0.764533282806508,0.756425434356821,23
"SASP25",2179,0.354083097377809,0.329905982684034,23
"SASP25",2180,0.394733748712629,0.411474743243925,23
"SASP25",2181,0.169278935707815,0.200265262109609,19
"SASP25",2182,0.369751520899941,0.366818544106331,23
"SASP25",2183,0.353414522016684,0.331799963999719,23
"SASP25",2184,0.416694446715343,0.404030697713042,23
"SASP25",2185,0.615718274339309,0.58252156745488,23
"SASP25",2186,0.391677592012371,0.399650360460678,23
"SASP25",2187,0.284341767919239,0.327197747651429,23
"SASP25",2188,0.246377465675082,0.217561910356058,22
"SASP25",2189,0.786313312933408,0.77602907052232,23
"SASP25",2190,0.137664299974259,0.121404276300956,23
"SASP25",2191,0.442870389874901,0.443927903939015,23
"SASP25",2192,0.538398943297645,0.550174176375908,23
"SASP25",2193,0.224824050506292,0.222445534174423,21
"SASP25",2194,0.203789882765619,0.204338626216159,22
"SASP25",2195,0.353822550950449,0.354085012126069,23
"SASP25",2196,0.373685509651602,0.362191265632992,23
"SASP25",2197,0.398125547357089,0.38849202754909,23
"SASP25",2198,0.383710733622618,0.380353754037785,23
"SASP25",2199,0.837175817582463,0.839021431580112,23
"SASP25",2200,0.48187591944913,0.465015891303928,23
"SASP25",2201,0.327919424246988,0.31223432390184,23
"SASP25",2202,0.292659495985723,0.292128505710118,23
"SASP25",2203,0.45133726300085,0.477185553881731,23
"SASP25",2204,0.18756238045363,0.166555600562637,23
"SASP25",2205,0.845434908366533,0.86683969213127,23
"SASP25",2206,0.37301132465896,0.392565003982914,23
"SASP25",2207,0.284918540761545,0.258267371674673,22
"SASP25",2208,0.708158248694634,0.717812273672665,23
"SASP25",2209,0.295907166732258,0.302415073595562,23
"SASP25",2210,0.308606236945849,0.345536339047712,23
"SASP25",2211,0.257426496689747,0.246092885790844,23
"SASP25",2212,0.442356215577251,0.409211006136342,23
"SASP25",2213,0.0137204198648772,0.0384100909492984,15
"SASP25",2214,0.420122742304477,0.42108144120781,23
"SASP25",2215,0.247853749972506,0.269979768387788,21
"SASP25",2216,0.457480652156151,0.49592996213337,23
"SASP25",2217,0.457127331624553,0.442131224776051,23
"SASP25",2218,0.292234004813944,0.283013062366245,22
"SASP25",2219,0.379827960916361,0.370819898167891,23
"SASP25",2220,0.249456643627862,0.235234948766451,22
"SASP25",2221,0.713243194324526,0.687043178773802,23
"SASP25",2222,0.431272159827603,0.410631003617948,23
"SASP25",2223,0.247939509804556,0.245435394069905,22
"SASP25",2224,0.323368515371285,0.321798799537407,22
"SASP25",2225,0.178219991169288,0.206281226636791,20
"SASP25",2226,0.454637676710246,0.437399512027228,23
"SASP25",2227,0.500995521393361,0.508617844533208,23
"SASP25",2228,0.510479618539455,0.527490059549274,23
"SASP25",2229,0.341762701713076,0.303330847492482,23
"SASP25",2230,0.103543851060212,0.119870763241919,20
"SASP25",2231,0.336315873093537,0.355833843983757,23
"SASP25",2232,0.513410876940048,0.540784989590081,23
"SASP25",2233,0.43405897151613,0.416702780137133,23
"SASP25",2234,0.363914938870264,0.363865206366367,23
"SASP25",2235,0.540844177173489,0.531962979035591,23
"SASP25",2236,0.284978766528801,0.290824115421154,23
"SASP25",2237,0.136303977957846,0.112976384595652,18
"SASP25",2238,0.0349662127282746,-0.0115793228783147,11
"SASP25",2239,0.369706479530339,0.385741066692172,23
"SASP25",2240,0.391632248337081,0.382855466377241,23
"SASP25",2241,0.427997311657694,0.474578511127352,21
"SASP25",2242,0.451948889242224,0.444609582561886,23
"SASP25",2243,0.288839474589564,0.28683458894755,23
"SASP25",2244,-0.100604499768854,-0.0836869138440315,3
"SASP25",2245,0.278139372084488,0.280454105031026,23
"SASP25",2246,0.118789235759332,0.0949736445095764,19
"SASP25",2247,0.270021364259447,0.223524823377869,22
"SASP25",2248,0.255104867618836,0.243410219771816,23
"SASP25",2249,0.547275995427034,0.544782482609966,23
"SASP25",2250,0.39385769047541,0.359106382022778,23
"SASP25",2251,0.444008748194629,0.453933952015265,23
"SASP25",2252,0.90058463240568,0.894312991880456,23
"SASP25",2253,0.36200095816629,0.344257208249738,23
"SASP25",2254,0.432062682880685,0.431494825662735,23
"SASP25",2255,0.479804419026903,0.477320564684907,23
"SASP25",2256,0.392190440145155,0.378607001962218,23
"SASP25",2257,0.426582801895158,0.389827801162564,23
"SASP25",2258,0.567163455248391,0.606688804746274,23
"SASP25",2259,0.384082717329001,0.326714096523989,23
"SASP25",2260,0.600523025613807,0.606463894002544,23
"SASP25",2261,0.229609161464142,0.274573571921406,20
"SASP25",2262,0.569963792511601,0.554465154576097,23
"SASP25",2263,0.35565162298595,0.371575405446581,23
"SASP25",2264,0.244398610216788,0.266014314095759,23
"SASP25",2265,0.296478211471727,0.301842428527664,23
"SASP25",2266,0.455504382765697,0.487482838821679,23
"SASP25",2267,0.443706234191985,0.393070872861616,23
"SASP25",2268,0.525863375721809,0.491333846344961,23
"SASP25",2269,0.497383059411779,0.507682162411873,23
"SASP25",2270,0.643983763242564,0.669804123666827,23
"SASP25",2271,0.14104546291915,0.163233949081629,19
"SASP25",2272,0.274964856499342,0.282276970790322,22
"SASP25",2273,0.342590058572582,0.369609871533529,22
"SASP25",2274,0.0281761436096848,0.018528999831264,14
"SASP25",2275,0.318579682037178,0.291850088089411,22
"SASP25",2276,0.4185833895926,0.407123757523736,23
"SASP25",2277,0.459836906291355,0.394102927538888,23
"SASP25",2278,0.471035506226375,0.455699452596646,22
"SASP25",2279,0.55264507295715,0.520845318331433,23
"SASP25",2280,0.178293182939714,0.18333726771551,19
"SASP25",2281,0.659146077996958,0.619934353103459,23
"SASP25",2282,0.178355783526682,0.186505691952394,19
"SASP25",2283,0.525872076799057,0.559741395298072,23
"SASP25",2284,0.403742394289428,0.416583226197801,22
"SASP25",2285,0.787422532949558,0.795245041574749,23
"SASP25",2286,0.665989659523454,0.626563616393114,23
"SASP25",2287,0.59639688606657,0.619933635845433,23
"SASP25",2288,0.225805600790916,0.256844012086574,22
"SASP25",2289,0.325496863253401,0.290242943936289,22
"SASP25",2290,0.405234068111687,0.349320807979006,23
"SASP25",2291,0.42592328691503,0.416163161723161,22
"SASP25",2292,0.421400704646944,0.445698254085733,23
"SASP25",2293,0.516950930236894,0.561830132053527,23
"SASP25",2294,0.0880615374732349,0.0750841486075959,17
"SASP25",2295,0.517210533341868,0.554771421249695,23
"SASP25",2296,0.404561013800026,0.386576581246791,23
"SASP25",2297,0.536112529485726,0.556446135075117,23
"SASP25",2298,0.356610432105301,0.388829182120377,22
"SASP25",2299,0.522691954341033,0.508389472285733,23
"SASP25",2300,0.628413684479736,0.6622524804966,23
"SASP25",2301,0.396246320952617,0.469202091975663,23
"SASP25",2302,0.214517047964826,0.177510178885411,23
"SASP25",2303,-0.00674748039997596,0.0115528535725265,13
"SASP25",2304,0.455340172592083,0.474746739580343,22
"SASP25",2305,0.232899847072731,0.197145864320988,23
"SASP25",2306,0.540657923449547,0.581163985480772,23
"SASP25",2307,0.674392003337485,0.659104385440986,23
"SASP25",2308,0.49877415642965,0.467763891570127,23
"SASP25",2309,0.373344190512416,0.36038119220827,23
"SASP25",2310,0.556836248827861,0.584284861026907,23
"SASP25",2311,0.417133176009177,0.400176710728052,23
"SASP25",2312,0.287973073916575,0.314920142293726,22
"SASP25",2313,0.391844873507962,0.374715153633327,23
"SASP25",2314,0.522403513201657,0.534386116883492,23
"SASP25",2315,0.573377883974318,0.556874724015148,23
"SASP25",2316,0.479872525198045,0.463973573800328,23
"SASP25",2317,0.469715168068754,0.414094514252607,23
"SASP25",2318,0.528740353447383,0.555061287568539,23
"SASP25",2319,0.375689963420474,0.34719128014869,23
"SASP25",2320,0.589205309075827,0.579707747383175,23
"SASP25",2321,0.544442752042159,0.526332965325729,23
"SASP25",2322,0.372039152090446,0.398971993426892,22
"SASP25",2323,0.236682062757592,0.251108920658854,20
"SASP25",2324,0.210223408643331,0.21327958385827,22
"SASP25",2325,0.609042629967895,0.58176100621592,23
"SASP25",2326,0.402401546456062,0.375029761075728,23
"SASP25",2327,0.414793242320485,0.427092197544966,23
"SASP25",2328,0.588080040911476,0.582591966184788,23
"SASP25",2329,0.703329114638901,0.687832516013544,23
"SASP25",2330,0.22052036768208,0.246150359526881,21
"SASP25",2331,0.392366426531532,0.368559597488617,23
"SASP25",2332,0.286508816910572,0.285126770121286,23
"SASP25",2333,0.799037316598971,0.7540200843058,23
"SASP25",2334,0.410680716078268,0.403480003800406,23
"SASP25",2335,0.858400138014061,0.854711065968989,23
"SASP25",2336,0.326037380544205,0.328124529209041,22
"SASP25",2337,0.470854649202897,0.462495002060508,22
"SASP25",2338,0.365139667709564,0.341990684770824,23
"SASP25",2339,0.339453624722552,0.355825393297411,23
"SASP25",2340,0.413738193644861,0.407609742010144,23
"SASP25",2341,0.497501908017374,0.46531923680735,23
"SASP25",2342,0.479353753970743,0.504129479249744,23
"SASP25",2343,0.248794109776927,0.220353700437125,22
"SASP25",2344,0.217628676014389,0.208059574823291,23
"SASP25",2345,0.403283434139321,0.396013095578798,22
"SASP25",2346,0.637361816568266,0.656418229920615,23
"SASP25",2347,0.64866995935362,0.634465018375735,23
"SASP25",2348,0.438547511999864,0.399223349764709,22
"SASP25",2349,0.173006612890289,0.158298227345083,22
"SASP25",2350,0.615286401889309,0.609999913765822,23
"SASP25",2351,0.0764420650194629,0.0638306555417296,16
"SASP25",2352,0.340690440702908,0.32991439503774,23
"SASP25",2353,0.176240413751466,0.146419913028712,22
"SASP25",2354,0.467976180874001,0.430596905406729,23
"SASP25",2355,0.654522289015359,0.682546018509138,23
"SASP25",2356,0.539161309147353,0.503597503793751,23
"SASP25",2357,0.522231164799526,0.567102561310834,23
"SASP25",2358,0.488550204251127,0.502198328174903,23
"SASP25",2359,0.616996462509404,0.626440103194825,23
"SASP25",2360,0.399886909773853,0.385507709573176,23
"SASP25",2361,0.220252212154238,0.229669867914542,22
"SASP25",2362,0.377224667166731,0.377133150366004,23
"SASP25",2363,0.490413142010405,0.475582829185274,23
"SASP25",2364,0.207787339080215,0.191436123979233,22
"SASP25",2365,0.432089025047352,0.417540060318645,23
"SASP25",2366,0.299093991739378,0.259113742795493,23
"SASP25",2367,0.219670000748902,0.202419596459694,21
"SASP25",2368,0.522917571377157,0.53276937363826,23
"SASP25",2369,0.681883578181498,0.638933239355037,23
"SASP25",2370,0.266630253301331,0.259698220445381,23
"SASP25",2371,0.110117418539342,0.0771084646929282,15
"SASP25",2372,0.178475352994702,0.172330501603988,21
"SASP25",2373,0.266758187914168,0.248110724457499,22
"SASP25",2374,0.248730946407548,0.211697816720542,23
"SASP25",2375,0.49068376679634,0.477814860249093,23
"SASP25",2376,0.389533558584808,0.375696364451144,23
"SASP25",2377,0.421619141674486,0.4668461430608,23
"SASP25",2378,0.262080118120782,0.229800078490764,23
"SASP25",2379,0.441960394816608,0.421976649684151,23
"SASP25",2380,0.351734609734074,0.322033495370958,23
"SASP25",2381,0.600592588942088,0.603640583695933,23
"SASP25",2382,0.381240398756972,0.383062330728772,22
"SASP25",2383,0.222260629996085,0.234992218896674,21
"SASP25",2384,0.587813257966164,0.532385820311797,23
"SASP25",2385,0.608362897364544,0.617528375632468,23
"SASP25",2386,0.376717113712834,0.351667663268803,23
"SASP25",2387,0.25184209347445,0.254873151324023,22
"SASP25",2388,0.678510385986583,0.643042738643795,23
"SASP25",2389,0.325687649015825,0.327182207859187,22
"SASP25",2390,0.366802261011172,0.376351238206736,23
"SASP25",2391,0.28744133088691,0.28089358610361,23
"SASP25",2392,0.536612084131276,0.541143488046531,23
"SASP25",2393,0.247138448170385,0.262870521920112,23
"SASP25",2394,0.310447476974084,0.315651878787404,23
"SASP25",2395,0.421104614536629,0.408358834429944,23
"SASP25",2396,0.338496119349012,0.343541792875368,23
"SASP25",2397,0.44047599136235,0.439526246190511,23
"SASP25",2398,0.427472489097042,0.406292459792729,23
"SASP25",2399,0.666149181831572,0.68159019779354,23
"SASP25",2400,0.62281109456438,0.6319312109762,23
"SASP25",2401,0.535598084964577,0.608482342914567,23
"SASP25",2402,0.280106269345686,0.295761090493142,21
"SASP25",2403,0.310893603521935,0.286208129676869,23
"SASP25",2404,0.471751593908527,0.447742880257191,23
"SASP25",2405,0.40521889862431,0.382691618305026,23
"SASP25",2406,0.395322493744171,0.397318658650586,23
"SASP25",2407,0.463815336234487,0.438793114310874,23
"SASP25",2408,0.487893369857327,0.517122744733714,22
"SASP25",2409,0.587247125559077,0.614126479884592,23
"SASP25",2410,0.781212682693441,0.815793001881485,23
"SASP25",2411,0.275061673022011,0.298429912307579,23
"SASP25",2412,0.511659847790755,0.523290543258158,23
"SASP25",2413,0.287984666927238,0.321804173063259,22
"SASP25",2414,0.256736817177311,0.226392788721459,22
"SASP25",2415,0.156058072727581,0.177216358145888,19
"SASP25",2416,0.281222518783676,0.256505297896316,23
"SASP25",2417,0.33206429309419,0.311439496199508,23
"SASP25",2418,0.54635647064193,0.518385175184747,23
"SASP25",2419,0.322538013155166,0.332681134078062,23
"SASP25",2420,0.628563377300734,0.637451043013559,23
"SASP25",2421,0.315782111963239,0.316018594799955,22
"SASP25",2422,0.374823330034848,0.384677054732111,23
"SASP25",2423,0.517444939319314,0.53952155340906,23
"SASP25",2424,0.330927175427734,0.33079129388346,23
"SASP25",2425,0.363545820453515,0.361195082730402,23
"SASP25",2426,0.253405684593201,0.230107086010398,23
"SASP25",2427,0.410190796678285,0.41758902124781,23
"SASP25",2428,0.408972859073121,0.413347729263691,23
"SASP25",2429,0.49796958953448,0.475930606209994,23
"SASP25",2430,0.133735484431153,0.12632253914194,18
"SASP25",2431,0.311290160818611,0.322734470869519,23
"SASP25",2432,0.379439452420541,0.401211755383465,23
"SASP25",2433,0.527353429903854,0.509168246219988,23
"SASP25",2434,0.325573842265496,0.322186591390778,23
"SASP25",2435,0.37023967092034,0.392094505018524,23
"SASP25",2436,0.547742246413312,0.512626785486742,23
"SASP25",2437,0.273566486836652,0.328314540489815,21
"SASP25",2438,0.432376683839276,0.412933552327313,23
"SASP25",2439,0.575365957483069,0.560112316195538,22
"SASP25",2440,0.502376403612381,0.525633366272427,22
"SASP25",2441,0.339395007904355,0.336721720094696,23
"SASP25",2442,0.412098826537486,0.433876010457562,23
"SASP25",2443,0.666509579360844,0.641649381079957,23
"SASP25",2444,0.667762740857473,0.642724770297317,23
"SASP25",2445,0.304027139445039,0.316094815715138,22
"SASP25",2446,0.688802421285073,0.708893313077049,23
"SASP25",2447,0.733536972980972,0.734636613650525,23
"SASP25",2448,0.54052291823974,0.508919937011051,23
"SASP25",2449,0.29754786637323,0.310376900827371,21
"SASP25",2450,0.422539514617506,0.418643209323052,23
"SASP25",2451,0.437205012769005,0.431421589201416,23
"SASP25",2452,0.450978572271713,0.43648681571429,22
"SASP25",2453,0.279242153310865,0.276971667278249,23
"SASP25",2454,0.846280197979465,0.876098306795879,23
"SASP25",2455,0.395592669204379,0.411741364451063,23
"SASP25",2456,0.486653676224747,0.515119768666029,23
"SASP25",2457,0.207680805809524,0.230752733072818,21
"SASP25",2458,0.248155302422936,0.218477721653522,23
"SASP25",2459,0.360094607513219,0.331877771517246,23
"SASP25",2460,0.70569336740405,0.687033207144316,23
"SASP25",2461,0.323673121604709,0.345795846430352,22
"SASP25",2462,0.521488098057843,0.514059700197999,22
"SASP25",2463,0.51682122283626,0.532489920360791,23
"SASP25",2464,0.290349201238936,0.308976665184611,23
"SASP25",2465,0.418594643399481,0.429666598582484,23
"SASP25",2466,0.560055032304733,0.524035234488051,23
"SASP25",2467,0.504019306963806,0.520418670601072,23
"SASP25",2468,0.55745511422461,0.541827979482413,23
"SASP25",2469,0.553203086238382,0.597036146451069,22
"SASP25",2470,0.626516805972228,0.627642625331379,23
"SASP25",2471,0.539318182314871,0.568856186671289,23
"SASP25",2472,0.521377152143425,0.542838868576752,23
"SASP25",2473,0.321768170694139,0.350790001574458,23
"SASP25",2474,0.307349613239454,0.329400084930606,21
"SASP25",2475,0.25356897243517,0.216385226497843,21
"SASP25",2476,0.753933973965296,0.754004238382102,23
"SASP25",2477,0.221383503505152,0.208370313324505,23
"SASP25",2478,0.23400370118514,0.183559387271512,23
"SASP25",2479,0.620163283915321,0.632264251970638,23
"SASP25",2480,0.687564730753118,0.666355289984074,23
"SASP25",2481,0.221289594724417,0.225006491517697,23
"SASP25",2482,0.630894816056175,0.668340574304397,23
"SASP25",2483,0.233657199959127,0.164778686243553,22
"SASP25",2484,0.405944918853602,0.373859556047323,23
"SASP25",2485,0.370710081231826,0.345073718608591,23
"SASP25",2486,0.700284536941778,0.676831938095422,22
"SASP25",2487,0.283373427057944,0.285136193536758,21
"SASP25",2488,0.217407423502401,0.248101854063883,23
"SASP25",2489,0.443407890153237,0.415796726460595,23
"SASP25",2490,0.448442958739508,0.429282054809368,23
"SASP25",2491,0.370990303992796,0.355601025376726,23
"SASP25",2492,0.460123331675707,0.456156628785651,23
"SASP25",2493,0.392809167194997,0.355867968674173,23
"SASP25",2494,0.67327608772182,0.668863106041706,23
"SASP25",2495,0.477775377717468,0.463059866879284,23
"SASP25",2496,0.588952074670272,0.606770657630635,23
"SASP25",2497,0.506454193589088,0.463889013666171,23
"SASP25",2498,0.541322170311848,0.574231560048964,23
"SASP25",2499,0.36288852919298,0.359407173709286,23
"SASP25",2500,0.517347755386463,0.518949564403858,23
"SASP25",2501,0.39382513550766,0.371639309327016,22
"SASP25",2502,0.52825395764969,0.517966537412233,23
"SASP25",2503,0.523007683838274,0.545357562786865,23
"SASP25",2504,0.404893570136057,0.438800914242775,23
"SASP25",2505,0.45610788974708,0.45204650986636,23
"SASP25",2506,0.27005831521276,0.285262667859055,23
"SASP25",2507,0.60438546346597,0.585835414118377,23
"SASP25",2508,0.758967124001295,0.722900178042088,23
"SASP25",2509,0.559878685468569,0.573731362654912,23
"SASP25",2510,0.504151539514783,0.479341431897474,23
"SASP25",2511,-0.0524600114131309,-0.016883998513633,11
"SASP25",2512,0.586120275704388,0.573651295393878,23
"SASP25",2513,0.622486256337993,0.593003774872236,23
"SASP25",2514,0.582639316179222,0.553407016006092,23
"SASP25",2515,0.383578568943459,0.418668380824892,23
"SASP25",2516,0.475745174953753,0.468516729483419,23
"SASP25",2517,0.690074924875667,0.701756121384456,23
"SASP25",2518,0.13403666254066,0.146245901314496,21
"SASP25",2519,0.664245951010032,0.644476530424196,23
"SASP25",2520,0.504205257511332,0.496153740786527,23
"SASP25",2521,0.30743574218521,0.312133037130116,22
"SASP25",2522,0.332191877554738,0.311619296096999,23
"SASP25",2523,0.37643081340478,0.383423415732758,22
"SASP25",2524,0.576614208940858,0.599063479484898,23
"SASP25",2525,0.367056198718817,0.367937954414048,22
"SASP25",2526,0.319259052237882,0.335338231567178,23
"SASP25",2527,0.404862929801332,0.423589440652476,23
"SASP25",2528,0.718923302258867,0.697238286588111,23
"SASP25",2529,0.388101080800577,0.395514981050845,23
"SASP25",2530,0.445380704124602,0.440209674433661,23
"SASP25",2531,0.618878446520773,0.598435358301697,23
"SASP25",2532,0.561364903535035,0.538905359217799,23
"SASP25",2533,0.314378879848465,0.285714419246325,23
"SASP25",2534,0.668054837280109,0.658865992195262,23
"SASP25",2535,0.357149553745141,0.350365481978758,22
"SASP25",2536,0.696720029224581,0.70909143243757,23
"SASP25",2537,0.472579897308164,0.478452398563248,23
"SASP25",2538,0.392928356424355,0.362709717071832,23
"SASP25",2539,0.746488002307975,0.752362294391674,23
"SASP25",2540,0.325843264093868,0.323571831402942,22
"SASP25",2541,0.556161208660283,0.560958114709422,23
"SASP25",2542,0.344816641331594,0.366157045974134,23
"SASP25",2543,0.642238427692359,0.612166134144942,23
"SASP25",2544,0.359176957013633,0.396510604414171,23
"SASP25",2545,0.123070575663389,0.124213046498186,19
"SASP25",2546,0.532103921843612,0.54612133082403,23
"SASP25",2547,0.341034879598261,0.33401682098386,22
"SASP25",2548,0.572530673037371,0.614408652269147,23
"SASP25",2549,0.134996748280746,0.12132900328355,20
"SASP25",2550,0.366578593492613,0.364741323272887,23
"SASP25",2551,0.203101059048682,0.207703795141239,19
"SASP25",2552,0.437197760140996,0.426343871474351,23
"SASP25",2553,0.303759360834201,0.330710771923988,22
"SASP25",2554,0.217986664549973,0.241520177942267,22
"SASP25",2555,0.597015382879635,0.604528229762438,23
"SASP25",2556,0.78682225726716,0.829466517126675,23
"SASP25",2557,0.0888064666591759,0.102382916249223,14
"SASP25",2558,0.651140344505838,0.622524825071819,23
"SASP25",2559,0.238878197604811,0.23751588258946,23
"SASP25",2560,0.647279570273226,0.642330567158279,23
"SASP25",2561,0.667996092339481,0.671222339293303,23
"SASP25",2562,0.555637219693926,0.557960019442372,23
"SASP25",2563,0.603169699744023,0.583772049700872,23
"SASP25",2564,0.402944492928331,0.396258963455525,23
"SASP25",2565,0.256394120888611,0.230057765722293,22
"SASP25",2566,0.50962563379901,0.504683878320953,23
"SASP25",2567,0.311689031793671,0.369198081370029,21
"SASP25",2568,0.568656535059271,0.587052276127078,23
"SASP25",2569,0.495518492287664,0.461409183774529,23
"SASP25",2570,0.26331213478265,0.26289198374845,23
"SASP25",2571,0.625399813587576,0.587578159198994,23
"SASP25",2572,0.675510695285891,0.684507196851768,23
"SASP25",2573,0.147200626081399,0.167514111899607,20
"SASP25",2574,0.308855213326877,0.343991075448728,22
"SASP25",2575,0.456459892633071,0.430603681072219,23
"SASP25",2576,0.262582323292084,0.234579265686349,22
"SASP25",2577,0.444518797543411,0.436083442782146,23
"SASP25",2578,0.528393161659977,0.474036270238936,23
"SASP25",2579,0.35199620386216,0.348843006689345,22
"SASP25",2580,0.286462437165003,0.310339828309781,23
"SASP25",2581,0.537516853574185,0.536452220568839,23
"SASP25",2582,0.54020923174027,0.580031953321369,23
"SASP25",2583,0.161709172160763,0.158848705865093,22
"SASP25",2584,0.478474367878196,0.441787795919155,22
"SASP25",2585,0.258259483569707,0.203645496143732,23
"SASP25",2586,0.12218461753094,0.125566066132156,19
"SASP25",2587,0.199461884666922,0.208538455044011,21
"SASP25",2588,0.456262364864372,0.459948077729828,23
"SASP25",2589,0.662019369915304,0.705856045076857,23
"SASP25",2590,0.405395280080792,0.411650075683565,23
"SASP25",2591,0.406391549083807,0.400891920265131,23
"SASP25",2592,0.330211541699598,0.338049528277589,23
"SASP25",2593,0.590958117961428,0.581777949261539,23
"SASP25",2594,0.28752919779281,0.298193786028613,23
"SASP25",2595,0.561339116029552,0.517400256528174,23
"SASP25",2596,0.553733123197645,0.546917645896953,23
"SASP25",2597,0.340338389927451,0.374146988856996,23
"SASP25",2598,0.264289436140629,0.294330177180084,22
"SASP25",2599,0.408297680498969,0.387479316082438,23
"SASP25",2600,0.370949089942324,0.38324878740499,23
"SASP25",2601,0.325538223920125,0.313326548652743,23
"SASP25",2602,0.233556630228758,0.219371443282187,23
"SASP25",2603,0.0651234524478116,0.0719399105735602,16
"SASP25",2604,0.844220258771604,0.784012879768737,23
"SASP25",2605,0.462224834595231,0.469814928773257,23
"SASP25",2606,0.407959861876189,0.406752050639591,23
"SASP25",2607,0.431724627195505,0.422419202276256,23
"SASP25",2608,0.40260979412882,0.412694887310502,23
"SASP25",2609,0.250254974595463,0.27034185210423,23
"SASP25",2610,0.463702651246286,0.434166352962767,23
"SASP25",2611,0.512667624305572,0.485175599769494,23
"SASP25",2612,0.458146639473305,0.476426698894705,23
"SASP25",2613,0.485099020508282,0.434779630998285,23
"SASP25",2614,0.367848880620038,0.35875442456101,23
"SASP25",2615,0.4486289196161,0.456668771029411,23
"SASP25",2616,0.406571367786899,0.430686044838872,22
"SASP25",2617,0.309700408600906,0.329285253488743,21
"SASP25",2618,0.3300547615014,0.297434346696548,23
"SASP25",2619,0.587570636656672,0.558815972196248,23
"SASP25",2620,0.4376949997656,0.450023127772575,23
"SASP25",2621,0.427857737475277,0.428888234195464,23
"SASP25",2622,0.484434683387058,0.436939480460546,23
"SASP25",2623,0.328766641598758,0.332130117869214,22
"SASP25",2624,0.407784403624737,0.380760302343316,23
"SASP25",2625,0.374052211590973,0.375233508718052,23
"SASP25",2626,0.655060934857664,0.674202610130883,23
"SASP25",2627,0.329966502167225,0.337612156899414,22
"SASP25",2628,0.506398660303115,0.470672860456203,23
"SASP25",2629,0.4451334237299,0.46744119282073,23
"SASP25",2630,0.748221179852501,0.714697292648548,23
"SASP25",2631,0.786159921543334,0.732480663556345,23
"SASP25",2632,0.65769483215345,0.644281279823175,23
"SASP25",2633,0.325625378525683,0.34198017792672,23
"SASP25",2634,0.456247623640503,0.461571260921935,23
"SASP25",2635,0.634602422993719,0.593100223943795,23
"SASP25",2636,0.488125461791286,0.468797271930758,23
"SASP25",2637,0.491846401749743,0.487971676090658,23
"SASP25",2638,0.36439159065499,0.348172035165768,23
"SASP25",2639,0.236492794406947,0.245454191696898,23
"SASP25",2640,0.279089675365207,0.31123339844515,22
"SASP25",2641,0.244524014635744,0.267954424263386,22
"SASP25",2642,0.192005719142394,0.195303441437721,20
"SASP25",2643,0.732493084398924,0.717877127091382,23
"SASP25",2644,0.292524009307343,0.340109487973994,22
"SASP25",2645,0.259268967725777,0.234904830887881,21
"SASP25",2646,0.449647462911926,0.453011255848867,23
"SASP25",2647,0.346686304863201,0.348482091053003,22
"SASP25",2648,0.00767605268298846,-0.0150508087767986,10
"SASP25",2649,0.201507080927003,0.205878046688919,22
"SASP25",2650,0.57155983310288,0.587451976076568,23
"SASP25",2651,0.253084381886815,0.258832201854741,23
"SASP25",2652,0.554310983586043,0.528252443659643,23
"SASP25",2653,0.300372048929706,0.315953911267099,22
"SASP25",2654,0.31192164135979,0.292237491468927,23
"SASP25",2655,0.267551308907717,0.283005819513115,21
"SASP25",2656,0.485936693014103,0.52503504377116,23
"SASP25",2657,0.428442645501764,0.405224348053013,23
"SASP25",2658,0.0818679039307258,0.0929585055442857,18
"SASP25",2659,0.283515829367878,0.256766771366122,22
"SASP25",2660,0.619840188074382,0.609481980659149,23
"SASP25",2661,0.534593198727715,0.521622576610631,23
"SASP25",2662,0.306202623800098,0.296654005246393,21
"SASP25",2663,0.50355796382252,0.430556893382968,23
"SASP25",2664,0.404330425318008,0.410378551097312,23
"SASP25",2665,0.502488932059396,0.497717408254925,23
"SASP25",2666,0.481294180417222,0.4932374086171,23
"SASP25",2667,0.320882912385487,0.327427042443235,23
"SASP25",2668,0.513702087582022,0.489577993885731,23
"SASP25",2669,0.382837329772932,0.363639616094157,23
"SASP25",2670,0.386401803111819,0.370955791800502,23
"SASP25",2671,0.37331819906,0.33690768700356,23
"SASP25",2672,0.599075198650107,0.609822950301628,23
"SASP25",2673,0.361486114311372,0.375511998133431,22
"SASP25",2674,0.201552381228542,0.221944606265882,21
"SASP25",2675,0.371792708714154,0.367951296606216,22
"SASP25",2676,0.344511824948144,0.345627553814203,22
"SASP25",2677,0.399544510078971,0.368257784272425,23
"SASP25",2678,0.372653156102169,0.37837747733869,22
"SASP25",2679,0.424660422204945,0.406405593026629,23
"SASP25",2680,0.312837516754341,0.308670657126461,22
"SASP25",2681,0.406020008392955,0.406059842287209,23
"SASP25",2682,0.391733421578332,0.375145659451243,23
"SASP25",2683,0.59659151204575,0.593536893954759,23
"SASP25",2684,0.257862011558803,0.270757470770539,23
"SASP25",2685,0.19373053222518,0.194210412950598,21
"SASP25",2686,0.612033745410077,0.57904735091915,23
"SASP25",2687,0.261883547475689,0.270704889166043,21
"SASP25",2688,0.479495808950498,0.473217241998037,23
"SASP25",2689,0.31375038254673,0.279243982473466,23
"SASP25",2690,0.369058254028071,0.392062227982378,23
"SASP25",2691,0.682574932212872,0.639166071956429,23
"SASP25",2692,0.29217749535061,0.318763935240393,22
"SASP25",2693,0.225900652987028,0.200465790345416,22
"SASP25",2694,0.237271612870863,0.245733938683595,22
"SASP25",2695,0.376788715046044,0.364084385983046,23
"SASP25",2696,0.311697213457269,0.28783642568958,22
"SASP25",2697,0.394880994551063,0.400716506349869,22
"SASP25",2698,0.404667100940429,0.4394634329594,23
"SASP25",2699,0.710207445617748,0.71731578528196,23
"SASP25",2700,0.326143003260184,0.320013680984021,23
"SASP25",2701,0.620252120894409,0.605926897745693,23
"SASP25",2702,0.651401725759772,0.670388816034715,23
"SASP25",2703,0.514159977989452,0.511939376369023,23
"SASP25",2704,0.463032340620721,0.491666272175988,23
"SASP25",2705,0.30958674653775,0.294956167182153,23
"SASP25",2706,0.48509136588284,0.531125819855618,23
"SASP25",2707,0.453854728108438,0.458336129661378,23
"SASP25",2708,0.551981830527225,0.556148226536962,23
"SASP25",2709,0.349784463722007,0.353147942627583,23
"SASP25",2710,0.291441284803615,0.309623022021296,23
"SASP25",2711,0.352120131850939,0.380442468802903,23
"SASP25",2712,0.538127209381205,0.502448461109121,23
"SASP25",2713,0.369354359243118,0.39672257932972,23
"SASP25",2714,0.372388228340308,0.359087062136136,23
"SASP25",2715,0.295551719250822,0.306478956288564,22
"SASP25",2716,0.418497057902259,0.429551765293297,23
"SASP25",2717,-0.0105250685126599,-0.0289893672004019,10
"SASP25",2718,0.770775484871829,0.763403354431482,23
"SASP25",2719,0.252968218516179,0.245937059251152,23
"SASP25",2720,0.692746551868438,0.682392340069647,23
"SASP25",2721,0.223413710887096,0.209317643810056,23
"SASP25",2722,0.295801617342308,0.317761552015418,23
"SASP25",2723,0.178372632242934,0.14799660538621,22
"SASP25",2724,0.370261770144274,0.376581775266946,22
"SASP25",2725,0.469469837800327,0.490043302558503,23
"SASP25",2726,0.219278222662111,0.218156418389875,22
"SASP25",2727,0.446674481445237,0.46044282073428,23
"SASP25",2728,0.508550095851228,0.485344382431969,23
"SASP25",2729,0.336093240900204,0.330749732281076,23
"SASP25",2730,0.46513804198738,0.47990067382993,23
"SASP25",2731,0.165657342484395,0.136240175098698,21
"SASP25",2732,0.292431821301288,0.280849540769408,22
"SASP25",2733,0.476122712264748,0.477753092646616,23
"SASP25",2734,0.372140300095258,0.349557039248785,23
"SASP25",2735,0.603769960234486,0.597328462178379,23
"SASP25",2736,0.397569909498637,0.401916034837096,23
"SASP25",2737,0.626627961636156,0.648919690380545,23
"SASP25",2738,0.235250303143998,0.260082493759842,21
"SASP25",2739,0.474419819455606,0.469746492251026,23
"SASP25",2740,0.498166780495285,0.514393561586511,23
"SASP25",2741,0.521880327326186,0.518207957147978,23
"SASP25",2742,0.426442028981664,0.437947639408077,23
"SASP25",2743,0.374637228390714,0.406422743910439,23
"SASP25",2744,0.650115580655565,0.64362153433338,23
"SASP25",2745,0.427900510623769,0.41473708227287,23
"SASP25",2746,0.469760760280392,0.484035535477503,23
"SASP25",2747,0.643227130025463,0.619491284935132,23
"SASP25",2748,0.494502210882705,0.499093337391329,23
"SASP25",2749,0.489694894686323,0.446937243750315,23
"SASP25",2750,0.289715711655524,0.296367768732613,22
"SASP25",2751,0.225422164392443,0.214305282981426,22
"SASP25",2752,0.378645285215809,0.366812019765624,22
"SASP25",2753,0.296784878093785,0.28204598695856,22
"SASP25",2754,0.574529378798426,0.555200593007169,23
"SASP25",2755,0.607556005031831,0.623516197977008,23
"SASP25",2756,0.487881392975093,0.494917130539009,23
"SASP25",2757,0.322491033986636,0.322409619973935,23
"SASP25",2758,0.272048958143261,0.24650070937969,23
"SASP25",2759,0.315789709239928,0.318432369296021,23
"SASP25",2760,0.396363274700392,0.405846290251053,23
"SASP25",2761,0.274542959306723,0.28568366940984,23
"SASP25",2762,0.0968899541095619,0.0890911792403133,18
"SASP25",2763,0.19399825352409,0.19860836099832,21
"SASP25",2764,0.296196653685393,0.321654984251633,23
"SASP25",2765,0.398191398779426,0.397828061417167,22
"SASP25",2766,0.262225938270688,0.277791002909261,22
"SASP25",2767,0.38150085835879,0.378359147734327,23
"SASP25",2768,0.106758028602133,0.0736448567104109,20
"SASP25",2769,0.502525616740094,0.522429307171653,23
"SASP25",2770,0.64715966249082,0.590044895553488,23
"SASP25",2771,0.421767842608673,0.414860437948815,23
"SASP25",2772,0.177992174501881,0.182827087972354,22
"SASP25",2773,0.556224961907049,0.585995350061961,23
"SASP25",2774,0.445594004579198,0.498022650738119,23
"SASP25",2775,0.288149103463847,0.272976660573126,23
"SASP25",2776,0.545614000505449,0.528948447671534,23
"SASP25",2777,0.304065486819963,0.349826254063429,22
"SASP25",2778,0.394348645365641,0.422196664428561,22
"SASP25",2779,0.57200661784178,0.554555782104787,23
"SASP25",2780,0.869523085051479,0.862163742113502,23
"SASP25",2781,0.379396630313976,0.367435300188484,23
"SASP25",2782,0.388179826035899,0.418360224972043,23
"SASP25",2783,0.394690867982558,0.383366825798196,23
"SASP25",2784,0.469774960713997,0.476262379321332,23
"SASP25",2785,0.260845720103429,0.264421130940751,22
"SASP25",2786,0.616195365692145,0.578980257394774,23
"SASP25",2787,0.533733271656541,0.499527645684992,23
"SASP25",2788,0.0370201227238746,0.0109523929296957,12
"SASP25",2789,0.199284576069926,0.221450654564137,20
"SASP25",2790,0.552856282800055,0.568813445933751,23
"SASP25",2791,0.509358444873457,0.496861996745493,23
"SASP25",2792,0.2026258211287,0.186516868555943,22
"SASP25",2793,0.312736783117231,0.297639457961693,22
"SASP25",2794,0.554462289307911,0.550854427638905,23
"SASP25",2795,0.374329946550925,0.388347959643523,23
"SASP25",2796,0.35826399524407,0.355780587080581,23
"SASP25",2797,0.26736401843151,0.29415751386463,23
"SASP25",2798,0.486550465523746,0.534813363954141,23
"SASP25",2799,0.467740303807536,0.406385187052598,23
"SASP25",2800,0.445215325187532,0.472785241603615,23
"SASP25",2801,0.217960997654311,0.185438271101336,22
"SASP25",2802,0.363459520635342,0.363978071612264,22
"SASP25",2803,0.57523888464215,0.576798137378134,23
"SASP25",2804,0.390427878787969,0.368536674035444,23
"SASP25",2805,0.361981038472174,0.377342237803204,23
"SASP25",2806,0.179006705809485,0.183596149629125,21
"SASP25",2807,0.308158657993828,0.299407392059739,23
"SASP25",2808,0.354008230751789,0.355743060569487,23
"SASP25",2809,0.264846428612512,0.240015909500699,23
"SASP25",2810,0.321465688758779,0.325152664542173,21
"SASP25",2811,0.314666772450975,0.351995497512297,23
"SASP25",2812,0.311812764078362,0.342915715683166,22
"SASP25",2813,0.421448441958691,0.373823928498957,23
"SASP25",2814,0.409952747507099,0.448472813889509,22
"SASP25",2815,0.690605709880129,0.70133017033024,23
"SASP25",2816,0.360418363639087,0.339331168647432,23
"SASP25",2817,0.473565718313411,0.501507391381992,23
"SASP25",2818,0.398083108269567,0.409032501728892,23
"SASP25",2819,0.437108494548121,0.396259722039092,23
"SASP25",2820,0.296326483569887,0.297138081951869,22
"SASP25",2821,0.42219108974695,0.429445097074029,23
"SASP25",2822,0.50367295121036,0.559847319248794,23
"SASP25",2823,0.640591566079948,0.601517903672179,23
"SASP25",2824,0.681953851335733,0.697906041102487,23
"SASP25",2825,0.35738993628704,0.355933128911761,23
"SASP25",2826,0.715189740366342,0.719812389177216,23
"SASP25",2827,0.544570264198857,0.514684600813222,23
"SASP25",2828,0.61406087273612,0.604719949733965,23
"SASP25",2829,0.714792677050399,0.710192147219633,23
"SASP25",2830,0.367465661029765,0.398398147246795,23
"SASP25",2831,0.334122572318285,0.298031994329167,23
"SASP25",2832,0.104085086018609,0.111507302127705,18
"SASP25",2833,0.501291496150748,0.518661764810884,23
"SASP25",2834,0.187631735507156,0.161867910774031,22
"SASP25",2835,0.674979292860451,0.715185178837925,23
"SASP25",2836,0.136316453497296,0.116943697542004,21
"SASP25",2837,0.622101793073448,0.625720296993805,23
"SASP25",2838,0.29934991696607,0.287678037549215,23
"SASP25",2839,0.45176923226796,0.504425338167252,23
"SASP25",2840,0.536649218815424,0.500817589516085,23
"SASP25",2841,0.623068266799231,0.641435582055818,23
"SASP25",2842,0.298006250671407,0.298345428594719,22
"SASP25",2843,0.574410320372798,0.529951550615729,23
"SASP25",2844,0.649377254165929,0.591664567378965,23
"SASP25",2845,0.494156433642781,0.491945384883158,23
"SASP25",2846,0.707905089487467,0.747315141245475,23
"SASP25",2847,0.551745641804417,0.568577021726814,23
"SASP25",2848,0.435679569266037,0.48153669444649,23
"SASP25",2849,0.354926497884955,0.355564369993536,22
"SASP25",2850,0.334451650582366,0.360477394030653,22
"SASP25",2851,0.0278398550456717,-0.034353874436032,10
"SASP25",2852,0.455073402331421,0.455542486889591,23
"SASP25",2853,0.522124103900843,0.527025895033429,22
"SASP25",2854,0.499736960107699,0.492377928648515,23
"SASP25",2855,0.403582121772434,0.337542425615679,23
"SASP25",2856,0.534436073381774,0.533384339452091,23
"SASP25",2857,0.152013957308653,0.176752864027278,20
"SASP25",2858,0.591238742558231,0.586456863266063,23
"SASP25",2859,0.496199416994778,0.478523597066406,23
"SASP25",2860,0.302876302903516,0.273644351770742,22
"SASP25",2861,0.537452110573531,0.596991733045213,23
"SASP25",2862,0.512932690549036,0.520582709602642,22
"SASP25",2863,0.249712779657227,0.260528322244155,22
"SASP25",2864,0.201145426880701,0.218790266391639,22
"SASP25",2865,0.317732667395232,0.3320603197559,23
"SASP25",2866,0.189937690990119,0.176849668147438,22
"SASP25",2867,0.253777610825214,0.197600704559355,22
"SASP25",2868,0.634657468390126,0.663837988592783,23
"SASP25",2869,0.288391238031915,0.276836925297309,22
"SASP25",2870,0.202596093931962,0.210343763525816,23
"SASP25",2871,0.390311235370061,0.372219044843643,23
"SASP25",2872,0.193545601809372,0.21930526495694,22
"SASP25",2873,0.165511232922032,0.178682238073816,19
"SASP25",2874,0.312490305167414,0.325512463869301,22
"SASP25",2875,0.322050526139578,0.330975625917082,23
"SASP25",2876,0.352122583227172,0.368219075578325,23
"SASP25",2877,0.627966966949641,0.60831949361254,23
"SASP25",2878,0.587956319207465,0.559791622252647,23
"SASP25",2879,0.396639921733595,0.406763869769419,23
"SASP25",2880,0.451950215438398,0.462008754823312,23
"SASP25",2881,0.379041918576897,0.411375738380611,23
"SASP25",2882,0.453947912219771,0.436265186582021,23
"SASP25",2883,0.0665416242495458,0.116660516167328,17
"SASP25",2884,0.563833517988932,0.599741232034127,23
"SASP25",2885,0.00502226275791042,-0.00553063355589785,11
"SASP25",2886,0.758508050807312,0.77832874482223,23
"SASP25",2887,0.505047030206069,0.478256490191949,23
"SASP25",2888,0.1931419556443,0.189258599914207,22
"SASP25",2889,0.335121489955828,0.327734479470877,23
"SASP25",2890,0.172601614253861,0.174181307004595,21
"SASP25",2891,0.540199425851002,0.532082853593521,23
"SASP25",2892,0.552397150146076,0.543799891547985,23
"SASP25",2893,0.551379925431447,0.549942076754354,23
"SASP25",2894,0.41221773622274,0.414139024801667,23
"SASP25",2895,0.56418547141724,0.580543004245897,23
"SASP25",2896,0.480570134136445,0.481923671173753,23
"SASP25",2897,0.459229893207563,0.462699503132132,23
"SASP25",2898,0.0690448023880583,0.0724637698351586,17
"SASP25",2899,0.449846307184205,0.437361125087634,23
"SASP25",2900,0.726449836216459,0.701578530666186,23
"SASP25",2901,0.625556396608675,0.632963191120261,23
"SASP25",2902,0.330721643406244,0.335646573789562,23
"SASP25",2903,0.193213782010297,0.166874266575407,20
"SASP25",2904,0.432083057393809,0.374234591785729,23
"SASP25",2905,0.277683034936955,0.284486049932611,22
"SASP25",2906,0.291377752808348,0.249544718995487,22
"SASP25",2907,0.304655732642773,0.281600426255485,23
"SASP25",2908,0.671396539705616,0.693624951301042,23
"SASP25",2909,0.479615747396569,0.469415907168334,22
"SASP25",2910,0.593743504936125,0.553386529036942,23
"SASP25",2911,0.824723670199963,0.844758317459242,23
"SASP25",2912,0.328090316795754,0.328622774444079,23
"SASP25",2913,0.266991445438375,0.259074831698418,22
"SASP25",2914,0.402901523752577,0.400659680862587,23
"SASP25",2915,0.193811341203121,0.209455775659017,19
"SASP25",2916,0.384134914077549,0.369791485362459,22
"SASP25",2917,0.616252391766906,0.612005328795324,23
"SASP25",2918,0.35112795179292,0.316134146211303,23
"SASP25",2919,0.304062959608656,0.316772848170855,23
"SASP25",2920,0.332952219113172,0.351236974794984,23
"SASP25",2921,0.460345784868715,0.502207984918052,23
"SASP25",2922,0.66352532571884,0.655315390545237,23
"SASP25",2923,0.545534977461892,0.513576677088458,23
"SASP25",2924,0.414635974138556,0.396752593109273,23
"SASP25",2925,0.413739739521022,0.421378892125282,23
"SASP25",2926,0.374398861614701,0.393833519791436,23
"SASP25",2927,0.45536222130291,0.451535840970161,23
"SASP25",2928,0.593640574716334,0.588640145423468,23
"SASP25",2929,0.38877941393013,0.38624752238214,23
"SASP25",2930,0.450547553923509,0.476649609573427,23
"SASP25",2931,0.562419485464007,0.569177902850231,23
"SASP25",2932,0.384941999789513,0.408619978803914,21
"SASP25",2933,0.106381744656206,0.107745902530548,19
"SASP25",2934,0.507003260402468,0.541154043719272,23
"SASP25",2935,0.352039809369754,0.350158212999895,23
"SASP25",2936,0.45929649165641,0.472582850353594,23
"SASP25",2937,0.57039485215151,0.554360829950081,23
"SASP25",2938,0.143739280847128,0.128932309455175,21
"SASP25",2939,0.518250399787116,0.517689034522551,23
"SASP25",2940,0.353756092210384,0.326625908974288,23
"SASP25",2941,0.669854888608678,0.718155657469585,23
"SASP25",2942,0.460899920735197,0.493215430884563,23
"SASP25",2943,0.436515870712587,0.434261753547938,23
"SASP25",2944,0.694393443179419,0.668657719588409,23
"SASP25",2945,0.22687071928465,0.212158136559009,22
"SASP25",2946,0.414934971125673,0.453105592076476,23
"SASP25",2947,0.612175721512159,0.593320918494695,23
"SASP25",2948,0.595638101899277,0.601737036405207,23
"SASP25",2949,0.320040501253125,0.33258341981038,23
"SASP25",2950,0.494182459149522,0.50080924077821,23
"SASP25",2951,0.439917489414858,0.446742494467546,23
"SASP25",2952,0.249205867091519,0.226064725253599,23
"SASP25",2953,0.227807903390193,0.205931898498279,22
"SASP25",2954,0.423664346637699,0.415651878054841,23
"SASP25",2955,0.311704714700913,0.350233382595047,22
"SASP25",2956,0.47633721193974,0.515030009847864,22
"SASP25",2957,0.472992952049783,0.483362229833912,23
"SASP25",2958,0.834692149420841,0.838438456107541,23
"SASP25",2959,0.174639173050631,0.173705016287517,18
"SASP25",2960,0.30961396744386,0.319906555328571,22
"SASP25",2961,0.137537698062851,0.0953647173293723,17
"SASP25",2962,0.242142240781481,0.219138712692477,22
"SASP25",2963,0.286729980118086,0.317513485759524,23
"SASP25",2964,0.213587176675388,0.212931556353967,22
"SASP25",2965,0.241055275427859,0.21449541985618,21
"SASP25",2966,0.38603521501339,0.389849473643724,23
"SASP25",2967,0.490045720975301,0.511456918588448,23
"SASP25",2968,0.250932579380356,0.29536354495733,23
"SASP25",2969,0.268235105998809,0.277774126030627,23
"SASP25",2970,0.176613352537628,0.161772221265685,23
"SASP25",2971,0.641940495350697,0.629362856151555,23
"SASP25",2972,-0.129747482967005,-0.130553149929594,4
"SASP25",2973,0.202849573299866,0.210189829394468,21
"SASP25",2974,0.252108575890745,0.222942858049938,22
"SASP25",2975,0.321467526822437,0.332698277079344,22
"SASP25",2976,0.218770420839026,0.228133291140554,22
"SASP25",2977,0.340053807381197,0.324331287116335,23
"SASP25",2978,0.0966172558555748,0.0495562942972971,17
"SASP25",2979,0.280583614617245,0.260122583345667,21
"SASP25",2980,0.226512688259848,0.215442025791092,20
"SASP25",2981,0.243932689264485,0.23963571106487,22
"SASP25",2982,0.465420864104329,0.374293699226903,23
"SASP25",2983,0.66601171305595,0.673767752460642,23
"SASP25",2984,0.374487703189828,0.314322875170599,22
"SASP25",2985,0.590419772212954,0.598175202455627,23
"SASP25",2986,0.31439724393022,0.296626084337693,23
"SASP25",2987,0.388770189878988,0.418070095999616,23
"SASP25",2988,0.569068668634905,0.55997380958106,23
"SASP25",2989,0.287309826874888,0.280919371049455,23
"SASP25",2990,0.486756094941532,0.468311476738607,23
"SASP25",2991,0.566932262501531,0.556251154400999,23
"SASP25",2992,0.286234918574084,0.285639450198221,23
"SASP25",2993,0.595097017331916,0.623292880596117,23
"SASP25",2994,0.624107837776203,0.626967367607107,23
"SASP25",2995,0.535285223993446,0.534214751662423,23
"SASP25",2996,0.553408641954594,0.525780415908098,23
"SASP25",2997,0.339288700338479,0.294782305252505,23
"SASP25",2998,0.566999153144469,0.558121173493995,23
"SASP25",2999,0.308114617225039,0.323367928236187,23
"SASP25",3000,0.22677542043913,0.236711310974236,23
"SASP25",3001,0.268925567873207,0.25706132372043,23
"SASP25",3002,0.180135085526531,0.111018552968576,19
"SASP25",3003,0.347912139201749,0.325756391481523,22
"SASP25",3004,0.597962485787259,0.609991661464822,23
"SASP25",3005,0.469176012363963,0.497276078679928,23
"SASP25",3006,0.413444148943849,0.411037906578787,23
"SASP25",3007,0.553122921467884,0.559038900868722,23
"SASP25",3008,0.32367569358148,0.310058279144408,23
"SASP25",3009,0.8431282564523,0.881542457880247,23
"SASP25",3010,0.273473644901438,0.268411819702267,23
"SASP25",3011,0.548344941133011,0.539510635500031,23
"SASP25",3012,0.364834761030154,0.314114646831986,23
"SASP25",3013,0.404430354903395,0.41216659488264,23
"SASP25",3014,0.210584961780003,0.214962403800132,22
"SASP25",3015,0.313575795987469,0.304638383645476,23
"SASP25",3016,0.164812313989147,0.151600288249794,21
"SASP25",3017,0.356447372630199,0.329715559548752,23
"SASP25",3018,0.192393006394452,0.203085885699713,21
"SASP25",3019,0.293548636149027,0.296790208886215,23
"SASP25",3020,-0.104521416143242,-0.126603374800951,2
"SASP25",3021,0.248463658418043,0.270477798950085,22
"SASP25",3022,0.14826265749134,0.155435347366528,20
"SASP25",3023,0.38921072542397,0.387159481490615,22
"SASP25",3024,0.400637732921222,0.344641774581521,23
"SASP25",3025,0.451341110528556,0.428368590550771,23
"SASP25",3026,0.0819305256929631,0.095156679275843,19
"SASP25",3027,0.625596745704469,0.595930709392782,23
"SASP25",3028,0.212062646548998,0.191339292889077,23
"SASP25",3029,0.834071000008206,0.797958296360439,23
"SASP25",3030,0.310781537626029,0.348700911150948,21
"SASP25",3031,0.223914615932208,0.253267542827191,22
"SASP25",3032,0.476991825178238,0.470427569823698,23
"SASP25",3033,0.448534281166334,0.460522381163127,23
"SASP25",3034,0.331981362355362,0.302440469693536,23
"SASP25",3035,0.460816819502421,0.433827074122787,23
"SASP25",3036,0.286550215811439,0.264014508006633,22
"SASP25",3037,0.560730638908403,0.55088758536783,23
"SASP25",3038,0.169932982717497,0.145350432759114,23
"SASP25",3039,0.190827664019184,0.196665103764654,21
"SASP25",3040,0.377820883715482,0.356547556482725,23
"SASP25",3041,0.385400988680986,0.361599586549561,23
"SASP25",3042,0.362048904020891,0.370438921863845,23
"SASP25",3043,0.402887757719767,0.43332483315481,23
"SASP25",3044,0.432408372638328,0.442978582279824,23
"SASP25",3045,0.49826059601603,0.506608178069471,23
"SASP25",3046,0.601570558949059,0.58675837919421,23
"SASP25",3047,0.335778469947979,0.301761474465911,23
"SASP25",3048,0.428608392253727,0.455665186981141,22
"SASP25",3049,0.520354497304067,0.51659857577585,23
"SASP25",3050,0.505418449337533,0.500471581431906,23
"SASP25",3051,0.527009056610317,0.542554939200856,23
"SASP25",3052,0.629390992180406,0.603119070695199,23
"SASP25",3053,0.588571064973431,0.579995247215181,23
"SASP25",3054,0.395830587310249,0.402019349302855,23
"SASP25",3055,0.812987180928287,0.758600075220252,23
"SASP25",3056,0.71457369680482,0.724667384927241,23
"SASP25",3057,0.630685842107814,0.604675137154697,23
"SASP25",3058,0.583443794208497,0.563370008546866,23
"SASP25",3059,0.440906354851047,0.366381127741658,23
"SASP25",3060,0.183697071146257,0.178414980047044,20
"SASP25",3061,0.513788676972739,0.527929105913326,23
"SASP25",3062,0.143493177638472,0.10222200265806,20
"SASP25",3063,0.53394701218274,0.520810808350584,23
"SASP25",3064,0.515962553689605,0.523972089515004,23
"SASP25",3065,0.244470077337807,0.282701160801284,21
"SASP25",3066,0.495426396862856,0.559638586178215,23
"SASP25",3067,0.395452639272852,0.371104794239268,23
"SASP25",3068,0.401879273506513,0.393469472657485,23
"SASP25",3069,0.014511246889857,0.0153770678106588,14
"SASP25",3070,0.462735464902673,0.44147589689299,23
"SASP25",3071,0.603975541196178,0.594694216901366,23
"SASP25",3072,0.469396707763384,0.492116436948102,23
"SASP25",3073,0.379128994873864,0.361787556475236,23
"SASP25",3074,0.299888526982637,0.282864568330293,23
"SASP25",3075,0.353929473769525,0.338533098562439,23
"SASP25",3076,0.433607923427814,0.45860861681658,22
"SASP25",3077,0.421089311086771,0.43526708748434,23
"SASP25",3078,0.717095246071589,0.713104328297303,23
"SASP25",3079,0.633004632755676,0.61627151007655,23
"SASP25",3080,0.172463269530467,0.154870964810238,21
"SASP25",3081,0.520409717928052,0.470751629485292,23
"SASP25",3082,0.65092188057283,0.590826280229452,23
"SASP25",3083,-0.0473701358996742,-0.0340553832340863,7
"SASP25",3084,0.517307456299938,0.506569318224229,23
"SASP25",3085,0.330206407638516,0.315030759242073,22
"SASP25",3086,0.181826376417908,0.183938808438891,22
"SASP25",3087,0.276740658382414,0.283349038806409,23
"SASP25",3088,0.252111474696284,0.269569749774569,21
"SASP25",3089,0.229117885513062,0.25084300964278,21
"SASP25",3090,0.289469643618821,0.31432538831197,21
"SASP25",3091,0.281366578798261,0.298655161039575,22
"SASP25",3092,0.204454841712612,0.216618841824492,22
"SASP25",3093,0.275524890342315,0.247979197430629,23
"SASP25",3094,0.0871446054091726,0.106973627473707,15
"SASP25",3095,0.573381190641837,0.556001813343941,23
"SASP25",3096,0.709363040444413,0.679533067555269,23
"SASP25",3097,0.635054781683967,0.608127283111319,23
"SASP25",3098,0.307564592348003,0.313094055968467,23
"SASP25",3099,0.394201491631319,0.378340970646711,23
"SASP25",3100,0.112398885008197,0.110032919581336,18
"SASP25",3101,0.437797462314815,0.417117667477881,23
"SASP25",3102,0.62297675224692,0.601769209618622,23
"SASP25",3103,0.554837033772872,0.5204274111775,23
"SASP25",3104,0.206872046646853,0.223424134421057,22
"SASP25",3105,0.4707421989605,0.46242005330049,23
"SASP25",3106,0.24628307862749,0.254733230995126,23
"SASP25",3107,0.389786921321701,0.383203779808401,23
"SASP25",3108,0.107730292435498,0.0718511751293506,15
"SASP25",3109,0.596550881269265,0.618309856408468,23
"SASP25",3110,0.617745263495592,0.619379879085603,23
"SASP25",3111,0.653405573669228,0.638317179273889,22
"SASP25",3112,0.300377731741396,0.294433260940783,23
"SASP25",3113,0.347863990283264,0.379762747561731,22
"SASP25",3114,0.343982414008891,0.329421549512727,22
"SASP25",3115,0.491624012423856,0.465469271087038,23
"SASP25",3116,0.490362622892921,0.479782649680032,23
"SASP25",3117,0.397474647296537,0.395889172160883,23
"SASP25",3118,0.439091406363716,0.456182519680296,23
"SASP25",3119,0.283750372508985,0.284680332019697,22
"SASP25",3120,0.357090230966245,0.363181166355148,22
"SASP25",3121,0.379709734984985,0.380608627550461,23
"SASP25",3122,0.197934542245705,0.142809328598741,21
"SASP25",3123,-0.0384235626007225,-0.0409455013046605,7
"SASP25",3124,0.196656602302926,0.196783868138301,20
"SASP25",3125,0.309086470764261,0.331123214911741,23
"SASP25",3126,0.317981788576008,0.273073000814562,23
"SASP25",3127,0.589614252641637,0.583487156884556,23
"SASP25",3128,0.317427536900469,0.332571177189279,22
"SASP25",3129,0.541798729617343,0.525108396505292,23
"SASP25",3130,0.359169587309082,0.374747596352103,22
"SASP25",3131,0.3171493516671,0.314945562228951,22
"SASP25",3132,0.266879447601361,0.256317631663997,22
"SASP25",3133,0.677753808843456,0.685486888557751,23
"SASP25",3134,0.31272274528269,0.284963283743432,23
"SASP25",3135,0.24863797430577,0.239395374142085,23
"SASP25",3136,0.34686574972488,0.33909637160884,22
"SASP25",3137,0.434511045289069,0.412809107922675,23
"SASP25",3138,0.496197670326079,0.453944110512358,23
"SASP25",3139,0.288546927453333,0.274705177222379,23
"SASP25",3140,0.370979617550317,0.349644203222966,23
"SASP25",3141,0.572501065760105,0.519742412180642,23
"SASP25",3142,0.350263764097342,0.353483555429674,23
"SASP25",3143,0.657814432402902,0.635639235758438,23
"SASP25",3144,0.674387654513034,0.678820774233706,23
"SASP25",3145,0.271655946463126,0.259294205883365,23
"SASP25",3146,0.311734839393481,0.304657625764548,22
"SASP25",3147,0.238882229214622,0.211768732937892,22
"SASP25",3148,0.239778672163771,0.241942643869359,23
"SASP25",3149,0.403023038345507,0.415182804082503,22
"SASP25",3150,0.469894128535137,0.452064875027296,23
"SASP25",3151,0.333716186172838,0.337821656863292,22
"SASP25",3152,0.21585734393834,0.232301278781371,21
"SASP25",3153,0.527561539829043,0.520314917386726,23
"SASP25",3154,0.70479926045143,0.74111186422386,23
"SASP25",3155,0.617667585304895,0.643014829502611,23
"SASP25",3156,0.619454146936205,0.583852095729522,23
"SASP25",3157,0.501219561134634,0.522996079314202,23
"SASP25",3158,0.401446557468642,0.376620795923518,23
"SASP25",3159,0.187383221836925,0.17370033804384,23
"SASP25",3160,0.247662951160287,0.237677766464053,21
"SASP25",3161,0.434978758492575,0.431454850863345,23
"SASP25",3162,0.671931083191514,0.65134720684519,23
"SASP25",3163,0.292211550994385,0.319213750639124,22
"SASP25",3164,0.186644038429397,0.180183423519728,21
"SASP25",3165,0.367089067967848,0.393452793888788,22
"SASP25",3166,0.388508454076535,0.36129822742117,23
"SASP25",3167,0.319052773839463,0.32028623457305,23
"SASP25",3168,0.46766090008061,0.446387983133433,23
"SASP25",3169,0.822374156844606,0.795889012716187,23
"SASP25",3170,0.25314940055914,0.261550247381921,21
"SASP25",3171,0.163224721169303,0.137704555868483,20
"SASP25",3172,0.439683832208629,0.458043551170644,23
"SASP25",3173,0.21045373668582,0.189993079152077,22
"SASP25",3174,0.236443916008804,0.229148899147635,22
"SASP25",3175,0.692829665173464,0.72575964293035,23
"SASP25",3176,0.303440770450468,0.277081939588065,22
"SASP25",3177,-0.0255472758703359,0.0273681747943967,14
"SASP25",3178,0.590327069592098,0.585055765484118,23
"SASP25",3179,0.262856529388505,0.231969262702176,23
"SASP25",3180,0.384614486207306,0.393130099150282,23
"SASP25",3181,0.470636215463563,0.490297371983275,23
"SASP25",3182,0.340078557399971,0.309872456644896,23
"SASP25",3183,0.508711564850542,0.529109630027225,23
"SASP25",3184,0.246156785345831,0.223332019116326,22
"SASP25",3185,0.430626871497158,0.453743513381046,23
"SASP25",3186,0.512055857460909,0.507174727135022,23
"SASP25",3187,0.233986621472208,0.231347849495849,22
"SASP25",3188,0.594145488322574,0.53915241704081,23
"SASP25",3189,0.391466796535247,0.36806499601424,23
"SASP25",3190,0.131898109250442,0.102159223625231,20
"SASP25",3191,0.231524271094356,0.227072568584584,23
"SASP25",3192,0.26304131531506,0.302021113382598,21
"SASP25",3193,0.465960331718713,0.47623022248466,23
"SASP25",3194,0.574708579372509,0.566262934267029,23
"SASP25",3195,0.668667672852093,0.668207108043129,23
"SASP25",3196,0.354145245243776,0.374747943940142,22
"SASP25",3197,0.339892115633615,0.335486043856907,23
"SASP25",3198,0.264897666202134,0.26555649832155,23
"SASP25",3199,0.228639227111551,0.243300837864277,21
"SASP25",3200,0.159163083266847,0.128359457835824,20
"SASP25",3201,0.324652390483209,0.293875211133267,23
"SASP25",3202,0.402512296918379,0.413876114794207,23
"SASP25",3203,0.142210322466331,0.112319001360004,21
"SASP25",3204,0.748329929490545,0.710238300463654,23
"SASP25",3205,0.366943273346781,0.33925289792137,23
"SASP25",3206,0.118816860626879,0.131475391268913,19
"SASP25",3207,0.107229188652324,0.0162256929513626,16
"SASP25",3208,0.725339799142379,0.729489102436219,23
"SASP25",3209,0.365316400017317,0.377368189223929,23
"SASP25",3210,0.359243759222292,0.379122744406326,23
"SASP25",3211,0.4209423589395,0.433110917428185,23
"SASP25",3212,0.421400015924399,0.383249431330797,23
"SASP25",3213,0.584586187511837,0.588899861039682,23
"SASP25",3214,0.52849124395921,0.511785708539392,23
"SASP25",3215,0.399777086012698,0.391578800884046,22
"SASP25",3216,0.550890058734524,0.577682638597374,23
"SASP25",3217,0.541763589624002,0.506516161164727,23
"SASP25",3218,0.339443602567736,0.398436232342657,23
"SASP25",3219,0.269837180608105,0.291168260571916,21
"SASP25",3220,0.641084160501821,0.641736440098099,23
"SASP25",3221,0.272255911353026,0.269118891372596,23
"SASP25",3222,0.288148630766829,0.285685914345701,22
"SASP25",3223,0.351217509360356,0.301775015240114,23
"SASP25",3224,0.18246657177335,0.196259570690695,21
"SASP25",3225,0.554140781126156,0.525059669093399,23
"SASP25",3226,0.544011262345366,0.529702583983259,23
"SASP25",3227,0.418750844036148,0.376967707564896,23
"SASP25",3228,0.406798934532289,0.462178914877593,23
"SASP25",3229,0.344772151879246,0.341891736806159,22
"SASP25",3230,0.321723808268119,0.305649769840464,22
"SASP25",3231,0.556161384034658,0.534622547242031,23
"SASP25",3232,0.334423787122176,0.344780139792975,23
"SASP25",3233,0.498103124938043,0.483149587949987,23
"SASP25",3234,0.395682051285561,0.398364351975263,21
"SASP25",3235,0.330712792236271,0.332838275077981,23
"SASP25",3236,0.562626228968156,0.593925716445359,23
"SASP25",3237,0.421146412980369,0.428369701555839,23
"SASP25",3238,0.37880505858875,0.4235096365401,22
"SASP25",3239,0.51630362033243,0.516548752750491,23
"SASP25",3240,0.163905672728433,0.181828754885142,22
"SASP25",3241,0.194794474084105,0.175596280682046,22
"SASP25",3242,0.487420387049309,0.467515231480732,23
"SASP25",3243,0.913666771433368,0.904414544463347,23
"SASP25",3244,0.250517959738928,0.224988006360715,23
"SASP25",3245,0.334698630023759,0.338954084274399,21
"SASP25",3246,0.161483010971318,0.144898335290063,19
"SASP25",3247,0.437285124330946,0.419792969418349,23
"SASP25",3248,0.558544877335808,0.561571175054507,23
"SASP25",3249,0.397815830522223,0.430633033326749,23
"SASP25",3250,0.581206351116763,0.583050420172411,23
"SASP25",3251,0.466999521054943,0.467257828125839,23
"SASP25",3252,0.408250235118423,0.354469185555658,23
"SASP25",3253,0.810284653920873,0.796454623546465,23
"SASP25",3254,0.569534587353598,0.592756818014647,23
"SASP25",3255,0.717821520211822,0.763981342362059,23
"SASP25",3256,0.316557813552378,0.32654385659973,22
"SASP25",3257,0.075896179878092,0.0874605863894733,16
"SASP25",3258,0.372781468906642,0.358966291111745,23
"SASP25",3259,0.573942522763334,0.510507849395377,23
"SASP25",3260,0.237034441664782,0.23018145061805,22
"SASP25",3261,0.38297511084085,0.366017087015329,23
"SASP25",3262,0.533999910802966,0.548777849897851,23
"SASP25",3263,0.344846409721985,0.337907725231374,23
"SASP25",3264,0.196495083523093,0.203541135361475,21
"SASP25",3265,0.399962980147769,0.417452536819237,22
"SASP25",3266,0.527754686638246,0.507133525114634,23
"SASP25",3267,0.361920165717994,0.37780528451984,22
"SASP25",3268,0.561682694580366,0.599187424306252,23
"SASP25",3269,0.396763433047178,0.370089061919998,23
"SASP25",3270,0.697028216277364,0.697173327393226,23
"SASP25",3271,0.176134767617152,0.143230007889344,20
"SASP25",3272,0.635858859310703,0.586267549434566,23
"SASP25",3273,0.757266277092017,0.753636731849424,23
"SASP25",3274,0.106283743118275,0.0670960989817265,18
"SASP25",3275,0.5881820167155,0.583937509270749,23
"SASP25",3276,0.322037581280013,0.340003126904475,23
"SASP25",3277,0.573831618560321,0.589482618760962,23
"SASP25",3278,0.407841335430529,0.391761836898298,23
"SASP25",3279,0.47941354357064,0.482840748651622,23
"SASP25",3280,0.701354424535367,0.732171452814867,23
"SASP25",3281,0.356319415268473,0.356491221344247,23
"SASP25",3282,0.413243668488259,0.385619874737932,23
"SASP25",3283,0.701713843550332,0.732818443990927,23
"SASP25",3284,0.311019294332672,0.279777072253624,23
"SASP25",3285,0.515018046385758,0.523070969263242,22
"SASP25",3286,0.249358410859815,0.241377305531915,23
"SASP25",3287,0.427606217911713,0.405514020574678,23
"SASP25",3288,0.625675469446776,0.644432104560287,23
"SASP25",3289,0.326755299822347,0.341894137908796,23
"SASP25",3290,0.247398721219306,0.236624379275566,22
"SASP25",3291,0.732162460645974,0.709302083925701,23
"SASP25",3292,0.573266696420595,0.5844200408503,23
"SASP25",3293,0.278922872763224,0.243907145114653,22
"SASP25",3294,0.574732266013529,0.569504177097178,23
"SASP25",3295,0.353506623059809,0.355592707535707,23
"SASP25",3296,0.780880874394104,0.73783128299843,23
"SASP25",3297,0.357784571505617,0.352650486054224,22
"SASP25",3298,0.310737449663885,0.319449854946882,22
"SASP25",3299,0.225958204967826,0.237802923800043,22
"SASP25",3300,0.661153727106402,0.64679656366936,23
"SASP25",3301,0.734866004330666,0.712967963197846,23
"SASP25",3302,0.39948059258128,0.439406057354905,23
"SASP25",3303,0.305483755748422,0.318713917821268,21
"SASP25",3304,0.362013101099585,0.337191774090628,22
"SASP25",3305,0.436755214772503,0.455201133763325,23
"SASP25",3306,0.156863788001788,0.154020324238235,23
"SASP25",3307,0.666661738462855,0.66384819378377,23
"SASP25",3308,0.177100216947021,0.185154823674439,23
"SASP25",3309,0.44971881239538,0.445216133488442,23
"SASP25",3310,0.40042343279385,0.403584618061407,22
"SASP25",3311,0.186613037507053,0.168453144152254,22
"SASP25",3312,0.429079695742395,0.442602819316062,23
"SASP25",3313,0.415683623644933,0.395354411771787,23
"SASP25",3314,0.32473235781358,0.295566675353284,23
"SASP25",3315,0.585835829608429,0.575214761097981,23
"SASP25",3316,0.363509929275743,0.34217536301881,23
"SASP25",3317,0.340545964962832,0.321457889270644,22
"SASP25",3318,0.361366036629422,0.345009502093361,23
"SASP25",3319,0.382804086222564,0.394717637481507,23
"SASP25",3320,0.0617056221696378,0.0676113159938196,18
"SASP25",3321,0.664763115200836,0.632028014344799,23
"SASP25",3322,0.375418376820851,0.411958624609022,23
"SASP25",3323,0.482859932456894,0.466002606678334,23
"SASP25",3324,0.270852486782185,0.2781867089263,22
"SASP25",3325,0.551877790818005,0.546265334546933,23
"SASP25",3326,0.457663740444597,0.447066820329508,23
"SASP25",3327,0.160051220318904,0.160447648446562,20
"SASP25",3328,0.402114774229907,0.410013980557462,23
"SASP25",3329,0.576743881478474,0.579954939994489,23
"SASP25",3330,0.403854959987841,0.388523161632274,23
"SASP25",3331,0.275629367905565,0.274648777732257,21
"SASP25",3332,0.410196380683692,0.396580562146489,23
"SASP25",3333,0.468923246946982,0.485269766726217,23
"SASP25",3334,0.380275393141808,0.401267818200762,23
"SASP25",3335,0.410082962552042,0.408750576067356,23
"SASP25",3336,0.270332258964121,0.287110165436514,21
"SASP25",3337,0.12642681611841,0.13158628286595,21
"SASP25",3338,0.539864355744135,0.491953117265488,23
"SASP25",3339,0.133142329378489,0.162885571560706,20
"SASP25",3340,0.358238572296292,0.347118427946443,23
"SASP25",3341,0.494231578727258,0.488701022567098,23
"SASP25",3342,0.598583424583636,0.595908916280645,23
"SASP25",3343,0.686976766301704,0.667140176649826,23
"SASP25",3344,0.571600698228508,0.594776621004209,23
"SASP25",3345,0.957886979746814,0.90070794055469,23
"SASP25",3346,0.409482031275943,0.443249531155379,23
"SASP25",3347,0.00961665962212786,0.0150777171759287,12
"SASP25",3348,0.375598790622628,0.377895225752378,23
"SASP25",3349,0.649194263333706,0.641607412348519,23
"SASP25",3350,0.277276216777684,0.237140243021692,22
"SASP25",3351,0.297093798261495,0.301963087278641,23
"SASP25",3352,0.400397767458804,0.400941863938765,23
"SASP25",3353,0.517927569645085,0.532043537466531,23
"SASP25",3354,0.288965959168375,0.281888869766227,22
"SASP25",3355,0.236399245994519,0.207957899347833,22
"SASP25",3356,0.431230609704191,0.447235396690039,22
"SASP25",3357,0.617267588376712,0.646313181745105,23
"SASP25",3358,0.521439949833592,0.573520390192657,23
"SASP25",3359,0.683394969031924,0.694668371483144,23
"SASP25",3360,0.587549423232128,0.551139259842971,23
"SASP25",3361,0.641335965590918,0.651548130852931,23
"SASP25",3362,0.6256793903518,0.64322538174499,23
"SASP25",3363,0.514348353658585,0.533112973155246,23
"SASP25",3364,0.457914557096033,0.457627213415898,23
"SASP25",3365,0.83719137051265,0.779933828616855,23
"SASP25",3366,0.69307062901689,0.664541721251511,23
"SASP25",3367,0.43940691936102,0.444865365149663,23
"SASP25",3368,0.616099345332344,0.591983861467111,23
"SASP25",3369,0.229459306259401,0.24464848781387,22
"SASP25",3370,0.438214776315641,0.456460101650229,23
"SASP25",3371,0.417364086318876,0.417747861687011,23
"SASP25",3372,0.552650526584096,0.548488453530315,23
"SASP25",3373,0.274641540374588,0.263458699453702,23
"SASP25",3374,0.363847084679757,0.37353960220022,23
"SASP25",3375,0.298890522477693,0.33100859781328,23
"SASP25",3376,0.363508838367475,0.382873455065439,23
"SASP25",3377,0.387544896838502,0.382748079251119,23
"SASP25",3378,0.146417022995053,0.135498680526465,20
"SASP25",3379,0.369797174523184,0.333452753884739,23
"SASP25",3380,0.379566927142619,0.401730001402745,22
"SASP25",3381,0.535916087756673,0.584930449787543,23
"SASP25",3382,0.472280003799953,0.458618013256052,23
"SASP25",3383,0.256889533517602,0.266974300195149,22
"SASP25",3384,0.245118401116461,0.225821834390354,22
"SASP25",3385,0.617794819295057,0.602494531479302,23
"SASP25",3386,0.558591654340104,0.545177870527035,23
"SASP25",3387,0.304506588266517,0.288769533935314,23
"SASP25",3388,0.334533121591782,0.344064818706776,22
"SASP25",3389,0.502459881328608,0.499449586777633,23
"SASP25",3390,0.557419214759695,0.546215568346745,23
"SASP25",3391,0.265943656488012,0.224714239234121,23
"SASP25",3392,0.404265535257724,0.352740561034272,23
"SASP25",3393,0.216132852875264,0.219404520486107,22
"SASP25",3394,0.0983955361502243,0.0925169251909921,18
"SASP25",3395,0.245015962743524,0.230700230641597,23
"SASP25",3396,0.580915974078216,0.589187856382166,23
"SASP25",3397,0.0530776442121835,0.0756249210456868,14
"SASP25",3398,0.512283639291906,0.534959800172561,22
"SASP25",3399,0.601703032810506,0.580077365635055,23
"SASP25",3400,0.177426466116387,0.158484934457314,20
"SASP25",3401,0.639121611661907,0.657023503645188,23
"SASP25",3402,0.214776465244598,0.187984085644384,20
"SASP25",3403,-0.0977075833309336,-0.112566289108478,5
"SASP25",3404,0.253089085262975,0.255841076357869,22
"SASP25",3405,0.563747788190168,0.588970419419559,22
"SASP25",3406,0.585965243483976,0.588604208559383,23
"SASP25",3407,0.233664937582671,0.209604172184855,22
"SASP25",3408,0.30850424989982,0.280137249661073,23
"SASP25",3409,0.409013124722645,0.400093675888765,22
"SASP25",3410,0.598241298235857,0.598005290768225,23
"SASP25",3411,0.441520890099034,0.415942727082991,23
"SASP25",3412,0.425831165303661,0.369085055329802,23
"SASP25",3413,0.132146885122055,0.135277218767253,20
"SASP25",3414,0.272426491913878,0.297889457626064,23
"SASP25",3415,0.0842341853697802,0.0798840370910892,17
"SASP25",3416,0.473022816497958,0.510286462316049,23
"SASP25",3417,0.582931851468818,0.620710698131035,23
"SASP25",3418,0.215968175972261,0.227892241921559,21
"SASP25",3419,0.408438874411562,0.42842418161244,22
"SASP25",3420,0.309913195309585,0.334763592641803,22
"SASP25",3421,0.537515093975172,0.542958090451715,23
"SASP25",3422,0.493203746808494,0.512914026571623,23
"SASP25",3423,0.500703494496335,0.535541224314071,23
"SASP25",3424,0.552714857324169,0.535507620809214,23
"SASP25",3425,0.515375816867683,0.49804896649068,23
"SASP25",3426,0.29263549570122,0.241898321683399,23
"SASP25",3427,0.454263547024995,0.44442201306761,23
"SASP25",3428,0.496014196380063,0.462548266802778,23
"SASP25",3429,0.511094991057446,0.494792668666062,23
"SASP25",3430,0.121345204440489,0.0984511414743091,18
"SASP25",3431,0.112446567267802,0.154355854058191,19
"SASP25",3432,0.254897281705008,0.26363490464242,21
"SASP25",3433,0.188039237300277,0.199643557356105,21
"SASP25",3434,0.348425753328114,0.355552733954926,23
"SASP25",3435,0.421869942543506,0.385606127072411,23
"SASP25",3436,0.279857236558147,0.286690476394232,23
"SASP25",3437,0.380690743135128,0.348880572043429,23
"SASP25",3438,0.24689510855753,0.239721699971175,23
"SASP25",3439,0.396197035240227,0.405844152788093,22
"SASP25",3440,0.334071627165312,0.34490408975303,23
"SASP25",3441,0.206935402262428,0.22791000407347,21
"SASP25",3442,0.438154283889575,0.455992382738721,23
"SASP25",3443,0.365007542605823,0.335313077631282,22
"SASP25",3444,0.338963149730541,0.372500010917603,23
"SASP25",3445,0.728246905060124,0.729528244045017,23
"SASP25",3446,0.538276374335877,0.54434153240065,23
"SASP25",3447,0.378766889576904,0.360505466391987,23
"SASP25",3448,0.243794609528312,0.268411662905278,23
"SASP25",3449,0.648823709855379,0.607347913680617,23
"SASP25",3450,0.387598922824593,0.365291949198536,23
"SASP25",3451,0.386214807346194,0.39513431089358,22
"SASP25",3452,0.476140884739185,0.524411449161108,23
"SASP25",3453,0.32363072669653,0.35883071157929,22
"SASP25",3454,0.346670091286255,0.309678032367498,23
"SASP25",3455,0.0714908329024442,0.0799097704960325,16
"SASP25",3456,0.315512685303518,0.339669425815379,22
"SASP25",3457,0.435042694885046,0.416723342332576,22
"SASP25",3458,0.403762508868549,0.385204465023191,23
"SASP25",3459,0.682648326417734,0.661261048287386,23
"SASP25",3460,0.392436859073989,0.393181106530226,23
"SASP25",3461,0.390151817889877,0.38688192332031,23
"SASP25",3462,0.392884099426251,0.374861273680448,23
"SASP25",3463,0.643133733378668,0.654644832968151,23
"SASP25",3464,0.371112435092046,0.332701936878851,23
"SASP25",3465,0.488705704541553,0.484555638788503,23
"SASP25",3466,0.234117329784666,0.248467162731926,21
"SASP25",3467,0.5098545752793,0.482770912997943,23
"SASP25",3468,0.318421898912846,0.317349886091162,23
"SASP25",3469,0.453983580392295,0.445971860503028,23
"SASP25",3470,0.181674257354727,0.21686270711906,19
"SASP25",3471,0.487744753158183,0.454481148756055,23
"SASP25",3472,0.167156826089823,0.196909017577781,20
"SASP25",3473,0.557562414393105,0.512165293550718,23
"SASP25",3474,0.126417998486099,0.142015113607868,19
"SASP25",3475,0.349330422145251,0.363409244493783,22
"SASP25",3476,0.308646234995496,0.308989616360356,22
"SASP25",3477,0.637993183269079,0.644669741338915,23
"SASP25",3478,0.391670199127104,0.349221575060092,23
"SASP25",3479,0.543648772829669,0.570401428059279,23
"SASP25",3480,0.421047648560194,0.409641307621797,22
"SASP25",3481,0.393617452042631,0.367406755512704,23
"SASP25",3482,0.353550105706687,0.384420535085213,22
"SASP25",3483,0.515984243108849,0.503403389069129,23
"SASP25",3484,0.412878177688766,0.412730085483571,23
"SASP25",3485,0.0352302282863334,0.0292075502800298,14
"SASP25",3486,0.547451883805526,0.516721929367441,23
"SASP25",3487,0.509044083338322,0.525007305773557,23
"SASP25",3488,0.48787959476293,0.561297972824928,23
"SASP25",3489,0.321480688164483,0.343383852978719,22
"SASP25",3490,0.334867061902117,0.33648668172902,23
"SASP25",3491,0.68220706074877,0.701464305116047,23
"SASP25",3492,0.342655502951004,0.336558244578532,23
"SASP25",3493,0.583854281740672,0.563583818172346,23
"SASP25",3494,-0.208795405970486,-0.169979803119237,0
"SASP25",3495,0.609223606638634,0.537575328688334,23
"SASP25",3496,0.51534866838525,0.481348709064472,23
"SASP25",3497,0.60561554944354,0.650709607535962,23
"SASP25",3498,0.34459083192193,0.357502158970598,23
"SASP25",3499,0.520539337839066,0.529047581860288,22
"SASP25",3500,0.519808638431412,0.49058951012726,23
"SASP25",3501,0.383152705608034,0.400942139217578,23
"SASP25",3502,0.38934198718466,0.362015125601752,22
"SASP25",3503,0.664410766836857,0.649969409810787,23
"SASP25",3504,0.45188993715262,0.494888938037359,23
"SASP25",3505,0.414790367604481,0.384997800228487,23
"SASP25",3506,0.455206246241109,0.514939287800309,23
"SASP25",3507,0.45319791383825,0.440230468892356,23
"SASP25",3508,0.204571716839236,0.202839489576848,23
"SASP25",3509,0.481573131716337,0.469826431588774,23
"SASP25",3510,0.391702326263341,0.405362802934901,23
"SASP25",3511,0.385758999711689,0.384540554863482,23
"SASP25",3512,0.527153972466635,0.528501037132697,23
"SASP25",3513,0.41296833809016,0.399923055385931,23
"SASP25",3514,0.0892585038571608,0.116038849696683,19
"SASP25",3515,0.79332600398137,0.813417131379262,23
"SASP25",3516,0.899280738406225,0.856288064494266,23
"SASP25",3517,0.210936261181884,0.186951380410737,22
"SASP25",3518,0.355527687119379,0.399125241229242,23
"SASP25",3519,0.571675483288423,0.574490125401111,23
"SASP25",3520,0.452092019518966,0.449182699901017,23
"SASP25",3521,0.65462295946665,0.602612266805529,23
"SASP25",3522,0.485124184333494,0.509490112973852,23
"SASP25",3523,0.304533006533859,0.311146062775234,23
"SASP25",3524,0.571210006078919,0.546877539787917,23
"SASP25",3525,0.210596177045044,0.216342727541603,22
"SASP25",3526,0.692838578689666,0.707577004914525,23
"SASP25",3527,0.314385365580854,0.332544447782548,22
"SASP25",3528,0.486646938077628,0.472046599370628,23
"SASP25",3529,0.447722289686551,0.413958156535685,23
"SASP25",3530,0.533755755490008,0.558166796280702,22
"SASP25",3531,0.184889970920138,0.148091756606318,21
"SASP25",3532,0.364034004204317,0.369800046025788,23
"SASP25",3533,-0.0226552272062584,-0.032314139561397,7
"SASP25",3534,0.207422891995079,0.188383733283847,22
"SASP25",3535,0.286888391966841,0.259284900401078,22
"SASP25",3536,0.783185158041432,0.751230473221884,23
"SASP25",3537,0.678301542721634,0.637492727091996,23
"SASP25",3538,0.286779061747536,0.301321110407457,23
"SASP25",3539,0.332805573242548,0.312742317357528,23
"SASP25",3540,0.431789305156145,0.444001550799513,23
"SASP25",3541,0.271611580540112,0.266868743667649,23
"SASP25",3542,0.642155984226091,0.607274617369734,23
"SASP25",3543,0.462439593075493,0.45753793988973,23
"SASP25",3544,0.0469666785287209,0.0286180408553749,15
"SASP25",3545,0.556220240885608,0.559901194305121,23
"SASP25",3546,0.309631845857074,0.356758159345484,22
"SASP25",3547,0.468978435377492,0.484253683089195,23
"SASP25",3548,0.579049223305355,0.578366247289806,23
"SASP25",3549,0.131202258494284,0.128927897565054,17
"SASP25",3550,0.530952936886375,0.566107842740539,23
"SASP25",3551,0.215252098846307,0.191487849991582,22
"SASP25",3552,0.124745691457496,0.129800881683074,20
"SASP25",3553,0.269261733539772,0.290797269352095,22
"SASP25",3554,0.506715429936107,0.482206678926121,23
"SASP25",3555,0.483657408974118,0.483852295144251,23
"SASP25",3556,0.469814588325972,0.451785230202936,23
"SASP25",3557,0.531279249818628,0.536736262735839,23
"SASP25",3558,0.632539609450003,0.635595877358227,23
"SASP25",3559,0.597531923706023,0.622009900744847,23
"SASP25",3560,0.620759298027658,0.616129191293393,23
"SASP25",3561,0.206842991345028,0.178200995029234,21
"SASP25",3562,0.368468071135692,0.37924221913214,22
"SASP25",3563,0.298325673764723,0.321068788055632,22
"SASP25",3564,0.557850666412355,0.582236260650261,23
"SASP25",3565,0.102658024910286,0.0858275490904449,17
"SASP25",3566,0.639054696805526,0.613729656489555,23
"SASP25",3567,0.222539386052928,0.258490416970281,21
"SASP25",3568,0.391240339678696,0.37581004911125,23
"SASP25",3569,0.543979377021517,0.535128674207248,23
"SASP25",3570,0.496405575718895,0.541994169177941,22
"SASP25",3571,0.506292661292587,0.52274026349464,23
"SASP25",3572,0.471459969580722,0.456542336241183,23
"SASP25",3573,0.315966443615004,0.296405887136935,23
"SASP25",3574,0.428249825303069,0.434862120804874,23
"SASP25",3575,0.297357661112179,0.277896468688785,23
"SASP25",3576,0.494614691920476,0.476463156655148,23
"SASP25",3577,0.671748920185253,0.605182460466234,23
"SASP25",3578,0.321972364510782,0.331383978708049,22
"SASP25",3579,0.480514621239791,0.482618452301011,23
"SASP25",3580,0.34919202141567,0.333820200076386,23
"SASP25",3581,0.31111667281725,0.304620056112761,23
"SASP25",3582,0.521987811698452,0.541746373058385,23
"SASP25",3583,0.75246710087639,0.683302095581079,23
"SASP25",3584,0.395427795859611,0.422522095577622,23
"SASP25",3585,0.370266701413898,0.377494482515757,23
"SASP25",3586,0.501771238376688,0.49718353582444,23
"SASP25",3587,0.303334618711449,0.306414657280975,22
"SASP25",3588,0.342638224278495,0.315737647720073,23
"SASP25",3589,0.41575317111122,0.410076941138249,23
"SASP25",3590,0.666422241212024,0.637315788488586,23
"SASP25",3591,0.3003163018725,0.27144341693328,22
"SASP25",3592,0.534506640236338,0.51641393344116,23
"SASP25",3593,0.262746469880987,0.274227464783803,22
"SASP25",3594,0.434283599620732,0.473266754407262,21
"SASP25",3595,0.421061913132287,0.391871075409551,23
"SASP25",3596,0.087142172233966,0.111316354359171,19
"SASP25",3597,0.428563105887059,0.419999675942504,22
"SASP25",3598,0.369862239807642,0.396497377221721,22
"SASP25",3599,0.29562981465561,0.270106634553388,22
"SASP25",3600,0.717214824914955,0.620629737873233,23
"SASP25",3601,0.556257097013837,0.550763393109471,23
"SASP25",3602,0.202488143602554,0.179345251392159,23
"SASP25",3603,0.188047775888529,0.20065050784029,20
"SASP25",3604,0.300624473019265,0.25994985208087,23
"SASP25",3605,0.450560547608853,0.438970977478916,23
"SASP25",3606,0.226881631546197,0.239279164845183,21
"SASP25",3607,0.161258459376727,0.19121475838709,21
"SASP25",3608,0.236935976969739,0.256594378021989,21
"SASP25",3609,0.625539879258749,0.654737276444137,23
"SASP25",3610,0.524595912686255,0.525562061980813,23
"SASP25",3611,0.342628998410445,0.359278354072542,22
"SASP25",3612,0.386481667048511,0.401173760053529,23
"SASP25",3613,0.381375495679463,0.354488809258104,23
"SASP25",3614,0.243251691037945,0.22896768299183,22
"SASP25",3615,0.670984863278519,0.640209797048623,23
"SASP25",3616,0.347507328622846,0.361890968162187,23
"SASP25",3617,0.517399238124071,0.511230226615904,23
"SASP25",3618,0.160258519609161,0.172771949901106,20
"SASP25",3619,0.774809543413654,0.771857031532368,23
"SASP25",3620,0.402358433970463,0.409910044905134,23
"SASP25",3621,0.316433558830422,0.324357608143525,22
"SASP25",3622,0.365099162160755,0.353588203250772,22
"SASP25",3623,0.466748784394534,0.436137686662361,23
"SASP25",3624,0.455489382420316,0.487500725693892,22
"SASP25",3625,0.141542741196744,0.142731031226886,20
"SASP25",3626,0.136480175863208,0.137584485430795,19
"SASP25",3627,0.202586816550643,0.210392635944762,22
"SASP25",3628,0.452902484539993,0.469013077058793,23
"SASP25",3629,0.651586374379022,0.659617238580019,23
"SASP25",3630,0.430390097274275,0.406489070433157,23
"SASP25",3631,0.281578734377951,0.304043619115117,22
"SASP25",3632,0.107079338878488,0.126198728997305,18
"SASP25",3633,0.544873056528008,0.486873609294915,23
"SASP25",3634,0.409961837019332,0.412601694172958,23
"SASP25",3635,0.695574712485837,0.654135838050104,23
"SASP25",3636,0.442152736765644,0.463868485324326,23
"SASP25",3637,0.508704401028119,0.465784680496912,23
"SASP25",3638,0.466774318657934,0.493769945260334,23
"SASP25",3639,0.453055956530671,0.477888721028081,23
"SASP25",3640,0.551588271354645,0.556919442481898,23
"SASP25",3641,0.172242130093281,0.226599490267069,18
"SASP25",3642,0.642668018622829,0.62833086144047,23
"SASP25",3643,0.498293351882457,0.485180387922698,23
"SASP25",3644,0.230186237665822,0.17712748484838,19
"SASP25",3645,-0.0192048761808856,0.00139881335182845,12
"SASP25",3646,0.532674969432399,0.51293971490796,23
"SASP25",3647,0.343311831689644,0.315937465033781,22
"SASP25",3648,0.350046003666942,0.364316426459117,23
"SASP25",3649,0.0906944676016959,0.114361032108022,19
"SASP25",3650,0.237473524812582,0.215191707017722,22
"SASP25",3651,0.793805334878355,0.799175548981984,23
"SASP25",3652,0.625385318927409,0.625031173500775,23
"SASP25",3653,0.479315784020107,0.50554811885119,23
"SASP25",3654,0.384471075817581,0.426761312448603,23
"SASP25",3655,0.297628583855795,0.28057967025171,23
"SASP25",3656,0.321673665530069,0.324107580410005,22
"SASP25",3657,0.487868575808791,0.496639681091988,23
"SASP25",3658,0.449164166258875,0.512299480099639,23
"SASP25",3659,0.583288479663459,0.581205844891091,23
"SASP25",3660,0.43385990129045,0.426267548733383,23
"SASP25",3661,0.156361975041626,0.149276320083386,20
"SASP25",3662,0.409129448236006,0.453143942643728,23
"SASP25",3663,0.419859401069558,0.42278411923648,23
"SASP25",3664,0.348110887001626,0.350524458524244,23
"SASP25",3665,0.552842359574925,0.565671125375104,23
"SASP25",3666,0.103286042196316,0.111951112974547,16
"SASP25",3667,0.776636600821888,0.777866741905075,23
"SASP25",3668,0.608351231886927,0.600928723748215,23
"SASP25",3669,0.342550562959628,0.359151473955135,23
"SASP25",3670,0.743072264362486,0.703098906381393,23
"SASP25",3671,0.54636708033699,0.511562810330959,23
"SASP25",3672,0.39291643094826,0.386013934890557,23
"SASP25",3673,0.129202511044946,0.116709307921222,20
"SASP25",3674,0.377083105902221,0.36072903497485,23
"SASP25",3675,0.796811262866568,0.791338523365661,23
"SASP25",3676,0.651801227027608,0.661875580612806,23
"SASP25",3677,0.516622538697984,0.483194938298192,23
"SASP25",3678,0.570324421098268,0.511446519784298,23
"SASP25",3679,0.319815558180277,0.332250730959286,22
"SASP25",3680,0.336471293146118,0.341073985871709,22
"SASP25",3681,0.367015662575446,0.353808311328893,23
"SASP25",3682,0.211363696469332,0.209644589331315,22
"SASP25",3683,0.299504067806047,0.275472838740015,23
"SASP25",3684,0.317627001318795,0.312554841691186,23
"SASP25",3685,0.628613945965079,0.601892048513753,23
"SASP25",3686,0.52442182183498,0.525568227204572,23
"SASP25",3687,0.372128192092498,0.371315579271914,22
"SASP25",3688,0.414515619338636,0.400874015975587,23
"SASP25",3689,0.478957880309541,0.471342449547919,23
"SASP25",3690,0.31003917426458,0.281479419319453,23
"SASP25",3691,0.318351172737625,0.359605707388111,23
"SASP25",3692,0.334979662818612,0.37467551778695,22
"SASP25",3693,0.404551597118967,0.393275474187118,23
"SASP25",3694,0.555596311701304,0.5933219127929,23
"SASP25",3695,0.598302145659805,0.600829688567693,23
"SASP25",3696,0.205946273059022,0.221254738507704,20
"SASP25",3697,0.45651997684018,0.447243127586432,23
"SASP25",3698,0.339910888221755,0.357301358127721,23
"SASP25",3699,0.280287086350376,0.274931760323475,23
"SASP25",3700,0.172206279964538,0.17561187588471,22
"SASP25",3701,0.24330013099716,0.228623077939044,21
"SASP25",3702,0.697546605410956,0.71999873383001,23
"SASP25",3703,0.50383974883756,0.460787557220201,23
"SASP25",3704,0.410867260760722,0.405779095639733,23
"SASP25",3705,0.388139185117031,0.380064569098293,23
"SASP25",3706,0.297813559882051,0.262516814730674,22
"SASP25",3707,0.429063624588052,0.434986100522836,23
"SASP25",3708,0.451562024530836,0.400496327464579,23
"SASP25",3709,0.359699257701912,0.3583889093017,23
"SASP25",3710,0.503637429971637,0.465060698327758,23
"SASP25",3711,0.200897760597269,0.18775438063071,22
"SASP25",3712,0.421919225050662,0.420354318234636,22
"SASP25",3713,0.70467649422879,0.730019278761877,23
"SASP25",3714,0.216000411856393,0.230984584415511,22
"SASP25",3715,0.66077500467792,0.651856483840457,23
"SASP25",3716,0.410177918360846,0.395954250186341,22
"SASP25",3717,0.524901033069912,0.543912986050985,23
"SASP25",3718,0.793326637834668,0.769795669303738,23
"SASP25",3719,0.291110955818985,0.257530238146481,23
"SASP25",3720,0.119071832166987,0.122621247905406,18
"SASP25",3721,0.257522866865391,0.249758650391419,22
"SASP25",3722,0.0671554896716989,0.059582496716393,16
"SASP25",3723,0.45951919463206,0.449881457524109,23
"SASP25",3724,0.343774553403179,0.324421987210196,23
"SASP25",3725,0.559072131370548,0.621226901793218,23
"SASP25",3726,0.320849564528057,0.296525994646182,22
"SASP25",3727,0.397952473162583,0.364569511513546,23
"SASP25",3728,0.420731922946301,0.411115884941821,23
"SASP25",3729,0.36705631064892,0.32478701010774,23
"SASP25",3730,0.287862587479701,0.298614343601389,22
"SASP25",3731,0.343265530255194,0.412133300096361,22
"SASP25",3732,0.385047986866365,0.39288502535188,22
"SASP25",3733,0.67392542975234,0.690962782580149,23
"SASP25",3734,0.432566424990879,0.442321749864808,23
"SASP25",3735,0.65705541438128,0.643276117292699,23
"SASP25",3736,0.438192873955162,0.448423845379704,23
"SASP25",3737,0.485607325685253,0.475811620842433,23
"SASP25",3738,0.543549819701737,0.515333610959816,23
"SASP25",3739,0.630615459989738,0.627316886689675,23
"SASP25",3740,0.301195109004949,0.292262822928227,23
"SASP25",3741,0.595288142278917,0.600858139503821,23
"SASP25",3742,0.266370771222481,0.233237406132788,22
"SASP25",3743,0.439813701731121,0.444011898318502,23
"SASP25",3744,0.404407061251857,0.378737450094216,23
"SASP25",3745,0.494359194223042,0.509353732549836,23
"SASP25",3746,0.2713591717318,0.250792310431538,23
"SASP25",3747,0.44890399213487,0.460481076722894,23
"SASP25",3748,0.375269674757941,0.370424146035627,23
"SASP25",3749,0.440361642378962,0.474051715887936,23
"SASP25",3750,0.20321803050681,0.23272021316913,21
"SASP25",3751,0.566110008447279,0.517817299790416,23
"SASP25",3752,0.525200941391616,0.5036211810289,23
"SASP25",3753,0.735178511657702,0.724439905902399,23
"SASP25",3754,0.193775579673642,0.193804292020424,21
"SASP25",3755,0.460159452713416,0.413469819756806,23
"SASP25",3756,0.21781722613503,0.181913584888827,21
"SASP25",3757,0.711439161221269,0.752027118621129,23
"SASP25",3758,0.655029629261937,0.635158906097567,23
"SASP25",3759,0.738950790146762,0.751050046799375,23
"SASP25",3760,0.5799301601744,0.568617157843227,23
"SASP25",3761,0.812195199570519,0.831174805741391,23
"SASP25",3762,0.347703679057671,0.343946009093339,23
"SASP25",3763,0.307970914097298,0.295668175948874,22
"SASP25",3764,0.658530073926735,0.665665461210838,23
"SASP25",3765,0.328077730444345,0.35684133040898,23
"SASP25",3766,0.206865400716217,0.215212973772055,22
"SASP25",3767,0.233201040518051,0.24607260230941,23
"SASP25",3768,0.189723992042053,0.165682462475525,23
"SASP25",3769,0.324667679549051,0.338726988291999,23
"SASP25",3770,0.393994992911879,0.422067219630947,22
"SASP25",3771,0.307314804094064,0.295211123361764,23
"SASP25",3772,0.60719800988326,0.605127446819803,23
"SASP25",3773,0.452422929554534,0.460084022679872,23
"SASP25",3774,0.609512166901749,0.583535482914866,23
"SASP25",3775,0.700404992489427,0.693933551774117,23
"SASP25",3776,0.337345468322727,0.353859781683278,23
"SASP25",3777,0.530180869255923,0.544824173448799,23
"SASP25",3778,0.457427630160821,0.462544994416222,23
"SASP25",3779,0.318167962141584,0.333130234676303,22
"SASP25",3780,0.465711505035988,0.448793525752753,23
"SASP25",3781,0.291576969254422,0.277276179012313,22
"SASP25",3782,0.716792100186276,0.722137121481569,23
"SASP25",3783,0.39600904719749,0.400890096606608,23
"SASP25",3784,0.634535810744,0.650918510431835,23
"SASP25",3785,0.604879265353576,0.599216073639087,23
"SASP25",3786,0.659867540880117,0.651492651831988,23
"SASP25",3787,0.538674081888134,0.531227907311052,23
"SASP25",3788,0.375037387581043,0.358925592273857,23
"SASP25",3789,0.684178370029462,0.648225863211581,23
"SASP25",3790,0.425386506201759,0.347454367281798,23
"SASP25",3791,0.614309423375511,0.625165362675209,23
"SASP25",3792,0.578067933012751,0.603510043574409,23
"SASP25",3793,0.297086930094944,0.323685922623477,22
"SASP25",3794,0.447280658068643,0.444957166723719,23
"SASP25",3795,0.42746934693613,0.489731178168139,22
"SASP25",3796,0.340084653963239,0.274341652238394,23
"SASP25",3797,0.450416366693054,0.449731981077789,22
"SASP25",3798,0.470061825192869,0.461016355122947,23
"SASP25",3799,0.534651763409038,0.519113309073788,23
"SASP25",3800,0.593451949831844,0.539202719165248,23
"SASP25",3801,0.600944636952909,0.58015320521565,23
"SASP25",3802,0.389123522598148,0.36749646060253,23
"SASP25",3803,0.415273204363238,0.353544961580314,23
"SASP25",3804,0.427831018663701,0.42436776375094,23
"SASP25",3805,0.386900731320023,0.367875082605631,23
"SASP25",3806,0.39497805569769,0.372864430473049,22
"SASP25",3807,0.167458742910642,0.198978333946677,21
"SASP25",3808,0.602194710390246,0.583403668506139,23
"SASP25",3809,0.497824293837061,0.466590879433423,23
"SASP25",3810,0.619257844940791,0.587666440962237,23
"SASP25",3811,0.634136874213421,0.641188203720223,23
"SASP25",3812,0.385839740064682,0.416400485462436,22
"SASP25",3813,0.791722219887708,0.79709497325119,23
"SASP25",3814,0.802871646247693,0.783640172719475,23
"SASP25",3815,0.746795220551877,0.774083414389297,23
"SASP25",3816,0.205933785464071,0.204816082713623,21
"SASP25",3817,0.404832112938569,0.386458531509285,23
"SASP25",3818,0.145925411987337,0.132064915983669,22
"SASP25",3819,0.902281852649465,0.910611605908387,23
"SASP25",3820,0.582525935688481,0.605651587622681,22
"SASP25",3821,0.378233743529708,0.327427193180638,23
"SASP25",3822,0.622592479911619,0.585143689254904,23
"SASP25",3823,0.303786932032433,0.285839279388841,23
"SASP25",3824,0.136308945809461,0.165749365396656,21
"SASP25",3825,0.208483412409026,0.20568479519213,21
"SASP25",3826,-0.0782002380426005,-0.0824259087842355,7
"SASP25",3827,0.359852148897955,0.337068247285073,23
"SASP25",3828,0.434658872041516,0.441315426030383,23
"SASP25",3829,0.580736319186386,0.594977094731901,23
"SASP25",3830,0.447097931568915,0.452508929144402,23
"SASP25",3831,0.19626703522637,0.186170829045734,21
"SASP25",3832,0.373653241524407,0.349997432410545,23
"SASP25",3833,0.395394698256843,0.37496431094226,23
"SASP25",3834,0.467957696991987,0.467756630410142,23
"SASP25",3835,0.522941898699641,0.526111839848254,23
"SASP25",3836,0.523206284406654,0.533763895627733,23
"SASP25",3837,0.331928987348845,0.306423888331966,23
"SASP25",3838,0.712932491955074,0.72613881449429,23
"SASP25",3839,0.253272307799346,0.236180635855237,23
"SASP25",3840,0.126816550273117,0.0790973687227399,20
"SASP25",3841,0.617715271391133,0.596889256497276,23
"SASP25",3842,0.364606381200781,0.343114876814942,23
"SASP25",3843,0.485289308658828,0.477744116823821,23
"SASP25",3844,0.769313091844145,0.821043374333251,23
"SASP25",3845,0.356921042605265,0.368111486176045,23
"SASP25",3846,0.635562617587776,0.649474924973691,23
"SASP25",3847,0.284340708017985,0.270700886437581,22
"SASP25",3848,0.550733501050632,0.532483071413695,23
"SASP25",3849,0.240312995488455,0.254927581258439,22
"SASP25",3850,0.0364060142193188,0.00489907386988646,12
"SASP25",3851,0.434603418417328,0.453903598900995,22
"SASP25",3852,0.21924567483508,0.190921138729253,23
"SASP25",3853,0.0809946329135405,0.0608682808940643,17
"SASP25",3854,0.136598778535649,0.150553228054872,19
"SASP25",3855,0.310942565510473,0.303479597527936,22
"SASP25",3856,0.270650856720251,0.277882493535538,23
"SASP25",3857,0.160808825893893,0.186519435265494,20
"SASP25",3858,0.491898765852199,0.498352781478849,23
"SASP25",3859,0.590381241488726,0.619928043392586,23
"SASP25",3860,0.349231444132342,0.356188065872868,23
"SASP25",3861,0.397431711097816,0.415749486709336,23
"SASP25",3862,0.740768067850713,0.740254049096583,23
"SASP25",3863,0.545123386204883,0.552454365288898,23
"SASP25",3864,0.328219954733865,0.338008855985744,22
"SASP25",3865,0.21371046595022,0.222527038845958,22
"SASP25",3866,0.39182513722886,0.405627444520214,23
"SASP25",3867,0.732664943357416,0.723847759880279,23
"SASP25",3868,0.202857004494428,0.202906043989846,22
"SASP25",3869,0.284410336825314,0.263624990371105,23
"SASP25",3870,0.145753210052739,0.151495065406059,21
"SASP25",3871,0.612531501987567,0.576887624158688,23
"SASP25",3872,0.359124478404256,0.394020882318132,22
"SASP25",3873,0.210675418818667,0.202264898992304,22
"SASP25",3874,0.239875551808418,0.226797724993879,22
"SASP25",3875,0.612980519583578,0.576336354668555,23
"SASP25",3876,0.41291133688051,0.361176903278848,23
"SASP25",3877,0.10919848369657,0.118608207683231,17
"SASP25",3878,0.263951858488665,0.290272217056517,23
"SASP25",3879,0.194309249664948,0.208547223934703,22
"SASP25",3880,0.185989022106245,0.194705388000737,22
"SASP25",3881,0.717477260717922,0.702624819073888,23
"SASP25",3882,0.226505311092252,0.225608669984419,23
"SASP25",3883,0.202005855540515,0.20627328511361,22
"SASP25",3884,0.538957754549587,0.510139694500617,23
"SASP25",3885,0.925767170155527,0.94468694764516,23
"SASP25",3886,0.106251079995166,0.147666386529954,17
"SASP25",3887,0.303378277078316,0.292140824870878,23
"SASP25",3888,0.349168922659293,0.312442338687333,23
"SASP25",3889,0.613086588898566,0.569644551323429,23
"SASP25",3890,0.46464233086706,0.451747938995313,23
"SASP25",3891,0.224943907880216,0.22999307432173,22
"SASP25",3892,0.410468696212405,0.404238909233101,23
"SASP25",3893,0.382876616931853,0.371305061899088,23
"SASP25",3894,0.465453354031147,0.463497462115696,23
"SASP25",3895,0.303589620264681,0.286772502853847,22
"SASP25",3896,0.529809531807123,0.527112139110164,23
"SASP25",3897,0.575588528962966,0.622880946329813,23
"SASP25",3898,0.192488255800367,0.214846376057743,18
"SASP25",3899,0.370461824440998,0.393819260275796,21
"SASP25",3900,0.170408502618712,0.178163675985385,19
"SASP25",3901,0.351856859447445,0.342422845960402,23
"SASP25",3902,0.313328733796397,0.322874213991278,22
"SASP25",3903,0.489767445887322,0.492106541761854,23
"SASP25",3904,0.445127674344646,0.496895245842814,22
"SASP25",3905,0.413317658525853,0.434635905060248,22
"SASP25",3906,0.0765136333132991,0.0566627314941555,14
"SASP25",3907,0.534527803007032,0.497576973631812,23
"SASP25",3908,-0.0616444482294675,-0.0644785090079516,6
"SASP25",3909,0.371528845174955,0.327087020258742,23
"SASP25",3910,0.604272261195772,0.594175813104177,23
"SASP25",3911,0.598804404025058,0.578886903866974,23
"SASP25",3912,0.133770658231942,0.103743064070317,18
"SASP25",3913,0.325839298036042,0.278360561211678,22
"SASP25",3914,0.573680666518747,0.594755659994196,23
"SASP25",3915,0.124828877233793,0.139024664561352,19
"SASP25",3916,0.604260329591584,0.61720963504668,22
"SASP25",3917,0.375659343819405,0.393335348420335,23
"SASP25",3918,0.307746215661725,0.302182042809712,22
"SASP25",3919,0.445250176635845,0.450484627266739,23
"SASP25",3920,0.593633302686024,0.582039475194407,23
"SASP25",3921,0.223747947589349,0.231224377597821,23
"SASP25",3922,0.227452351987929,0.25428555497927,21
"SASP25",3923,0.345347864439172,0.378637450587094,23
"SASP25",3924,0.624858136390853,0.620920315262467,23
"SASP25",3925,0.543014430005517,0.593542056255547,23
"SASP25",3926,0.478688447826674,0.449625658079909,23
"SASP25",3927,0.731520122723242,0.735906944592895,23
"SASP25",3928,0.445532746932433,0.441242723420476,23
"SASP25",3929,0.23815315388523,0.238644808105206,22
"SASP25",3930,0.248448216329802,0.259479119863204,22
"SASP25",3931,0.582437244780264,0.609709895515832,23
"SASP25",3932,0.383579606569714,0.414396262084207,23
"SASP25",3933,0.375187525647833,0.337318664854826,23
"SASP25",3934,0.505569870965394,0.498916320388939,23
"SASP25",3935,0.326103632215785,0.321919434771393,23
"SASP25",3936,0.61121053382843,0.606859653330367,23
"SASP25",3937,0.311989464604262,0.298889235165818,23
"SASP25",3938,0.472156608939601,0.477229808159035,23
"SASP25",3939,0.302166494121573,0.29022992714817,21
"SASP25",3940,-0.0539039464140582,-0.0814679354287028,8
"SASP25",3941,-0.00732710356555662,-0.0173848917020734,9
"SASP25",3942,0.205555115998677,0.192261069067964,23
"SASP25",3943,0.555488042559211,0.533266584227881,23
"SASP25",3944,0.222173035428405,0.197095861506882,21
"SASP25",3945,0.20446859911656,0.212029534491505,22
"SASP25",3946,0.51648927875834,0.517695832491327,23
"SASP25",3947,0.335684946035981,0.333052890635123,22
"SASP25",3948,0.678319660137814,0.657185835623601,23
"SASP25",3949,0.349983915032833,0.378327470610583,23
"SASP25",3950,0.0403621210665998,0.0586387941692993,17
"SASP25",3951,0.642165397798958,0.658834617504956,23
"SASP25",3952,0.18417591900189,0.154182387965383,21
"SASP25",3953,0.362387575860042,0.345118196423663,23
"SASP25",3954,0.173335934206943,0.195418187716239,21
"SASP25",3955,0.533595475649645,0.520340277618827,23
"SASP25",3956,0.237694483611879,0.232682460399561,22
"SASP25",3957,0.620836985125422,0.623411024394017,23
"SASP25",3958,0.329592143572088,0.306065423311139,23
"SASP25",3959,0.449663918391889,0.437201055096113,23
"SASP25",3960,0.471753895592406,0.493210617379853,23
"SASP25",3961,0.208661428005426,0.188205980636199,22
"SASP25",3962,0.532728826705031,0.525417703042852,23
"SASP25",3963,0.6032118637874,0.613783761846412,23
"SASP25",3964,0.460409197098493,0.422256121972701,23
"SASP25",3965,0.627892813608819,0.669400406972831,23
"SASP25",3966,0.313181012965525,0.330382873938365,23
"SASP25",3967,0.514826804782631,0.555543987143095,23
"SASP25",3968,0.532811459683956,0.568926731605439,23
"SASP25",3969,0.7647171698309,0.759380102938192,23
"SASP25",3970,0.274949522441294,0.273931238535801,22
"SASP25",3971,0.641288763904021,0.634195630699732,23
"SASP25",3972,0.345096799856194,0.337764001007606,23
"SASP25",3973,0.389890595236652,0.364481519768478,23
"SASP25",3974,0.451325148295971,0.485934792109436,23
"SASP25",3975,0.606934943076087,0.632034367851658,23
"SASP25",3976,0.495626510115112,0.493170050942266,23
"SASP25",3977,0.445350704538684,0.485769465614306,23
"SASP25",3978,0.402470372244171,0.432184811851039,23
"SASP25",3979,0.39842496057196,0.389554760628525,23
"SASP25",3980,0.44414105590762,0.431839230690453,23
"SASP25",3981,0.246670118416194,0.261278317300105,23
"SASP25",3982,0.529445227507016,0.581041967069618,23
"SASP25",3983,0.342264890115681,0.34371955059586,22
"SASP25",3984,0.366262871244776,0.358540450087265,23
"SASP25",3985,0.609969128612358,0.600166766763565,23
"SASP25",3986,0.296456602590802,0.25661425535876,23
"SASP25",3987,0.210203352101038,0.201864849126628,22
"SASP25",3988,0.500026177768326,0.419342463566901,23
"SASP25",3989,0.285895118109617,0.291127157109682,23
"SASP25",3990,0.466915832156671,0.497989132533322,23
"SASP25",3991,0.833406207520941,0.830978531089869,23
"SASP25",3992,0.302985657472477,0.289823847008636,23
"SASP25",3993,0.435869031674867,0.43139630596188,23
"SASP25",3994,0.582021553378511,0.604973598601325,23
"SASP25",3995,0.486071389016631,0.489396509409051,23
"SASP25",3996,0.306580694167487,0.304239741810412,23
"SASP25",3997,0.216209046044624,0.218909159909926,21
"SASP25",3998,0.475944809127323,0.490289313008959,23
"SASP25",3999,0.559630926948666,0.577917821089942,23
"SASP25",4000,0.218263823088793,0.228433490854083,22
"SASP25",4001,0.359538382461671,0.346004201935701,22
"SASP25",4002,0.318953048757755,0.242507034082482,21
"SASP25",4003,0.486737745034985,0.507598700374671,23
"SASP25",4004,0.0729666227661997,0.117390545235117,17
"SASP25",4005,0.252607792025271,0.227948295471266,23
"SASP25",4006,0.424631320296434,0.436979611913563,23
"SASP25",4007,0.184777990567147,0.190475525321099,21
"SASP25",4008,0.68548665432996,0.700635307862545,23
"SASP25",4009,0.106368623953313,0.100556009839091,18
"SASP25",4010,0.590442612072901,0.615283393389448,23
"SASP25",4011,0.289275174726608,0.29486339904423,22
"SASP25",4012,0.508977901923,0.490670025279731,23
"SASP25",4013,0.400716051401663,0.401369048335226,22
"SASP25",4014,0.305523461445558,0.336027997956589,23
"SASP25",4015,0.26734942517341,0.269383436978176,22
"SASP25",4016,0.237825786640546,0.236921112542956,22
"SASP25",4017,0.17909244946856,0.184554725739687,20
"SASP25",4018,0.484851680235391,0.523032606995731,23
"SASP25",4019,0.312809332434253,0.273943740951655,23
"SASP25",4020,0.22147762586457,0.24911969154483,22
"SASP25",4021,0.155476883186668,0.170780675196894,21
"SASP25",4022,0.352201189177225,0.366840874556114,23
"SASP25",4023,0.377692259566258,0.35324310409778,23
"SASP25",4024,0.706727522051316,0.770935188157325,23
"SASP25",4025,0.282296722496413,0.231879106284975,23
"SASP25",4026,0.944017551821718,0.979816015089369,23
"SASP25",4027,0.398424545237221,0.3871519645525,23
"SASP25",4028,0.29492935763469,0.293557642596521,21
"SASP25",4029,0.476993126772612,0.47212642881673,23
"SASP25",4030,0.222620850808523,0.216153595447525,22
"SASP25",4031,0.33688195769135,0.352182860006864,23
"SASP25",4032,0.268333699779408,0.252075253656486,21
"SASP25",4033,0.394371162851743,0.383865591451171,23
"SASP25",4034,0.452212246959168,0.433683375013154,23
"SASP25",4035,0.347304055370662,0.342881512304121,23
"SASP25",4036,0.893097951303547,0.892789603991855,23
"SASP25",4037,0.271474343935627,0.305918315971597,22
"SASP25",4038,0.56774750867037,0.529425185523004,23
"SASP25",4039,0.244980232441564,0.264577666895119,21
"SASP25",4040,0.293563853415485,0.32475262857433,23
"SASP25",4041,0.415382970549948,0.438464602535633,23
"SASP25",4042,0.568418213071266,0.552627634192412,23
"SASP25",4043,0.445582971268741,0.457017024270178,23
"SASP25",4044,0.57845610278486,0.586259748645386,23
"SASP25",4045,0.344541392117483,0.307408271544877,22
"SASP25",4046,0.402530323793393,0.395599034346601,23
"SASP25",4047,0.592780117664947,0.60882414713401,23
"SASP25",4048,0.760799474208514,0.788609635641074,23
"SASP25",4049,0.349271246433841,0.304227934547397,23
"SASP25",4050,0.586649148263116,0.629611900547012,23
"SASP25",4051,0.611463710593408,0.589275964949423,23
"SASP25",4052,0.334229507574147,0.328852041698636,23
"SASP25",4053,0.587671642237684,0.566486442065265,23
"SASP25",4054,0.390802804604857,0.368658054830714,23
"SASP25",4055,0.298102787618212,0.302313003149768,21
"SASP25",4056,0.789254196013277,0.793870009290596,23
"SASP25",4057,0.160499441967098,0.18009456481632,20
"SASP25",4058,0.24939401373707,0.241515780454153,22
"SASP25",4059,0.505655338032138,0.492070574624731,23
"SASP25",4060,0.392857077649308,0.384590150891387,22
"SASP25",4061,0.449777113495197,0.433903522489407,23
"SASP25",4062,0.549727646665966,0.557119258870506,23
"SASP25",4063,0.403961514249736,0.425006517778936,23
"SASP25",4064,0.255635286925319,0.201389195667425,23
"SASP25",4065,0.268113453210028,0.279795588139996,23
"SASP25",4066,0.620894552868068,0.607896773641929,23
"SASP25",4067,0.619721918752341,0.614541872753077,23
"SASP25",4068,0.352735001654712,0.348198346552892,23
"SASP25",4069,0.414194821639608,0.418260847145688,23
"SASP25",4070,0.52921163844999,0.536341540073793,23
"SASP25",4071,0.555632130755721,0.53597228381135,23
"SASP25",4072,0.168481260723851,0.163755627538882,20
"SASP25",4073,0.458419534736225,0.483758260172779,23
"SASP25",4074,0.298097281085233,0.30427897288473,23
"SASP25",4075,0.46904842171396,0.463135658605394,23
"SASP25",4076,0.36278566607111,0.340102978862269,23
"SASP25",4077,0.542868186376916,0.52819989495147,23
"SASP25",4078,0.43869728183224,0.448401380463691,23
"SASP25",4079,0.293209419187992,0.273443853728343,23
"SASP25",4080,0.379243559402571,0.330033141321459,23
"SASP25",4081,0.64004186727007,0.66707145487507,23
"SASP25",4082,0.536840706621166,0.550503714394334,23
"SASP25",4083,0.434298069843107,0.393630436892458,23
"SASP25",4084,0.278369653008509,0.276026503843169,23
"SASP25",4085,0.447627571941946,0.448084818372457,23
"SASP25",4086,0.415747596735488,0.423847817246445,23
"SASP25",4087,0.538013204801041,0.576673779621832,23
"SASP25",4088,0.388394911314924,0.384789358813522,23
"SASP25",4089,0.324613425242209,0.253297879789736,23
"SASP25",4090,0.680753744995167,0.664794254617789,23
"SASP25",4091,0.342375600005776,0.355613621566182,22
"SASP25",4092,0.450524144998889,0.417329649258087,23
"SASP25",4093,0.235682016685806,0.204003906118645,21
"SASP25",4094,0.608318408178026,0.556845079645982,22
"SASP25",4095,0.162614405967409,0.189190744826218,20
"SASP25",4096,0.621247521521228,0.59202436235461,23
"SASP25",4097,0.262028499418084,0.237156948259257,22
"SASP25",4098,0.408956944944364,0.408168481564943,23
"SASP25",4099,0.473552645270263,0.465383124940915,23
"SASP25",4100,0.513695209709579,0.517643769755302,23
"SASP25",4101,0.476669208243641,0.468362879545305,23
"SASP25",4102,0.462141480176098,0.444268681795052,23
"SASP25",4103,0.441889161609223,0.449075427245967,22
"SASP25",4104,0.412981399826849,0.359746825088059,23
"SASP25",4105,0.583441400988423,0.601247432408977,23
"SASP25",4106,0.4706604509022,0.460786619559648,23
"SASP25",4107,0.426606083772736,0.431476149553597,23
"SASP25",4108,0.532935030645306,0.513738326640776,23
"SASP25",4109,0.344585098222754,0.313426460161692,23
"SASP25",4110,0.570257912560376,0.575937399616604,23
"SASP25",4111,0.60079510162537,0.591088077709752,23
"SASP25",4112,0.396112529587461,0.41388915845798,22
"SASP25",4113,0.384981557654908,0.393647357430163,23
"SASP25",4114,0.426715056147568,0.406418652120384,23
"SASP25",4115,0.537887684921806,0.490819205636445,23
"SASP25",4116,0.600934414678687,0.57281086706704,23
"SASP25",4117,0.385008090603154,0.380461231883777,23
"SASP25",4118,0.294639720446518,0.278801393955554,23
"SASP25",4119,0.233593811297526,0.272925852811339,21
"SASP25",4120,0.377032739407457,0.408269041484723,23
"SASP25",4121,0.418988843127867,0.401791172609911,23
"SASP25",4122,0.242414772929448,0.230498659396882,22
"SASP25",4123,0.291184068683645,0.334397627392971,23
"SASP25",4124,0.12308250488882,0.11462396559278,19
"SASP25",4125,0.538678263231994,0.555391912758747,23
"SASP25",4126,0.304523117836946,0.286592793741604,23
"SASP25",4127,0.135888472590891,0.118193532592261,20
"SASP25",4128,0.67480974025106,0.681029497823604,23
"SASP25",4129,0.424113568391163,0.434331463889298,23
"SASP25",4130,0.167355521042627,0.121813366304814,21
"SASP25",4131,0.539051092187202,0.561921127523319,23
"SASP25",4132,0.454856987402659,0.401679880709398,23
"SASP25",4133,0.296169910213697,0.320590151619305,23
"SASP25",4134,0.268862295234275,0.300723014614549,21
"SASP25",4135,0.413943251063978,0.385908124177194,23
"SASP25",4136,0.257197877386132,0.291126230041612,23
"SASP25",4137,0.411132311123358,0.40501363884237,23
"SASP25",4138,0.57055563363517,0.554270760407544,23
"SASP25",4139,0.439984590591983,0.406972763897151,23
"SASP25",4140,0.532237116850087,0.52706936616332,23
"SASP25",4141,0.518106713543696,0.521728036662567,23
"SASP25",4142,0.74957369740023,0.759040279626861,23
"SASP25",4143,0.515931158789718,0.53366644657051,23
"SASP25",4144,0.511463292836289,0.546068497051546,23
"SASP25",4145,0.566631556729219,0.569266946366324,23
"SASP25",4146,0.604541436470888,0.602889838563164,23
"SASP25",4147,0.53452471433907,0.527717488357655,23
"SASP25",4148,0.647322175085138,0.607785364670232,23
"SASP25",4149,0.757024041721865,0.776382665416388,23
"SASP25",4150,0.499649116486216,0.49259461954504,23
"SASP25",4151,0.185259115277344,0.200829149825598,22
"SASP25",4152,0.552234654453075,0.548538206077644,23
"SASP25",4153,0.367283389465911,0.358179443455535,23
"SASP25",4154,0.288553707557665,0.284249527958871,23
"SASP25",4155,0.413445717422816,0.450595596819093,23
"SASP25",4156,0.261729289385446,0.219287584681129,22
"SASP25",4157,0.46302735129808,0.469801431067983,23
"SASP25",4158,0.533146387132782,0.523574705472302,23
"SASP25",4159,0.752633877560274,0.752026411766703,23
"SASP25",4160,0.242491173207569,0.205867324884869,21
"SASP25",4161,0.289427799374427,0.317863514027262,23
"SASP25",4162,0.619933393137964,0.633548514721064,23
"SASP25",4163,0.182065440518635,0.179412428050559,21
"SASP25",4164,0.570274843541211,0.551626704438345,23
"SASP25",4165,0.412250006134963,0.436665834603245,23
"SASP25",4166,0.264115678939104,0.293317917946031,22
"SASP25",4167,0.511670083181353,0.539949716833629,23
"SASP25",4168,0.333648628575781,0.337232951099278,23
"SASP25",4169,0.600215022552608,0.609168913714316,23
"SASP25",4170,0.433012134095991,0.44295267197867,23
"SASP25",4171,0.378105693648333,0.353203088429221,23
"SASP25",4172,0.288064738766286,0.263045701403787,22
"SASP25",4173,0.448018842158547,0.436140406923323,22
"SASP25",4174,0.598003173481156,0.580983297869175,23
"SASP25",4175,0.60728306178782,0.638489978405993,22
"SASP25",4176,0.334837372330435,0.34841704733942,22
"SASP25",4177,0.440468729255718,0.395213195599452,23
"SASP25",4178,0.239280906778332,0.210854984058594,21
"SASP25",4179,0.632105496487771,0.622704179078536,23
"SASP25",4180,0.376228744616077,0.364856772545964,23
"SASP25",4181,0.496034666861593,0.471520240207781,23
"SASP25",4182,0.481372204127121,0.487884942234426,23
"SASP25",4183,0.514207335738404,0.501595480793838,23
"SASP25",4184,0.317170818313019,0.356879328456407,22
"SASP25",4185,-0.0474973472675234,-0.0388814297472724,7
"SASP25",4186,0.487340566709885,0.497632003024254,23
"SASP25",4187,0.548391732439933,0.551580780285013,23
"SASP25",4188,0.614285525272767,0.66106553621208,23
"SASP25",4189,0.79069386355566,0.799699665938589,23
"SASP25",4190,0.0710050703149446,0.0691342599990729,17
"SASP25",4191,0.51129989497374,0.514000548360669,23
"SASP25",4192,0.642261829120954,0.707755014043765,23
"SASP25",4193,0.593432941055903,0.601860178198924,23
"SASP25",4194,0.11707442938544,0.0934779755029401,17
"SASP25",4195,0.202219795597815,0.219183470319125,22
"SASP25",4196,0.205485308112825,0.185201475872491,23
"SASP25",4197,0.59616083932546,0.616143816706913,23
"SASP25",4198,0.398393938204352,0.364422653344164,23
"SASP25",4199,0.382429612999695,0.361969038374897,23
"SASP25",4200,0.519264909065993,0.49704572716038,23
"SASP25",4201,0.598153257290626,0.575279340449196,23
"SASP25",4202,0.562896422872236,0.584183712791884,23
"SASP25",4203,0.418015415312057,0.444185098152146,22
"SASP25",4204,0.356948811918202,0.364040007921844,23
"SASP25",4205,0.554706581632511,0.576828982359899,23
"SASP25",4206,0.543440614817915,0.566931273400972,23
"SASP25",4207,0.311968959357664,0.300912021282031,22
"SASP25",4208,0.674492378189048,0.715553965284609,23
"SASP25",4209,0.474611527435343,0.407793023309123,23
"SASP25",4210,0.0726415381622085,0.0710799978483495,15
"SASP25",4211,0.254092745968476,0.204896572009129,22
"SASP25",4212,0.224931664633227,0.215868524943599,22
"SASP25",4213,0.325798496428985,0.307338028370291,23
"SASP25",4214,0.890025658742762,0.918091828172761,23
"SASP25",4215,0.318425783208123,0.306327300595814,23
"SASP25",4216,0.289210368515493,0.311923489444803,22
"SASP25",4217,0.447191040363732,0.47455885809408,23
"SASP25",4218,0.531713737637375,0.523700026076211,23
"SASP25",4219,0.599895970309437,0.597736881086042,23
"SASP25",4220,0.514419194365007,0.480412973838876,23
"SASP25",4221,0.414336237412238,0.368924936763517,23
"SASP25",4222,0.466028595578959,0.46025676317508,23
"SASP25",4223,0.422376137830976,0.403150158009955,23
"SASP25",4224,0.389957586463339,0.351713077206489,23
"SASP25",4225,0.49485919745384,0.460391054519233,23
"SASP25",4226,0.400160371071359,0.378220586261535,23
"SASP25",4227,0.590189941630411,0.613958367783019,23
"SASP25",4228,0.184856685452716,0.166658210324893,19
"SASP25",4229,0.306389601755416,0.284087264749494,21
"SASP25",4230,0.0518379319244069,0.0612665262375888,16
"SASP25",4231,0.760068760791316,0.778129528594802,23
"SASP25",4232,0.530703852467186,0.521991829645028,23
"SASP25",4233,0.22267590104477,0.251636401380351,22
"SASP25",4234,0.587274258212653,0.594979753066013,23
"SASP25",4235,0.715366948543178,0.773507153757706,23
"SASP25",4236,0.562285740596495,0.575004376361999,23
"SASP25",4237,0.424537402059692,0.461176237878183,23
"SASP25",4238,-0.0728715688236086,-0.0536373525286647,5
"SASP25",4239,0.0261098751423223,0.0473891203501073,14
"SASP25",4240,0.396080754046247,0.375865405708653,23
"SASP25",4241,0.370107684595665,0.368776901988733,23
"SASP25",4242,0.716968722463207,0.726578709633314,23
"SASP25",4243,0.26609306346866,0.268068874114266,22
"SASP25",4244,0.558587993084881,0.57501709940542,23
"SASP25",4245,0.647622671380426,0.663610999346333,23
"SASP25",4246,0.329210224625504,0.322074406433934,22
"SASP25",4247,0.667463514917915,0.689497068384047,23
"SASP25",4248,0.421776782769594,0.370809153495977,22
"SASP25",4249,0.519703671957893,0.495657278062921,23
"SASP25",4250,0.413176513268232,0.392951191547644,23
"SASP25",4251,0.316107938281166,0.334212809802477,23
"SASP25",4252,0.568479161320538,0.596910917835423,23
"SASP25",4253,0.492010547845941,0.456394421450515,23
"SASP25",4254,0.643849572156791,0.645166781022205,23
"SASP25",4255,0.243719984593455,0.201794503233706,23
"SASP25",4256,0.293002943674024,0.280828691391981,23
"SASP25",4257,0.413339640214179,0.415866393603599,23
"SASP25",4258,0.263617844591911,0.257013805881513,23
"SASP25",4259,0.307848421643429,0.283371101539632,23
"SASP25",4260,0.369831133338801,0.376545360025641,21
"SASP25",4261,0.33309251074128,0.327797856520085,23
"SASP25",4262,0.215718555798554,0.208220736841565,22
"SASP25",4263,0.382443399581178,0.402672163997104,23
"SASP25",4264,0.290434185785994,0.31784812543367,22
"SASP25",4265,0.234164534937249,0.233013820695195,21
"SASP25",4266,0.539621295463189,0.553280606356052,23
"SASP25",4267,0.42570131722988,0.385731966188584,23
"SASP25",4268,0.6037847110206,0.615682048708234,23
"SASP25",4269,0.694829004645859,0.693617556387868,23
"SASP25",4270,0.38045772579855,0.338373016690442,23
"SASP25",4271,0.336719317838329,0.345390832713677,22
"SASP25",4272,0.489280954858234,0.483223134787087,23
"SASP25",4273,0.611508523438167,0.607794507342427,23
"SASP25",4274,0.296781834913548,0.265924019340935,23
"SASP25",4275,0.345038453765667,0.359806791741768,22
"SASP25",4276,0.363655340813302,0.37076935865606,23
"SASP25",4277,0.546969435953153,0.522690826618896,23
"SASP25",4278,0.100005137878623,0.0997523244736338,18
"SASP25",4279,0.250503740939888,0.238815496928554,23
"SASP25",4280,0.519662081728469,0.504228613693809,22
"SASP25",4281,0.431310917788416,0.412405603967675,23
"SASP25",4282,0.390033116215725,0.376092800998015,23
"SASP25",4283,0.600377123717047,0.534487444716793,23
"SASP25",4284,0.473560524094528,0.479104115382068,23
"SASP25",4285,0.193247484621255,0.206565774576417,21
"SASP25",4286,0.438037836634971,0.419024621743116,23
"SASP25",4287,0.641570039681321,0.644351559147278,23
"SASP25",4288,0.340258402263873,0.353610762343721,23
"SASP25",4289,0.363544152305132,0.351841152213522,23
"SASP25",4290,0.165556516708634,0.142135146812236,21
"SASP25",4291,0.323025178402909,0.341716627275891,23
"SASP25",4292,0.529954296261705,0.537212669754241,23
"SASP25",4293,0.647105228588608,0.625587737309475,23
"SASP25",4294,0.669239580485599,0.659948975476545,23
"SASP25",4295,0.449943289867354,0.390223567113831,22
"SASP25",4296,0.348152493665735,0.363811512099051,23
"SASP25",4297,0.534639104495749,0.543993440145318,23
"SASP25",4298,0.362109638827813,0.332097541198969,23
"SASP25",4299,0.866462912764556,0.786224544925469,23
"SASP25",4300,0.974373364809467,0.979626342987255,23
"SASP25",4301,0.466339340037579,0.453084035084263,23
"SASP25",4302,0.151905047413567,0.147824756126453,20
"SASP25",4303,0.405673808847934,0.408336877470549,23
"SASP25",4304,0.439401525420362,0.438804440603634,23
"SASP25",4305,0.275974420366658,0.259012322903789,23
"SASP25",4306,0.244056675111183,0.234045372155906,22
"SASP25",4307,-0.0208511064824074,-0.0276360799960429,8
"SASP25",4308,0.489040497921301,0.472442904440919,23
"SASP25",4309,0.306220747400954,0.257628975586084,23
"SASP25",4310,0.568844639342288,0.594325548472594,23
"SASP25",4311,0.66561210664199,0.620217613407252,23
"SASP25",4312,0.863073821918472,0.878025800912261,23
"SASP25",4313,0.483144685700508,0.479293644730142,23
"SASP25",4314,0.558755327510375,0.517976003463497,23
"SASP25",4315,0.162933481808826,0.162987598332581,21
"SASP25",4316,0.213090604365868,0.226331502124423,21
"SASP25",4317,0.309658767375839,0.307451659656511,23
"SASP25",4318,0.440236778719272,0.434375859469639,23
"SASP25",4319,0.466618574622956,0.524284201597089,23
"SASP25",4320,0.540362025274769,0.526160900851681,23
"SASP25",4321,0.377489736859142,0.358934319723016,23
"SASP25",4322,0.298101702867804,0.321072252436951,22
"SASP25",4323,0.381657023810824,0.374260277566257,22
"SASP25",4324,0.295269091572419,0.269875545070563,22
"SASP25",4325,0.636106577562219,0.621012887863331,23
"SASP25",4326,0.478718791636847,0.481008546450139,22
"SASP25",4327,0.56285667954458,0.574232468135573,23
"SASP25",4328,0.463938841004733,0.444679823249946,23
"SASP25",4329,0.289239523814995,0.320497821053064,21
"SASP25",4330,0.159202098406077,0.150275173590292,20
"SASP25",4331,0.448338934834875,0.434903578938058,23
"SASP25",4332,0.228279200479839,0.26185395787385,22
"SASP25",4333,0.23469347475314,0.285320232008337,21
"SASP25",4334,0.397734366877104,0.414388691665247,23
"SASP25",4335,0.178365946087381,0.145321905422953,21
"SASP25",4336,0.81400483840081,0.798081254610079,23
"SASP25",4337,0.654015557753864,0.592449356516531,23
"SASP25",4338,0.164283022902014,0.165263030647144,21
"SASP25",4339,0.59440932313825,0.553258272113813,23
"SASP25",4340,0.367150171592237,0.376416481145856,23
"SASP25",4341,0.512954102601153,0.464068941525069,23
"SASP25",4342,0.309926065289285,0.284588214182528,23
"SASP25",4343,0.407494967946504,0.39326209386317,23
"SASP25",4344,0.536241489233775,0.510653722958047,23
"SASP25",4345,0.385124692026603,0.387397079828917,23
"SASP25",4346,0.22156436227592,0.228016679842023,22
"SASP25",4347,0.394257651875334,0.407201678860317,23
"SASP25",4348,-0.0213848931975754,-0.0200366286241964,10
"SASP25",4349,0.250088221170307,0.2399878780099,23
"SASP25",4350,0.577036112029282,0.559581235035781,23
"SASP25",4351,0.483222437620225,0.467015983888376,23
"SASP25",4352,0.351670820051023,0.309576649314255,23
"SASP25",4353,0.386609174400212,0.383413096539571,23
"SASP25",4354,0.617674378525053,0.62301547429015,23
"SASP25",4355,0.451330722343442,0.458546715579365,23
"SASP25",4356,0.116721574323206,0.144120490886274,18
"SASP25",4357,0.347619687492427,0.35713977964104,23
"SASP25",4358,0.237623627418034,0.225070672545569,21
"SASP25",4359,0.41004765940492,0.403750071859644,23
"SASP25",4360,0.186026989703554,0.170750741727095,20
"SASP25",4361,0.490624302400568,0.501787397989131,23
"SASP25",4362,0.735306217475768,0.729052116734291,23
"SASP25",4363,0.294026225652991,0.311742373736934,22
"SASP25",4364,0.805699577902926,0.835504646214507,23
"SASP25",4365,0.443750517465714,0.45933370864622,23
"SASP25",4366,0.563264874650285,0.512860866710897,23
"SASP25",4367,0.296730842987237,0.285801073936997,23
"SASP25",4368,0.384039785781759,0.373665030699273,22
"SASP25",4369,0.267941840020264,0.287443122783262,22
"SASP25",4370,0.718157302148518,0.710143532274656,23
"SASP25",4371,0.13040505365081,0.133063410729918,20
"SASP25",4372,0.656067336770321,0.657321325675387,23
"SASP25",4373,0.350072304845644,0.335899357184053,23
"SASP25",4374,0.536624803586149,0.542572357891647,23
"SASP25",4375,0.310604506461432,0.295754143604289,23
"SASP25",4376,0.506327971819827,0.525361601473585,23
"SASP25",4377,0.468778013136786,0.426495421714549,23
"SASP25",4378,0.597379570765277,0.633158778729481,23
"SASP25",4379,0.22235586572443,0.252934394361342,22
"SASP25",4380,0.471000506671092,0.471568564595954,22
"SASP25",4381,0.360721970023067,0.355895101573559,22
"SASP25",4382,0.446232298969569,0.455469839632739,23
"SASP25",4383,0.457426014012875,0.459042562331366,23
"SASP25",4384,0.336738849655475,0.324288027970185,23
"SASP25",4385,0.574184829942974,0.588108355915929,23
"SASP25",4386,0.345421665323268,0.301805976992261,22
"SASP25",4387,0.522828249487311,0.508409557300236,23
"SASP25",4388,0.207096567733868,0.192028332780886,23
"SASP25",4389,0.115857716048194,0.125831669036757,19
"SASP25",4390,0.473677495657115,0.449093869423617,23
"SASP25",4391,0.391693572563544,0.403286768154921,23
"SASP25",4392,0.0646888272591883,0.0786187870356602,16
"SASP25",4393,0.644091551332881,0.638722832663865,23
"SASP25",4394,0.255615347040401,0.256057541389488,23
"SASP25",4395,0.421581557360264,0.431147604465908,23
"SASP25",4396,0.528592804974964,0.559161930657035,23
"SASP25",4397,0.237917682600381,0.24525273258166,22
"SASP25",4398,0.244742636141769,0.293354572770928,22
"SASP25",4399,0.429180796542578,0.430212341725436,23
"SASP25",4400,0.197692732431541,0.228384092321329,20
"SASP25",4401,0.116284618958518,0.0889604399023652,20
"SASP25",4402,0.403170186521665,0.417458948778031,23
"SASP25",4403,0.739930914317193,0.733711683207013,23
"SASP25",4404,0.54224173634835,0.538433043982378,23
"SASP25",4405,0.676817037762493,0.686236283309979,23
"SASP25",4406,0.46990350202801,0.401495315102432,23
"SASP25",4407,0.439207952270511,0.451535704600927,23
"SASP25",4408,0.0925754222239479,0.113514131405475,18
"SASP25",4409,0.608770788137939,0.561668153373846,23
"SASP25",4410,0.485022394541102,0.522608492715601,22
"SASP25",4411,0.464058047439631,0.464327608222733,22
"SASP25",4412,0.441840483920574,0.459948055098449,23
"SASP25",4413,0.397234927015853,0.353011427895348,23
"SASP25",4414,0.817722135250267,0.817692878456423,23
"SASP25",4415,0.144558150340911,0.15291138739451,21
"SASP25",4416,0.526986110984881,0.527416597807798,23
"SASP25",4417,0.194109940900856,0.217942864012225,20
"SASP25",4418,0.601008456452057,0.608797611742448,23
"SASP25",4419,0.295444678577857,0.289335136477236,23
"SASP25",4420,0.10158944001953,0.127826587299515,18
"SASP25",4421,0.366503883660177,0.391495199330886,22
"SASP25",4422,0.745028898590079,0.730295179587705,23
"SASP25",4423,0.272073653398834,0.269707380159276,22
"SASP25",4424,0.595882420038413,0.595913076195943,23
"SASP25",4425,0.451863679369391,0.447208557856737,23
"SASP25",4426,0.132831138177087,0.118847596913408,21
"SASP25",4427,0.57527454684451,0.602842472710934,23
"SASP25",4428,0.607934180800138,0.609688505516792,23
"SASP25",4429,0.230350881141407,0.21992027429375,23
"SASP25",4430,0.501089008154694,0.514503704561504,23
"SASP25",4431,0.514457165792979,0.513859503202422,23
"SASP25",4432,0.550766257199805,0.569478065401792,23
"SASP25",4433,0.419229666861486,0.375779087391907,23
"SASP25",4434,0.255951591224018,0.265182860350974,22
"SASP25",4435,0.852639769809369,0.825914632883625,23
"SASP25",4436,0.487312666423252,0.459072042308913,23
"SASP25",4437,0.306322477567155,0.296666515547648,22
"SASP25",4438,0.72165905930467,0.69087113212303,23
"SASP25",4439,0.121933358733839,0.104290152296918,20
"SASP25",4440,0.443210222971644,0.476620400439191,23
"SASP25",4441,0.447920521120642,0.442942979243468,23
"SASP25",4442,0.704535133543285,0.699435495520346,23
"SASP25",4443,0.302328558909437,0.212102566675467,23
"SASP25",4444,0.589647392607836,0.590024906414586,23
"SASP25",4445,0.359772477031677,0.346239654835964,23
"SASP25",4446,0.585365294378313,0.545470631424767,23
"SASP25",4447,0.326368044386355,0.333148131301139,22
"SASP25",4448,0.393318955291657,0.404823686059172,23
"SASP25",4449,0.318940335705782,0.307470990002864,22
"SASP25",4450,0.561853781107454,0.546799573389094,23
"SASP25",4451,0.346768953028828,0.392830282973919,23
"SASP25",4452,0.471501498173097,0.477560105065257,23
"SASP25",4453,0.385756418094259,0.384748534119164,23
"SASP25",4454,0.613911013604739,0.612016094728629,23
"SASP25",4455,0.338749899016412,0.33361644885202,22
"SASP25",4456,0.420080679659165,0.407008275016476,23
"SASP25",4457,0.482196048502305,0.457573703070986,23
"SASP25",4458,0.701709869634598,0.711886324852923,23
"SASP25",4459,0.502172193259659,0.486606477300451,23
"SASP25",4460,0.843982401028241,0.8205478549736,23
"SASP25",4461,0.446610505405553,0.427913440132917,23
"SASP25",4462,0.315169574206188,0.316009455507057,23
"SASP25",4463,0.702081607543025,0.698032811832131,23
"SASP25",4464,0.252722615336858,0.256990182185018,19
"SASP25",4465,0.625547695811942,0.616091548875903,23
"SASP25",4466,0.590210404468141,0.582715372499303,23
"SASP25",4467,0.150876836012533,0.163018906313084,20
"SASP25",4468,0.147461992449629,0.15501510966975,17
"SASP25",4469,0.619959085726156,0.613193724823014,23
"SASP25",4470,0.173818752731155,0.192496398754007,19
"SASP25",4471,0.377707910007055,0.410899218741277,23
"SASP25",4472,0.292063403179245,0.26915782725746,22
"SASP25",4473,0.170592033809925,0.144438671429626,20
"SASP25",4474,0.406814856245309,0.405760029153005,23
"SASP25",4475,0.362600213686548,0.345259925069603,23
"SASP25",4476,0.703331268557852,0.74486356074035,23
"SASP25",4477,0.270404851668879,0.267727980516227,22
"SASP25",4478,0.609577767047824,0.593576406103736,23
"SASP25",4479,0.432169528279848,0.424563794969283,23
"SASP25",4480,0.161330226350862,0.165674085409333,19
"SASP25",4481,0.676825246715858,0.70200772379211,23
"SASP25",4482,0.667840980510957,0.644073324641715,23
"SASP25",4483,0.617762128198554,0.600528812316433,23
"SASP25",4484,0.683981553135199,0.662291170178038,23
"SASP25",4485,0.199285117524903,0.206625739280896,21
"SASP25",4486,0.527520021730128,0.562523799101177,23
"SASP25",4487,0.447915295541412,0.462115756052598,23
"SASP25",4488,0.367663185002467,0.380212036519492,22
"SASP25",4489,0.331832518229562,0.335774317100194,22
"SASP25",4490,0.188711819058222,0.209504725426626,22
"SASP25",4491,0.516314657764939,0.497141846765353,23
"SASP25",4492,0.294497785001153,0.31055427230587,22
"SASP25",4493,0.0959015982344217,0.106719890094032,18
"SASP25",4494,0.209771229659714,0.221665002629396,21
"SASP25",4495,0.349533629287184,0.342814124590515,22
"SASP25",4496,0.193718936706762,0.198051185423786,23
"SASP25",4497,0.886677239704122,0.887211446132417,23
"SASP25",4498,0.526967756747554,0.509466431272802,23
"SASP25",4499,0.534781408556873,0.57496757505285,23
"SASP25",4500,0.2055225053275,0.237967989783063,22
"SASP25",4501,0.556575151462424,0.589907324708589,23
"SASP25",4502,0.673992872209468,0.656609645394891,23
"SASP25",4503,0.242107238851068,0.208949608203784,22
"SASP25",4504,0.700289113218967,0.715105179022584,23
"SASP25",4505,0.309017348519939,0.3147416919142,23
"SASP25",4506,0.279690224882733,0.237034420755007,22
"SASP25",4507,0.361416531089684,0.319820795940704,23
"SASP25",4508,0.463814769008296,0.498045575122045,23
"SASP25",4509,0.423029502177973,0.402537346063177,23
"SASP25",4510,0.366257340860163,0.375330392970768,23
"SASP25",4511,0.769249570568699,0.757692234262921,23
"SASP25",4512,0.466003601949743,0.462017789219879,23
"SASP25",4513,0.403257753827006,0.429913576666062,23
"SASP25",4514,0.402202781027717,0.390499364022725,22
"SASP25",4515,0.446443718888775,0.464655643632427,23
"SASP25",4516,0.539172821430896,0.556392756100953,23
"SASP25",4517,0.740354523405471,0.722106034678653,23
"SASP25",4518,0.569473734873787,0.538594614313688,23
"SASP25",4519,0.32819517480657,0.318147926790638,23
"SASP25",4520,0.440235015110404,0.440115349876804,23
"SASP25",4521,0.0837992012462772,0.0906966958118057,19
"SASP25",4522,0.412438843415752,0.465807743704533,22
"SASP25",4523,0.529244974509557,0.528429537192546,22
"SASP25",4524,0.256460100159113,0.242942672735428,23
"SASP25",4525,0.295878105798082,0.282194910327685,22
"SASP25",4526,0.0750798468060811,0.05299090483147,16
"SASP25",4527,0.606150893412226,0.641344484827701,23
"SASP25",4528,0.558373750859739,0.577051303135205,23
"SASP25",4529,0.0930519699627448,0.123578551377058,14
"SASP25",4530,0.569310569519427,0.587034278086741,23
"SASP25",4531,0.412864280965957,0.415015711056127,23
"SASP25",4532,0.423563890978617,0.432675476450006,23
"SASP25",4533,0.536120540469847,0.555396799370833,23
"SASP25",4534,0.495255958427828,0.520259165987865,23
"SASP25",4535,0.361778369469527,0.369314443833356,23
"SASP25",4536,0.238894623961847,0.230361568634769,23
"SASP25",4537,0.328355893594966,0.327216098068352,23
"SASP25",4538,0.0406355345419763,-0.00323854514117653,11
"SASP25",4539,0.679344865722849,0.711258422999818,23
"SASP25",4540,0.476091079291565,0.45778758954093,23
"SASP25",4541,0.61573388496901,0.635701922902725,23
"SASP25",4542,0.549487611194324,0.501522839033964,23
"SASP25",4543,0.555434482508765,0.481458228345806,23
"SASP25",4544,0.540088007014996,0.537174661846301,23
"SASP25",4545,0.23550602993235,0.235378050863819,23
"SASP25",4546,0.53916311484054,0.490635367303133,23
"SASP25",4547,0.496092360613755,0.513048136335791,23
"SASP25",4548,0.44360537962889,0.47267531900567,23
"SASP25",4549,0.699461558402506,0.73784252564836,23
"SASP25",4550,0.396205393223754,0.392644595214988,23
"SASP25",4551,0.386925372241015,0.408503834628373,23
"SASP25",4552,0.294823692847638,0.269475380008015,23
"SASP25",4553,0.379737996220534,0.388093638997146,23
"SASP25",4554,0.346166328136822,0.320818547787728,22
"SASP25",4555,0.414331279123602,0.424344661861103,22
"SASP25",4556,0.195085988018098,0.189297239481945,22
"SASP25",4557,0.221964284264639,0.23613019655983,21
"SASP25",4558,0.544062562076041,0.554350662120859,23
"SASP25",4559,0.358176844505742,0.339303393008929,23
"SASP25",4560,0.421932181384462,0.419516720265079,23
"SASP25",4561,0.426159519024292,0.423062063443365,23
"SASP25",4562,0.417847935812417,0.404383379752846,23
"SASP25",4563,0.610299770200379,0.610490523270431,23
"SASP25",4564,0.789535669362838,0.805668077293502,23
"SASP25",4565,0.358663163556923,0.355186158663785,23
"SASP25",4566,0.380812934608778,0.388742381991165,23
"SASP25",4567,0.410981741028176,0.437267215218951,22
"SASP25",4568,0.698318409843798,0.700294813606366,23
"SASP25",4569,0.402036251301351,0.394046945768867,23
"SASP25",4570,0.486677728806889,0.479607442766902,23
"SASP25",4571,0.38645864023598,0.376513433628159,22
"SASP25",4572,0.062249680096732,0.0372803348594936,15
"SASP25",4573,0.597215039585078,0.597889162656784,23
"SASP25",4574,0.293407981351476,0.30978333823522,22
"SASP25",4575,0.374866536571034,0.361799407782429,23
"SASP25",4576,0.749991054722628,0.702510552037743,23
"SASP25",4577,0.275817639877403,0.274229060405511,22
"SASP25",4578,0.328202379498111,0.299224359827733,23
"SASP25",4579,0.637294717576384,0.628651960993871,23
"SASP25",4580,0.557421124961392,0.511622756185935,23
"SASP25",4581,0.363686981391961,0.288086470237855,23
"SASP25",4582,0.73338718143677,0.752549321780323,23
"SASP25",4583,0.451255455960325,0.457942665053511,23
"SASP25",4584,0.191648754614337,0.209664150867108,21
"SASP25",4585,0.475924762787299,0.502833083616368,23
"SASP25",4586,0.319701504110102,0.288129478134826,23
"SASP25",4587,0.329896162471013,0.336876510026056,22
"SASP25",4588,0.524263928441178,0.487813064686708,23
"SASP25",4589,0.478787068167392,0.453641069221979,23
"SASP25",4590,0.560664758899872,0.55360413541696,23
"SASP25",4591,0.516856194326497,0.504508521300961,23
"SASP25",4592,0.176127806613381,0.183247933097345,20
"SASP25",4593,0.332887329094907,0.338057835763693,23
"SASP25",4594,0.700161728668514,0.699396918125,23
"SASP25",4595,0.625332378201249,0.629160164870169,23
"SASP25",4596,0.228098263284478,0.21949399381778,22
"SASP25",4597,0.225612309773931,0.244669783101125,22
"SASP25",4598,0.375460674282984,0.337663255180886,23
"SASP25",4599,0.562514355316325,0.550433583162925,23
"SASP25",4600,0.774760923325065,0.76630197220308,23
"SASP25",4601,0.392276392916404,0.437663342425714,23
"SASP25",4602,0.729778576291786,0.745935191873864,23
"SASP25",4603,0.240446503002303,0.229172086763841,22
"SASP25",4604,0.0755403083964814,0.0563216227083147,15
"SASP25",4605,0.308246710288741,0.266714058804932,23
"SASP25",4606,0.325240004339368,0.355046750119355,22
"SASP25",4607,0.482907780177443,0.508333560882692,23
"SASP25",4608,0.354260105583828,0.347765718921399,23
"SASP25",4609,0.469461169969927,0.492143490396018,23
"SASP25",4610,0.52420418190734,0.529703692900072,23
"SASP25",4611,0.4278262796437,0.406605973869623,23
"SASP25",4612,0.328736787778356,0.357000158995037,22
"SASP25",4613,0.614472304278931,0.663436586548382,23
"SASP25",4614,0.414446084236211,0.428453589012299,23
"SASP25",4615,0.530393800197367,0.523957398403984,23
"SASP25",4616,0.446639635255093,0.446580455136323,22
"SASP25",4617,0.484451724922404,0.458848265832013,23
"SASP25",4618,0.258397732018069,0.259736228081593,23
"SASP25",4619,0.513573075799244,0.540058312183819,22
"SASP25",4620,0.369378672411598,0.387204289608941,22
"SASP25",4621,0.23491723350641,0.209572292449435,21
"SASP25",4622,0.249590597184357,0.226775731577298,23
"SASP25",4623,0.0864700335751569,0.0793925298844024,18
"SASP25",4624,0.275791912880014,0.304562420791326,23
"SASP25",4625,0.473814713393373,0.450945086050787,23
"SASP25",4626,0.504488359101269,0.526573518248886,23
"SASP25",4627,0.426228103350092,0.451469944661804,23
"SASP25",4628,0.322545116178246,0.303542235614674,23
"SASP25",4629,0.370964506574478,0.371733455290533,22
"SASP25",4630,0.170810149258724,0.139101185886139,18
"SASP25",4631,0.688142765421927,0.738472395394387,23
"SASP25",4632,0.349057454521259,0.374392972381477,23
"SASP25",4633,0.507159322500146,0.528791732289211,22
"SASP25",4634,0.354631310042771,0.310150219869857,23
"SASP25",4635,0.520832293761933,0.515663307787223,23
"SASP25",4636,0.529551285526857,0.535147715706811,23
"SASP25",4637,0.327065455548119,0.338674689149804,22
"SASP25",4638,0.301355056479102,0.313189773324237,21
"SASP25",4639,0.318445732236432,0.325447350388129,23
"SASP25",4640,1.03989649175477,1.01094911588628,23
"SASP25",4641,0.310855339947597,0.299968974721698,23
"SASP25",4642,0.615594285518791,0.63892019045118,23
"SASP25",4643,0.0452384219125293,0.0486728933704792,17
"SASP25",4644,0.555630434459939,0.469777618256547,23
"SASP25",4645,0.556418886998853,0.581882218709801,23
"SASP25",4646,0.177500285436928,0.196415851464057,20
"SASP25",4647,0.305553965256731,0.308650816973191,22
"SASP25",4648,0.288757765120415,0.283853322241745,21
"SASP25",4649,0.547788623615747,0.541546787924101,23
"SASP25",4650,0.515526144211548,0.525492916914403,23
"SASP25",4651,0.134911160658681,0.103011853566907,20
"SASP25",4652,0.529134780437585,0.540797192775158,23
"SASP25",4653,0.204981686680145,0.190416025361036,21
"SASP25",4654,0.345029299741016,0.300224392189303,22
"SASP25",4655,0.104925781887617,0.0623703735618342,19
"SASP25",4656,0.366053275598901,0.345088834799163,23
"SASP25",4657,0.278748827451599,0.277494886045551,23
"SASP25",4658,0.535670832706917,0.511832084914409,23
"SASP25",4659,0.468441573813675,0.492441742529191,23
"SASP25",4660,0.0918740984409687,0.0740449659407122,18
"SASP25",4661,0.200873826127434,0.17055347715011,22
"SASP25",4662,0.771345252010047,0.73585972351485,23
"SASP25",4663,0.190713041066824,0.194233838690271,23
"SASP25",4664,0.316620768065407,0.322389146705956,23
"SASP25",4665,0.358159087524757,0.360422376227926,22
"SASP25",4666,0.397246128159844,0.396850754918932,23
"SASP25",4667,0.53793610197493,0.47764819319344,23
"SASP25",4668,0.302482498936998,0.348401019429685,21
"SASP25",4669,0.612971771631816,0.585830743274801,23
"SASP25",4670,0.438015785940579,0.425541818210219,23
"SASP25",4671,0.307988120518934,0.289699648438093,23
"SASP25",4672,0.439068094319288,0.433205901148119,23
"SASP25",4673,0.437523336700216,0.424134903640985,23
"SASP25",4674,0.524498237188375,0.5611219484706,23
"SASP25",4675,0.456898511623596,0.454249257517597,23
"SASP25",4676,0.30639878377704,0.310347695906703,22
"SASP25",4677,0.620135108664204,0.657847624835991,23
"SASP25",4678,0.609277394012635,0.617494142752898,23
"SASP25",4679,0.138372020482735,0.155018690076185,22
"SASP25",4680,0.699122303844872,0.713853476777545,23
"SASP25",4681,0.494631760497496,0.511959850345824,23
"SASP25",4682,0.147806634779886,0.137564977803894,18
"SASP25",4683,0.180191312457387,0.19609221459957,22
"SASP25",4684,0.504765404270541,0.471508421698829,23
"SASP25",4685,0.140936798561546,0.141137502946336,20
"SASP25",4686,0.361823491368637,0.335716451324812,23
"SASP25",4687,0.21710181375107,0.22284248077376,22
"SASP25",4688,0.338057748569969,0.357610349532662,22
"SASP25",4689,0.309766725017755,0.289000064926536,23
"SASP25",4690,0.788117954393773,0.763301883882532,23
"SASP25",4691,0.360563040331762,0.345240449907875,23
"SASP25",4692,0.753171761837458,0.759007292025175,23
"SASP25",4693,0.378066952894757,0.396960733779719,23
"SASP25",4694,0.816503787196753,0.849084297557549,23
"SASP25",4695,0.336052903164201,0.344075566939152,23
"SASP25",4696,0.684598555458211,0.687435905508362,23
"SASP25",4697,0.290014701486259,0.297240016659233,22
"SASP25",4698,0.429213716057918,0.43626298873942,23
"SASP25",4699,0.321292980801162,0.361495271598931,23
"SASP25",4700,0.442739727527127,0.482079458055103,23
"SASP25",4701,0.444785869912611,0.467645148641725,23
"SASP25",4702,0.509477914616373,0.569043761267941,23
"SASP25",4703,0.4868370851346,0.4649213485606,23
"SASP25",4704,0.462347780593409,0.441648275052847,23
"SASP25",4705,0.0990247571947411,0.0982346819532579,20
"SASP25",4706,0.174400247393308,0.169013538546111,19
"SASP25",4707,0.432239129358375,0.439647695392085,23
"SASP25",4708,0.703666746018411,0.723918940668257,23
"SASP25",4709,0.101503460224713,0.117815761083917,18
"SASP25",4710,0.181607279282676,0.151403207131773,23
"SASP25",4711,0.293714285827449,0.285942037211271,22
"SASP25",4712,0.483480577159567,0.491773473067324,23
"SASP25",4713,0.63544645629021,0.654521380964351,23
"SASP25",4714,0.495615338455493,0.52323182371845,23
"SASP25",4715,0.761765363341126,0.746202103746066,23
"SASP25",4716,0.110620563270111,0.0684238676693224,19
"SASP25",4717,0.557039396524301,0.591186474333327,23
"SASP25",4718,0.286649899819165,0.278548301817761,23
"SASP25",4719,0.532238545485524,0.561408092980586,23
"SASP25",4720,0.469351181050312,0.463144467210023,23
"SASP25",4721,0.154047896533978,0.136362373938001,20
"SASP25",4722,0.434986114473167,0.392653601528271,23
"SASP25",4723,0.597525319169425,0.589676819627299,23
"SASP25",4724,0.580875955613698,0.594789546682177,23
"SASP25",4725,0.108433036464473,0.113158062016916,19
"SASP25",4726,0.202172396320245,0.212802464324182,22
"SASP25",4727,0.249597104885491,0.284570348919663,22
"SASP25",4728,0.260030581054824,0.230844507952959,22
"SASP25",4729,0.43742276191309,0.427329568169913,23
"SASP25",4730,0.561452954737939,0.517273809793636,23
"SASP25",4731,0.281235019807514,0.294138558573846,22
"SASP25",4732,0.34775512361935,0.370105938234811,21
"SASP25",4733,0.665815577334482,0.642941708420114,23
"SASP25",4734,0.415482234852657,0.419424214222185,23
"SASP25",4735,0.227419021415633,0.218265775793664,23
"SASP25",4736,0.328483010139572,0.288493634460985,21
"SASP25",4737,0.286589217061315,0.267394860680687,23
"SASP25",4738,0.363787963802707,0.372330429607161,23
"SASP25",4739,0.507857061923634,0.543879563699086,23
"SASP25",4740,0.0938834490806445,0.060398234638843,18
"SASP25",4741,0.39667330412503,0.403349267534335,23
"SASP25",4742,0.46697070006014,0.463663789747817,22
"SASP25",4743,0.357090978874703,0.339757075000481,23
"SASP25",4744,0.53483222035034,0.570590683735127,23
"SASP25",4745,0.597131681259067,0.684445141464216,23
"SASP25",4746,0.520019943445452,0.465905844497759,23
"SASP25",4747,0.284929378111291,0.252816840698312,22
"SASP25",4748,0.349341930314461,0.363890773117554,23
"SASP25",4749,0.331019491162204,0.338380309868737,23
"SASP25",4750,0.328092781299342,0.311505132619957,23
"SASP25",4751,0.23269667352676,0.26523445343388,21
"SASP25",4752,0.729171786611563,0.771662049706801,23
"SASP25",4753,0.346323390925116,0.378672570670314,22
"SASP25",4754,0.486957436948348,0.444883321700275,23
"SASP25",4755,0.303304629369525,0.319489204265917,22
"SASP25",4756,0.281861888954883,0.311487575388291,22
"SASP25",4757,0.335028811071248,0.320386657134343,22
"SASP25",4758,0.199305995007358,0.189309703072913,20
"SASP25",4759,0.519489483232266,0.4890016999557,23
"SASP25",4760,0.331225280420532,0.306285969492893,23
"SASP25",4761,0.719453929438794,0.669134673103939,23
"SASP25",4762,0.745209726939254,0.724618314137849,23
"SASP25",4763,0.636115946881293,0.585227835282084,23
"SASP25",4764,0.299886072653625,0.29298829111028,22
"SASP25",4765,0.213034486501102,0.203361638350531,22
"SASP25",4766,0.410729743710761,0.418162658111046,23
"SASP25",4767,0.50219247308577,0.414044269154548,23
"SASP25",4768,0.233766240933717,0.256873679190933,21
"SASP25",4769,0.467423182493494,0.476205769958734,23
"SASP25",4770,0.511498144943711,0.530032149076007,23
"SASP25",4771,0.419270677541209,0.425750461511441,22
"SASP25",4772,0.311664026925776,0.291831428014354,23
"SASP25",4773,0.258288074835769,0.275725230793091,22
"SASP25",4774,0.605464730468541,0.600580993493662,23
"SASP25",4775,0.259790060571493,0.256793344693525,23
"SASP25",4776,0.212987717739211,0.198302803429805,22
"SASP25",4777,0.562477305853245,0.567566439129475,23
"SASP25",4778,0.880361469439144,0.889254162861917,23
"SASP25",4779,0.627935212708954,0.633000059224685,23
"SASP25",4780,0.330684691514437,0.345169807852916,23
"SASP25",4781,0.435806048025949,0.453228341377708,23
"SASP25",4782,1.01233837537784,0.956758573948134,23
"SASP25",4783,0.346497385313488,0.361472967528366,23
"SASP25",4784,0.577232403400917,0.574498491073276,23
"SASP25",4785,0.363425919932913,0.313299546137021,23
"SASP25",4786,0.222557198873418,0.253898827743343,22
"SASP25",4787,0.421026711261905,0.408355973338742,23
"SASP25",4788,0.170789839058858,0.154852231060955,22
"SASP25",4789,0.258164044432427,0.175559552658642,22
"SASP25",4790,0.314503265202509,0.312257656225704,23
"SASP25",4791,0.418774065405696,0.385260168362991,23
"SASP25",4792,0.507072443450344,0.466876285019834,23
"SASP25",4793,0.410677904330469,0.374742328042035,23
"SASP25",4794,0.537163574804687,0.510510075203048,23
"SASP25",4795,0.358321293729704,0.347501948194378,23
"SASP25",4796,0.306708100908961,0.319592811318641,23
"SASP25",4797,0.82778303399306,0.82926588425652,23
"SASP25",4798,0.557526923202619,0.573005878034287,23
"SASP25",4799,0.628980982401461,0.651010383538076,23
"SASP25",4800,0.326229126104214,0.34722603579867,22
"SASP25",4801,0.807756509238817,0.790463915764937,23
"SASP25",4802,0.349310677374878,0.35852105883999,23
"SASP25",4803,0.518573543087616,0.518206599489316,23
"SASP25",4804,0.224806910077521,0.190694221941574,21
"SASP25",4805,0.566113012891654,0.576208609246543,23
"SASP25",4806,0.65119911696591,0.643682994510658,23
"SASP25",4807,0.351736452683711,0.335955467051368,23
"SASP25",4808,0.793640015785487,0.794769383856087,23
"SASP25",4809,0.314411351508424,0.314663046130103,22
"SASP25",4810,0.524319705922025,0.501999515379108,23
"SASP25",4811,0.158286265946688,0.122574847041457,21
"SASP25",4812,0.155620099159227,0.122014130284952,20
"SASP25",4813,0.455977616715771,0.454403600414326,23
"SASP25",4814,0.384685691954966,0.411898679739357,23
"SASP25",4815,0.725148321551008,0.747954016892081,23
"SASP25",4816,0.54297168704931,0.534421003021599,23
"SASP25",4817,0.308710473286254,0.288875966947962,23
"SASP25",4818,0.395624619788001,0.421008342881106,23
"SASP25",4819,0.389544091285946,0.353779319896366,23
"SASP25",4820,0.702568536796163,0.674359167440459,23
"SASP25",4821,0.314908891999222,0.314010188472572,23
"SASP25",4822,0.440021443204923,0.427249340392864,23
"SASP25",4823,0.389507303025541,0.361050066193032,23
"SASP25",4824,0.52947483749434,0.530534833556189,23
"SASP25",4825,0.406791438892227,0.392585835298886,23
"SASP25",4826,0.596331733526932,0.599694235428505,23
"SASP25",4827,0.314200855960192,0.335578761709251,23
"SASP25",4828,0.287495894719942,0.299515667598558,23
"SASP25",4829,0.486382574729834,0.503482693796995,23
"SASP25",4830,0.422401184963191,0.398875334065777,23
"SASP25",4831,0.52565332918018,0.528001148449612,23
"SASP25",4832,0.645512860534893,0.566952631625039,23
"SASP25",4833,0.411028498741854,0.444981930164358,23
"SASP25",4834,0.168096702094119,0.179068796163994,20
"SASP25",4835,0.134712058183116,0.142677782893258,17
"SASP25",4836,0.618283155146294,0.620562387070188,23
"SASP25",4837,0.45762706091029,0.428107666514668,23
"SASP25",4838,0.439036047169656,0.449885153582689,23
"SASP25",4839,0.256809137179779,0.273598033802457,22
"SASP25",4840,0.341729979329583,0.324558805487023,23
"SASP25",4841,0.318250081863908,0.302990668226783,23
"SASP25",4842,0.587761257297378,0.542206828819842,23
"SASP25",4843,0.225426375830794,0.194025788594943,22
"SASP25",4844,0.272336206527783,0.271027095250837,23
"SASP25",4845,0.577392121317768,0.557403092872678,23
"SASP25",4846,0.442507608061955,0.430356806178838,23
"SASP25",4847,0.44118642227855,0.406583761197862,23
"SASP25",4848,0.250974438871275,0.229313179905625,23
"SASP25",4849,0.353310297410588,0.351180659239011,23
"SASP25",4850,0.135736795354713,0.0953454256669537,21
"SASP25",4851,0.353568859872347,0.320072907628301,23
"SASP25",4852,0.141013286058361,0.171894846210127,20
"SASP25",4853,0.36039330455262,0.368128220842579,22
"SASP25",4854,0.433152405401643,0.405829771475389,23
"SASP25",4855,0.259807602533595,0.259209256790122,22
"SASP25",4856,0.646190358968667,0.62818223929283,23
"SASP25",4857,0.281911687246591,0.29023260530169,22
"SASP25",4858,0.462911024002747,0.450880552828678,23
"SASP25",4859,0.431546758804523,0.395244306071273,23
"SASP25",4860,0.420741321293156,0.38372497068613,23
"SASP25",4861,0.460674594561718,0.447452544734363,23
"SASP25",4862,0.588864716589087,0.577538666814819,23
"SASP25",4863,0.178962304193518,0.175110723406917,22
"SASP25",4864,0.491736117973194,0.498319768865444,23
"SASP25",4865,0.499427610029225,0.475296162244313,23
"SASP25",4866,0.617293499746677,0.648036754133014,23
"SASP25",4867,0.342186227800973,0.361487503711952,22
"SASP25",4868,0.387473702389333,0.371931019646918,23
"SASP25",4869,0.602119539223545,0.601473381112967,23
"SASP25",4870,0.841003368157525,0.841847427239021,23
"SASP25",4871,0.284975117181407,0.258805400878135,23
"SASP25",4872,0.442215451999993,0.427958669424219,23
"SASP25",4873,0.513224914796759,0.510821970113971,23
"SASP25",4874,0.253107203312657,0.253980201632462,23
"SASP25",4875,0.0991748341306246,0.0926456921699323,19
"SASP25",4876,0.52557292781606,0.488469784666138,23
"SASP25",4877,0.394800579599409,0.416408592209503,23
"SASP25",4878,0.422064927064954,0.409192239170509,23
"SASP25",4879,0.403689082567307,0.392050548115232,23
"SASP25",4880,0.262279007726237,0.271200981852578,23
"SASP25",4881,0.572181516895415,0.660440996442536,23
"SASP25",4882,0.268525461400852,0.22359370262347,22
"SASP25",4883,0.398710880555373,0.38721743356916,23
"SASP25",4884,0.25335971001758,0.236182755386181,22
"SASP25",4885,0.385731288161448,0.42204903455983,22
"SASP25",4886,0.541958058940341,0.519872499515123,23
"SASP25",4887,0.264514683216344,0.227857167983397,22
"SASP25",4888,0.281515564028433,0.286885177729324,23
"SASP25",4889,0.233634516466418,0.221981040263674,21
"SASP25",4890,0.491667776912407,0.51100318201612,23
"SASP25",4891,0.509952374717006,0.468963134645367,23
"SASP25",4892,0.36904380686193,0.381380547191264,22
"SASP25",4893,0.332437362578401,0.338112546017164,22
"SASP25",4894,0.203969556006421,0.1907747144807,20
"SASP25",4895,0.316511429323371,0.302403166673186,23
"SASP25",4896,0.370945990660173,0.375475507914899,22
"SASP25",4897,0.419637228654115,0.377569600866873,23
"SASP25",4898,0.295348989293823,0.318861768191323,21
"SASP25",4899,0.161779436792767,0.153260133611263,22
"SASP25",4900,0.409943010015338,0.424270343980258,23
"SASP25",4901,0.126866019804716,0.119200446413851,20
"SASP25",4902,0.770058128498403,0.769286914467163,23
"SASP25",4903,0.305766059688758,0.270422606594374,23
"SASP25",4904,0.735593781114571,0.714437034523417,23
"SASP25",4905,0.425482523543963,0.456176572769011,23
"SASP25",4906,0.303150779363758,0.339174616389046,23
"SASP25",4907,0.627340248056101,0.614981521518785,23
"SASP25",4908,0.331457802274297,0.361075075449065,23
"SASP25",4909,0.343933707369007,0.312943330132701,23
"SASP25",4910,0.568497686637096,0.564821329377396,23
"SASP25",4911,0.436467993544987,0.440932342346388,23
"SASP25",4912,0.40178602145072,0.436166414810031,22
"SASP25",4913,0.62607484137472,0.635953275393942,23
"SASP25",4914,0.535998438271395,0.5264307923055,23
"SASP25",4915,0.336943674100353,0.340502027683017,22
"SASP25",4916,0.420011071495211,0.435856037316762,23
"SASP25",4917,0.358415875451609,0.349377227408452,23
"SASP25",4918,0.25278127920945,0.265418828870922,22
"SASP25",4919,0.576016878855412,0.551711841471051,23
"SASP25",4920,0.460988426699595,0.449721444182058,23
"SASP25",4921,0.536806506579391,0.56156210218619,23
"SASP25",4922,0.181486461716705,0.163875385143647,22
"SASP25",4923,0.3977153671128,0.38620246605789,23
"SASP25",4924,0.635941148187623,0.621354816921456,23
"SASP25",4925,0.393626553133771,0.391785167049613,23
"SASP25",4926,0.301303665702964,0.301325077980653,22
"SASP25",4927,0.579506839062792,0.548566623803026,23
"SASP25",4928,0.57694818967543,0.557803910237882,23
"SASP25",4929,0.296963104375348,0.305343177856602,22
"SASP25",4930,0.642890360160606,0.642173714628877,23
"SASP25",4931,0.597839940034622,0.620119370398935,23
"SASP25",4932,0.254355085230819,0.193247781802573,19
"SASP25",4933,0.317363960888651,0.261693879047713,22
"SASP25",4934,0.333302751776331,0.331715057834488,23
"SASP25",4935,0.638607320597171,0.645188390903692,23
"SASP25",4936,0.653817231068283,0.652258588481645,23
"SASP25",4937,0.312799360751803,0.29589020712353,23
"SASP25",4938,0.226273354627552,0.281718361149009,20
"SASP25",4939,0.630186879631888,0.66573736944996,23
"SASP25",4940,0.536476959729599,0.558806289561986,23
"SASP25",4941,0.155568872437445,0.13250851516647,20
"SASP25",4942,0.42265702233259,0.38559540618663,23
"SASP25",4943,0.526421570489965,0.528556249714025,23
"SASP25",4944,0.187216092866353,0.170994400812576,22
"SASP25",4945,0.562297037266915,0.581472205155852,23
"SASP25",4946,0.586878363209264,0.614478838216269,23
"SASP25",4947,0.542679405399517,0.548479701834605,23
"SASP25",4948,0.583075833005024,0.560361604586048,23
"SASP25",4949,0.474321411120089,0.486723130069395,22
"SASP25",4950,0.555174471502239,0.546353270439971,23
"SASP25",4951,0.682763875419517,0.716751194065489,23
"SASP25",4952,0.235482747665008,0.191004509124273,22
"SASP25",4953,0.532812231401663,0.503104913656152,23
"SASP25",4954,0.374653499002802,0.365835548473893,23
"SASP25",4955,0.235170060399347,0.232029583433787,21
"SASP25",4956,0.365270522669132,0.354312436180912,23
"SASP25",4957,0.292270821253705,0.270937900142254,22
"SASP25",4958,0.332192028233296,0.318016855389765,23
"SASP25",4959,0.467169932354351,0.470628964465049,22
"SASP25",4960,0.343157378514222,0.345818628462805,21
"SASP25",4961,0.667298450779463,0.675588072863194,23
"SASP25",4962,0.469760159426533,0.461826760105986,23
"SASP25",4963,0.223450617879464,0.23170070992635,22
"SASP25",4964,0.437597107356185,0.469523600413866,23
"SASP25",4965,0.620524221830261,0.631322143728039,23
"SASP25",4966,0.442613417728612,0.455043826001342,23
"SASP25",4967,0.453489172072823,0.434480948003144,23
"SASP25",4968,0.409020330842843,0.400102516369825,23
"SASP25",4969,0.541628183084404,0.535714761679748,23
"SASP25",4970,0.703316148851559,0.713883604055469,23
"SASP25",4971,0.523773484999054,0.557132786438816,23
"SASP25",4972,0.614416037698728,0.61513774856786,23
"SASP25",4973,0.39937898008954,0.362579107262642,23
"SASP25",4974,0.552048886811957,0.574774193360035,22
"SASP25",4975,0.391433015524162,0.394525592001076,23
"SASP25",4976,0.188234910842669,0.171973494520492,21
"SASP25",4977,0.483713605703788,0.486184051945678,23
"SASP25",4978,0.62420193024468,0.616724425674074,23
"SASP25",4979,0.276621007904496,0.301412722577215,23
"SASP25",4980,0.658209075181527,0.638686270042132,23
"SASP25",4981,0.313556746041528,0.293555858589807,22
"SASP25",4982,0.148877655006099,0.148130607824615,21
"SASP25",4983,0.587491737187588,0.57286656044662,23
"SASP25",4984,0.735351530426201,0.696274330450043,23
"SASP25",4985,0.555749932921801,0.504092059209114,23
"SASP25",4986,0.316179810367788,0.317578705178554,22
"SASP25",4987,0.382634221707459,0.345790010806027,23
"SASP25",4988,0.754421481122768,0.76353384624486,23
"SASP25",4989,0.413115243936349,0.40809830932971,23
"SASP25",4990,0.466293071992935,0.462791727714684,23
"SASP25",4991,0.758507272502177,0.739194373028644,23
"SASP25",4992,0.528925340147707,0.484097166922863,23
"SASP25",4993,0.334080720077187,0.331577212266292,22
"SASP25",4994,0.605562413790589,0.577001227119442,23
"SASP25",4995,0.421814809077642,0.407195937100602,22
"SASP25",4996,0.607145279375178,0.637366129074648,23
"SASP25",4997,0.461885177734392,0.445416450590005,23
"SASP25",4998,0.520141703218619,0.4946974279372,23
"SASP25",4999,0.142910464574669,0.173509747089877,20
"SASP25",5000,0.298109582473565,0.269620901566991,23
