patient,compartment,gene,count_sum,positive_cells,cell_count,total_umi
p007,Epithelial,ACTA2,12,12,1011,5953867.0
p007,Epithelial,ACVR1B,217,165,1011,5953867.0
p007,Epithelial,ANG,0,0,1011,5953867.0
p007,Epithelial,ANGPT1,1,1,1011,5953867.0
p007,Epithelial,ANGPTL4,9,9,1011,5953867.0
p007,Epithelial,AREG,2552,400,1011,5953867.0
p007,Epithelial,AXL,54,42,1011,5953867.0
p007,Epithelial,BMP2,92,70,1011,5953867.0
p007,Epithelial,BMP6,1,1,1011,5953867.0
p007,Epithelial,C3,5,5,1011,5953867.0
p007,Epithelial,CCL1,0,0,1011,5953867.0
p007,Epithelial,CCL13,0,0,1011,5953867.0
p007,Epithelial,CCL16,0,0,1011,5953867.0
p007,Epithelial,CCL2,1,1,1011,5953867.0
p007,Epithelial,CCL20,1430,218,1011,5953867.0
p007,Epithelial,CCL24,3,3,1011,5953867.0
p007,Epithelial,CCL26,4,4,1011,5953867.0
p007,Epithelial,CCL3,12,11,1011,5953867.0
p007,Epithelial,CCL4,19,12,1011,5953867.0
p007,Epithelial,CCL5,165,20,1011,5953867.0
p007,Epithelial,CCL7,0,0,1011,5953867.0
p007,Epithelial,CCL8,0,0,1011,5953867.0
p007,Epithelial,CD55,1011,409,1011,5953867.0
p007,Epithelial,CD9,6097,693,1011,5953867.0
p007,Epithelial,CDKN1A,810,337,1011,5953867.0
p007,Epithelial,CDKN2A,731,271,1011,5953867.0
p007,Epithelial,CDKN2B,335,210,1011,5953867.0
p007,Epithelial,COL1A1,55,50,1011,5953867.0
p007,Epithelial,COL1A2,4,3,1011,5953867.0
p007,Epithelial,COL3A1,4,4,1011,5953867.0
p007,Epithelial,CSF1,16,15,1011,5953867.0
p007,Epithelial,CSF2,2,2,1011,5953867.0
p007,Epithelial,CSF2RB,1,1,1011,5953867.0
p007,Epithelial,CST4,0,0,1011,5953867.0
p007,Epithelial,CTNNB1,100,91,1011,5953867.0
p007,Epithelial,CTSB,121,107,1011,5953867.0
p007,Epithelial,CXCL1,568,156,1011,5953867.0
p007,Epithelial,CXCL10,9,5,1011,5953867.0
p007,Epithelial,CXCL12,0,0,1011,5953867.0
p007,Epithelial,CXCL16,299,186,1011,5953867.0
p007,Epithelial,CXCL2,403,154,1011,5953867.0
p007,Epithelial,CXCL3,753,214,1011,5953867.0
p007,Epithelial,CXCL8,970,129,1011,5953867.0
p007,Epithelial,CXCR2,2,1,1011,5953867.0
p007,Epithelial,DKK1,3,3,1011,5953867.0
p007,Epithelial,EDN1,678,210,1011,5953867.0
p007,Epithelial,EGF,0,0,1011,5953867.0
p007,Epithelial,EGFR,374,258,1011,5953867.0
p007,Epithelial,EREG,373,125,1011,5953867.0
p007,Epithelial,ESM1,0,0,1011,5953867.0
p007,Epithelial,ETS2,2255,685,1011,5953867.0
p007,Epithelial,FAP,0,0,1011,5953867.0
p007,Epithelial,FAS,87,73,1011,5953867.0
p007,Epithelial,FGF1,1,1,1011,5953867.0
p007,Epithelial,FGF2,48,41,1011,5953867.0
p007,Epithelial,FGF7,1,1,1011,5953867.0
p007,Epithelial,FN1,12,10,1011,5953867.0
p007,Epithelial,GDF15,826,269,1011,5953867.0
p007,Epithelial,GEM,74,61,1011,5953867.0
p007,Epithelial,GMFG,41,21,1011,5953867.0
p007,Epithelial,HGF,0,0,1011,5953867.0
p007,Epithelial,HMGB1,6976,818,1011,5953867.0
p007,Epithelial,ICAM1,128,81,1011,5953867.0
p007,Epithelial,ICAM3,107,98,1011,5953867.0
p007,Epithelial,IGF1,0,0,1011,5953867.0
p007,Epithelial,IGFBP1,295,46,1011,5953867.0
p007,Epithelial,IGFBP2,1087,310,1011,5953867.0
p007,Epithelial,IGFBP3,6,6,1011,5953867.0
p007,Epithelial,IGFBP4,623,338,1011,5953867.0
p007,Epithelial,IGFBP5,22,12,1011,5953867.0
p007,Epithelial,IGFBP6,198,50,1011,5953867.0
p007,Epithelial,IGFBP7,37,17,1011,5953867.0
p007,Epithelial,IL10,0,0,1011,5953867.0
p007,Epithelial,IL13,4,4,1011,5953867.0
p007,Epithelial,IL15,63,52,1011,5953867.0
p007,Epithelial,IL18,290,188,1011,5953867.0
p007,Epithelial,IL1A,11,8,1011,5953867.0
p007,Epithelial,IL1B,172,74,1011,5953867.0
p007,Epithelial,IL2,0,0,1011,5953867.0
p007,Epithelial,IL32,103,59,1011,5953867.0
p007,Epithelial,IL6,0,0,1011,5953867.0
p007,Epithelial,IL6ST,389,284,1011,5953867.0
p007,Epithelial,IL7,8,8,1011,5953867.0
p007,Epithelial,INHA,0,0,1011,5953867.0
p007,Epithelial,INHBA,0,0,1011,5953867.0
p007,Epithelial,IQGAP2,469,278,1011,5953867.0
p007,Epithelial,ITGA2,1939,449,1011,5953867.0
p007,Epithelial,ITPKA,169,127,1011,5953867.0
p007,Epithelial,JUN,13812,898,1011,5953867.0
p007,Epithelial,KITLG,64,56,1011,5953867.0
p007,Epithelial,LCP1,23,16,1011,5953867.0
p007,Epithelial,LMNB1,127,80,1011,5953867.0
p007,Epithelial,MIF,327,221,1011,5953867.0
p007,Epithelial,MKI67,1129,156,1011,5953867.0
p007,Epithelial,MMP1,3,3,1011,5953867.0
p007,Epithelial,MMP10,0,0,1011,5953867.0
p007,Epithelial,MMP12,2,2,1011,5953867.0
p007,Epithelial,MMP13,0,0,1011,5953867.0
p007,Epithelial,MMP14,10,10,1011,5953867.0
p007,Epithelial,MMP2,1,1,1011,5953867.0
p007,Epithelial,MMP3,0,0,1011,5953867.0
p007,Epithelial,MMP9,1,1,1011,5953867.0
p007,Epithelial,NAP1L4,512,324,1011,5953867.0
p007,Epithelial,NRG1,0,0,1011,5953867.0
p007,Epithelial,PAPPA,3,3,1011,5953867.0
p007,Epithelial,PDPN,0,0,1011,5953867.0
p007,Epithelial,PECAM1,1,1,1011,5953867.0
p007,Epithelial,PGF,19,18,1011,5953867.0
p007,Epithelial,PIGF,205,145,1011,5953867.0
p007,Epithelial,PLAT,3,3,1011,5953867.0
p007,Epithelial,PLAU,13,12,1011,5953867.0
p007,Epithelial,PLAUR,222,154,1011,5953867.0
p007,Epithelial,POSTN,1,1,1011,5953867.0
p007,Epithelial,PTBP1,968,454,1011,5953867.0
p007,Epithelial,PTGER2,25,22,1011,5953867.0
p007,Epithelial,PTGES,5,5,1011,5953867.0
p007,Epithelial,RPS6KA5,283,185,1011,5953867.0
p007,Epithelial,SCAMP4,169,142,1011,5953867.0
p007,Epithelial,SELPLG,15,15,1011,5953867.0
p007,Epithelial,SEMA3F,92,75,1011,5953867.0
p007,Epithelial,SERPINB4,0,0,1011,5953867.0
p007,Epithelial,SERPINE1,8,8,1011,5953867.0
p007,Epithelial,SERPINE2,299,146,1011,5953867.0
p007,Epithelial,SPP1,11,11,1011,5953867.0
p007,Epithelial,SPX,0,0,1011,5953867.0
p007,Epithelial,TAGLN,98,77,1011,5953867.0
p007,Epithelial,TGFB1,47,39,1011,5953867.0
p007,Epithelial,THY1,0,0,1011,5953867.0
p007,Epithelial,TIMP2,476,213,1011,5953867.0
p007,Epithelial,TNF,30,13,1011,5953867.0
p007,Epithelial,TNFRSF10C,1,1,1011,5953867.0
p007,Epithelial,TNFRSF11B,324,166,1011,5953867.0
p007,Epithelial,TNFRSF1A,449,291,1011,5953867.0
p007,Epithelial,TNFRSF1B,144,112,1011,5953867.0
p007,Epithelial,TUBGCP2,399,285,1011,5953867.0
p007,Epithelial,VEGFA,1483,637,1011,5953867.0
p007,Epithelial,VEGFC,0,0,1011,5953867.0
p007,Epithelial,VGF,23,21,1011,5953867.0
p007,Epithelial,WNT16,2,2,1011,5953867.0
p007,Epithelial,WNT2,0,0,1011,5953867.0
p007,Epithelial,WNT5A,10,9,1011,5953867.0
p007,Fibroblast,ACTA2,301,22,35,206666.0
p007,Fibroblast,ACVR1B,2,2,35,206666.0
p007,Fibroblast,ANG,0,0,35,206666.0
p007,Fibroblast,ANGPT1,22,10,35,206666.0
p007,Fibroblast,ANGPTL4,5,5,35,206666.0
p007,Fibroblast,AREG,0,0,35,206666.0
p007,Fibroblast,AXL,56,24,35,206666.0
p007,Fibroblast,BMP2,7,4,35,206666.0
p007,Fibroblast,BMP6,1,1,35,206666.0
p007,Fibroblast,C3,76,12,35,206666.0
p007,Fibroblast,CCL1,0,0,35,206666.0
p007,Fibroblast,CCL13,77,6,35,206666.0
p007,Fibroblast,CCL16,0,0,35,206666.0
p007,Fibroblast,CCL2,352,24,35,206666.0
p007,Fibroblast,CCL20,0,0,35,206666.0
p007,Fibroblast,CCL24,0,0,35,206666.0
p007,Fibroblast,CCL26,1,1,35,206666.0
p007,Fibroblast,CCL3,1,1,35,206666.0
p007,Fibroblast,CCL4,2,1,35,206666.0
p007,Fibroblast,CCL5,14,3,35,206666.0
p007,Fibroblast,CCL7,1,1,35,206666.0
p007,Fibroblast,CCL8,20,8,35,206666.0
p007,Fibroblast,CD55,18,9,35,206666.0
p007,Fibroblast,CD9,80,24,35,206666.0
p007,Fibroblast,CDKN1A,92,21,35,206666.0
p007,Fibroblast,CDKN2A,1,1,35,206666.0
p007,Fibroblast,CDKN2B,14,8,35,206666.0
p007,Fibroblast,COL1A1,1255,31,35,206666.0
p007,Fibroblast,COL1A2,1045,30,35,206666.0
p007,Fibroblast,COL3A1,1031,28,35,206666.0
p007,Fibroblast,CSF1,25,12,35,206666.0
p007,Fibroblast,CSF2,0,0,35,206666.0
p007,Fibroblast,CSF2RB,0,0,35,206666.0
p007,Fibroblast,CST4,0,0,35,206666.0
p007,Fibroblast,CTNNB1,3,3,35,206666.0
p007,Fibroblast,CTSB,4,3,35,206666.0
p007,Fibroblast,CXCL1,160,11,35,206666.0
p007,Fibroblast,CXCL10,2,2,35,206666.0
p007,Fibroblast,CXCL12,9,5,35,206666.0
p007,Fibroblast,CXCL16,4,4,35,206666.0
p007,Fibroblast,CXCL2,40,10,35,206666.0
p007,Fibroblast,CXCL3,27,6,35,206666.0
p007,Fibroblast,CXCL8,28,5,35,206666.0
p007,Fibroblast,CXCR2,0,0,35,206666.0
p007,Fibroblast,DKK1,0,0,35,206666.0
p007,Fibroblast,EDN1,0,0,35,206666.0
p007,Fibroblast,EGF,0,0,35,206666.0
p007,Fibroblast,EGFR,9,7,35,206666.0
p007,Fibroblast,EREG,0,0,35,206666.0
p007,Fibroblast,ESM1,0,0,35,206666.0
p007,Fibroblast,ETS2,56,20,35,206666.0
p007,Fibroblast,FAP,24,6,35,206666.0
p007,Fibroblast,FAS,5,4,35,206666.0
p007,Fibroblast,FGF1,0,0,35,206666.0
p007,Fibroblast,FGF2,15,10,35,206666.0
p007,Fibroblast,FGF7,49,17,35,206666.0
p007,Fibroblast,FN1,253,23,35,206666.0
p007,Fibroblast,GDF15,18,6,35,206666.0
p007,Fibroblast,GEM,74,24,35,206666.0
p007,Fibroblast,GMFG,7,5,35,206666.0
p007,Fibroblast,HGF,11,9,35,206666.0
p007,Fibroblast,HMGB1,154,35,35,206666.0
p007,Fibroblast,ICAM1,37,17,35,206666.0
p007,Fibroblast,ICAM3,2,2,35,206666.0
p007,Fibroblast,IGF1,33,9,35,206666.0
p007,Fibroblast,IGFBP1,0,0,35,206666.0
p007,Fibroblast,IGFBP2,28,10,35,206666.0
p007,Fibroblast,IGFBP3,81,6,35,206666.0
p007,Fibroblast,IGFBP4,326,27,35,206666.0
p007,Fibroblast,IGFBP5,857,31,35,206666.0
p007,Fibroblast,IGFBP6,146,19,35,206666.0
p007,Fibroblast,IGFBP7,1354,35,35,206666.0
p007,Fibroblast,IL10,0,0,35,206666.0
p007,Fibroblast,IL13,0,0,35,206666.0
p007,Fibroblast,IL15,2,2,35,206666.0
p007,Fibroblast,IL18,5,2,35,206666.0
p007,Fibroblast,IL1A,0,0,35,206666.0
p007,Fibroblast,IL1B,1,1,35,206666.0
p007,Fibroblast,IL2,0,0,35,206666.0
p007,Fibroblast,IL32,5,4,35,206666.0
p007,Fibroblast,IL6,40,7,35,206666.0
p007,Fibroblast,IL6ST,59,20,35,206666.0
p007,Fibroblast,IL7,0,0,35,206666.0
p007,Fibroblast,INHA,0,0,35,206666.0
p007,Fibroblast,INHBA,1,1,35,206666.0
p007,Fibroblast,IQGAP2,6,4,35,206666.0
p007,Fibroblast,ITGA2,2,2,35,206666.0
p007,Fibroblast,ITPKA,3,3,35,206666.0
p007,Fibroblast,JUN,694,29,35,206666.0
p007,Fibroblast,KITLG,2,2,35,206666.0
p007,Fibroblast,LCP1,1,1,35,206666.0
p007,Fibroblast,LMNB1,1,1,35,206666.0
p007,Fibroblast,MIF,18,14,35,206666.0
p007,Fibroblast,MKI67,1,1,35,206666.0
p007,Fibroblast,MMP1,5,1,35,206666.0
p007,Fibroblast,MMP10,0,0,35,206666.0
p007,Fibroblast,MMP12,0,0,35,206666.0
p007,Fibroblast,MMP13,0,0,35,206666.0
p007,Fibroblast,MMP14,2,2,35,206666.0
p007,Fibroblast,MMP2,174,21,35,206666.0
p007,Fibroblast,MMP3,6,2,35,206666.0
p007,Fibroblast,MMP9,0,0,35,206666.0
p007,Fibroblast,NAP1L4,19,15,35,206666.0
p007,Fibroblast,NRG1,2,2,35,206666.0
p007,Fibroblast,PAPPA,28,7,35,206666.0
p007,Fibroblast,PDPN,53,13,35,206666.0
p007,Fibroblast,PECAM1,0,0,35,206666.0
p007,Fibroblast,PGF,17,13,35,206666.0
p007,Fibroblast,PIGF,2,2,35,206666.0
p007,Fibroblast,PLAT,96,15,35,206666.0
p007,Fibroblast,PLAU,88,14,35,206666.0
p007,Fibroblast,PLAUR,1,1,35,206666.0
p007,Fibroblast,POSTN,259,10,35,206666.0
p007,Fibroblast,PTBP1,16,12,35,206666.0
p007,Fibroblast,PTGER2,6,4,35,206666.0
p007,Fibroblast,PTGES,3,3,35,206666.0
p007,Fibroblast,RPS6KA5,7,3,35,206666.0
p007,Fibroblast,SCAMP4,7,6,35,206666.0
p007,Fibroblast,SELPLG,1,1,35,206666.0
p007,Fibroblast,SEMA3F,2,2,35,206666.0
p007,Fibroblast,SERPINB4,0,0,35,206666.0
p007,Fibroblast,SERPINE1,33,11,35,206666.0
p007,Fibroblast,SERPINE2,152,7,35,206666.0
p007,Fibroblast,SPP1,0,0,35,206666.0
p007,Fibroblast,SPX,0,0,35,206666.0
p007,Fibroblast,TAGLN,743,31,35,206666.0
p007,Fibroblast,TGFB1,19,11,35,206666.0
p007,Fibroblast,THY1,125,14,35,206666.0
p007,Fibroblast,TIMP2,123,28,35,206666.0
p007,Fibroblast,TNF,0,0,35,206666.0
p007,Fibroblast,TNFRSF10C,0,0,35,206666.0
p007,Fibroblast,TNFRSF11B,13,3,35,206666.0
p007,Fibroblast,TNFRSF1A,40,19,35,206666.0
p007,Fibroblast,TNFRSF1B,2,2,35,206666.0
p007,Fibroblast,TUBGCP2,6,6,35,206666.0
p007,Fibroblast,VEGFA,50,23,35,206666.0
p007,Fibroblast,VEGFC,0,0,35,206666.0
p007,Fibroblast,VGF,1,1,35,206666.0
p007,Fibroblast,WNT16,0,0,35,206666.0
p007,Fibroblast,WNT2,2,1,35,206666.0
p007,Fibroblast,WNT5A,26,7,35,206666.0
p008,Epithelial,ACTA2,31,29,570,4705338.0
p008,Epithelial,ACVR1B,198,149,570,4705338.0
p008,Epithelial,ANG,0,0,570,4705338.0
p008,Epithelial,ANGPT1,1,1,570,4705338.0
p008,Epithelial,ANGPTL4,13,11,570,4705338.0
p008,Epithelial,AREG,324,103,570,4705338.0
p008,Epithelial,AXL,7,7,570,4705338.0
p008,Epithelial,BMP2,231,128,570,4705338.0
p008,Epithelial,BMP6,1,1,570,4705338.0
p008,Epithelial,C3,1314,198,570,4705338.0
p008,Epithelial,CCL1,0,0,570,4705338.0
p008,Epithelial,CCL13,0,0,570,4705338.0
p008,Epithelial,CCL16,0,0,570,4705338.0
p008,Epithelial,CCL2,34,9,570,4705338.0
p008,Epithelial,CCL20,1386,200,570,4705338.0
p008,Epithelial,CCL24,9,9,570,4705338.0
p008,Epithelial,CCL26,356,83,570,4705338.0
p008,Epithelial,CCL3,41,27,570,4705338.0
p008,Epithelial,CCL4,63,39,570,4705338.0
p008,Epithelial,CCL5,34,18,570,4705338.0
p008,Epithelial,CCL7,0,0,570,4705338.0
p008,Epithelial,CCL8,0,0,570,4705338.0
p008,Epithelial,CD55,1614,338,570,4705338.0
p008,Epithelial,CD9,3681,472,570,4705338.0
p008,Epithelial,CDKN1A,758,266,570,4705338.0
p008,Epithelial,CDKN2A,517,119,570,4705338.0
p008,Epithelial,CDKN2B,370,143,570,4705338.0
p008,Epithelial,COL1A1,141,108,570,4705338.0
p008,Epithelial,COL1A2,68,54,570,4705338.0
p008,Epithelial,COL3A1,86,74,570,4705338.0
p008,Epithelial,CSF1,75,48,570,4705338.0
p008,Epithelial,CSF2,13,7,570,4705338.0
p008,Epithelial,CSF2RB,6,6,570,4705338.0
p008,Epithelial,CST4,0,0,570,4705338.0
p008,Epithelial,CTNNB1,57,54,570,4705338.0
p008,Epithelial,CTSB,34,30,570,4705338.0
p008,Epithelial,CXCL1,1434,169,570,4705338.0
p008,Epithelial,CXCL10,0,0,570,4705338.0
p008,Epithelial,CXCL12,0,0,570,4705338.0
p008,Epithelial,CXCL16,829,310,570,4705338.0
p008,Epithelial,CXCL2,400,110,570,4705338.0
p008,Epithelial,CXCL3,757,167,570,4705338.0
p008,Epithelial,CXCL8,1334,175,570,4705338.0
p008,Epithelial,CXCR2,1,1,570,4705338.0
p008,Epithelial,DKK1,8,7,570,4705338.0
p008,Epithelial,EDN1,213,99,570,4705338.0
p008,Epithelial,EGF,2,1,570,4705338.0
p008,Epithelial,EGFR,261,147,570,4705338.0
p008,Epithelial,EREG,11,8,570,4705338.0
p008,Epithelial,ESM1,0,0,570,4705338.0
p008,Epithelial,ETS2,609,274,570,4705338.0
p008,Epithelial,FAP,17,17,570,4705338.0
p008,Epithelial,FAS,18,14,570,4705338.0
p008,Epithelial,FGF1,7,4,570,4705338.0
p008,Epithelial,FGF2,28,22,570,4705338.0
p008,Epithelial,FGF7,3,3,570,4705338.0
p008,Epithelial,FN1,37,33,570,4705338.0
p008,Epithelial,GDF15,1368,309,570,4705338.0
p008,Epithelial,GEM,133,85,570,4705338.0
p008,Epithelial,GMFG,35,25,570,4705338.0
p008,Epithelial,HGF,2,2,570,4705338.0
p008,Epithelial,HMGB1,4544,528,570,4705338.0
p008,Epithelial,ICAM1,210,102,570,4705338.0
p008,Epithelial,ICAM3,114,100,570,4705338.0
p008,Epithelial,IGF1,5,4,570,4705338.0
p008,Epithelial,IGFBP1,1,1,570,4705338.0
p008,Epithelial,IGFBP2,2112,337,570,4705338.0
p008,Epithelial,IGFBP3,576,122,570,4705338.0
p008,Epithelial,IGFBP4,455,202,570,4705338.0
p008,Epithelial,IGFBP5,25,22,570,4705338.0
p008,Epithelial,IGFBP6,191,47,570,4705338.0
p008,Epithelial,IGFBP7,120,97,570,4705338.0
p008,Epithelial,IL10,1,1,570,4705338.0
p008,Epithelial,IL13,0,0,570,4705338.0
p008,Epithelial,IL15,11,11,570,4705338.0
p008,Epithelial,IL18,228,137,570,4705338.0
p008,Epithelial,IL1A,44,25,570,4705338.0
p008,Epithelial,IL1B,147,66,570,4705338.0
p008,Epithelial,IL2,0,0,570,4705338.0
p008,Epithelial,IL32,67,54,570,4705338.0
p008,Epithelial,IL6,5,5,570,4705338.0
p008,Epithelial,IL6ST,170,140,570,4705338.0
p008,Epithelial,IL7,17,16,570,4705338.0
p008,Epithelial,INHA,0,0,570,4705338.0
p008,Epithelial,INHBA,0,0,570,4705338.0
p008,Epithelial,IQGAP2,120,90,570,4705338.0
p008,Epithelial,ITGA2,783,258,570,4705338.0
p008,Epithelial,ITPKA,18,16,570,4705338.0
p008,Epithelial,JUN,15102,536,570,4705338.0
p008,Epithelial,KITLG,93,71,570,4705338.0
p008,Epithelial,LCP1,36,24,570,4705338.0
p008,Epithelial,LMNB1,87,70,570,4705338.0
p008,Epithelial,MIF,385,229,570,4705338.0
p008,Epithelial,MKI67,453,76,570,4705338.0
p008,Epithelial,MMP1,591,29,570,4705338.0
p008,Epithelial,MMP10,129,5,570,4705338.0
p008,Epithelial,MMP12,10,10,570,4705338.0
p008,Epithelial,MMP13,1,1,570,4705338.0
p008,Epithelial,MMP14,10,10,570,4705338.0
p008,Epithelial,MMP2,16,16,570,4705338.0
p008,Epithelial,MMP3,1,1,570,4705338.0
p008,Epithelial,MMP9,154,20,570,4705338.0
p008,Epithelial,NAP1L4,347,236,570,4705338.0
p008,Epithelial,NRG1,0,0,570,4705338.0
p008,Epithelial,PAPPA,2,1,570,4705338.0
p008,Epithelial,PDPN,6,4,570,4705338.0
p008,Epithelial,PECAM1,12,10,570,4705338.0
p008,Epithelial,PGF,40,34,570,4705338.0
p008,Epithelial,PIGF,136,108,570,4705338.0
p008,Epithelial,PLAT,117,26,570,4705338.0
p008,Epithelial,PLAU,91,46,570,4705338.0
p008,Epithelial,PLAUR,160,107,570,4705338.0
p008,Epithelial,POSTN,12,12,570,4705338.0
p008,Epithelial,PTBP1,822,369,570,4705338.0
p008,Epithelial,PTGER2,10,8,570,4705338.0
p008,Epithelial,PTGES,340,180,570,4705338.0
p008,Epithelial,RPS6KA5,229,152,570,4705338.0
p008,Epithelial,SCAMP4,89,77,570,4705338.0
p008,Epithelial,SELPLG,37,31,570,4705338.0
p008,Epithelial,SEMA3F,60,53,570,4705338.0
p008,Epithelial,SERPINB4,1,1,570,4705338.0
p008,Epithelial,SERPINE1,10,9,570,4705338.0
p008,Epithelial,SERPINE2,108,80,570,4705338.0
p008,Epithelial,SPP1,171,109,570,4705338.0
p008,Epithelial,SPX,0,0,570,4705338.0
p008,Epithelial,TAGLN,268,98,570,4705338.0
p008,Epithelial,TGFB1,63,48,570,4705338.0
p008,Epithelial,THY1,9,9,570,4705338.0
p008,Epithelial,TIMP2,578,230,570,4705338.0
p008,Epithelial,TNF,224,81,570,4705338.0
p008,Epithelial,TNFRSF10C,2,2,570,4705338.0
p008,Epithelial,TNFRSF11B,456,170,570,4705338.0
p008,Epithelial,TNFRSF1A,250,175,570,4705338.0
p008,Epithelial,TNFRSF1B,45,42,570,4705338.0
p008,Epithelial,TUBGCP2,120,98,570,4705338.0
p008,Epithelial,VEGFA,1384,407,570,4705338.0
p008,Epithelial,VEGFC,2,2,570,4705338.0
p008,Epithelial,VGF,1,1,570,4705338.0
p008,Epithelial,WNT16,0,0,570,4705338.0
p008,Epithelial,WNT2,0,0,570,4705338.0
p008,Epithelial,WNT5A,56,42,570,4705338.0
p008,Fibroblast,ACTA2,6822,209,238,2419366.0
p008,Fibroblast,ACVR1B,51,45,238,2419366.0
p008,Fibroblast,ANG,0,0,238,2419366.0
p008,Fibroblast,ANGPT1,90,56,238,2419366.0
p008,Fibroblast,ANGPTL4,49,20,238,2419366.0
p008,Fibroblast,AREG,215,10,238,2419366.0
p008,Fibroblast,AXL,391,160,238,2419366.0
p008,Fibroblast,BMP2,39,29,238,2419366.0
p008,Fibroblast,BMP6,5,5,238,2419366.0
p008,Fibroblast,C3,1753,105,238,2419366.0
p008,Fibroblast,CCL1,0,0,238,2419366.0
p008,Fibroblast,CCL13,13,6,238,2419366.0
p008,Fibroblast,CCL16,0,0,238,2419366.0
p008,Fibroblast,CCL2,476,68,238,2419366.0
p008,Fibroblast,CCL20,28,13,238,2419366.0
p008,Fibroblast,CCL24,0,0,238,2419366.0
p008,Fibroblast,CCL26,160,33,238,2419366.0
p008,Fibroblast,CCL3,20,12,238,2419366.0
p008,Fibroblast,CCL4,27,10,238,2419366.0
p008,Fibroblast,CCL5,15,7,238,2419366.0
p008,Fibroblast,CCL7,0,0,238,2419366.0
p008,Fibroblast,CCL8,51,9,238,2419366.0
p008,Fibroblast,CD55,185,79,238,2419366.0
p008,Fibroblast,CD9,813,178,238,2419366.0
p008,Fibroblast,CDKN1A,581,141,238,2419366.0
p008,Fibroblast,CDKN2A,55,24,238,2419366.0
p008,Fibroblast,CDKN2B,88,48,238,2419366.0
p008,Fibroblast,COL1A1,25919,216,238,2419366.0
p008,Fibroblast,COL1A2,19877,212,238,2419366.0
p008,Fibroblast,COL3A1,22049,221,238,2419366.0
p008,Fibroblast,CSF1,96,65,238,2419366.0
p008,Fibroblast,CSF2,0,0,238,2419366.0
p008,Fibroblast,CSF2RB,0,0,238,2419366.0
p008,Fibroblast,CST4,0,0,238,2419366.0
p008,Fibroblast,CTNNB1,18,17,238,2419366.0
p008,Fibroblast,CTSB,61,47,238,2419366.0
p008,Fibroblast,CXCL1,270,37,238,2419366.0
p008,Fibroblast,CXCL10,19,2,238,2419366.0
p008,Fibroblast,CXCL12,91,51,238,2419366.0
p008,Fibroblast,CXCL16,84,55,238,2419366.0
p008,Fibroblast,CXCL2,1030,68,238,2419366.0
p008,Fibroblast,CXCL3,125,28,238,2419366.0
p008,Fibroblast,CXCL8,162,40,238,2419366.0
p008,Fibroblast,CXCR2,2,1,238,2419366.0
p008,Fibroblast,DKK1,0,0,238,2419366.0
p008,Fibroblast,EDN1,3,3,238,2419366.0
p008,Fibroblast,EGF,0,0,238,2419366.0
p008,Fibroblast,EGFR,136,80,238,2419366.0
p008,Fibroblast,EREG,5,5,238,2419366.0
p008,Fibroblast,ESM1,28,9,238,2419366.0
p008,Fibroblast,ETS2,212,105,238,2419366.0
p008,Fibroblast,FAP,598,149,238,2419366.0
p008,Fibroblast,FAS,125,80,238,2419366.0
p008,Fibroblast,FGF1,10,9,238,2419366.0
p008,Fibroblast,FGF2,97,68,238,2419366.0
p008,Fibroblast,FGF7,865,153,238,2419366.0
p008,Fibroblast,FN1,4477,208,238,2419366.0
p008,Fibroblast,GDF15,278,37,238,2419366.0
p008,Fibroblast,GEM,1681,199,238,2419366.0
p008,Fibroblast,GMFG,22,15,238,2419366.0
p008,Fibroblast,HGF,52,38,238,2419366.0
p008,Fibroblast,HMGB1,1574,226,238,2419366.0
p008,Fibroblast,ICAM1,237,91,238,2419366.0
p008,Fibroblast,ICAM3,36,27,238,2419366.0
p008,Fibroblast,IGF1,1121,79,238,2419366.0
p008,Fibroblast,IGFBP1,0,0,238,2419366.0
p008,Fibroblast,IGFBP2,132,38,238,2419366.0
p008,Fibroblast,IGFBP3,1029,85,238,2419366.0
p008,Fibroblast,IGFBP4,6324,234,238,2419366.0
p008,Fibroblast,IGFBP5,5895,186,238,2419366.0
p008,Fibroblast,IGFBP6,886,128,238,2419366.0
p008,Fibroblast,IGFBP7,24804,237,238,2419366.0
p008,Fibroblast,IL10,0,0,238,2419366.0
p008,Fibroblast,IL13,1,1,238,2419366.0
p008,Fibroblast,IL15,13,11,238,2419366.0
p008,Fibroblast,IL18,6,4,238,2419366.0
p008,Fibroblast,IL1A,1,1,238,2419366.0
p008,Fibroblast,IL1B,15,11,238,2419366.0
p008,Fibroblast,IL2,0,0,238,2419366.0
p008,Fibroblast,IL32,42,35,238,2419366.0
p008,Fibroblast,IL6,231,30,238,2419366.0
p008,Fibroblast,IL6ST,596,180,238,2419366.0
p008,Fibroblast,IL7,1,1,238,2419366.0
p008,Fibroblast,INHA,0,0,238,2419366.0
p008,Fibroblast,INHBA,16,13,238,2419366.0
p008,Fibroblast,IQGAP2,42,18,238,2419366.0
p008,Fibroblast,ITGA2,35,26,238,2419366.0
p008,Fibroblast,ITPKA,2,2,238,2419366.0
p008,Fibroblast,JUN,7539,209,238,2419366.0
p008,Fibroblast,KITLG,113,73,238,2419366.0
p008,Fibroblast,LCP1,3,3,238,2419366.0
p008,Fibroblast,LMNB1,8,5,238,2419366.0
p008,Fibroblast,MIF,242,129,238,2419366.0
p008,Fibroblast,MKI67,36,5,238,2419366.0
p008,Fibroblast,MMP1,46,14,238,2419366.0
p008,Fibroblast,MMP10,2,1,238,2419366.0
p008,Fibroblast,MMP12,3,3,238,2419366.0
p008,Fibroblast,MMP13,1,1,238,2419366.0
p008,Fibroblast,MMP14,22,19,238,2419366.0
p008,Fibroblast,MMP2,2239,132,238,2419366.0
p008,Fibroblast,MMP3,108,20,238,2419366.0
p008,Fibroblast,MMP9,6,6,238,2419366.0
p008,Fibroblast,NAP1L4,166,108,238,2419366.0
p008,Fibroblast,NRG1,36,7,238,2419366.0
p008,Fibroblast,PAPPA,265,58,238,2419366.0
p008,Fibroblast,PDPN,523,105,238,2419366.0
p008,Fibroblast,PECAM1,9,9,238,2419366.0
p008,Fibroblast,PGF,104,36,238,2419366.0
p008,Fibroblast,PIGF,56,47,238,2419366.0
p008,Fibroblast,PLAT,722,136,238,2419366.0
p008,Fibroblast,PLAU,273,89,238,2419366.0
p008,Fibroblast,PLAUR,45,36,238,2419366.0
p008,Fibroblast,POSTN,4580,140,238,2419366.0
p008,Fibroblast,PTBP1,264,140,238,2419366.0
p008,Fibroblast,PTGER2,73,42,238,2419366.0
p008,Fibroblast,PTGES,39,28,238,2419366.0
p008,Fibroblast,RPS6KA5,59,41,238,2419366.0
p008,Fibroblast,SCAMP4,68,50,238,2419366.0
p008,Fibroblast,SELPLG,1,1,238,2419366.0
p008,Fibroblast,SEMA3F,2,2,238,2419366.0
p008,Fibroblast,SERPINB4,0,0,238,2419366.0
p008,Fibroblast,SERPINE1,538,58,238,2419366.0
p008,Fibroblast,SERPINE2,1295,115,238,2419366.0
p008,Fibroblast,SPP1,48,38,238,2419366.0
p008,Fibroblast,SPX,0,0,238,2419366.0
p008,Fibroblast,TAGLN,16098,225,238,2419366.0
p008,Fibroblast,TGFB1,219,110,238,2419366.0
p008,Fibroblast,THY1,3198,169,238,2419366.0
p008,Fibroblast,TIMP2,2364,232,238,2419366.0
p008,Fibroblast,TNF,7,5,238,2419366.0
p008,Fibroblast,TNFRSF10C,1,1,238,2419366.0
p008,Fibroblast,TNFRSF11B,21,8,238,2419366.0
p008,Fibroblast,TNFRSF1A,473,175,238,2419366.0
p008,Fibroblast,TNFRSF1B,34,26,238,2419366.0
p008,Fibroblast,TUBGCP2,92,73,238,2419366.0
p008,Fibroblast,VEGFA,292,111,238,2419366.0
p008,Fibroblast,VEGFC,22,14,238,2419366.0
p008,Fibroblast,VGF,1,1,238,2419366.0
p008,Fibroblast,WNT16,0,0,238,2419366.0
p008,Fibroblast,WNT2,184,57,238,2419366.0
p008,Fibroblast,WNT5A,106,40,238,2419366.0
p009,Epithelial,ACTA2,47,46,3986,25093987.0
p009,Epithelial,ACVR1B,1905,1322,3986,25093987.0
p009,Epithelial,ANG,0,0,3986,25093987.0
p009,Epithelial,ANGPT1,2,2,3986,25093987.0
p009,Epithelial,ANGPTL4,28,27,3986,25093987.0
p009,Epithelial,AREG,8383,1873,3986,25093987.0
p009,Epithelial,AXL,17,16,3986,25093987.0
p009,Epithelial,BMP2,1151,699,3986,25093987.0
p009,Epithelial,BMP6,17,14,3986,25093987.0
p009,Epithelial,C3,10,10,3986,25093987.0
p009,Epithelial,CCL1,0,0,3986,25093987.0
p009,Epithelial,CCL13,0,0,3986,25093987.0
p009,Epithelial,CCL16,0,0,3986,25093987.0
p009,Epithelial,CCL2,3,3,3986,25093987.0
p009,Epithelial,CCL20,3212,861,3986,25093987.0
p009,Epithelial,CCL24,33,31,3986,25093987.0
p009,Epithelial,CCL26,55,27,3986,25093987.0
p009,Epithelial,CCL3,71,33,3986,25093987.0
p009,Epithelial,CCL4,140,79,3986,25093987.0
p009,Epithelial,CCL5,125,47,3986,25093987.0
p009,Epithelial,CCL7,0,0,3986,25093987.0
p009,Epithelial,CCL8,0,0,3986,25093987.0
p009,Epithelial,CD55,938,588,3986,25093987.0
p009,Epithelial,CD9,24305,3140,3986,25093987.0
p009,Epithelial,CDKN1A,2172,1168,3986,25093987.0
p009,Epithelial,CDKN2A,305,226,3986,25093987.0
p009,Epithelial,CDKN2B,1884,999,3986,25093987.0
p009,Epithelial,COL1A1,289,262,3986,25093987.0
p009,Epithelial,COL1A2,29,29,3986,25093987.0
p009,Epithelial,COL3A1,28,28,3986,25093987.0
p009,Epithelial,CSF1,59,38,3986,25093987.0
p009,Epithelial,CSF2,1,1,3986,25093987.0
p009,Epithelial,CSF2RB,25,24,3986,25093987.0
p009,Epithelial,CST4,0,0,3986,25093987.0
p009,Epithelial,CTNNB1,415,369,3986,25093987.0
p009,Epithelial,CTSB,445,409,3986,25093987.0
p009,Epithelial,CXCL1,1197,320,3986,25093987.0
p009,Epithelial,CXCL10,19,9,3986,25093987.0
p009,Epithelial,CXCL12,19,12,3986,25093987.0
p009,Epithelial,CXCL16,877,650,3986,25093987.0
p009,Epithelial,CXCL2,1285,479,3986,25093987.0
p009,Epithelial,CXCL3,2999,790,3986,25093987.0
p009,Epithelial,CXCL8,810,308,3986,25093987.0
p009,Epithelial,CXCR2,9,9,3986,25093987.0
p009,Epithelial,DKK1,2,2,3986,25093987.0
p009,Epithelial,EDN1,1250,642,3986,25093987.0
p009,Epithelial,EGF,10,10,3986,25093987.0
p009,Epithelial,EGFR,1809,1259,3986,25093987.0
p009,Epithelial,EREG,2081,719,3986,25093987.0
p009,Epithelial,ESM1,1,1,3986,25093987.0
p009,Epithelial,ETS2,8635,2652,3986,25093987.0
p009,Epithelial,FAP,3,3,3986,25093987.0
p009,Epithelial,FAS,567,459,3986,25093987.0
p009,Epithelial,FGF1,5,2,3986,25093987.0
p009,Epithelial,FGF2,14,12,3986,25093987.0
p009,Epithelial,FGF7,9,8,3986,25093987.0
p009,Epithelial,FN1,10228,668,3986,25093987.0
p009,Epithelial,GDF15,3315,1237,3986,25093987.0
p009,Epithelial,GEM,120,107,3986,25093987.0
p009,Epithelial,GMFG,110,86,3986,25093987.0
p009,Epithelial,HGF,1,1,3986,25093987.0
p009,Epithelial,HMGB1,31704,3150,3986,25093987.0
p009,Epithelial,ICAM1,64,50,3986,25093987.0
p009,Epithelial,ICAM3,548,469,3986,25093987.0
p009,Epithelial,IGF1,7,6,3986,25093987.0
p009,Epithelial,IGFBP1,32,9,3986,25093987.0
p009,Epithelial,IGFBP2,6960,1446,3986,25093987.0
p009,Epithelial,IGFBP3,214,48,3986,25093987.0
p009,Epithelial,IGFBP4,2223,1271,3986,25093987.0
p009,Epithelial,IGFBP5,41,16,3986,25093987.0
p009,Epithelial,IGFBP6,21,16,3986,25093987.0
p009,Epithelial,IGFBP7,89,50,3986,25093987.0
p009,Epithelial,IL10,4,4,3986,25093987.0
p009,Epithelial,IL13,7,3,3986,25093987.0
p009,Epithelial,IL15,179,169,3986,25093987.0
p009,Epithelial,IL18,2930,1449,3986,25093987.0
p009,Epithelial,IL1A,22,17,3986,25093987.0
p009,Epithelial,IL1B,335,149,3986,25093987.0
p009,Epithelial,IL2,1,1,3986,25093987.0
p009,Epithelial,IL32,584,453,3986,25093987.0
p009,Epithelial,IL6,2,2,3986,25093987.0
p009,Epithelial,IL6ST,1335,977,3986,25093987.0
p009,Epithelial,IL7,23,23,3986,25093987.0
p009,Epithelial,INHA,0,0,3986,25093987.0
p009,Epithelial,INHBA,0,0,3986,25093987.0
p009,Epithelial,IQGAP2,2375,1231,3986,25093987.0
p009,Epithelial,ITGA2,1938,1119,3986,25093987.0
p009,Epithelial,ITPKA,512,402,3986,25093987.0
p009,Epithelial,JUN,51092,3651,3986,25093987.0
p009,Epithelial,KITLG,443,382,3986,25093987.0
p009,Epithelial,LCP1,157,111,3986,25093987.0
p009,Epithelial,LMNB1,1124,676,3986,25093987.0
p009,Epithelial,MIF,2004,1095,3986,25093987.0
p009,Epithelial,MKI67,4783,1038,3986,25093987.0
p009,Epithelial,MMP1,6,6,3986,25093987.0
p009,Epithelial,MMP10,43,3,3986,25093987.0
p009,Epithelial,MMP12,17,17,3986,25093987.0
p009,Epithelial,MMP13,1,1,3986,25093987.0
p009,Epithelial,MMP14,39,39,3986,25093987.0
p009,Epithelial,MMP2,13,12,3986,25093987.0
p009,Epithelial,MMP3,4,4,3986,25093987.0
p009,Epithelial,MMP9,19,14,3986,25093987.0
p009,Epithelial,NAP1L4,3164,1561,3986,25093987.0
p009,Epithelial,NRG1,0,0,3986,25093987.0
p009,Epithelial,PAPPA,11,11,3986,25093987.0
p009,Epithelial,PDPN,3,3,3986,25093987.0
p009,Epithelial,PECAM1,36,30,3986,25093987.0
p009,Epithelial,PGF,28,27,3986,25093987.0
p009,Epithelial,PIGF,991,773,3986,25093987.0
p009,Epithelial,PLAT,18,18,3986,25093987.0
p009,Epithelial,PLAU,53,36,3986,25093987.0
p009,Epithelial,PLAUR,420,340,3986,25093987.0
p009,Epithelial,POSTN,2,2,3986,25093987.0
p009,Epithelial,PTBP1,3889,1985,3986,25093987.0
p009,Epithelial,PTGER2,76,63,3986,25093987.0
p009,Epithelial,PTGES,21,21,3986,25093987.0
p009,Epithelial,RPS6KA5,1722,1148,3986,25093987.0
p009,Epithelial,SCAMP4,806,691,3986,25093987.0
p009,Epithelial,SELPLG,26,24,3986,25093987.0
p009,Epithelial,SEMA3F,83,80,3986,25093987.0
p009,Epithelial,SERPINB4,3,1,3986,25093987.0
p009,Epithelial,SERPINE1,51,50,3986,25093987.0
p009,Epithelial,SERPINE2,238,155,3986,25093987.0
p009,Epithelial,SPP1,14,14,3986,25093987.0
p009,Epithelial,SPX,0,0,3986,25093987.0
p009,Epithelial,TAGLN,466,334,3986,25093987.0
p009,Epithelial,TGFB1,49,43,3986,25093987.0
p009,Epithelial,THY1,9,9,3986,25093987.0
p009,Epithelial,TIMP2,1293,687,3986,25093987.0
p009,Epithelial,TNF,85,55,3986,25093987.0
p009,Epithelial,TNFRSF10C,4,4,3986,25093987.0
p009,Epithelial,TNFRSF11B,442,226,3986,25093987.0
p009,Epithelial,TNFRSF1A,2429,1503,3986,25093987.0
p009,Epithelial,TNFRSF1B,604,485,3986,25093987.0
p009,Epithelial,TUBGCP2,1574,1157,3986,25093987.0
p009,Epithelial,VEGFA,6916,2358,3986,25093987.0
p009,Epithelial,VEGFC,3,3,3986,25093987.0
p009,Epithelial,VGF,96,79,3986,25093987.0
p009,Epithelial,WNT16,5,5,3986,25093987.0
p009,Epithelial,WNT2,0,0,3986,25093987.0
p009,Epithelial,WNT5A,14,12,3986,25093987.0
p009,Fibroblast,ACTA2,517,21,27,177258.0
p009,Fibroblast,ACVR1B,4,3,27,177258.0
p009,Fibroblast,ANG,0,0,27,177258.0
p009,Fibroblast,ANGPT1,11,6,27,177258.0
p009,Fibroblast,ANGPTL4,1,1,27,177258.0
p009,Fibroblast,AREG,1,1,27,177258.0
p009,Fibroblast,AXL,41,18,27,177258.0
p009,Fibroblast,BMP2,6,3,27,177258.0
p009,Fibroblast,BMP6,1,1,27,177258.0
p009,Fibroblast,C3,2,1,27,177258.0
p009,Fibroblast,CCL1,0,0,27,177258.0
p009,Fibroblast,CCL13,98,2,27,177258.0
p009,Fibroblast,CCL16,0,0,27,177258.0
p009,Fibroblast,CCL2,54,9,27,177258.0
p009,Fibroblast,CCL20,15,2,27,177258.0
p009,Fibroblast,CCL24,0,0,27,177258.0
p009,Fibroblast,CCL26,1,1,27,177258.0
p009,Fibroblast,CCL3,0,0,27,177258.0
p009,Fibroblast,CCL4,0,0,27,177258.0
p009,Fibroblast,CCL5,0,0,27,177258.0
p009,Fibroblast,CCL7,2,1,27,177258.0
p009,Fibroblast,CCL8,0,0,27,177258.0
p009,Fibroblast,CD55,21,10,27,177258.0
p009,Fibroblast,CD9,39,16,27,177258.0
p009,Fibroblast,CDKN1A,16,8,27,177258.0
p009,Fibroblast,CDKN2A,1,1,27,177258.0
p009,Fibroblast,CDKN2B,3,3,27,177258.0
p009,Fibroblast,COL1A1,3371,25,27,177258.0
p009,Fibroblast,COL1A2,2518,26,27,177258.0
p009,Fibroblast,COL3A1,2394,27,27,177258.0
p009,Fibroblast,CSF1,4,3,27,177258.0
p009,Fibroblast,CSF2,0,0,27,177258.0
p009,Fibroblast,CSF2RB,0,0,27,177258.0
p009,Fibroblast,CST4,0,0,27,177258.0
p009,Fibroblast,CTNNB1,6,6,27,177258.0
p009,Fibroblast,CTSB,7,6,27,177258.0
p009,Fibroblast,CXCL1,16,5,27,177258.0
p009,Fibroblast,CXCL10,0,0,27,177258.0
p009,Fibroblast,CXCL12,2,1,27,177258.0
p009,Fibroblast,CXCL16,2,2,27,177258.0
p009,Fibroblast,CXCL2,3,3,27,177258.0
p009,Fibroblast,CXCL3,1,1,27,177258.0
p009,Fibroblast,CXCL8,0,0,27,177258.0
p009,Fibroblast,CXCR2,0,0,27,177258.0
p009,Fibroblast,DKK1,0,0,27,177258.0
p009,Fibroblast,EDN1,0,0,27,177258.0
p009,Fibroblast,EGF,0,0,27,177258.0
p009,Fibroblast,EGFR,9,7,27,177258.0
p009,Fibroblast,EREG,0,0,27,177258.0
p009,Fibroblast,ESM1,0,0,27,177258.0
p009,Fibroblast,ETS2,26,15,27,177258.0
p009,Fibroblast,FAP,35,15,27,177258.0
p009,Fibroblast,FAS,10,6,27,177258.0
p009,Fibroblast,FGF1,2,2,27,177258.0
p009,Fibroblast,FGF2,7,6,27,177258.0
p009,Fibroblast,FGF7,11,6,27,177258.0
p009,Fibroblast,FN1,833,26,27,177258.0
p009,Fibroblast,GDF15,1,1,27,177258.0
p009,Fibroblast,GEM,36,11,27,177258.0
p009,Fibroblast,GMFG,0,0,27,177258.0
p009,Fibroblast,HGF,5,4,27,177258.0
p009,Fibroblast,HMGB1,171,24,27,177258.0
p009,Fibroblast,ICAM1,11,5,27,177258.0
p009,Fibroblast,ICAM3,4,4,27,177258.0
p009,Fibroblast,IGF1,3,2,27,177258.0
p009,Fibroblast,IGFBP1,0,0,27,177258.0
p009,Fibroblast,IGFBP2,12,6,27,177258.0
p009,Fibroblast,IGFBP3,4,3,27,177258.0
p009,Fibroblast,IGFBP4,103,23,27,177258.0
p009,Fibroblast,IGFBP5,321,18,27,177258.0
p009,Fibroblast,IGFBP6,34,14,27,177258.0
p009,Fibroblast,IGFBP7,1003,26,27,177258.0
p009,Fibroblast,IL10,0,0,27,177258.0
p009,Fibroblast,IL13,0,0,27,177258.0
p009,Fibroblast,IL15,0,0,27,177258.0
p009,Fibroblast,IL18,0,0,27,177258.0
p009,Fibroblast,IL1A,0,0,27,177258.0
p009,Fibroblast,IL1B,0,0,27,177258.0
p009,Fibroblast,IL2,0,0,27,177258.0
p009,Fibroblast,IL32,1,1,27,177258.0
p009,Fibroblast,IL6,0,0,27,177258.0
p009,Fibroblast,IL6ST,85,22,27,177258.0
p009,Fibroblast,IL7,0,0,27,177258.0
p009,Fibroblast,INHA,0,0,27,177258.0
p009,Fibroblast,INHBA,0,0,27,177258.0
p009,Fibroblast,IQGAP2,17,5,27,177258.0
p009,Fibroblast,ITGA2,16,7,27,177258.0
p009,Fibroblast,ITPKA,1,1,27,177258.0
p009,Fibroblast,JUN,177,22,27,177258.0
p009,Fibroblast,KITLG,10,8,27,177258.0
p009,Fibroblast,LCP1,0,0,27,177258.0
p009,Fibroblast,LMNB1,1,1,27,177258.0
p009,Fibroblast,MIF,12,9,27,177258.0
p009,Fibroblast,MKI67,14,1,27,177258.0
p009,Fibroblast,MMP1,186,4,27,177258.0
p009,Fibroblast,MMP10,0,0,27,177258.0
p009,Fibroblast,MMP12,0,0,27,177258.0
p009,Fibroblast,MMP13,3,1,27,177258.0
p009,Fibroblast,MMP14,8,6,27,177258.0
p009,Fibroblast,MMP2,154,19,27,177258.0
p009,Fibroblast,MMP3,97,3,27,177258.0
p009,Fibroblast,MMP9,2,1,27,177258.0
p009,Fibroblast,NAP1L4,14,11,27,177258.0
p009,Fibroblast,NRG1,3,2,27,177258.0
p009,Fibroblast,PAPPA,27,10,27,177258.0
p009,Fibroblast,PDPN,42,12,27,177258.0
p009,Fibroblast,PECAM1,0,0,27,177258.0
p009,Fibroblast,PGF,6,6,27,177258.0
p009,Fibroblast,PIGF,5,4,27,177258.0
p009,Fibroblast,PLAT,63,12,27,177258.0
p009,Fibroblast,PLAU,56,14,27,177258.0
p009,Fibroblast,PLAUR,5,4,27,177258.0
p009,Fibroblast,POSTN,577,18,27,177258.0
p009,Fibroblast,PTBP1,24,12,27,177258.0
p009,Fibroblast,PTGER2,14,11,27,177258.0
p009,Fibroblast,PTGES,1,1,27,177258.0
p009,Fibroblast,RPS6KA5,5,4,27,177258.0
p009,Fibroblast,SCAMP4,3,3,27,177258.0
p009,Fibroblast,SELPLG,0,0,27,177258.0
p009,Fibroblast,SEMA3F,2,2,27,177258.0
p009,Fibroblast,SERPINB4,0,0,27,177258.0
p009,Fibroblast,SERPINE1,12,6,27,177258.0
p009,Fibroblast,SERPINE2,49,10,27,177258.0
p009,Fibroblast,SPP1,0,0,27,177258.0
p009,Fibroblast,SPX,0,0,27,177258.0
p009,Fibroblast,TAGLN,1103,20,27,177258.0
p009,Fibroblast,TGFB1,19,10,27,177258.0
p009,Fibroblast,THY1,175,17,27,177258.0
p009,Fibroblast,TIMP2,238,26,27,177258.0
p009,Fibroblast,TNF,0,0,27,177258.0
p009,Fibroblast,TNFRSF10C,0,0,27,177258.0
p009,Fibroblast,TNFRSF11B,9,4,27,177258.0
p009,Fibroblast,TNFRSF1A,25,17,27,177258.0
p009,Fibroblast,TNFRSF1B,0,0,27,177258.0
p009,Fibroblast,TUBGCP2,9,6,27,177258.0
p009,Fibroblast,VEGFA,20,10,27,177258.0
p009,Fibroblast,VEGFC,2,2,27,177258.0
p009,Fibroblast,VGF,0,0,27,177258.0
p009,Fibroblast,WNT16,0,0,27,177258.0
p009,Fibroblast,WNT2,6,3,27,177258.0
p009,Fibroblast,WNT5A,56,12,27,177258.0
p012,Epithelial,ACTA2,6,6,906,4851138.0
p012,Epithelial,ACVR1B,209,155,906,4851138.0
p012,Epithelial,ANG,0,0,906,4851138.0
p012,Epithelial,ANGPT1,0,0,906,4851138.0
p012,Epithelial,ANGPTL4,36,23,906,4851138.0
p012,Epithelial,AREG,4001,545,906,4851138.0
p012,Epithelial,AXL,3,3,906,4851138.0
p012,Epithelial,BMP2,192,134,906,4851138.0
p012,Epithelial,BMP6,7,7,906,4851138.0
p012,Epithelial,C3,8,5,906,4851138.0
p012,Epithelial,CCL1,0,0,906,4851138.0
p012,Epithelial,CCL13,1,1,906,4851138.0
p012,Epithelial,CCL16,0,0,906,4851138.0
p012,Epithelial,CCL2,21,10,906,4851138.0
p012,Epithelial,CCL20,4477,340,906,4851138.0
p012,Epithelial,CCL24,46,28,906,4851138.0
p012,Epithelial,CCL26,12,9,906,4851138.0
p012,Epithelial,CCL3,87,27,906,4851138.0
p012,Epithelial,CCL4,205,41,906,4851138.0
p012,Epithelial,CCL5,154,39,906,4851138.0
p012,Epithelial,CCL7,0,0,906,4851138.0
p012,Epithelial,CCL8,2,2,906,4851138.0
p012,Epithelial,CD55,491,255,906,4851138.0
p012,Epithelial,CD9,3146,553,906,4851138.0
p012,Epithelial,CDKN1A,777,357,906,4851138.0
p012,Epithelial,CDKN2A,87,69,906,4851138.0
p012,Epithelial,CDKN2B,292,188,906,4851138.0
p012,Epithelial,COL1A1,10,10,906,4851138.0
p012,Epithelial,COL1A2,3,3,906,4851138.0
p012,Epithelial,COL3A1,1,1,906,4851138.0
p012,Epithelial,CSF1,12,10,906,4851138.0
p012,Epithelial,CSF2,2,1,906,4851138.0
p012,Epithelial,CSF2RB,21,14,906,4851138.0
p012,Epithelial,CST4,0,0,906,4851138.0
p012,Epithelial,CTNNB1,113,99,906,4851138.0
p012,Epithelial,CTSB,130,103,906,4851138.0
p012,Epithelial,CXCL1,1964,288,906,4851138.0
p012,Epithelial,CXCL10,30,17,906,4851138.0
p012,Epithelial,CXCL12,19,12,906,4851138.0
p012,Epithelial,CXCL16,246,177,906,4851138.0
p012,Epithelial,CXCL2,1720,352,906,4851138.0
p012,Epithelial,CXCL3,2139,341,906,4851138.0
p012,Epithelial,CXCL8,598,163,906,4851138.0
p012,Epithelial,CXCR2,5,5,906,4851138.0
p012,Epithelial,DKK1,0,0,906,4851138.0
p012,Epithelial,EDN1,455,173,906,4851138.0
p012,Epithelial,EGF,4,4,906,4851138.0
p012,Epithelial,EGFR,373,252,906,4851138.0
p012,Epithelial,EREG,991,200,906,4851138.0
p012,Epithelial,ESM1,0,0,906,4851138.0
p012,Epithelial,ETS2,2654,564,906,4851138.0
p012,Epithelial,FAP,2,2,906,4851138.0
p012,Epithelial,FAS,100,71,906,4851138.0
p012,Epithelial,FGF1,0,0,906,4851138.0
p012,Epithelial,FGF2,2,1,906,4851138.0
p012,Epithelial,FGF7,0,0,906,4851138.0
p012,Epithelial,FN1,5,3,906,4851138.0
p012,Epithelial,GDF15,1669,352,906,4851138.0
p012,Epithelial,GEM,44,33,906,4851138.0
p012,Epithelial,GMFG,60,44,906,4851138.0
p012,Epithelial,HGF,0,0,906,4851138.0
p012,Epithelial,HMGB1,3640,604,906,4851138.0
p012,Epithelial,ICAM1,202,90,906,4851138.0
p012,Epithelial,ICAM3,142,108,906,4851138.0
p012,Epithelial,IGF1,7,5,906,4851138.0
p012,Epithelial,IGFBP1,0,0,906,4851138.0
p012,Epithelial,IGFBP2,993,291,906,4851138.0
p012,Epithelial,IGFBP3,29,23,906,4851138.0
p012,Epithelial,IGFBP4,339,229,906,4851138.0
p012,Epithelial,IGFBP5,5,5,906,4851138.0
p012,Epithelial,IGFBP6,0,0,906,4851138.0
p012,Epithelial,IGFBP7,8,8,906,4851138.0
p012,Epithelial,IL10,9,2,906,4851138.0
p012,Epithelial,IL13,2,2,906,4851138.0
p012,Epithelial,IL15,36,35,906,4851138.0
p012,Epithelial,IL18,538,277,906,4851138.0
p012,Epithelial,IL1A,16,10,906,4851138.0
p012,Epithelial,IL1B,179,90,906,4851138.0
p012,Epithelial,IL2,2,2,906,4851138.0
p012,Epithelial,IL32,81,72,906,4851138.0
p012,Epithelial,IL6,2,2,906,4851138.0
p012,Epithelial,IL6ST,250,194,906,4851138.0
p012,Epithelial,IL7,13,13,906,4851138.0
p012,Epithelial,INHA,0,0,906,4851138.0
p012,Epithelial,INHBA,0,0,906,4851138.0
p012,Epithelial,IQGAP2,411,245,906,4851138.0
p012,Epithelial,ITGA2,412,235,906,4851138.0
p012,Epithelial,ITPKA,54,48,906,4851138.0
p012,Epithelial,JUN,14651,857,906,4851138.0
p012,Epithelial,KITLG,112,93,906,4851138.0
p012,Epithelial,LCP1,98,60,906,4851138.0
p012,Epithelial,LMNB1,142,83,906,4851138.0
p012,Epithelial,MIF,861,307,906,4851138.0
p012,Epithelial,MKI67,393,94,906,4851138.0
p012,Epithelial,MMP1,0,0,906,4851138.0
p012,Epithelial,MMP10,8,2,906,4851138.0
p012,Epithelial,MMP12,5,5,906,4851138.0
p012,Epithelial,MMP13,0,0,906,4851138.0
p012,Epithelial,MMP14,10,10,906,4851138.0
p012,Epithelial,MMP2,0,0,906,4851138.0
p012,Epithelial,MMP3,0,0,906,4851138.0
p012,Epithelial,MMP9,6,6,906,4851138.0
p012,Epithelial,NAP1L4,355,240,906,4851138.0
p012,Epithelial,NRG1,1,1,906,4851138.0
p012,Epithelial,PAPPA,54,41,906,4851138.0
p012,Epithelial,PDPN,1,1,906,4851138.0
p012,Epithelial,PECAM1,19,13,906,4851138.0
p012,Epithelial,PGF,30,25,906,4851138.0
p012,Epithelial,PIGF,129,104,906,4851138.0
p012,Epithelial,PLAT,2,2,906,4851138.0
p012,Epithelial,PLAU,52,30,906,4851138.0
p012,Epithelial,PLAUR,191,123,906,4851138.0
p012,Epithelial,POSTN,0,0,906,4851138.0
p012,Epithelial,PTBP1,736,403,906,4851138.0
p012,Epithelial,PTGER2,27,23,906,4851138.0
p012,Epithelial,PTGES,140,86,906,4851138.0
p012,Epithelial,RPS6KA5,385,256,906,4851138.0
p012,Epithelial,SCAMP4,159,139,906,4851138.0
p012,Epithelial,SELPLG,12,12,906,4851138.0
p012,Epithelial,SEMA3F,65,51,906,4851138.0
p012,Epithelial,SERPINB4,0,0,906,4851138.0
p012,Epithelial,SERPINE1,16,9,906,4851138.0
p012,Epithelial,SERPINE2,159,105,906,4851138.0
p012,Epithelial,SPP1,0,0,906,4851138.0
p012,Epithelial,SPX,0,0,906,4851138.0
p012,Epithelial,TAGLN,49,44,906,4851138.0
p012,Epithelial,TGFB1,37,30,906,4851138.0
p012,Epithelial,THY1,0,0,906,4851138.0
p012,Epithelial,TIMP2,286,132,906,4851138.0
p012,Epithelial,TNF,43,29,906,4851138.0
p012,Epithelial,TNFRSF10C,9,8,906,4851138.0
p012,Epithelial,TNFRSF11B,74,57,906,4851138.0
p012,Epithelial,TNFRSF1A,599,334,906,4851138.0
p012,Epithelial,TNFRSF1B,277,167,906,4851138.0
p012,Epithelial,TUBGCP2,271,212,906,4851138.0
p012,Epithelial,VEGFA,1180,494,906,4851138.0
p012,Epithelial,VEGFC,0,0,906,4851138.0
p012,Epithelial,VGF,13,13,906,4851138.0
p012,Epithelial,WNT16,0,0,906,4851138.0
p012,Epithelial,WNT2,0,0,906,4851138.0
p012,Epithelial,WNT5A,8,8,906,4851138.0
p012,Fibroblast,ACTA2,390,27,45,295947.0
p012,Fibroblast,ACVR1B,5,5,45,295947.0
p012,Fibroblast,ANG,0,0,45,295947.0
p012,Fibroblast,ANGPT1,15,14,45,295947.0
p012,Fibroblast,ANGPTL4,2,2,45,295947.0
p012,Fibroblast,AREG,7,6,45,295947.0
p012,Fibroblast,AXL,36,17,45,295947.0
p012,Fibroblast,BMP2,13,7,45,295947.0
p012,Fibroblast,BMP6,2,2,45,295947.0
p012,Fibroblast,C3,57,14,45,295947.0
p012,Fibroblast,CCL1,0,0,45,295947.0
p012,Fibroblast,CCL13,418,16,45,295947.0
p012,Fibroblast,CCL16,0,0,45,295947.0
p012,Fibroblast,CCL2,215,29,45,295947.0
p012,Fibroblast,CCL20,33,4,45,295947.0
p012,Fibroblast,CCL24,0,0,45,295947.0
p012,Fibroblast,CCL26,0,0,45,295947.0
p012,Fibroblast,CCL3,1,1,45,295947.0
p012,Fibroblast,CCL4,1,1,45,295947.0
p012,Fibroblast,CCL5,1,1,45,295947.0
p012,Fibroblast,CCL7,28,6,45,295947.0
p012,Fibroblast,CCL8,163,15,45,295947.0
p012,Fibroblast,CD55,13,9,45,295947.0
p012,Fibroblast,CD9,44,22,45,295947.0
p012,Fibroblast,CDKN1A,60,21,45,295947.0
p012,Fibroblast,CDKN2A,1,1,45,295947.0
p012,Fibroblast,CDKN2B,5,4,45,295947.0
p012,Fibroblast,COL1A1,738,41,45,295947.0
p012,Fibroblast,COL1A2,1190,44,45,295947.0
p012,Fibroblast,COL3A1,1135,42,45,295947.0
p012,Fibroblast,CSF1,43,26,45,295947.0
p012,Fibroblast,CSF2,6,1,45,295947.0
p012,Fibroblast,CSF2RB,1,1,45,295947.0
p012,Fibroblast,CST4,0,0,45,295947.0
p012,Fibroblast,CTNNB1,4,4,45,295947.0
p012,Fibroblast,CTSB,3,2,45,295947.0
p012,Fibroblast,CXCL1,321,24,45,295947.0
p012,Fibroblast,CXCL10,5,2,45,295947.0
p012,Fibroblast,CXCL12,20,12,45,295947.0
p012,Fibroblast,CXCL16,4,3,45,295947.0
p012,Fibroblast,CXCL2,30,12,45,295947.0
p012,Fibroblast,CXCL3,6,5,45,295947.0
p012,Fibroblast,CXCL8,28,7,45,295947.0
p012,Fibroblast,CXCR2,0,0,45,295947.0
p012,Fibroblast,DKK1,0,0,45,295947.0
p012,Fibroblast,EDN1,0,0,45,295947.0
p012,Fibroblast,EGF,0,0,45,295947.0
p012,Fibroblast,EGFR,20,11,45,295947.0
p012,Fibroblast,EREG,0,0,45,295947.0
p012,Fibroblast,ESM1,0,0,45,295947.0
p012,Fibroblast,ETS2,74,28,45,295947.0
p012,Fibroblast,FAP,7,3,45,295947.0
p012,Fibroblast,FAS,12,9,45,295947.0
p012,Fibroblast,FGF1,2,2,45,295947.0
p012,Fibroblast,FGF2,18,16,45,295947.0
p012,Fibroblast,FGF7,67,17,45,295947.0
p012,Fibroblast,FN1,386,37,45,295947.0
p012,Fibroblast,GDF15,18,8,45,295947.0
p012,Fibroblast,GEM,99,24,45,295947.0
p012,Fibroblast,GMFG,21,14,45,295947.0
p012,Fibroblast,HGF,20,11,45,295947.0
p012,Fibroblast,HMGB1,271,40,45,295947.0
p012,Fibroblast,ICAM1,26,13,45,295947.0
p012,Fibroblast,ICAM3,7,5,45,295947.0
p012,Fibroblast,IGF1,82,18,45,295947.0
p012,Fibroblast,IGFBP1,0,0,45,295947.0
p012,Fibroblast,IGFBP2,85,10,45,295947.0
p012,Fibroblast,IGFBP3,72,10,45,295947.0
p012,Fibroblast,IGFBP4,283,34,45,295947.0
p012,Fibroblast,IGFBP5,3406,44,45,295947.0
p012,Fibroblast,IGFBP6,99,31,45,295947.0
p012,Fibroblast,IGFBP7,1380,45,45,295947.0
p012,Fibroblast,IL10,0,0,45,295947.0
p012,Fibroblast,IL13,0,0,45,295947.0
p012,Fibroblast,IL15,5,4,45,295947.0
p012,Fibroblast,IL18,0,0,45,295947.0
p012,Fibroblast,IL1A,0,0,45,295947.0
p012,Fibroblast,IL1B,0,0,45,295947.0
p012,Fibroblast,IL2,0,0,45,295947.0
p012,Fibroblast,IL32,5,5,45,295947.0
p012,Fibroblast,IL6,15,6,45,295947.0
p012,Fibroblast,IL6ST,342,41,45,295947.0
p012,Fibroblast,IL7,0,0,45,295947.0
p012,Fibroblast,INHA,0,0,45,295947.0
p012,Fibroblast,INHBA,0,0,45,295947.0
p012,Fibroblast,IQGAP2,14,8,45,295947.0
p012,Fibroblast,ITGA2,1,1,45,295947.0
p012,Fibroblast,ITPKA,0,0,45,295947.0
p012,Fibroblast,JUN,781,43,45,295947.0
p012,Fibroblast,KITLG,40,23,45,295947.0
p012,Fibroblast,LCP1,9,4,45,295947.0
p012,Fibroblast,LMNB1,4,3,45,295947.0
p012,Fibroblast,MIF,42,20,45,295947.0
p012,Fibroblast,MKI67,13,3,45,295947.0
p012,Fibroblast,MMP1,7,1,45,295947.0
p012,Fibroblast,MMP10,0,0,45,295947.0
p012,Fibroblast,MMP12,1,1,45,295947.0
p012,Fibroblast,MMP13,0,0,45,295947.0
p012,Fibroblast,MMP14,1,1,45,295947.0
p012,Fibroblast,MMP2,112,27,45,295947.0
p012,Fibroblast,MMP3,2,1,45,295947.0
p012,Fibroblast,MMP9,0,0,45,295947.0
p012,Fibroblast,NAP1L4,22,19,45,295947.0
p012,Fibroblast,NRG1,3,3,45,295947.0
p012,Fibroblast,PAPPA,122,20,45,295947.0
p012,Fibroblast,PDPN,97,20,45,295947.0
p012,Fibroblast,PECAM1,1,1,45,295947.0
p012,Fibroblast,PGF,18,13,45,295947.0
p012,Fibroblast,PIGF,10,10,45,295947.0
p012,Fibroblast,PLAT,250,32,45,295947.0
p012,Fibroblast,PLAU,63,21,45,295947.0
p012,Fibroblast,PLAUR,5,5,45,295947.0
p012,Fibroblast,POSTN,134,17,45,295947.0
p012,Fibroblast,PTBP1,22,15,45,295947.0
p012,Fibroblast,PTGER2,32,17,45,295947.0
p012,Fibroblast,PTGES,8,7,45,295947.0
p012,Fibroblast,RPS6KA5,8,7,45,295947.0
p012,Fibroblast,SCAMP4,7,6,45,295947.0
p012,Fibroblast,SELPLG,5,2,45,295947.0
p012,Fibroblast,SEMA3F,0,0,45,295947.0
p012,Fibroblast,SERPINB4,0,0,45,295947.0
p012,Fibroblast,SERPINE1,14,6,45,295947.0
p012,Fibroblast,SERPINE2,67,20,45,295947.0
p012,Fibroblast,SPP1,0,0,45,295947.0
p012,Fibroblast,SPX,0,0,45,295947.0
p012,Fibroblast,TAGLN,730,27,45,295947.0
p012,Fibroblast,TGFB1,11,10,45,295947.0
p012,Fibroblast,THY1,298,32,45,295947.0
p012,Fibroblast,TIMP2,174,40,45,295947.0
p012,Fibroblast,TNF,5,3,45,295947.0
p012,Fibroblast,TNFRSF10C,0,0,45,295947.0
p012,Fibroblast,TNFRSF11B,4,3,45,295947.0
p012,Fibroblast,TNFRSF1A,64,30,45,295947.0
p012,Fibroblast,TNFRSF1B,14,10,45,295947.0
p012,Fibroblast,TUBGCP2,14,10,45,295947.0
p012,Fibroblast,VEGFA,53,22,45,295947.0
p012,Fibroblast,VEGFC,0,0,45,295947.0
p012,Fibroblast,VGF,0,0,45,295947.0
p012,Fibroblast,WNT16,0,0,45,295947.0
p012,Fibroblast,WNT2,0,0,45,295947.0
p012,Fibroblast,WNT5A,97,18,45,295947.0
p013,Epithelial,ACTA2,5,5,1125,8212854.0
p013,Epithelial,ACVR1B,293,233,1125,8212854.0
p013,Epithelial,ANG,0,0,1125,8212854.0
p013,Epithelial,ANGPT1,1,1,1125,8212854.0
p013,Epithelial,ANGPTL4,10,8,1125,8212854.0
p013,Epithelial,AREG,10317,860,1125,8212854.0
p013,Epithelial,AXL,3,3,1125,8212854.0
p013,Epithelial,BMP2,238,143,1125,8212854.0
p013,Epithelial,BMP6,1,1,1125,8212854.0
p013,Epithelial,C3,14,14,1125,8212854.0
p013,Epithelial,CCL1,0,0,1125,8212854.0
p013,Epithelial,CCL13,3,3,1125,8212854.0
p013,Epithelial,CCL16,0,0,1125,8212854.0
p013,Epithelial,CCL2,29,10,1125,8212854.0
p013,Epithelial,CCL20,3276,404,1125,8212854.0
p013,Epithelial,CCL24,21,21,1125,8212854.0
p013,Epithelial,CCL26,43,38,1125,8212854.0
p013,Epithelial,CCL3,81,25,1125,8212854.0
p013,Epithelial,CCL4,288,60,1125,8212854.0
p013,Epithelial,CCL5,76,25,1125,8212854.0
p013,Epithelial,CCL7,0,0,1125,8212854.0
p013,Epithelial,CCL8,2,1,1125,8212854.0
p013,Epithelial,CD55,950,432,1125,8212854.0
p013,Epithelial,CD9,6334,842,1125,8212854.0
p013,Epithelial,CDKN1A,819,393,1125,8212854.0
p013,Epithelial,CDKN2A,90,53,1125,8212854.0
p013,Epithelial,CDKN2B,259,162,1125,8212854.0
p013,Epithelial,COL1A1,16,14,1125,8212854.0
p013,Epithelial,COL1A2,6,6,1125,8212854.0
p013,Epithelial,COL3A1,4,4,1125,8212854.0
p013,Epithelial,CSF1,32,22,1125,8212854.0
p013,Epithelial,CSF2,0,0,1125,8212854.0
p013,Epithelial,CSF2RB,19,15,1125,8212854.0
p013,Epithelial,CST4,0,0,1125,8212854.0
p013,Epithelial,CTNNB1,191,156,1125,8212854.0
p013,Epithelial,CTSB,61,59,1125,8212854.0
p013,Epithelial,CXCL1,911,222,1125,8212854.0
p013,Epithelial,CXCL10,19,6,1125,8212854.0
p013,Epithelial,CXCL12,4,4,1125,8212854.0
p013,Epithelial,CXCL16,521,305,1125,8212854.0
p013,Epithelial,CXCL2,1054,302,1125,8212854.0
p013,Epithelial,CXCL3,1688,391,1125,8212854.0
p013,Epithelial,CXCL8,426,158,1125,8212854.0
p013,Epithelial,CXCR2,5,5,1125,8212854.0
p013,Epithelial,DKK1,0,0,1125,8212854.0
p013,Epithelial,EDN1,860,260,1125,8212854.0
p013,Epithelial,EGF,3,3,1125,8212854.0
p013,Epithelial,EGFR,373,272,1125,8212854.0
p013,Epithelial,EREG,3418,572,1125,8212854.0
p013,Epithelial,ESM1,1,1,1125,8212854.0
p013,Epithelial,ETS2,2751,772,1125,8212854.0
p013,Epithelial,FAP,1,1,1125,8212854.0
p013,Epithelial,FAS,76,66,1125,8212854.0
p013,Epithelial,FGF1,0,0,1125,8212854.0
p013,Epithelial,FGF2,3,3,1125,8212854.0
p013,Epithelial,FGF7,0,0,1125,8212854.0
p013,Epithelial,FN1,1166,105,1125,8212854.0
p013,Epithelial,GDF15,3828,616,1125,8212854.0
p013,Epithelial,GEM,133,93,1125,8212854.0
p013,Epithelial,GMFG,45,30,1125,8212854.0
p013,Epithelial,HGF,0,0,1125,8212854.0
p013,Epithelial,HMGB1,9412,944,1125,8212854.0
p013,Epithelial,ICAM1,110,90,1125,8212854.0
p013,Epithelial,ICAM3,293,219,1125,8212854.0
p013,Epithelial,IGF1,2,2,1125,8212854.0
p013,Epithelial,IGFBP1,91,7,1125,8212854.0
p013,Epithelial,IGFBP2,3520,688,1125,8212854.0
p013,Epithelial,IGFBP3,74,20,1125,8212854.0
p013,Epithelial,IGFBP4,683,425,1125,8212854.0
p013,Epithelial,IGFBP5,5,5,1125,8212854.0
p013,Epithelial,IGFBP6,1,1,1125,8212854.0
p013,Epithelial,IGFBP7,26,24,1125,8212854.0
p013,Epithelial,IL10,2,2,1125,8212854.0
p013,Epithelial,IL13,0,0,1125,8212854.0
p013,Epithelial,IL15,37,32,1125,8212854.0
p013,Epithelial,IL18,582,327,1125,8212854.0
p013,Epithelial,IL1A,15,14,1125,8212854.0
p013,Epithelial,IL1B,156,80,1125,8212854.0
p013,Epithelial,IL2,0,0,1125,8212854.0
p013,Epithelial,IL32,177,127,1125,8212854.0
p013,Epithelial,IL6,12,5,1125,8212854.0
p013,Epithelial,IL6ST,427,291,1125,8212854.0
p013,Epithelial,IL7,20,20,1125,8212854.0
p013,Epithelial,INHA,0,0,1125,8212854.0
p013,Epithelial,INHBA,0,0,1125,8212854.0
p013,Epithelial,IQGAP2,750,396,1125,8212854.0
p013,Epithelial,ITGA2,1351,485,1125,8212854.0
p013,Epithelial,ITPKA,134,109,1125,8212854.0
p013,Epithelial,JUN,13916,1006,1125,8212854.0
p013,Epithelial,KITLG,66,61,1125,8212854.0
p013,Epithelial,LCP1,55,31,1125,8212854.0
p013,Epithelial,LMNB1,202,140,1125,8212854.0
p013,Epithelial,MIF,473,304,1125,8212854.0
p013,Epithelial,MKI67,526,179,1125,8212854.0
p013,Epithelial,MMP1,5,5,1125,8212854.0
p013,Epithelial,MMP10,4,3,1125,8212854.0
p013,Epithelial,MMP12,10,10,1125,8212854.0
p013,Epithelial,MMP13,0,0,1125,8212854.0
p013,Epithelial,MMP14,14,14,1125,8212854.0
p013,Epithelial,MMP2,0,0,1125,8212854.0
p013,Epithelial,MMP3,0,0,1125,8212854.0
p013,Epithelial,MMP9,3,3,1125,8212854.0
p013,Epithelial,NAP1L4,883,471,1125,8212854.0
p013,Epithelial,NRG1,0,0,1125,8212854.0
p013,Epithelial,PAPPA,7,7,1125,8212854.0
p013,Epithelial,PDPN,0,0,1125,8212854.0
p013,Epithelial,PECAM1,8,8,1125,8212854.0
p013,Epithelial,PGF,26,25,1125,8212854.0
p013,Epithelial,PIGF,332,236,1125,8212854.0
p013,Epithelial,PLAT,5,5,1125,8212854.0
p013,Epithelial,PLAU,163,123,1125,8212854.0
p013,Epithelial,PLAUR,213,152,1125,8212854.0
p013,Epithelial,POSTN,1,1,1125,8212854.0
p013,Epithelial,PTBP1,1159,571,1125,8212854.0
p013,Epithelial,PTGER2,19,16,1125,8212854.0
p013,Epithelial,PTGES,89,76,1125,8212854.0
p013,Epithelial,RPS6KA5,370,243,1125,8212854.0
p013,Epithelial,SCAMP4,275,228,1125,8212854.0
p013,Epithelial,SELPLG,25,23,1125,8212854.0
p013,Epithelial,SEMA3F,35,32,1125,8212854.0
p013,Epithelial,SERPINB4,0,0,1125,8212854.0
p013,Epithelial,SERPINE1,18,16,1125,8212854.0
p013,Epithelial,SERPINE2,349,173,1125,8212854.0
p013,Epithelial,SPP1,35,34,1125,8212854.0
p013,Epithelial,SPX,0,0,1125,8212854.0
p013,Epithelial,TAGLN,766,101,1125,8212854.0
p013,Epithelial,TGFB1,17,16,1125,8212854.0
p013,Epithelial,THY1,1,1,1125,8212854.0
p013,Epithelial,TIMP2,432,194,1125,8212854.0
p013,Epithelial,TNF,45,31,1125,8212854.0
p013,Epithelial,TNFRSF10C,1,1,1125,8212854.0
p013,Epithelial,TNFRSF11B,236,77,1125,8212854.0
p013,Epithelial,TNFRSF1A,605,375,1125,8212854.0
p013,Epithelial,TNFRSF1B,151,116,1125,8212854.0
p013,Epithelial,TUBGCP2,422,310,1125,8212854.0
p013,Epithelial,VEGFA,2771,752,1125,8212854.0
p013,Epithelial,VEGFC,0,0,1125,8212854.0
p013,Epithelial,VGF,68,61,1125,8212854.0
p013,Epithelial,WNT16,0,0,1125,8212854.0
p013,Epithelial,WNT2,0,0,1125,8212854.0
p013,Epithelial,WNT5A,11,11,1125,8212854.0
p013,Fibroblast,ACTA2,254,34,47,279124.0
p013,Fibroblast,ACVR1B,4,2,47,279124.0
p013,Fibroblast,ANG,0,0,47,279124.0
p013,Fibroblast,ANGPT1,7,5,47,279124.0
p013,Fibroblast,ANGPTL4,4,3,47,279124.0
p013,Fibroblast,AREG,66,7,47,279124.0
p013,Fibroblast,AXL,38,26,47,279124.0
p013,Fibroblast,BMP2,9,8,47,279124.0
p013,Fibroblast,BMP6,4,3,47,279124.0
p013,Fibroblast,C3,34,15,47,279124.0
p013,Fibroblast,CCL1,0,0,47,279124.0
p013,Fibroblast,CCL13,966,25,47,279124.0
p013,Fibroblast,CCL16,0,0,47,279124.0
p013,Fibroblast,CCL2,329,33,47,279124.0
p013,Fibroblast,CCL20,3,3,47,279124.0
p013,Fibroblast,CCL24,0,0,47,279124.0
p013,Fibroblast,CCL26,0,0,47,279124.0
p013,Fibroblast,CCL3,0,0,47,279124.0
p013,Fibroblast,CCL4,3,2,47,279124.0
p013,Fibroblast,CCL5,5,3,47,279124.0
p013,Fibroblast,CCL7,12,4,47,279124.0
p013,Fibroblast,CCL8,98,13,47,279124.0
p013,Fibroblast,CD55,13,10,47,279124.0
p013,Fibroblast,CD9,68,22,47,279124.0
p013,Fibroblast,CDKN1A,88,32,47,279124.0
p013,Fibroblast,CDKN2A,2,2,47,279124.0
p013,Fibroblast,CDKN2B,11,8,47,279124.0
p013,Fibroblast,COL1A1,1458,44,47,279124.0
p013,Fibroblast,COL1A2,1281,47,47,279124.0
p013,Fibroblast,COL3A1,1407,43,47,279124.0
p013,Fibroblast,CSF1,29,12,47,279124.0
p013,Fibroblast,CSF2,0,0,47,279124.0
p013,Fibroblast,CSF2RB,0,0,47,279124.0
p013,Fibroblast,CST4,0,0,47,279124.0
p013,Fibroblast,CTNNB1,2,2,47,279124.0
p013,Fibroblast,CTSB,3,3,47,279124.0
p013,Fibroblast,CXCL1,320,28,47,279124.0
p013,Fibroblast,CXCL10,8,2,47,279124.0
p013,Fibroblast,CXCL12,4,4,47,279124.0
p013,Fibroblast,CXCL16,4,4,47,279124.0
p013,Fibroblast,CXCL2,61,19,47,279124.0
p013,Fibroblast,CXCL3,24,11,47,279124.0
p013,Fibroblast,CXCL8,92,13,47,279124.0
p013,Fibroblast,CXCR2,0,0,47,279124.0
p013,Fibroblast,DKK1,0,0,47,279124.0
p013,Fibroblast,EDN1,0,0,47,279124.0
p013,Fibroblast,EGF,0,0,47,279124.0
p013,Fibroblast,EGFR,16,10,47,279124.0
p013,Fibroblast,EREG,0,0,47,279124.0
p013,Fibroblast,ESM1,0,0,47,279124.0
p013,Fibroblast,ETS2,69,34,47,279124.0
p013,Fibroblast,FAP,23,8,47,279124.0
p013,Fibroblast,FAS,12,11,47,279124.0
p013,Fibroblast,FGF1,1,1,47,279124.0
p013,Fibroblast,FGF2,4,4,47,279124.0
p013,Fibroblast,FGF7,64,18,47,279124.0
p013,Fibroblast,FN1,280,36,47,279124.0
p013,Fibroblast,GDF15,26,11,47,279124.0
p013,Fibroblast,GEM,58,27,47,279124.0
p013,Fibroblast,GMFG,12,10,47,279124.0
p013,Fibroblast,HGF,25,16,47,279124.0
p013,Fibroblast,HMGB1,250,39,47,279124.0
p013,Fibroblast,ICAM1,16,10,47,279124.0
p013,Fibroblast,ICAM3,7,6,47,279124.0
p013,Fibroblast,IGF1,45,18,47,279124.0
p013,Fibroblast,IGFBP1,0,0,47,279124.0
p013,Fibroblast,IGFBP2,13,4,47,279124.0
p013,Fibroblast,IGFBP3,20,7,47,279124.0
p013,Fibroblast,IGFBP4,228,40,47,279124.0
p013,Fibroblast,IGFBP5,1058,44,47,279124.0
p013,Fibroblast,IGFBP6,74,22,47,279124.0
p013,Fibroblast,IGFBP7,2187,47,47,279124.0
p013,Fibroblast,IL10,0,0,47,279124.0
p013,Fibroblast,IL13,0,0,47,279124.0
p013,Fibroblast,IL15,5,5,47,279124.0
p013,Fibroblast,IL18,1,1,47,279124.0
p013,Fibroblast,IL1A,0,0,47,279124.0
p013,Fibroblast,IL1B,1,1,47,279124.0
p013,Fibroblast,IL2,0,0,47,279124.0
p013,Fibroblast,IL32,7,6,47,279124.0
p013,Fibroblast,IL6,0,0,47,279124.0
p013,Fibroblast,IL6ST,207,38,47,279124.0
p013,Fibroblast,IL7,1,1,47,279124.0
p013,Fibroblast,INHA,0,0,47,279124.0
p013,Fibroblast,INHBA,2,2,47,279124.0
p013,Fibroblast,IQGAP2,31,13,47,279124.0
p013,Fibroblast,ITGA2,8,4,47,279124.0
p013,Fibroblast,ITPKA,0,0,47,279124.0
p013,Fibroblast,JUN,809,44,47,279124.0
p013,Fibroblast,KITLG,22,16,47,279124.0
p013,Fibroblast,LCP1,3,3,47,279124.0
p013,Fibroblast,LMNB1,4,1,47,279124.0
p013,Fibroblast,MIF,10,9,47,279124.0
p013,Fibroblast,MKI67,21,1,47,279124.0
p013,Fibroblast,MMP1,261,2,47,279124.0
p013,Fibroblast,MMP10,0,0,47,279124.0
p013,Fibroblast,MMP12,0,0,47,279124.0
p013,Fibroblast,MMP13,0,0,47,279124.0
p013,Fibroblast,MMP14,3,3,47,279124.0
p013,Fibroblast,MMP2,198,40,47,279124.0
p013,Fibroblast,MMP3,358,1,47,279124.0
p013,Fibroblast,MMP9,0,0,47,279124.0
p013,Fibroblast,NAP1L4,23,16,47,279124.0
p013,Fibroblast,NRG1,11,6,47,279124.0
p013,Fibroblast,PAPPA,161,31,47,279124.0
p013,Fibroblast,PDPN,88,26,47,279124.0
p013,Fibroblast,PECAM1,0,0,47,279124.0
p013,Fibroblast,PGF,22,16,47,279124.0
p013,Fibroblast,PIGF,14,9,47,279124.0
p013,Fibroblast,PLAT,219,36,47,279124.0
p013,Fibroblast,PLAU,160,22,47,279124.0
p013,Fibroblast,PLAUR,5,5,47,279124.0
p013,Fibroblast,POSTN,334,28,47,279124.0
p013,Fibroblast,PTBP1,35,23,47,279124.0
p013,Fibroblast,PTGER2,34,19,47,279124.0
p013,Fibroblast,PTGES,10,6,47,279124.0
p013,Fibroblast,RPS6KA5,5,4,47,279124.0
p013,Fibroblast,SCAMP4,12,12,47,279124.0
p013,Fibroblast,SELPLG,2,1,47,279124.0
p013,Fibroblast,SEMA3F,0,0,47,279124.0
p013,Fibroblast,SERPINB4,0,0,47,279124.0
p013,Fibroblast,SERPINE1,42,10,47,279124.0
p013,Fibroblast,SERPINE2,77,21,47,279124.0
p013,Fibroblast,SPP1,1,1,47,279124.0
p013,Fibroblast,SPX,0,0,47,279124.0
p013,Fibroblast,TAGLN,707,28,47,279124.0
p013,Fibroblast,TGFB1,8,7,47,279124.0
p013,Fibroblast,THY1,238,31,47,279124.0
p013,Fibroblast,TIMP2,162,41,47,279124.0
p013,Fibroblast,TNF,1,1,47,279124.0
p013,Fibroblast,TNFRSF10C,1,1,47,279124.0
p013,Fibroblast,TNFRSF11B,30,11,47,279124.0
p013,Fibroblast,TNFRSF1A,40,24,47,279124.0
p013,Fibroblast,TNFRSF1B,5,4,47,279124.0
p013,Fibroblast,TUBGCP2,13,13,47,279124.0
p013,Fibroblast,VEGFA,33,23,47,279124.0
p013,Fibroblast,VEGFC,1,1,47,279124.0
p013,Fibroblast,VGF,0,0,47,279124.0
p013,Fibroblast,WNT16,0,0,47,279124.0
p013,Fibroblast,WNT2,3,2,47,279124.0
p013,Fibroblast,WNT5A,61,21,47,279124.0
p014,Epithelial,ACTA2,74,69,1277,7611148.0
p014,Epithelial,ACVR1B,341,266,1277,7611148.0
p014,Epithelial,ANG,0,0,1277,7611148.0
p014,Epithelial,ANGPT1,2,2,1277,7611148.0
p014,Epithelial,ANGPTL4,21,20,1277,7611148.0
p014,Epithelial,AREG,2681,547,1277,7611148.0
p014,Epithelial,AXL,2,2,1277,7611148.0
p014,Epithelial,BMP2,450,265,1277,7611148.0
p014,Epithelial,BMP6,1,1,1277,7611148.0
p014,Epithelial,C3,28,18,1277,7611148.0
p014,Epithelial,CCL1,1,1,1277,7611148.0
p014,Epithelial,CCL13,2,2,1277,7611148.0
p014,Epithelial,CCL16,0,0,1277,7611148.0
p014,Epithelial,CCL2,5,5,1277,7611148.0
p014,Epithelial,CCL20,2412,349,1277,7611148.0
p014,Epithelial,CCL24,10,9,1277,7611148.0
p014,Epithelial,CCL26,8,8,1277,7611148.0
p014,Epithelial,CCL3,90,39,1277,7611148.0
p014,Epithelial,CCL4,226,94,1277,7611148.0
p014,Epithelial,CCL5,72,31,1277,7611148.0
p014,Epithelial,CCL7,1,1,1277,7611148.0
p014,Epithelial,CCL8,0,0,1277,7611148.0
p014,Epithelial,CD55,1228,437,1277,7611148.0
p014,Epithelial,CD9,4146,821,1277,7611148.0
p014,Epithelial,CDKN1A,1380,499,1277,7611148.0
p014,Epithelial,CDKN2A,72,61,1277,7611148.0
p014,Epithelial,CDKN2B,345,227,1277,7611148.0
p014,Epithelial,COL1A1,146,135,1277,7611148.0
p014,Epithelial,COL1A2,61,58,1277,7611148.0
p014,Epithelial,COL3A1,68,64,1277,7611148.0
p014,Epithelial,CSF1,55,21,1277,7611148.0
p014,Epithelial,CSF2,2,2,1277,7611148.0
p014,Epithelial,CSF2RB,25,15,1277,7611148.0
p014,Epithelial,CST4,0,0,1277,7611148.0
p014,Epithelial,CTNNB1,147,130,1277,7611148.0
p014,Epithelial,CTSB,170,145,1277,7611148.0
p014,Epithelial,CXCL1,555,169,1277,7611148.0
p014,Epithelial,CXCL10,143,19,1277,7611148.0
p014,Epithelial,CXCL12,3,3,1277,7611148.0
p014,Epithelial,CXCL16,465,272,1277,7611148.0
p014,Epithelial,CXCL2,838,268,1277,7611148.0
p014,Epithelial,CXCL3,771,263,1277,7611148.0
p014,Epithelial,CXCL8,2092,555,1277,7611148.0
p014,Epithelial,CXCR2,11,9,1277,7611148.0
p014,Epithelial,DKK1,3,3,1277,7611148.0
p014,Epithelial,EDN1,365,202,1277,7611148.0
p014,Epithelial,EGF,3,3,1277,7611148.0
p014,Epithelial,EGFR,416,290,1277,7611148.0
p014,Epithelial,EREG,79,59,1277,7611148.0
p014,Epithelial,ESM1,0,0,1277,7611148.0
p014,Epithelial,ETS2,2470,796,1277,7611148.0
p014,Epithelial,FAP,3,3,1277,7611148.0
p014,Epithelial,FAS,211,164,1277,7611148.0
p014,Epithelial,FGF1,0,0,1277,7611148.0
p014,Epithelial,FGF2,13,13,1277,7611148.0
p014,Epithelial,FGF7,2,2,1277,7611148.0
p014,Epithelial,FN1,83,51,1277,7611148.0
p014,Epithelial,GDF15,2694,538,1277,7611148.0
p014,Epithelial,GEM,94,69,1277,7611148.0
p014,Epithelial,GMFG,95,56,1277,7611148.0
p014,Epithelial,HGF,0,0,1277,7611148.0
p014,Epithelial,HMGB1,4956,992,1277,7611148.0
p014,Epithelial,ICAM1,202,111,1277,7611148.0
p014,Epithelial,ICAM3,278,214,1277,7611148.0
p014,Epithelial,IGF1,1,1,1277,7611148.0
p014,Epithelial,IGFBP1,0,0,1277,7611148.0
p014,Epithelial,IGFBP2,2766,531,1277,7611148.0
p014,Epithelial,IGFBP3,335,149,1277,7611148.0
p014,Epithelial,IGFBP4,853,494,1277,7611148.0
p014,Epithelial,IGFBP5,13,11,1277,7611148.0
p014,Epithelial,IGFBP6,7,7,1277,7611148.0
p014,Epithelial,IGFBP7,105,97,1277,7611148.0
p014,Epithelial,IL10,2,2,1277,7611148.0
p014,Epithelial,IL13,5,2,1277,7611148.0
p014,Epithelial,IL15,45,42,1277,7611148.0
p014,Epithelial,IL18,547,328,1277,7611148.0
p014,Epithelial,IL1A,25,22,1277,7611148.0
p014,Epithelial,IL1B,395,207,1277,7611148.0
p014,Epithelial,IL2,1,1,1277,7611148.0
p014,Epithelial,IL32,173,109,1277,7611148.0
p014,Epithelial,IL6,6,6,1277,7611148.0
p014,Epithelial,IL6ST,329,251,1277,7611148.0
p014,Epithelial,IL7,20,19,1277,7611148.0
p014,Epithelial,INHA,0,0,1277,7611148.0
p014,Epithelial,INHBA,0,0,1277,7611148.0
p014,Epithelial,IQGAP2,1171,552,1277,7611148.0
p014,Epithelial,ITGA2,717,379,1277,7611148.0
p014,Epithelial,ITPKA,204,154,1277,7611148.0
p014,Epithelial,JUN,22631,1174,1277,7611148.0
p014,Epithelial,KITLG,258,198,1277,7611148.0
p014,Epithelial,LCP1,95,62,1277,7611148.0
p014,Epithelial,LMNB1,204,134,1277,7611148.0
p014,Epithelial,MIF,637,363,1277,7611148.0
p014,Epithelial,MKI67,929,171,1277,7611148.0
p014,Epithelial,MMP1,314,75,1277,7611148.0
p014,Epithelial,MMP10,22,5,1277,7611148.0
p014,Epithelial,MMP12,12,12,1277,7611148.0
p014,Epithelial,MMP13,1,1,1277,7611148.0
p014,Epithelial,MMP14,11,11,1277,7611148.0
p014,Epithelial,MMP2,7,7,1277,7611148.0
p014,Epithelial,MMP3,15,15,1277,7611148.0
p014,Epithelial,MMP9,12,12,1277,7611148.0
p014,Epithelial,NAP1L4,771,480,1277,7611148.0
p014,Epithelial,NRG1,1,1,1277,7611148.0
p014,Epithelial,PAPPA,5,5,1277,7611148.0
p014,Epithelial,PDPN,3,3,1277,7611148.0
p014,Epithelial,PECAM1,22,19,1277,7611148.0
p014,Epithelial,PGF,25,21,1277,7611148.0
p014,Epithelial,PIGF,200,151,1277,7611148.0
p014,Epithelial,PLAT,11,9,1277,7611148.0
p014,Epithelial,PLAU,67,33,1277,7611148.0
p014,Epithelial,PLAUR,181,128,1277,7611148.0
p014,Epithelial,POSTN,17,17,1277,7611148.0
p014,Epithelial,PTBP1,1084,549,1277,7611148.0
p014,Epithelial,PTGER2,33,29,1277,7611148.0
p014,Epithelial,PTGES,30,26,1277,7611148.0
p014,Epithelial,RPS6KA5,476,303,1277,7611148.0
p014,Epithelial,SCAMP4,277,234,1277,7611148.0
p014,Epithelial,SELPLG,48,46,1277,7611148.0
p014,Epithelial,SEMA3F,105,90,1277,7611148.0
p014,Epithelial,SERPINB4,8,6,1277,7611148.0
p014,Epithelial,SERPINE1,16,10,1277,7611148.0
p014,Epithelial,SERPINE2,164,95,1277,7611148.0
p014,Epithelial,SPP1,56,53,1277,7611148.0
p014,Epithelial,SPX,0,0,1277,7611148.0
p014,Epithelial,TAGLN,128,105,1277,7611148.0
p014,Epithelial,TGFB1,64,57,1277,7611148.0
p014,Epithelial,THY1,4,4,1277,7611148.0
p014,Epithelial,TIMP2,347,169,1277,7611148.0
p014,Epithelial,TNF,35,29,1277,7611148.0
p014,Epithelial,TNFRSF10C,14,14,1277,7611148.0
p014,Epithelial,TNFRSF11B,82,69,1277,7611148.0
p014,Epithelial,TNFRSF1A,488,335,1277,7611148.0
p014,Epithelial,TNFRSF1B,223,161,1277,7611148.0
p014,Epithelial,TUBGCP2,571,420,1277,7611148.0
p014,Epithelial,VEGFA,2224,786,1277,7611148.0
p014,Epithelial,VEGFC,1,1,1277,7611148.0
p014,Epithelial,VGF,55,47,1277,7611148.0
p014,Epithelial,WNT16,0,0,1277,7611148.0
p014,Epithelial,WNT2,1,1,1277,7611148.0
p014,Epithelial,WNT5A,13,12,1277,7611148.0
p014,Fibroblast,ACTA2,2157,88,123,794873.0
p014,Fibroblast,ACVR1B,13,11,123,794873.0
p014,Fibroblast,ANG,0,0,123,794873.0
p014,Fibroblast,ANGPT1,59,38,123,794873.0
p014,Fibroblast,ANGPTL4,23,11,123,794873.0
p014,Fibroblast,AREG,161,16,123,794873.0
p014,Fibroblast,AXL,89,53,123,794873.0
p014,Fibroblast,BMP2,63,33,123,794873.0
p014,Fibroblast,BMP6,7,7,123,794873.0
p014,Fibroblast,C3,316,37,123,794873.0
p014,Fibroblast,CCL1,0,0,123,794873.0
p014,Fibroblast,CCL13,309,12,123,794873.0
p014,Fibroblast,CCL16,0,0,123,794873.0
p014,Fibroblast,CCL2,188,41,123,794873.0
p014,Fibroblast,CCL20,21,10,123,794873.0
p014,Fibroblast,CCL24,0,0,123,794873.0
p014,Fibroblast,CCL26,5,3,123,794873.0
p014,Fibroblast,CCL3,7,4,123,794873.0
p014,Fibroblast,CCL4,20,9,123,794873.0
p014,Fibroblast,CCL5,20,7,123,794873.0
p014,Fibroblast,CCL7,0,0,123,794873.0
p014,Fibroblast,CCL8,14,10,123,794873.0
p014,Fibroblast,CD55,31,21,123,794873.0
p014,Fibroblast,CD9,199,73,123,794873.0
p014,Fibroblast,CDKN1A,184,62,123,794873.0
p014,Fibroblast,CDKN2A,4,3,123,794873.0
p014,Fibroblast,CDKN2B,7,6,123,794873.0
p014,Fibroblast,COL1A1,7316,108,123,794873.0
p014,Fibroblast,COL1A2,5157,109,123,794873.0
p014,Fibroblast,COL3A1,7318,109,123,794873.0
p014,Fibroblast,CSF1,73,36,123,794873.0
p014,Fibroblast,CSF2,0,0,123,794873.0
p014,Fibroblast,CSF2RB,6,5,123,794873.0
p014,Fibroblast,CST4,0,0,123,794873.0
p014,Fibroblast,CTNNB1,15,13,123,794873.0
p014,Fibroblast,CTSB,17,13,123,794873.0
p014,Fibroblast,CXCL1,305,31,123,794873.0
p014,Fibroblast,CXCL10,184,9,123,794873.0
p014,Fibroblast,CXCL12,65,31,123,794873.0
p014,Fibroblast,CXCL16,23,18,123,794873.0
p014,Fibroblast,CXCL2,48,21,123,794873.0
p014,Fibroblast,CXCL3,65,14,123,794873.0
p014,Fibroblast,CXCL8,389,51,123,794873.0
p014,Fibroblast,CXCR2,1,1,123,794873.0
p014,Fibroblast,DKK1,0,0,123,794873.0
p014,Fibroblast,EDN1,1,1,123,794873.0
p014,Fibroblast,EGF,0,0,123,794873.0
p014,Fibroblast,EGFR,73,45,123,794873.0
p014,Fibroblast,EREG,9,3,123,794873.0
p014,Fibroblast,ESM1,0,0,123,794873.0
p014,Fibroblast,ETS2,150,59,123,794873.0
p014,Fibroblast,FAP,127,33,123,794873.0
p014,Fibroblast,FAS,30,25,123,794873.0
p014,Fibroblast,FGF1,4,4,123,794873.0
p014,Fibroblast,FGF2,36,23,123,794873.0
p014,Fibroblast,FGF7,83,27,123,794873.0
p014,Fibroblast,FN1,1033,81,123,794873.0
p014,Fibroblast,GDF15,25,12,123,794873.0
p014,Fibroblast,GEM,92,48,123,794873.0
p014,Fibroblast,GMFG,37,23,123,794873.0
p014,Fibroblast,HGF,11,11,123,794873.0
p014,Fibroblast,HMGB1,538,109,123,794873.0
p014,Fibroblast,ICAM1,73,35,123,794873.0
p014,Fibroblast,ICAM3,11,10,123,794873.0
p014,Fibroblast,IGF1,43,14,123,794873.0
p014,Fibroblast,IGFBP1,0,0,123,794873.0
p014,Fibroblast,IGFBP2,143,31,123,794873.0
p014,Fibroblast,IGFBP3,176,31,123,794873.0
p014,Fibroblast,IGFBP4,594,87,123,794873.0
p014,Fibroblast,IGFBP5,1575,101,123,794873.0
p014,Fibroblast,IGFBP6,103,46,123,794873.0
p014,Fibroblast,IGFBP7,5008,116,123,794873.0
p014,Fibroblast,IL10,0,0,123,794873.0
p014,Fibroblast,IL13,0,0,123,794873.0
p014,Fibroblast,IL15,5,4,123,794873.0
p014,Fibroblast,IL18,0,0,123,794873.0
p014,Fibroblast,IL1A,2,2,123,794873.0
p014,Fibroblast,IL1B,62,20,123,794873.0
p014,Fibroblast,IL2,0,0,123,794873.0
p014,Fibroblast,IL32,25,18,123,794873.0
p014,Fibroblast,IL6,8,3,123,794873.0
p014,Fibroblast,IL6ST,285,82,123,794873.0
p014,Fibroblast,IL7,2,2,123,794873.0
p014,Fibroblast,INHA,0,0,123,794873.0
p014,Fibroblast,INHBA,4,4,123,794873.0
p014,Fibroblast,IQGAP2,9,9,123,794873.0
p014,Fibroblast,ITGA2,33,21,123,794873.0
p014,Fibroblast,ITPKA,3,3,123,794873.0
p014,Fibroblast,JUN,3088,111,123,794873.0
p014,Fibroblast,KITLG,24,13,123,794873.0
p014,Fibroblast,LCP1,20,9,123,794873.0
p014,Fibroblast,LMNB1,5,4,123,794873.0
p014,Fibroblast,MIF,80,34,123,794873.0
p014,Fibroblast,MKI67,5,4,123,794873.0
p014,Fibroblast,MMP1,3215,24,123,794873.0
p014,Fibroblast,MMP10,1,1,123,794873.0
p014,Fibroblast,MMP12,0,0,123,794873.0
p014,Fibroblast,MMP13,163,1,123,794873.0
p014,Fibroblast,MMP14,25,22,123,794873.0
p014,Fibroblast,MMP2,657,71,123,794873.0
p014,Fibroblast,MMP3,937,15,123,794873.0
p014,Fibroblast,MMP9,87,15,123,794873.0
p014,Fibroblast,NAP1L4,75,49,123,794873.0
p014,Fibroblast,NRG1,9,5,123,794873.0
p014,Fibroblast,PAPPA,145,40,123,794873.0
p014,Fibroblast,PDPN,198,43,123,794873.0
p014,Fibroblast,PECAM1,16,5,123,794873.0
p014,Fibroblast,PGF,69,40,123,794873.0
p014,Fibroblast,PIGF,17,12,123,794873.0
p014,Fibroblast,PLAT,278,56,123,794873.0
p014,Fibroblast,PLAU,252,47,123,794873.0
p014,Fibroblast,PLAUR,26,17,123,794873.0
p014,Fibroblast,POSTN,1142,67,123,794873.0
p014,Fibroblast,PTBP1,82,48,123,794873.0
p014,Fibroblast,PTGER2,35,23,123,794873.0
p014,Fibroblast,PTGES,27,17,123,794873.0
p014,Fibroblast,RPS6KA5,37,25,123,794873.0
p014,Fibroblast,SCAMP4,27,22,123,794873.0
p014,Fibroblast,SELPLG,3,3,123,794873.0
p014,Fibroblast,SEMA3F,10,9,123,794873.0
p014,Fibroblast,SERPINB4,0,0,123,794873.0
p014,Fibroblast,SERPINE1,53,12,123,794873.0
p014,Fibroblast,SERPINE2,94,27,123,794873.0
p014,Fibroblast,SPP1,3,3,123,794873.0
p014,Fibroblast,SPX,0,0,123,794873.0
p014,Fibroblast,TAGLN,4884,99,123,794873.0
p014,Fibroblast,TGFB1,39,30,123,794873.0
p014,Fibroblast,THY1,341,45,123,794873.0
p014,Fibroblast,TIMP2,513,100,123,794873.0
p014,Fibroblast,TNF,4,2,123,794873.0
p014,Fibroblast,TNFRSF10C,0,0,123,794873.0
p014,Fibroblast,TNFRSF11B,3,2,123,794873.0
p014,Fibroblast,TNFRSF1A,112,53,123,794873.0
p014,Fibroblast,TNFRSF1B,23,11,123,794873.0
p014,Fibroblast,TUBGCP2,52,38,123,794873.0
p014,Fibroblast,VEGFA,70,40,123,794873.0
p014,Fibroblast,VEGFC,4,3,123,794873.0
p014,Fibroblast,VGF,0,0,123,794873.0
p014,Fibroblast,WNT16,0,0,123,794873.0
p014,Fibroblast,WNT2,30,12,123,794873.0
p014,Fibroblast,WNT5A,198,41,123,794873.0
p016,Epithelial,ACTA2,49,47,967,8613057.0
p016,Epithelial,ACVR1B,467,315,967,8613057.0
p016,Epithelial,ANG,0,0,967,8613057.0
p016,Epithelial,ANGPT1,0,0,967,8613057.0
p016,Epithelial,ANGPTL4,35,28,967,8613057.0
p016,Epithelial,AREG,2188,448,967,8613057.0
p016,Epithelial,AXL,4,4,967,8613057.0
p016,Epithelial,BMP2,488,260,967,8613057.0
p016,Epithelial,BMP6,0,0,967,8613057.0
p016,Epithelial,C3,8,5,967,8613057.0
p016,Epithelial,CCL1,0,0,967,8613057.0
p016,Epithelial,CCL13,1,1,967,8613057.0
p016,Epithelial,CCL16,0,0,967,8613057.0
p016,Epithelial,CCL2,9,9,967,8613057.0
p016,Epithelial,CCL20,1673,256,967,8613057.0
p016,Epithelial,CCL24,7,6,967,8613057.0
p016,Epithelial,CCL26,50,20,967,8613057.0
p016,Epithelial,CCL3,43,12,967,8613057.0
p016,Epithelial,CCL4,144,36,967,8613057.0
p016,Epithelial,CCL5,120,23,967,8613057.0
p016,Epithelial,CCL7,1,1,967,8613057.0
p016,Epithelial,CCL8,1,1,967,8613057.0
p016,Epithelial,CD55,482,225,967,8613057.0
p016,Epithelial,CD9,13880,835,967,8613057.0
p016,Epithelial,CDKN1A,1983,580,967,8613057.0
p016,Epithelial,CDKN2A,71,57,967,8613057.0
p016,Epithelial,CDKN2B,589,281,967,8613057.0
p016,Epithelial,COL1A1,207,178,967,8613057.0
p016,Epithelial,COL1A2,102,92,967,8613057.0
p016,Epithelial,COL3A1,117,108,967,8613057.0
p016,Epithelial,CSF1,34,15,967,8613057.0
p016,Epithelial,CSF2,63,5,967,8613057.0
p016,Epithelial,CSF2RB,6,6,967,8613057.0
p016,Epithelial,CST4,0,0,967,8613057.0
p016,Epithelial,CTNNB1,155,130,967,8613057.0
p016,Epithelial,CTSB,119,111,967,8613057.0
p016,Epithelial,CXCL1,732,144,967,8613057.0
p016,Epithelial,CXCL10,2,2,967,8613057.0
p016,Epithelial,CXCL12,25,12,967,8613057.0
p016,Epithelial,CXCL16,252,171,967,8613057.0
p016,Epithelial,CXCL2,974,221,967,8613057.0
p016,Epithelial,CXCL3,1281,279,967,8613057.0
p016,Epithelial,CXCL8,1250,136,967,8613057.0
p016,Epithelial,CXCR2,3,3,967,8613057.0
p016,Epithelial,DKK1,1,1,967,8613057.0
p016,Epithelial,EDN1,365,143,967,8613057.0
p016,Epithelial,EGF,48,42,967,8613057.0
p016,Epithelial,EGFR,269,197,967,8613057.0
p016,Epithelial,EREG,237,105,967,8613057.0
p016,Epithelial,ESM1,5,5,967,8613057.0
p016,Epithelial,ETS2,2093,606,967,8613057.0
p016,Epithelial,FAP,3,3,967,8613057.0
p016,Epithelial,FAS,250,184,967,8613057.0
p016,Epithelial,FGF1,0,0,967,8613057.0
p016,Epithelial,FGF2,74,46,967,8613057.0
p016,Epithelial,FGF7,2,2,967,8613057.0
p016,Epithelial,FN1,405,93,967,8613057.0
p016,Epithelial,GDF15,5535,682,967,8613057.0
p016,Epithelial,GEM,176,103,967,8613057.0
p016,Epithelial,GMFG,62,34,967,8613057.0
p016,Epithelial,HGF,1,1,967,8613057.0
p016,Epithelial,HMGB1,9880,854,967,8613057.0
p016,Epithelial,ICAM1,74,54,967,8613057.0
p016,Epithelial,ICAM3,268,208,967,8613057.0
p016,Epithelial,IGF1,14,8,967,8613057.0
p016,Epithelial,IGFBP1,2,1,967,8613057.0
p016,Epithelial,IGFBP2,3930,583,967,8613057.0
p016,Epithelial,IGFBP3,111,36,967,8613057.0
p016,Epithelial,IGFBP4,851,414,967,8613057.0
p016,Epithelial,IGFBP5,51,10,967,8613057.0
p016,Epithelial,IGFBP6,20,8,967,8613057.0
p016,Epithelial,IGFBP7,118,106,967,8613057.0
p016,Epithelial,IL10,0,0,967,8613057.0
p016,Epithelial,IL13,2,2,967,8613057.0
p016,Epithelial,IL15,20,19,967,8613057.0
p016,Epithelial,IL18,632,325,967,8613057.0
p016,Epithelial,IL1A,33,16,967,8613057.0
p016,Epithelial,IL1B,91,40,967,8613057.0
p016,Epithelial,IL2,6,2,967,8613057.0
p016,Epithelial,IL32,161,120,967,8613057.0
p016,Epithelial,IL6,1,1,967,8613057.0
p016,Epithelial,IL6ST,291,221,967,8613057.0
p016,Epithelial,IL7,7,7,967,8613057.0
p016,Epithelial,INHA,0,0,967,8613057.0
p016,Epithelial,INHBA,2,2,967,8613057.0
p016,Epithelial,IQGAP2,1017,461,967,8613057.0
p016,Epithelial,ITGA2,882,406,967,8613057.0
p016,Epithelial,ITPKA,205,130,967,8613057.0
p016,Epithelial,JUN,20646,908,967,8613057.0
p016,Epithelial,KITLG,378,234,967,8613057.0
p016,Epithelial,LCP1,103,46,967,8613057.0
p016,Epithelial,LMNB1,340,188,967,8613057.0
p016,Epithelial,MIF,1501,465,967,8613057.0
p016,Epithelial,MKI67,1848,287,967,8613057.0
p016,Epithelial,MMP1,20,14,967,8613057.0
p016,Epithelial,MMP10,7,4,967,8613057.0
p016,Epithelial,MMP12,13,12,967,8613057.0
p016,Epithelial,MMP13,3,3,967,8613057.0
p016,Epithelial,MMP14,25,25,967,8613057.0
p016,Epithelial,MMP2,22,22,967,8613057.0
p016,Epithelial,MMP3,4,4,967,8613057.0
p016,Epithelial,MMP9,3,3,967,8613057.0
p016,Epithelial,NAP1L4,879,473,967,8613057.0
p016,Epithelial,NRG1,0,0,967,8613057.0
p016,Epithelial,PAPPA,4,4,967,8613057.0
p016,Epithelial,PDPN,2,2,967,8613057.0
p016,Epithelial,PECAM1,10,10,967,8613057.0
p016,Epithelial,PGF,36,24,967,8613057.0
p016,Epithelial,PIGF,258,195,967,8613057.0
p016,Epithelial,PLAT,7,7,967,8613057.0
p016,Epithelial,PLAU,148,38,967,8613057.0
p016,Epithelial,PLAUR,186,122,967,8613057.0
p016,Epithelial,POSTN,9,9,967,8613057.0
p016,Epithelial,PTBP1,1397,589,967,8613057.0
p016,Epithelial,PTGER2,43,35,967,8613057.0
p016,Epithelial,PTGES,8,8,967,8613057.0
p016,Epithelial,RPS6KA5,242,192,967,8613057.0
p016,Epithelial,SCAMP4,205,177,967,8613057.0
p016,Epithelial,SELPLG,14,13,967,8613057.0
p016,Epithelial,SEMA3F,63,58,967,8613057.0
p016,Epithelial,SERPINB4,0,0,967,8613057.0
p016,Epithelial,SERPINE1,36,26,967,8613057.0
p016,Epithelial,SERPINE2,249,120,967,8613057.0
p016,Epithelial,SPP1,19,15,967,8613057.0
p016,Epithelial,SPX,0,0,967,8613057.0
p016,Epithelial,TAGLN,65,54,967,8613057.0
p016,Epithelial,TGFB1,31,29,967,8613057.0
p016,Epithelial,THY1,15,14,967,8613057.0
p016,Epithelial,TIMP2,273,142,967,8613057.0
p016,Epithelial,TNF,139,57,967,8613057.0
p016,Epithelial,TNFRSF10C,3,3,967,8613057.0
p016,Epithelial,TNFRSF11B,142,56,967,8613057.0
p016,Epithelial,TNFRSF1A,532,325,967,8613057.0
p016,Epithelial,TNFRSF1B,163,123,967,8613057.0
p016,Epithelial,TUBGCP2,598,372,967,8613057.0
p016,Epithelial,VEGFA,4739,828,967,8613057.0
p016,Epithelial,VEGFC,0,0,967,8613057.0
p016,Epithelial,VGF,22,21,967,8613057.0
p016,Epithelial,WNT16,0,0,967,8613057.0
p016,Epithelial,WNT2,0,0,967,8613057.0
p016,Epithelial,WNT5A,3,3,967,8613057.0
p016,Fibroblast,ACTA2,3227,170,261,2917314.0
p016,Fibroblast,ACVR1B,33,26,261,2917314.0
p016,Fibroblast,ANG,0,0,261,2917314.0
p016,Fibroblast,ANGPT1,130,69,261,2917314.0
p016,Fibroblast,ANGPTL4,12,6,261,2917314.0
p016,Fibroblast,AREG,165,19,261,2917314.0
p016,Fibroblast,AXL,412,177,261,2917314.0
p016,Fibroblast,BMP2,66,40,261,2917314.0
p016,Fibroblast,BMP6,8,7,261,2917314.0
p016,Fibroblast,C3,324,57,261,2917314.0
p016,Fibroblast,CCL1,0,0,261,2917314.0
p016,Fibroblast,CCL13,142,14,261,2917314.0
p016,Fibroblast,CCL16,0,0,261,2917314.0
p016,Fibroblast,CCL2,1628,129,261,2917314.0
p016,Fibroblast,CCL20,20,10,261,2917314.0
p016,Fibroblast,CCL24,0,0,261,2917314.0
p016,Fibroblast,CCL26,86,21,261,2917314.0
p016,Fibroblast,CCL3,0,0,261,2917314.0
p016,Fibroblast,CCL4,44,6,261,2917314.0
p016,Fibroblast,CCL5,13,3,261,2917314.0
p016,Fibroblast,CCL7,40,17,261,2917314.0
p016,Fibroblast,CCL8,25,5,261,2917314.0
p016,Fibroblast,CD55,298,135,261,2917314.0
p016,Fibroblast,CD9,897,191,261,2917314.0
p016,Fibroblast,CDKN1A,420,147,261,2917314.0
p016,Fibroblast,CDKN2A,38,27,261,2917314.0
p016,Fibroblast,CDKN2B,103,68,261,2917314.0
p016,Fibroblast,COL1A1,64775,257,261,2917314.0
p016,Fibroblast,COL1A2,56690,259,261,2917314.0
p016,Fibroblast,COL3A1,51576,261,261,2917314.0
p016,Fibroblast,CSF1,95,61,261,2917314.0
p016,Fibroblast,CSF2,13,2,261,2917314.0
p016,Fibroblast,CSF2RB,2,2,261,2917314.0
p016,Fibroblast,CST4,0,0,261,2917314.0
p016,Fibroblast,CTNNB1,97,78,261,2917314.0
p016,Fibroblast,CTSB,104,88,261,2917314.0
p016,Fibroblast,CXCL1,1496,75,261,2917314.0
p016,Fibroblast,CXCL10,506,6,261,2917314.0
p016,Fibroblast,CXCL12,111,60,261,2917314.0
p016,Fibroblast,CXCL16,50,42,261,2917314.0
p016,Fibroblast,CXCL2,455,61,261,2917314.0
p016,Fibroblast,CXCL3,594,44,261,2917314.0
p016,Fibroblast,CXCL8,1051,30,261,2917314.0
p016,Fibroblast,CXCR2,0,0,261,2917314.0
p016,Fibroblast,DKK1,0,0,261,2917314.0
p016,Fibroblast,EDN1,5,5,261,2917314.0
p016,Fibroblast,EGF,0,0,261,2917314.0
p016,Fibroblast,EGFR,103,82,261,2917314.0
p016,Fibroblast,EREG,20,4,261,2917314.0
p016,Fibroblast,ESM1,2,2,261,2917314.0
p016,Fibroblast,ETS2,524,161,261,2917314.0
p016,Fibroblast,FAP,594,186,261,2917314.0
p016,Fibroblast,FAS,154,103,261,2917314.0
p016,Fibroblast,FGF1,18,14,261,2917314.0
p016,Fibroblast,FGF2,100,62,261,2917314.0
p016,Fibroblast,FGF7,600,143,261,2917314.0
p016,Fibroblast,FN1,3927,216,261,2917314.0
p016,Fibroblast,GDF15,311,67,261,2917314.0
p016,Fibroblast,GEM,1135,180,261,2917314.0
p016,Fibroblast,GMFG,50,25,261,2917314.0
p016,Fibroblast,HGF,104,58,261,2917314.0
p016,Fibroblast,HMGB1,2052,257,261,2917314.0
p016,Fibroblast,ICAM1,197,90,261,2917314.0
p016,Fibroblast,ICAM3,62,50,261,2917314.0
p016,Fibroblast,IGF1,297,83,261,2917314.0
p016,Fibroblast,IGFBP1,0,0,261,2917314.0
p016,Fibroblast,IGFBP2,138,35,261,2917314.0
p016,Fibroblast,IGFBP3,490,83,261,2917314.0
p016,Fibroblast,IGFBP4,3230,253,261,2917314.0
p016,Fibroblast,IGFBP5,6094,208,261,2917314.0
p016,Fibroblast,IGFBP6,1406,200,261,2917314.0
p016,Fibroblast,IGFBP7,17076,260,261,2917314.0
p016,Fibroblast,IL10,28,13,261,2917314.0
p016,Fibroblast,IL13,1,1,261,2917314.0
p016,Fibroblast,IL15,18,15,261,2917314.0
p016,Fibroblast,IL18,3,3,261,2917314.0
p016,Fibroblast,IL1A,0,0,261,2917314.0
p016,Fibroblast,IL1B,2,2,261,2917314.0
p016,Fibroblast,IL2,0,0,261,2917314.0
p016,Fibroblast,IL32,126,86,261,2917314.0
p016,Fibroblast,IL6,66,7,261,2917314.0
p016,Fibroblast,IL6ST,1007,221,261,2917314.0
p016,Fibroblast,IL7,17,15,261,2917314.0
p016,Fibroblast,INHA,0,0,261,2917314.0
p016,Fibroblast,INHBA,55,46,261,2917314.0
p016,Fibroblast,IQGAP2,33,19,261,2917314.0
p016,Fibroblast,ITGA2,156,49,261,2917314.0
p016,Fibroblast,ITPKA,2,2,261,2917314.0
p016,Fibroblast,JUN,5836,248,261,2917314.0
p016,Fibroblast,KITLG,80,65,261,2917314.0
p016,Fibroblast,LCP1,13,9,261,2917314.0
p016,Fibroblast,LMNB1,17,11,261,2917314.0
p016,Fibroblast,MIF,332,159,261,2917314.0
p016,Fibroblast,MKI67,62,11,261,2917314.0
p016,Fibroblast,MMP1,2131,45,261,2917314.0
p016,Fibroblast,MMP10,80,10,261,2917314.0
p016,Fibroblast,MMP12,5,5,261,2917314.0
p016,Fibroblast,MMP13,338,23,261,2917314.0
p016,Fibroblast,MMP14,150,98,261,2917314.0
p016,Fibroblast,MMP2,4217,253,261,2917314.0
p016,Fibroblast,MMP3,1275,32,261,2917314.0
p016,Fibroblast,MMP9,2,1,261,2917314.0
p016,Fibroblast,NAP1L4,270,156,261,2917314.0
p016,Fibroblast,NRG1,51,21,261,2917314.0
p016,Fibroblast,PAPPA,335,89,261,2917314.0
p016,Fibroblast,PDPN,1226,227,261,2917314.0
p016,Fibroblast,PECAM1,2,2,261,2917314.0
p016,Fibroblast,PGF,75,48,261,2917314.0
p016,Fibroblast,PIGF,66,59,261,2917314.0
p016,Fibroblast,PLAT,1670,215,261,2917314.0
p016,Fibroblast,PLAU,959,182,261,2917314.0
p016,Fibroblast,PLAUR,52,44,261,2917314.0
p016,Fibroblast,POSTN,5850,179,261,2917314.0
p016,Fibroblast,PTBP1,284,158,261,2917314.0
p016,Fibroblast,PTGER2,133,91,261,2917314.0
p016,Fibroblast,PTGES,173,63,261,2917314.0
p016,Fibroblast,RPS6KA5,38,32,261,2917314.0
p016,Fibroblast,SCAMP4,64,58,261,2917314.0
p016,Fibroblast,SELPLG,1,1,261,2917314.0
p016,Fibroblast,SEMA3F,10,8,261,2917314.0
p016,Fibroblast,SERPINB4,0,0,261,2917314.0
p016,Fibroblast,SERPINE1,89,44,261,2917314.0
p016,Fibroblast,SERPINE2,1102,167,261,2917314.0
p016,Fibroblast,SPP1,1,1,261,2917314.0
p016,Fibroblast,SPX,0,0,261,2917314.0
p016,Fibroblast,TAGLN,6106,209,261,2917314.0
p016,Fibroblast,TGFB1,190,119,261,2917314.0
p016,Fibroblast,THY1,4871,243,261,2917314.0
p016,Fibroblast,TIMP2,3557,258,261,2917314.0
p016,Fibroblast,TNF,7,4,261,2917314.0
p016,Fibroblast,TNFRSF10C,0,0,261,2917314.0
p016,Fibroblast,TNFRSF11B,153,25,261,2917314.0
p016,Fibroblast,TNFRSF1A,552,215,261,2917314.0
p016,Fibroblast,TNFRSF1B,20,15,261,2917314.0
p016,Fibroblast,TUBGCP2,147,113,261,2917314.0
p016,Fibroblast,VEGFA,451,137,261,2917314.0
p016,Fibroblast,VEGFC,29,22,261,2917314.0
p016,Fibroblast,VGF,0,0,261,2917314.0
p016,Fibroblast,WNT16,1,1,261,2917314.0
p016,Fibroblast,WNT2,316,93,261,2917314.0
p016,Fibroblast,WNT5A,575,168,261,2917314.0
p017,Epithelial,ACTA2,50,43,1775,7940696.0
p017,Epithelial,ACVR1B,383,318,1775,7940696.0
p017,Epithelial,ANG,0,0,1775,7940696.0
p017,Epithelial,ANGPT1,1,1,1775,7940696.0
p017,Epithelial,ANGPTL4,28,24,1775,7940696.0
p017,Epithelial,AREG,1819,571,1775,7940696.0
p017,Epithelial,AXL,4,3,1775,7940696.0
p017,Epithelial,BMP2,319,244,1775,7940696.0
p017,Epithelial,BMP6,6,5,1775,7940696.0
p017,Epithelial,C3,16,8,1775,7940696.0
p017,Epithelial,CCL1,0,0,1775,7940696.0
p017,Epithelial,CCL13,2,2,1775,7940696.0
p017,Epithelial,CCL16,0,0,1775,7940696.0
p017,Epithelial,CCL2,13,7,1775,7940696.0
p017,Epithelial,CCL20,1060,278,1775,7940696.0
p017,Epithelial,CCL24,15,12,1775,7940696.0
p017,Epithelial,CCL26,13,13,1775,7940696.0
p017,Epithelial,CCL3,62,17,1775,7940696.0
p017,Epithelial,CCL4,263,85,1775,7940696.0
p017,Epithelial,CCL5,124,42,1775,7940696.0
p017,Epithelial,CCL7,0,0,1775,7940696.0
p017,Epithelial,CCL8,0,0,1775,7940696.0
p017,Epithelial,CD55,632,343,1775,7940696.0
p017,Epithelial,CD9,8248,1374,1775,7940696.0
p017,Epithelial,CDKN1A,2046,859,1775,7940696.0
p017,Epithelial,CDKN2A,49,43,1775,7940696.0
p017,Epithelial,CDKN2B,622,402,1775,7940696.0
p017,Epithelial,COL1A1,49,35,1775,7940696.0
p017,Epithelial,COL1A2,20,14,1775,7940696.0
p017,Epithelial,COL3A1,19,9,1775,7940696.0
p017,Epithelial,CSF1,16,12,1775,7940696.0
p017,Epithelial,CSF2,1,1,1775,7940696.0
p017,Epithelial,CSF2RB,22,15,1775,7940696.0
p017,Epithelial,CST4,0,0,1775,7940696.0
p017,Epithelial,CTNNB1,98,93,1775,7940696.0
p017,Epithelial,CTSB,77,71,1775,7940696.0
p017,Epithelial,CXCL1,120,81,1775,7940696.0
p017,Epithelial,CXCL10,11,5,1775,7940696.0
p017,Epithelial,CXCL12,9,7,1775,7940696.0
p017,Epithelial,CXCL16,286,227,1775,7940696.0
p017,Epithelial,CXCL2,227,144,1775,7940696.0
p017,Epithelial,CXCL3,465,226,1775,7940696.0
p017,Epithelial,CXCL8,152,67,1775,7940696.0
p017,Epithelial,CXCR2,0,0,1775,7940696.0
p017,Epithelial,DKK1,0,0,1775,7940696.0
p017,Epithelial,EDN1,531,295,1775,7940696.0
p017,Epithelial,EGF,7,7,1775,7940696.0
p017,Epithelial,EGFR,417,331,1775,7940696.0
p017,Epithelial,EREG,170,105,1775,7940696.0
p017,Epithelial,ESM1,0,0,1775,7940696.0
p017,Epithelial,ETS2,1978,808,1775,7940696.0
p017,Epithelial,FAP,4,4,1775,7940696.0
p017,Epithelial,FAS,182,159,1775,7940696.0
p017,Epithelial,FGF1,0,0,1775,7940696.0
p017,Epithelial,FGF2,2,2,1775,7940696.0
p017,Epithelial,FGF7,2,2,1775,7940696.0
p017,Epithelial,FN1,12,8,1775,7940696.0
p017,Epithelial,GDF15,1172,401,1775,7940696.0
p017,Epithelial,GEM,18,18,1775,7940696.0
p017,Epithelial,GMFG,73,46,1775,7940696.0
p017,Epithelial,HGF,0,0,1775,7940696.0
p017,Epithelial,HMGB1,7161,1230,1775,7940696.0
p017,Epithelial,ICAM1,18,11,1775,7940696.0
p017,Epithelial,ICAM3,342,276,1775,7940696.0
p017,Epithelial,IGF1,10,10,1775,7940696.0
p017,Epithelial,IGFBP1,0,0,1775,7940696.0
p017,Epithelial,IGFBP2,3076,805,1775,7940696.0
p017,Epithelial,IGFBP3,55,42,1775,7940696.0
p017,Epithelial,IGFBP4,666,460,1775,7940696.0
p017,Epithelial,IGFBP5,22,12,1775,7940696.0
p017,Epithelial,IGFBP6,10,9,1775,7940696.0
p017,Epithelial,IGFBP7,51,34,1775,7940696.0
p017,Epithelial,IL10,1,1,1775,7940696.0
p017,Epithelial,IL13,1,1,1775,7940696.0
p017,Epithelial,IL15,33,33,1775,7940696.0
p017,Epithelial,IL18,821,499,1775,7940696.0
p017,Epithelial,IL1A,6,2,1775,7940696.0
p017,Epithelial,IL1B,33,29,1775,7940696.0
p017,Epithelial,IL2,1,1,1775,7940696.0
p017,Epithelial,IL32,281,208,1775,7940696.0
p017,Epithelial,IL6,0,0,1775,7940696.0
p017,Epithelial,IL6ST,341,274,1775,7940696.0
p017,Epithelial,IL7,4,4,1775,7940696.0
p017,Epithelial,INHA,0,0,1775,7940696.0
p017,Epithelial,INHBA,0,0,1775,7940696.0
p017,Epithelial,IQGAP2,1074,587,1775,7940696.0
p017,Epithelial,ITGA2,369,261,1775,7940696.0
p017,Epithelial,ITPKA,291,246,1775,7940696.0
p017,Epithelial,JUN,11868,1531,1775,7940696.0
p017,Epithelial,KITLG,199,171,1775,7940696.0
p017,Epithelial,LCP1,57,33,1775,7940696.0
p017,Epithelial,LMNB1,259,141,1775,7940696.0
p017,Epithelial,MIF,1163,577,1775,7940696.0
p017,Epithelial,MKI67,633,202,1775,7940696.0
p017,Epithelial,MMP1,1,1,1775,7940696.0
p017,Epithelial,MMP10,0,0,1775,7940696.0
p017,Epithelial,MMP12,4,4,1775,7940696.0
p017,Epithelial,MMP13,0,0,1775,7940696.0
p017,Epithelial,MMP14,6,6,1775,7940696.0
p017,Epithelial,MMP2,5,5,1775,7940696.0
p017,Epithelial,MMP3,0,0,1775,7940696.0
p017,Epithelial,MMP9,4,4,1775,7940696.0
p017,Epithelial,NAP1L4,523,366,1775,7940696.0
p017,Epithelial,NRG1,3,2,1775,7940696.0
p017,Epithelial,PAPPA,11,11,1775,7940696.0
p017,Epithelial,PDPN,0,0,1775,7940696.0
p017,Epithelial,PECAM1,11,10,1775,7940696.0
p017,Epithelial,PGF,13,11,1775,7940696.0
p017,Epithelial,PIGF,290,224,1775,7940696.0
p017,Epithelial,PLAT,5,3,1775,7940696.0
p017,Epithelial,PLAU,6,6,1775,7940696.0
p017,Epithelial,PLAUR,241,188,1775,7940696.0
p017,Epithelial,POSTN,2,2,1775,7940696.0
p017,Epithelial,PTBP1,1077,645,1775,7940696.0
p017,Epithelial,PTGER2,73,66,1775,7940696.0
p017,Epithelial,PTGES,19,18,1775,7940696.0
p017,Epithelial,RPS6KA5,453,334,1775,7940696.0
p017,Epithelial,SCAMP4,271,237,1775,7940696.0
p017,Epithelial,SELPLG,6,6,1775,7940696.0
p017,Epithelial,SEMA3F,55,48,1775,7940696.0
p017,Epithelial,SERPINB4,0,0,1775,7940696.0
p017,Epithelial,SERPINE1,10,10,1775,7940696.0
p017,Epithelial,SERPINE2,152,107,1775,7940696.0
p017,Epithelial,SPP1,12,12,1775,7940696.0
p017,Epithelial,SPX,0,0,1775,7940696.0
p017,Epithelial,TAGLN,117,97,1775,7940696.0
p017,Epithelial,TGFB1,34,30,1775,7940696.0
p017,Epithelial,THY1,5,4,1775,7940696.0
p017,Epithelial,TIMP2,497,250,1775,7940696.0
p017,Epithelial,TNF,27,21,1775,7940696.0
p017,Epithelial,TNFRSF10C,6,6,1775,7940696.0
p017,Epithelial,TNFRSF11B,113,92,1775,7940696.0
p017,Epithelial,TNFRSF1A,948,597,1775,7940696.0
p017,Epithelial,TNFRSF1B,154,136,1775,7940696.0
p017,Epithelial,TUBGCP2,424,336,1775,7940696.0
p017,Epithelial,VEGFA,1094,673,1775,7940696.0
p017,Epithelial,VEGFC,0,0,1775,7940696.0
p017,Epithelial,VGF,7,7,1775,7940696.0
p017,Epithelial,WNT16,1,1,1775,7940696.0
p017,Epithelial,WNT2,0,0,1775,7940696.0
p017,Epithelial,WNT5A,15,15,1775,7940696.0
p017,Fibroblast,ACTA2,2175,201,402,1562672.0
p017,Fibroblast,ACVR1B,19,18,402,1562672.0
p017,Fibroblast,ANG,0,0,402,1562672.0
p017,Fibroblast,ANGPT1,59,47,402,1562672.0
p017,Fibroblast,ANGPTL4,8,8,402,1562672.0
p017,Fibroblast,AREG,50,20,402,1562672.0
p017,Fibroblast,AXL,214,136,402,1562672.0
p017,Fibroblast,BMP2,52,35,402,1562672.0
p017,Fibroblast,BMP6,8,7,402,1562672.0
p017,Fibroblast,C3,2005,225,402,1562672.0
p017,Fibroblast,CCL1,0,0,402,1562672.0
p017,Fibroblast,CCL13,628,30,402,1562672.0
p017,Fibroblast,CCL16,0,0,402,1562672.0
p017,Fibroblast,CCL2,1078,170,402,1562672.0
p017,Fibroblast,CCL20,10,6,402,1562672.0
p017,Fibroblast,CCL24,0,0,402,1562672.0
p017,Fibroblast,CCL26,17,12,402,1562672.0
p017,Fibroblast,CCL3,11,4,402,1562672.0
p017,Fibroblast,CCL4,130,19,402,1562672.0
p017,Fibroblast,CCL5,47,11,402,1562672.0
p017,Fibroblast,CCL7,18,8,402,1562672.0
p017,Fibroblast,CCL8,75,17,402,1562672.0
p017,Fibroblast,CD55,138,83,402,1562672.0
p017,Fibroblast,CD9,820,277,402,1562672.0
p017,Fibroblast,CDKN1A,136,87,402,1562672.0
p017,Fibroblast,CDKN2A,48,35,402,1562672.0
p017,Fibroblast,CDKN2B,62,50,402,1562672.0
p017,Fibroblast,COL1A1,4541,333,402,1562672.0
p017,Fibroblast,COL1A2,5606,339,402,1562672.0
p017,Fibroblast,COL3A1,5904,336,402,1562672.0
p017,Fibroblast,CSF1,152,107,402,1562672.0
p017,Fibroblast,CSF2,0,0,402,1562672.0
p017,Fibroblast,CSF2RB,14,12,402,1562672.0
p017,Fibroblast,CST4,0,0,402,1562672.0
p017,Fibroblast,CTNNB1,21,18,402,1562672.0
p017,Fibroblast,CTSB,28,27,402,1562672.0
p017,Fibroblast,CXCL1,122,42,402,1562672.0
p017,Fibroblast,CXCL10,15,6,402,1562672.0
p017,Fibroblast,CXCL12,106,78,402,1562672.0
p017,Fibroblast,CXCL16,44,40,402,1562672.0
p017,Fibroblast,CXCL2,75,29,402,1562672.0
p017,Fibroblast,CXCL3,43,19,402,1562672.0
p017,Fibroblast,CXCL8,31,10,402,1562672.0
p017,Fibroblast,CXCR2,0,0,402,1562672.0
p017,Fibroblast,DKK1,0,0,402,1562672.0
p017,Fibroblast,EDN1,11,2,402,1562672.0
p017,Fibroblast,EGF,0,0,402,1562672.0
p017,Fibroblast,EGFR,110,85,402,1562672.0
p017,Fibroblast,EREG,5,1,402,1562672.0
p017,Fibroblast,ESM1,16,10,402,1562672.0
p017,Fibroblast,ETS2,158,102,402,1562672.0
p017,Fibroblast,FAP,152,94,402,1562672.0
p017,Fibroblast,FAS,77,61,402,1562672.0
p017,Fibroblast,FGF1,21,18,402,1562672.0
p017,Fibroblast,FGF2,76,62,402,1562672.0
p017,Fibroblast,FGF7,229,126,402,1562672.0
p017,Fibroblast,FN1,988,247,402,1562672.0
p017,Fibroblast,GDF15,24,13,402,1562672.0
p017,Fibroblast,GEM,168,106,402,1562672.0
p017,Fibroblast,GMFG,82,52,402,1562672.0
p017,Fibroblast,HGF,68,57,402,1562672.0
p017,Fibroblast,HMGB1,1680,375,402,1562672.0
p017,Fibroblast,ICAM1,59,46,402,1562672.0
p017,Fibroblast,ICAM3,31,26,402,1562672.0
p017,Fibroblast,IGF1,664,162,402,1562672.0
p017,Fibroblast,IGFBP1,0,0,402,1562672.0
p017,Fibroblast,IGFBP2,75,41,402,1562672.0
p017,Fibroblast,IGFBP3,286,81,402,1562672.0
p017,Fibroblast,IGFBP4,1570,272,402,1562672.0
p017,Fibroblast,IGFBP5,2895,259,402,1562672.0
p017,Fibroblast,IGFBP6,1455,219,402,1562672.0
p017,Fibroblast,IGFBP7,8380,392,402,1562672.0
p017,Fibroblast,IL10,3,1,402,1562672.0
p017,Fibroblast,IL13,0,0,402,1562672.0
p017,Fibroblast,IL15,21,18,402,1562672.0
p017,Fibroblast,IL18,8,4,402,1562672.0
p017,Fibroblast,IL1A,0,0,402,1562672.0
p017,Fibroblast,IL1B,9,3,402,1562672.0
p017,Fibroblast,IL2,0,0,402,1562672.0
p017,Fibroblast,IL32,45,38,402,1562672.0
p017,Fibroblast,IL6,6,5,402,1562672.0
p017,Fibroblast,IL6ST,889,306,402,1562672.0
p017,Fibroblast,IL7,1,1,402,1562672.0
p017,Fibroblast,INHA,0,0,402,1562672.0
p017,Fibroblast,INHBA,5,5,402,1562672.0
p017,Fibroblast,IQGAP2,92,64,402,1562672.0
p017,Fibroblast,ITGA2,19,13,402,1562672.0
p017,Fibroblast,ITPKA,0,0,402,1562672.0
p017,Fibroblast,JUN,2523,362,402,1562672.0
p017,Fibroblast,KITLG,161,111,402,1562672.0
p017,Fibroblast,LCP1,26,15,402,1562672.0
p017,Fibroblast,LMNB1,13,7,402,1562672.0
p017,Fibroblast,MIF,280,182,402,1562672.0
p017,Fibroblast,MKI67,45,5,402,1562672.0
p017,Fibroblast,MMP1,22,15,402,1562672.0
p017,Fibroblast,MMP10,2,2,402,1562672.0
p017,Fibroblast,MMP12,7,2,402,1562672.0
p017,Fibroblast,MMP13,0,0,402,1562672.0
p017,Fibroblast,MMP14,7,7,402,1562672.0
p017,Fibroblast,MMP2,887,257,402,1562672.0
p017,Fibroblast,MMP3,22,8,402,1562672.0
p017,Fibroblast,MMP9,4,2,402,1562672.0
p017,Fibroblast,NAP1L4,92,78,402,1562672.0
p017,Fibroblast,NRG1,62,33,402,1562672.0
p017,Fibroblast,PAPPA,174,104,402,1562672.0
p017,Fibroblast,PDPN,138,92,402,1562672.0
p017,Fibroblast,PECAM1,17,9,402,1562672.0
p017,Fibroblast,PGF,92,71,402,1562672.0
p017,Fibroblast,PIGF,52,49,402,1562672.0
p017,Fibroblast,PLAT,343,111,402,1562672.0
p017,Fibroblast,PLAU,106,71,402,1562672.0
p017,Fibroblast,PLAUR,7,6,402,1562672.0
p017,Fibroblast,POSTN,1014,112,402,1562672.0
p017,Fibroblast,PTBP1,117,94,402,1562672.0
p017,Fibroblast,PTGER2,34,31,402,1562672.0
p017,Fibroblast,PTGES,46,38,402,1562672.0
p017,Fibroblast,RPS6KA5,55,40,402,1562672.0
p017,Fibroblast,SCAMP4,36,34,402,1562672.0
p017,Fibroblast,SELPLG,4,3,402,1562672.0
p017,Fibroblast,SEMA3F,8,7,402,1562672.0
p017,Fibroblast,SERPINB4,0,0,402,1562672.0
p017,Fibroblast,SERPINE1,39,28,402,1562672.0
p017,Fibroblast,SERPINE2,2180,221,402,1562672.0
p017,Fibroblast,SPP1,1,1,402,1562672.0
p017,Fibroblast,SPX,0,0,402,1562672.0
p017,Fibroblast,TAGLN,3377,265,402,1562672.0
p017,Fibroblast,TGFB1,39,35,402,1562672.0
p017,Fibroblast,THY1,1149,232,402,1562672.0
p017,Fibroblast,TIMP2,1247,333,402,1562672.0
p017,Fibroblast,TNF,7,7,402,1562672.0
p017,Fibroblast,TNFRSF10C,5,5,402,1562672.0
p017,Fibroblast,TNFRSF11B,18,12,402,1562672.0
p017,Fibroblast,TNFRSF1A,191,143,402,1562672.0
p017,Fibroblast,TNFRSF1B,27,24,402,1562672.0
p017,Fibroblast,TUBGCP2,66,63,402,1562672.0
p017,Fibroblast,VEGFA,135,97,402,1562672.0
p017,Fibroblast,VEGFC,5,5,402,1562672.0
p017,Fibroblast,VGF,0,0,402,1562672.0
p017,Fibroblast,WNT16,1,1,402,1562672.0
p017,Fibroblast,WNT2,10,6,402,1562672.0
p017,Fibroblast,WNT5A,122,69,402,1562672.0
p020,Epithelial,ACTA2,3,3,320,2125814.0
p020,Epithelial,ACVR1B,84,70,320,2125814.0
p020,Epithelial,ANG,0,0,320,2125814.0
p020,Epithelial,ANGPT1,0,0,320,2125814.0
p020,Epithelial,ANGPTL4,20,15,320,2125814.0
p020,Epithelial,AREG,251,105,320,2125814.0
p020,Epithelial,AXL,1,1,320,2125814.0
p020,Epithelial,BMP2,27,20,320,2125814.0
p020,Epithelial,BMP6,0,0,320,2125814.0
p020,Epithelial,C3,3,3,320,2125814.0
p020,Epithelial,CCL1,0,0,320,2125814.0
p020,Epithelial,CCL13,0,0,320,2125814.0
p020,Epithelial,CCL16,0,0,320,2125814.0
p020,Epithelial,CCL2,0,0,320,2125814.0
p020,Epithelial,CCL20,401,82,320,2125814.0
p020,Epithelial,CCL24,0,0,320,2125814.0
p020,Epithelial,CCL26,12,4,320,2125814.0
p020,Epithelial,CCL3,25,14,320,2125814.0
p020,Epithelial,CCL4,57,31,320,2125814.0
p020,Epithelial,CCL5,106,24,320,2125814.0
p020,Epithelial,CCL7,0,0,320,2125814.0
p020,Epithelial,CCL8,0,0,320,2125814.0
p020,Epithelial,CD55,101,63,320,2125814.0
p020,Epithelial,CD9,1215,235,320,2125814.0
p020,Epithelial,CDKN1A,179,114,320,2125814.0
p020,Epithelial,CDKN2A,103,74,320,2125814.0
p020,Epithelial,CDKN2B,59,34,320,2125814.0
p020,Epithelial,COL1A1,12,9,320,2125814.0
p020,Epithelial,COL1A2,0,0,320,2125814.0
p020,Epithelial,COL3A1,0,0,320,2125814.0
p020,Epithelial,CSF1,30,17,320,2125814.0
p020,Epithelial,CSF2,5,5,320,2125814.0
p020,Epithelial,CSF2RB,3,1,320,2125814.0
p020,Epithelial,CST4,0,0,320,2125814.0
p020,Epithelial,CTNNB1,68,59,320,2125814.0
p020,Epithelial,CTSB,12,11,320,2125814.0
p020,Epithelial,CXCL1,131,57,320,2125814.0
p020,Epithelial,CXCL10,102,29,320,2125814.0
p020,Epithelial,CXCL12,2,1,320,2125814.0
p020,Epithelial,CXCL16,115,77,320,2125814.0
p020,Epithelial,CXCL2,116,55,320,2125814.0
p020,Epithelial,CXCL3,242,102,320,2125814.0
p020,Epithelial,CXCL8,97,39,320,2125814.0
p020,Epithelial,CXCR2,0,0,320,2125814.0
p020,Epithelial,DKK1,0,0,320,2125814.0
p020,Epithelial,EDN1,158,69,320,2125814.0
p020,Epithelial,EGF,1,1,320,2125814.0
p020,Epithelial,EGFR,131,89,320,2125814.0
p020,Epithelial,EREG,10,9,320,2125814.0
p020,Epithelial,ESM1,0,0,320,2125814.0
p020,Epithelial,ETS2,649,222,320,2125814.0
p020,Epithelial,FAP,3,3,320,2125814.0
p020,Epithelial,FAS,32,25,320,2125814.0
p020,Epithelial,FGF1,0,0,320,2125814.0
p020,Epithelial,FGF2,3,3,320,2125814.0
p020,Epithelial,FGF7,1,1,320,2125814.0
p020,Epithelial,FN1,13,9,320,2125814.0
p020,Epithelial,GDF15,537,156,320,2125814.0
p020,Epithelial,GEM,22,21,320,2125814.0
p020,Epithelial,GMFG,13,8,320,2125814.0
p020,Epithelial,HGF,0,0,320,2125814.0
p020,Epithelial,HMGB1,3134,298,320,2125814.0
p020,Epithelial,ICAM1,30,27,320,2125814.0
p020,Epithelial,ICAM3,99,80,320,2125814.0
p020,Epithelial,IGF1,0,0,320,2125814.0
p020,Epithelial,IGFBP1,0,0,320,2125814.0
p020,Epithelial,IGFBP2,460,71,320,2125814.0
p020,Epithelial,IGFBP3,0,0,320,2125814.0
p020,Epithelial,IGFBP4,185,114,320,2125814.0
p020,Epithelial,IGFBP5,1,1,320,2125814.0
p020,Epithelial,IGFBP6,29,7,320,2125814.0
p020,Epithelial,IGFBP7,2,2,320,2125814.0
p020,Epithelial,IL10,0,0,320,2125814.0
p020,Epithelial,IL13,2,2,320,2125814.0
p020,Epithelial,IL15,4,4,320,2125814.0
p020,Epithelial,IL18,121,79,320,2125814.0
p020,Epithelial,IL1A,1,1,320,2125814.0
p020,Epithelial,IL1B,7,7,320,2125814.0
p020,Epithelial,IL2,0,0,320,2125814.0
p020,Epithelial,IL32,101,71,320,2125814.0
p020,Epithelial,IL6,0,0,320,2125814.0
p020,Epithelial,IL6ST,104,74,320,2125814.0
p020,Epithelial,IL7,5,5,320,2125814.0
p020,Epithelial,INHA,0,0,320,2125814.0
p020,Epithelial,INHBA,0,0,320,2125814.0
p020,Epithelial,IQGAP2,120,81,320,2125814.0
p020,Epithelial,ITGA2,162,102,320,2125814.0
p020,Epithelial,ITPKA,86,62,320,2125814.0
p020,Epithelial,JUN,5454,291,320,2125814.0
p020,Epithelial,KITLG,51,44,320,2125814.0
p020,Epithelial,LCP1,28,13,320,2125814.0
p020,Epithelial,LMNB1,144,100,320,2125814.0
p020,Epithelial,MIF,491,173,320,2125814.0
p020,Epithelial,MKI67,997,165,320,2125814.0
p020,Epithelial,MMP1,8,5,320,2125814.0
p020,Epithelial,MMP10,1,1,320,2125814.0
p020,Epithelial,MMP12,1,1,320,2125814.0
p020,Epithelial,MMP13,0,0,320,2125814.0
p020,Epithelial,MMP14,14,12,320,2125814.0
p020,Epithelial,MMP2,0,0,320,2125814.0
p020,Epithelial,MMP3,0,0,320,2125814.0
p020,Epithelial,MMP9,0,0,320,2125814.0
p020,Epithelial,NAP1L4,393,182,320,2125814.0
p020,Epithelial,NRG1,0,0,320,2125814.0
p020,Epithelial,PAPPA,1,1,320,2125814.0
p020,Epithelial,PDPN,0,0,320,2125814.0
p020,Epithelial,PECAM1,2,2,320,2125814.0
p020,Epithelial,PGF,18,16,320,2125814.0
p020,Epithelial,PIGF,69,60,320,2125814.0
p020,Epithelial,PLAT,0,0,320,2125814.0
p020,Epithelial,PLAU,20,15,320,2125814.0
p020,Epithelial,PLAUR,48,42,320,2125814.0
p020,Epithelial,POSTN,0,0,320,2125814.0
p020,Epithelial,PTBP1,429,195,320,2125814.0
p020,Epithelial,PTGER2,4,4,320,2125814.0
p020,Epithelial,PTGES,14,14,320,2125814.0
p020,Epithelial,RPS6KA5,64,47,320,2125814.0
p020,Epithelial,SCAMP4,45,41,320,2125814.0
p020,Epithelial,SELPLG,7,5,320,2125814.0
p020,Epithelial,SEMA3F,44,37,320,2125814.0
p020,Epithelial,SERPINB4,0,0,320,2125814.0
p020,Epithelial,SERPINE1,7,2,320,2125814.0
p020,Epithelial,SERPINE2,10,10,320,2125814.0
p020,Epithelial,SPP1,2,2,320,2125814.0
p020,Epithelial,SPX,0,0,320,2125814.0
p020,Epithelial,TAGLN,15,13,320,2125814.0
p020,Epithelial,TGFB1,4,4,320,2125814.0
p020,Epithelial,THY1,0,0,320,2125814.0
p020,Epithelial,TIMP2,34,28,320,2125814.0
p020,Epithelial,TNF,12,7,320,2125814.0
p020,Epithelial,TNFRSF10C,0,0,320,2125814.0
p020,Epithelial,TNFRSF11B,12,11,320,2125814.0
p020,Epithelial,TNFRSF1A,131,101,320,2125814.0
p020,Epithelial,TNFRSF1B,62,54,320,2125814.0
p020,Epithelial,TUBGCP2,181,126,320,2125814.0
p020,Epithelial,VEGFA,770,234,320,2125814.0
p020,Epithelial,VEGFC,0,0,320,2125814.0
p020,Epithelial,VGF,26,13,320,2125814.0
p020,Epithelial,WNT16,0,0,320,2125814.0
p020,Epithelial,WNT2,0,0,320,2125814.0
p020,Epithelial,WNT5A,0,0,320,2125814.0
p021,Epithelial,ACTA2,1,1,132,450118.0
p021,Epithelial,ACVR1B,13,10,132,450118.0
p021,Epithelial,ANG,0,0,132,450118.0
p021,Epithelial,ANGPT1,0,0,132,450118.0
p021,Epithelial,ANGPTL4,0,0,132,450118.0
p021,Epithelial,AREG,269,65,132,450118.0
p021,Epithelial,AXL,0,0,132,450118.0
p021,Epithelial,BMP2,6,5,132,450118.0
p021,Epithelial,BMP6,0,0,132,450118.0
p021,Epithelial,C3,6,4,132,450118.0
p021,Epithelial,CCL1,0,0,132,450118.0
p021,Epithelial,CCL13,0,0,132,450118.0
p021,Epithelial,CCL16,0,0,132,450118.0
p021,Epithelial,CCL2,0,0,132,450118.0
p021,Epithelial,CCL20,491,50,132,450118.0
p021,Epithelial,CCL24,0,0,132,450118.0
p021,Epithelial,CCL26,0,0,132,450118.0
p021,Epithelial,CCL3,16,15,132,450118.0
p021,Epithelial,CCL4,49,24,132,450118.0
p021,Epithelial,CCL5,63,16,132,450118.0
p021,Epithelial,CCL7,0,0,132,450118.0
p021,Epithelial,CCL8,0,0,132,450118.0
p021,Epithelial,CD55,48,17,132,450118.0
p021,Epithelial,CD9,200,47,132,450118.0
p021,Epithelial,CDKN1A,78,35,132,450118.0
p021,Epithelial,CDKN2A,29,15,132,450118.0
p021,Epithelial,CDKN2B,15,11,132,450118.0
p021,Epithelial,COL1A1,17,15,132,450118.0
p021,Epithelial,COL1A2,16,13,132,450118.0
p021,Epithelial,COL3A1,20,17,132,450118.0
p021,Epithelial,CSF1,5,3,132,450118.0
p021,Epithelial,CSF2,0,0,132,450118.0
p021,Epithelial,CSF2RB,3,3,132,450118.0
p021,Epithelial,CST4,0,0,132,450118.0
p021,Epithelial,CTNNB1,7,7,132,450118.0
p021,Epithelial,CTSB,13,12,132,450118.0
p021,Epithelial,CXCL1,123,20,132,450118.0
p021,Epithelial,CXCL10,7,3,132,450118.0
p021,Epithelial,CXCL12,1,1,132,450118.0
p021,Epithelial,CXCL16,34,13,132,450118.0
p021,Epithelial,CXCL2,72,27,132,450118.0
p021,Epithelial,CXCL3,74,27,132,450118.0
p021,Epithelial,CXCL8,231,41,132,450118.0
p021,Epithelial,CXCR2,0,0,132,450118.0
p021,Epithelial,DKK1,0,0,132,450118.0
p021,Epithelial,EDN1,32,15,132,450118.0
p021,Epithelial,EGF,0,0,132,450118.0
p021,Epithelial,EGFR,24,19,132,450118.0
p021,Epithelial,EREG,134,31,132,450118.0
p021,Epithelial,ESM1,0,0,132,450118.0
p021,Epithelial,ETS2,74,45,132,450118.0
p021,Epithelial,FAP,0,0,132,450118.0
p021,Epithelial,FAS,8,6,132,450118.0
p021,Epithelial,FGF1,0,0,132,450118.0
p021,Epithelial,FGF2,2,1,132,450118.0
p021,Epithelial,FGF7,0,0,132,450118.0
p021,Epithelial,FN1,11,8,132,450118.0
p021,Epithelial,GDF15,200,55,132,450118.0
p021,Epithelial,GEM,11,8,132,450118.0
p021,Epithelial,GMFG,18,12,132,450118.0
p021,Epithelial,HGF,0,0,132,450118.0
p021,Epithelial,HMGB1,373,82,132,450118.0
p021,Epithelial,ICAM1,11,10,132,450118.0
p021,Epithelial,ICAM3,15,13,132,450118.0
p021,Epithelial,IGF1,0,0,132,450118.0
p021,Epithelial,IGFBP1,0,0,132,450118.0
p021,Epithelial,IGFBP2,168,42,132,450118.0
p021,Epithelial,IGFBP3,11,1,132,450118.0
p021,Epithelial,IGFBP4,50,31,132,450118.0
p021,Epithelial,IGFBP5,1,1,132,450118.0
p021,Epithelial,IGFBP6,0,0,132,450118.0
p021,Epithelial,IGFBP7,4,4,132,450118.0
p021,Epithelial,IL10,0,0,132,450118.0
p021,Epithelial,IL13,0,0,132,450118.0
p021,Epithelial,IL15,4,4,132,450118.0
p021,Epithelial,IL18,21,10,132,450118.0
p021,Epithelial,IL1A,0,0,132,450118.0
p021,Epithelial,IL1B,12,10,132,450118.0
p021,Epithelial,IL2,0,0,132,450118.0
p021,Epithelial,IL32,21,15,132,450118.0
p021,Epithelial,IL6,0,0,132,450118.0
p021,Epithelial,IL6ST,26,18,132,450118.0
p021,Epithelial,IL7,1,1,132,450118.0
p021,Epithelial,INHA,0,0,132,450118.0
p021,Epithelial,INHBA,0,0,132,450118.0
p021,Epithelial,IQGAP2,9,8,132,450118.0
p021,Epithelial,ITGA2,85,32,132,450118.0
p021,Epithelial,ITPKA,3,3,132,450118.0
p021,Epithelial,JUN,1652,122,132,450118.0
p021,Epithelial,KITLG,11,10,132,450118.0
p021,Epithelial,LCP1,29,16,132,450118.0
p021,Epithelial,LMNB1,10,7,132,450118.0
p021,Epithelial,MIF,162,61,132,450118.0
p021,Epithelial,MKI67,138,26,132,450118.0
p021,Epithelial,MMP1,3,3,132,450118.0
p021,Epithelial,MMP10,2,2,132,450118.0
p021,Epithelial,MMP12,5,4,132,450118.0
p021,Epithelial,MMP13,0,0,132,450118.0
p021,Epithelial,MMP14,1,1,132,450118.0
p021,Epithelial,MMP2,0,0,132,450118.0
p021,Epithelial,MMP3,0,0,132,450118.0
p021,Epithelial,MMP9,16,5,132,450118.0
p021,Epithelial,NAP1L4,48,32,132,450118.0
p021,Epithelial,NRG1,0,0,132,450118.0
p021,Epithelial,PAPPA,5,4,132,450118.0
p021,Epithelial,PDPN,1,1,132,450118.0
p021,Epithelial,PECAM1,3,3,132,450118.0
p021,Epithelial,PGF,2,2,132,450118.0
p021,Epithelial,PIGF,13,12,132,450118.0
p021,Epithelial,PLAT,0,0,132,450118.0
p021,Epithelial,PLAU,7,7,132,450118.0
p021,Epithelial,PLAUR,16,7,132,450118.0
p021,Epithelial,POSTN,4,3,132,450118.0
p021,Epithelial,PTBP1,71,41,132,450118.0
p021,Epithelial,PTGER2,0,0,132,450118.0
p021,Epithelial,PTGES,2,2,132,450118.0
p021,Epithelial,RPS6KA5,24,17,132,450118.0
p021,Epithelial,SCAMP4,14,12,132,450118.0
p021,Epithelial,SELPLG,0,0,132,450118.0
p021,Epithelial,SEMA3F,10,9,132,450118.0
p021,Epithelial,SERPINB4,0,0,132,450118.0
p021,Epithelial,SERPINE1,5,3,132,450118.0
p021,Epithelial,SERPINE2,8,6,132,450118.0
p021,Epithelial,SPP1,4,4,132,450118.0
p021,Epithelial,SPX,0,0,132,450118.0
p021,Epithelial,TAGLN,5,5,132,450118.0
p021,Epithelial,TGFB1,11,11,132,450118.0
p021,Epithelial,THY1,1,1,132,450118.0
p021,Epithelial,TIMP2,22,14,132,450118.0
p021,Epithelial,TNF,13,8,132,450118.0
p021,Epithelial,TNFRSF10C,2,2,132,450118.0
p021,Epithelial,TNFRSF11B,15,7,132,450118.0
p021,Epithelial,TNFRSF1A,40,22,132,450118.0
p021,Epithelial,TNFRSF1B,17,14,132,450118.0
p021,Epithelial,TUBGCP2,39,29,132,450118.0
p021,Epithelial,VEGFA,224,88,132,450118.0
p021,Epithelial,VEGFC,0,0,132,450118.0
p021,Epithelial,VGF,2,2,132,450118.0
p021,Epithelial,WNT16,0,0,132,450118.0
p021,Epithelial,WNT2,0,0,132,450118.0
p021,Epithelial,WNT5A,0,0,132,450118.0
p021,Fibroblast,ACTA2,658,35,44,639246.0
p021,Fibroblast,ACVR1B,9,6,44,639246.0
p021,Fibroblast,ANG,0,0,44,639246.0
p021,Fibroblast,ANGPT1,38,15,44,639246.0
p021,Fibroblast,ANGPTL4,0,0,44,639246.0
p021,Fibroblast,AREG,30,5,44,639246.0
p021,Fibroblast,AXL,96,36,44,639246.0
p021,Fibroblast,BMP2,18,9,44,639246.0
p021,Fibroblast,BMP6,0,0,44,639246.0
p021,Fibroblast,C3,228,33,44,639246.0
p021,Fibroblast,CCL1,0,0,44,639246.0
p021,Fibroblast,CCL13,0,0,44,639246.0
p021,Fibroblast,CCL16,0,0,44,639246.0
p021,Fibroblast,CCL2,182,16,44,639246.0
p021,Fibroblast,CCL20,0,0,44,639246.0
p021,Fibroblast,CCL24,0,0,44,639246.0
p021,Fibroblast,CCL26,4,4,44,639246.0
p021,Fibroblast,CCL3,5,5,44,639246.0
p021,Fibroblast,CCL4,4,4,44,639246.0
p021,Fibroblast,CCL5,7,5,44,639246.0
p021,Fibroblast,CCL7,0,0,44,639246.0
p021,Fibroblast,CCL8,2,1,44,639246.0
p021,Fibroblast,CD55,46,21,44,639246.0
p021,Fibroblast,CD9,73,20,44,639246.0
p021,Fibroblast,CDKN1A,90,28,44,639246.0
p021,Fibroblast,CDKN2A,9,6,44,639246.0
p021,Fibroblast,CDKN2B,37,15,44,639246.0
p021,Fibroblast,COL1A1,16566,44,44,639246.0
p021,Fibroblast,COL1A2,11596,44,44,639246.0
p021,Fibroblast,COL3A1,12760,44,44,639246.0
p021,Fibroblast,CSF1,23,17,44,639246.0
p021,Fibroblast,CSF2,0,0,44,639246.0
p021,Fibroblast,CSF2RB,5,3,44,639246.0
p021,Fibroblast,CST4,0,0,44,639246.0
p021,Fibroblast,CTNNB1,12,9,44,639246.0
p021,Fibroblast,CTSB,22,16,44,639246.0
p021,Fibroblast,CXCL1,386,21,44,639246.0
p021,Fibroblast,CXCL10,25,5,44,639246.0
p021,Fibroblast,CXCL12,38,13,44,639246.0
p021,Fibroblast,CXCL16,6,5,44,639246.0
p021,Fibroblast,CXCL2,106,18,44,639246.0
p021,Fibroblast,CXCL3,24,12,44,639246.0
p021,Fibroblast,CXCL8,172,23,44,639246.0
p021,Fibroblast,CXCR2,0,0,44,639246.0
p021,Fibroblast,DKK1,0,0,44,639246.0
p021,Fibroblast,EDN1,0,0,44,639246.0
p021,Fibroblast,EGF,0,0,44,639246.0
p021,Fibroblast,EGFR,18,13,44,639246.0
p021,Fibroblast,EREG,1,1,44,639246.0
p021,Fibroblast,ESM1,1,1,44,639246.0
p021,Fibroblast,ETS2,59,26,44,639246.0
p021,Fibroblast,FAP,276,39,44,639246.0
p021,Fibroblast,FAS,42,23,44,639246.0
p021,Fibroblast,FGF1,6,4,44,639246.0
p021,Fibroblast,FGF2,9,7,44,639246.0
p021,Fibroblast,FGF7,108,28,44,639246.0
p021,Fibroblast,FN1,1769,44,44,639246.0
p021,Fibroblast,GDF15,5,4,44,639246.0
p021,Fibroblast,GEM,234,33,44,639246.0
p021,Fibroblast,GMFG,4,1,44,639246.0
p021,Fibroblast,HGF,8,7,44,639246.0
p021,Fibroblast,HMGB1,495,40,44,639246.0
p021,Fibroblast,ICAM1,57,23,44,639246.0
p021,Fibroblast,ICAM3,7,5,44,639246.0
p021,Fibroblast,IGF1,1,1,44,639246.0
p021,Fibroblast,IGFBP1,0,0,44,639246.0
p021,Fibroblast,IGFBP2,12,5,44,639246.0
p021,Fibroblast,IGFBP3,59,13,44,639246.0
p021,Fibroblast,IGFBP4,445,40,44,639246.0
p021,Fibroblast,IGFBP5,1230,39,44,639246.0
p021,Fibroblast,IGFBP6,227,29,44,639246.0
p021,Fibroblast,IGFBP7,3780,44,44,639246.0
p021,Fibroblast,IL10,1,1,44,639246.0
p021,Fibroblast,IL13,0,0,44,639246.0
p021,Fibroblast,IL15,12,9,44,639246.0
p021,Fibroblast,IL18,0,0,44,639246.0
p021,Fibroblast,IL1A,0,0,44,639246.0
p021,Fibroblast,IL1B,1,1,44,639246.0
p021,Fibroblast,IL2,0,0,44,639246.0
p021,Fibroblast,IL32,51,25,44,639246.0
p021,Fibroblast,IL6,20,6,44,639246.0
p021,Fibroblast,IL6ST,86,31,44,639246.0
p021,Fibroblast,IL7,0,0,44,639246.0
p021,Fibroblast,INHA,0,0,44,639246.0
p021,Fibroblast,INHBA,30,19,44,639246.0
p021,Fibroblast,IQGAP2,9,7,44,639246.0
p021,Fibroblast,ITGA2,12,8,44,639246.0
p021,Fibroblast,ITPKA,1,1,44,639246.0
p021,Fibroblast,JUN,1166,44,44,639246.0
p021,Fibroblast,KITLG,35,17,44,639246.0
p021,Fibroblast,LCP1,3,2,44,639246.0
p021,Fibroblast,LMNB1,4,2,44,639246.0
p021,Fibroblast,MIF,165,34,44,639246.0
p021,Fibroblast,MKI67,20,2,44,639246.0
p021,Fibroblast,MMP1,1750,20,44,639246.0
p021,Fibroblast,MMP10,1,1,44,639246.0
p021,Fibroblast,MMP12,0,0,44,639246.0
p021,Fibroblast,MMP13,5,2,44,639246.0
p021,Fibroblast,MMP14,23,13,44,639246.0
p021,Fibroblast,MMP2,636,40,44,639246.0
p021,Fibroblast,MMP3,468,14,44,639246.0
p021,Fibroblast,MMP9,12,6,44,639246.0
p021,Fibroblast,NAP1L4,53,26,44,639246.0
p021,Fibroblast,NRG1,1,1,44,639246.0
p021,Fibroblast,PAPPA,42,20,44,639246.0
p021,Fibroblast,PDPN,309,35,44,639246.0
p021,Fibroblast,PECAM1,11,7,44,639246.0
p021,Fibroblast,PGF,15,9,44,639246.0
p021,Fibroblast,PIGF,22,14,44,639246.0
p021,Fibroblast,PLAT,115,33,44,639246.0
p021,Fibroblast,PLAU,405,35,44,639246.0
p021,Fibroblast,PLAUR,11,9,44,639246.0
p021,Fibroblast,POSTN,3065,42,44,639246.0
p021,Fibroblast,PTBP1,59,31,44,639246.0
p021,Fibroblast,PTGER2,8,5,44,639246.0
p021,Fibroblast,PTGES,5,5,44,639246.0
p021,Fibroblast,RPS6KA5,3,3,44,639246.0
p021,Fibroblast,SCAMP4,12,12,44,639246.0
p021,Fibroblast,SELPLG,3,3,44,639246.0
p021,Fibroblast,SEMA3F,0,0,44,639246.0
p021,Fibroblast,SERPINB4,0,0,44,639246.0
p021,Fibroblast,SERPINE1,74,23,44,639246.0
p021,Fibroblast,SERPINE2,193,32,44,639246.0
p021,Fibroblast,SPP1,0,0,44,639246.0
p021,Fibroblast,SPX,0,0,44,639246.0
p021,Fibroblast,TAGLN,2267,42,44,639246.0
p021,Fibroblast,TGFB1,80,27,44,639246.0
p021,Fibroblast,THY1,765,39,44,639246.0
p021,Fibroblast,TIMP2,647,43,44,639246.0
p021,Fibroblast,TNF,1,1,44,639246.0
p021,Fibroblast,TNFRSF10C,0,0,44,639246.0
p021,Fibroblast,TNFRSF11B,2,2,44,639246.0
p021,Fibroblast,TNFRSF1A,111,33,44,639246.0
p021,Fibroblast,TNFRSF1B,4,4,44,639246.0
p021,Fibroblast,TUBGCP2,31,21,44,639246.0
p021,Fibroblast,VEGFA,55,25,44,639246.0
p021,Fibroblast,VEGFC,7,6,44,639246.0
p021,Fibroblast,VGF,0,0,44,639246.0
p021,Fibroblast,WNT16,0,0,44,639246.0
p021,Fibroblast,WNT2,82,27,44,639246.0
p021,Fibroblast,WNT5A,79,24,44,639246.0
p025,Epithelial,ACTA2,11,8,414,3004474.0
p025,Epithelial,ACVR1B,190,124,414,3004474.0
p025,Epithelial,ANG,0,0,414,3004474.0
p025,Epithelial,ANGPT1,2,2,414,3004474.0
p025,Epithelial,ANGPTL4,3,3,414,3004474.0
p025,Epithelial,AREG,509,115,414,3004474.0
p025,Epithelial,AXL,1,1,414,3004474.0
p025,Epithelial,BMP2,135,81,414,3004474.0
p025,Epithelial,BMP6,0,0,414,3004474.0
p025,Epithelial,C3,1,1,414,3004474.0
p025,Epithelial,CCL1,0,0,414,3004474.0
p025,Epithelial,CCL13,0,0,414,3004474.0
p025,Epithelial,CCL16,0,0,414,3004474.0
p025,Epithelial,CCL2,1,1,414,3004474.0
p025,Epithelial,CCL20,691,135,414,3004474.0
p025,Epithelial,CCL24,5,5,414,3004474.0
p025,Epithelial,CCL26,7,4,414,3004474.0
p025,Epithelial,CCL3,14,4,414,3004474.0
p025,Epithelial,CCL4,37,17,414,3004474.0
p025,Epithelial,CCL5,59,18,414,3004474.0
p025,Epithelial,CCL7,0,0,414,3004474.0
p025,Epithelial,CCL8,0,0,414,3004474.0
p025,Epithelial,CD55,127,70,414,3004474.0
p025,Epithelial,CD9,3252,266,414,3004474.0
p025,Epithelial,CDKN1A,201,106,414,3004474.0
p025,Epithelial,CDKN2A,24,15,414,3004474.0
p025,Epithelial,CDKN2B,67,42,414,3004474.0
p025,Epithelial,COL1A1,8,8,414,3004474.0
p025,Epithelial,COL1A2,1,1,414,3004474.0
p025,Epithelial,COL3A1,2,2,414,3004474.0
p025,Epithelial,CSF1,3,2,414,3004474.0
p025,Epithelial,CSF2,1,1,414,3004474.0
p025,Epithelial,CSF2RB,2,1,414,3004474.0
p025,Epithelial,CST4,0,0,414,3004474.0
p025,Epithelial,CTNNB1,46,38,414,3004474.0
p025,Epithelial,CTSB,21,20,414,3004474.0
p025,Epithelial,CXCL1,206,51,414,3004474.0
p025,Epithelial,CXCL10,12,5,414,3004474.0
p025,Epithelial,CXCL12,4,4,414,3004474.0
p025,Epithelial,CXCL16,104,61,414,3004474.0
p025,Epithelial,CXCL2,245,75,414,3004474.0
p025,Epithelial,CXCL3,358,99,414,3004474.0
p025,Epithelial,CXCL8,182,43,414,3004474.0
p025,Epithelial,CXCR2,0,0,414,3004474.0
p025,Epithelial,DKK1,0,0,414,3004474.0
p025,Epithelial,EDN1,247,73,414,3004474.0
p025,Epithelial,EGF,1,1,414,3004474.0
p025,Epithelial,EGFR,109,81,414,3004474.0
p025,Epithelial,EREG,184,50,414,3004474.0
p025,Epithelial,ESM1,0,0,414,3004474.0
p025,Epithelial,ETS2,1628,270,414,3004474.0
p025,Epithelial,FAP,2,2,414,3004474.0
p025,Epithelial,FAS,42,37,414,3004474.0
p025,Epithelial,FGF1,0,0,414,3004474.0
p025,Epithelial,FGF2,1,1,414,3004474.0
p025,Epithelial,FGF7,0,0,414,3004474.0
p025,Epithelial,FN1,340,32,414,3004474.0
p025,Epithelial,GDF15,621,191,414,3004474.0
p025,Epithelial,GEM,30,27,414,3004474.0
p025,Epithelial,GMFG,59,24,414,3004474.0
p025,Epithelial,HGF,0,0,414,3004474.0
p025,Epithelial,HMGB1,3919,352,414,3004474.0
p025,Epithelial,ICAM1,14,11,414,3004474.0
p025,Epithelial,ICAM3,122,88,414,3004474.0
p025,Epithelial,IGF1,0,0,414,3004474.0
p025,Epithelial,IGFBP1,5,1,414,3004474.0
p025,Epithelial,IGFBP2,1194,196,414,3004474.0
p025,Epithelial,IGFBP3,5,4,414,3004474.0
p025,Epithelial,IGFBP4,287,158,414,3004474.0
p025,Epithelial,IGFBP5,2,2,414,3004474.0
p025,Epithelial,IGFBP6,1,1,414,3004474.0
p025,Epithelial,IGFBP7,7,6,414,3004474.0
p025,Epithelial,IL10,0,0,414,3004474.0
p025,Epithelial,IL13,2,1,414,3004474.0
p025,Epithelial,IL15,17,16,414,3004474.0
p025,Epithelial,IL18,145,89,414,3004474.0
p025,Epithelial,IL1A,1,1,414,3004474.0
p025,Epithelial,IL1B,13,12,414,3004474.0
p025,Epithelial,IL2,1,1,414,3004474.0
p025,Epithelial,IL32,38,30,414,3004474.0
p025,Epithelial,IL6,1,1,414,3004474.0
p025,Epithelial,IL6ST,86,69,414,3004474.0
p025,Epithelial,IL7,4,4,414,3004474.0
p025,Epithelial,INHA,0,0,414,3004474.0
p025,Epithelial,INHBA,0,0,414,3004474.0
p025,Epithelial,IQGAP2,221,115,414,3004474.0
p025,Epithelial,ITGA2,351,143,414,3004474.0
p025,Epithelial,ITPKA,19,16,414,3004474.0
p025,Epithelial,JUN,8007,409,414,3004474.0
p025,Epithelial,KITLG,45,39,414,3004474.0
p025,Epithelial,LCP1,45,24,414,3004474.0
p025,Epithelial,LMNB1,156,82,414,3004474.0
p025,Epithelial,MIF,235,145,414,3004474.0
p025,Epithelial,MKI67,266,70,414,3004474.0
p025,Epithelial,MMP1,0,0,414,3004474.0
p025,Epithelial,MMP10,0,0,414,3004474.0
p025,Epithelial,MMP12,1,1,414,3004474.0
p025,Epithelial,MMP13,0,0,414,3004474.0
p025,Epithelial,MMP14,6,6,414,3004474.0
p025,Epithelial,MMP2,0,0,414,3004474.0
p025,Epithelial,MMP3,0,0,414,3004474.0
p025,Epithelial,MMP9,3,3,414,3004474.0
p025,Epithelial,NAP1L4,214,139,414,3004474.0
p025,Epithelial,NRG1,0,0,414,3004474.0
p025,Epithelial,PAPPA,3,3,414,3004474.0
p025,Epithelial,PDPN,0,0,414,3004474.0
p025,Epithelial,PECAM1,5,5,414,3004474.0
p025,Epithelial,PGF,15,13,414,3004474.0
p025,Epithelial,PIGF,126,80,414,3004474.0
p025,Epithelial,PLAT,0,0,414,3004474.0
p025,Epithelial,PLAU,13,7,414,3004474.0
p025,Epithelial,PLAUR,33,20,414,3004474.0
p025,Epithelial,POSTN,0,0,414,3004474.0
p025,Epithelial,PTBP1,383,194,414,3004474.0
p025,Epithelial,PTGER2,17,14,414,3004474.0
p025,Epithelial,PTGES,23,19,414,3004474.0
p025,Epithelial,RPS6KA5,136,89,414,3004474.0
p025,Epithelial,SCAMP4,91,74,414,3004474.0
p025,Epithelial,SELPLG,4,4,414,3004474.0
p025,Epithelial,SEMA3F,15,15,414,3004474.0
p025,Epithelial,SERPINB4,0,0,414,3004474.0
p025,Epithelial,SERPINE1,6,5,414,3004474.0
p025,Epithelial,SERPINE2,251,103,414,3004474.0
p025,Epithelial,SPP1,36,35,414,3004474.0
p025,Epithelial,SPX,0,0,414,3004474.0
p025,Epithelial,TAGLN,80,22,414,3004474.0
p025,Epithelial,TGFB1,15,12,414,3004474.0
p025,Epithelial,THY1,1,1,414,3004474.0
p025,Epithelial,TIMP2,52,24,414,3004474.0
p025,Epithelial,TNF,32,18,414,3004474.0
p025,Epithelial,TNFRSF10C,1,1,414,3004474.0
p025,Epithelial,TNFRSF11B,34,23,414,3004474.0
p025,Epithelial,TNFRSF1A,245,142,414,3004474.0
p025,Epithelial,TNFRSF1B,50,37,414,3004474.0
p025,Epithelial,TUBGCP2,193,126,414,3004474.0
p025,Epithelial,VEGFA,773,277,414,3004474.0
p025,Epithelial,VEGFC,0,0,414,3004474.0
p025,Epithelial,VGF,6,5,414,3004474.0
p025,Epithelial,WNT16,0,0,414,3004474.0
p025,Epithelial,WNT2,0,0,414,3004474.0
p025,Epithelial,WNT5A,5,5,414,3004474.0
p025,Fibroblast,ACTA2,152,6,9,56712.0
p025,Fibroblast,ACVR1B,1,1,9,56712.0
p025,Fibroblast,ANG,0,0,9,56712.0
p025,Fibroblast,ANGPT1,2,2,9,56712.0
p025,Fibroblast,ANGPTL4,2,1,9,56712.0
p025,Fibroblast,AREG,0,0,9,56712.0
p025,Fibroblast,AXL,7,5,9,56712.0
p025,Fibroblast,BMP2,5,2,9,56712.0
p025,Fibroblast,BMP6,0,0,9,56712.0
p025,Fibroblast,C3,39,4,9,56712.0
p025,Fibroblast,CCL1,0,0,9,56712.0
p025,Fibroblast,CCL13,2,1,9,56712.0
p025,Fibroblast,CCL16,0,0,9,56712.0
p025,Fibroblast,CCL2,9,3,9,56712.0
p025,Fibroblast,CCL20,1,1,9,56712.0
p025,Fibroblast,CCL24,0,0,9,56712.0
p025,Fibroblast,CCL26,1,1,9,56712.0
p025,Fibroblast,CCL3,0,0,9,56712.0
p025,Fibroblast,CCL4,0,0,9,56712.0
p025,Fibroblast,CCL5,1,1,9,56712.0
p025,Fibroblast,CCL7,0,0,9,56712.0
p025,Fibroblast,CCL8,0,0,9,56712.0
p025,Fibroblast,CD55,5,4,9,56712.0
p025,Fibroblast,CD9,39,6,9,56712.0
p025,Fibroblast,CDKN1A,9,4,9,56712.0
p025,Fibroblast,CDKN2A,0,0,9,56712.0
p025,Fibroblast,CDKN2B,6,3,9,56712.0
p025,Fibroblast,COL1A1,443,9,9,56712.0
p025,Fibroblast,COL1A2,478,9,9,56712.0
p025,Fibroblast,COL3A1,433,9,9,56712.0
p025,Fibroblast,CSF1,3,2,9,56712.0
p025,Fibroblast,CSF2,0,0,9,56712.0
p025,Fibroblast,CSF2RB,0,0,9,56712.0
p025,Fibroblast,CST4,0,0,9,56712.0
p025,Fibroblast,CTNNB1,0,0,9,56712.0
p025,Fibroblast,CTSB,0,0,9,56712.0
p025,Fibroblast,CXCL1,3,2,9,56712.0
p025,Fibroblast,CXCL10,0,0,9,56712.0
p025,Fibroblast,CXCL12,1,1,9,56712.0
p025,Fibroblast,CXCL16,2,2,9,56712.0
p025,Fibroblast,CXCL2,4,4,9,56712.0
p025,Fibroblast,CXCL3,2,1,9,56712.0
p025,Fibroblast,CXCL8,1,1,9,56712.0
p025,Fibroblast,CXCR2,0,0,9,56712.0
p025,Fibroblast,DKK1,0,0,9,56712.0
p025,Fibroblast,EDN1,0,0,9,56712.0
p025,Fibroblast,EGF,0,0,9,56712.0
p025,Fibroblast,EGFR,3,2,9,56712.0
p025,Fibroblast,EREG,0,0,9,56712.0
p025,Fibroblast,ESM1,12,1,9,56712.0
p025,Fibroblast,ETS2,9,5,9,56712.0
p025,Fibroblast,FAP,8,4,9,56712.0
p025,Fibroblast,FAS,0,0,9,56712.0
p025,Fibroblast,FGF1,1,1,9,56712.0
p025,Fibroblast,FGF2,1,1,9,56712.0
p025,Fibroblast,FGF7,10,3,9,56712.0
p025,Fibroblast,FN1,87,5,9,56712.0
p025,Fibroblast,GDF15,3,1,9,56712.0
p025,Fibroblast,GEM,15,8,9,56712.0
p025,Fibroblast,GMFG,5,3,9,56712.0
p025,Fibroblast,HGF,0,0,9,56712.0
p025,Fibroblast,HMGB1,61,8,9,56712.0
p025,Fibroblast,ICAM1,4,3,9,56712.0
p025,Fibroblast,ICAM3,0,0,9,56712.0
p025,Fibroblast,IGF1,11,4,9,56712.0
p025,Fibroblast,IGFBP1,0,0,9,56712.0
p025,Fibroblast,IGFBP2,16,2,9,56712.0
p025,Fibroblast,IGFBP3,248,4,9,56712.0
p025,Fibroblast,IGFBP4,48,7,9,56712.0
p025,Fibroblast,IGFBP5,357,8,9,56712.0
p025,Fibroblast,IGFBP6,30,4,9,56712.0
p025,Fibroblast,IGFBP7,454,9,9,56712.0
p025,Fibroblast,IL10,0,0,9,56712.0
p025,Fibroblast,IL13,0,0,9,56712.0
p025,Fibroblast,IL15,0,0,9,56712.0
p025,Fibroblast,IL18,0,0,9,56712.0
p025,Fibroblast,IL1A,0,0,9,56712.0
p025,Fibroblast,IL1B,0,0,9,56712.0
p025,Fibroblast,IL2,0,0,9,56712.0
p025,Fibroblast,IL32,0,0,9,56712.0
p025,Fibroblast,IL6,0,0,9,56712.0
p025,Fibroblast,IL6ST,11,6,9,56712.0
p025,Fibroblast,IL7,0,0,9,56712.0
p025,Fibroblast,INHA,0,0,9,56712.0
p025,Fibroblast,INHBA,0,0,9,56712.0
p025,Fibroblast,IQGAP2,1,1,9,56712.0
p025,Fibroblast,ITGA2,3,2,9,56712.0
p025,Fibroblast,ITPKA,0,0,9,56712.0
p025,Fibroblast,JUN,160,8,9,56712.0
p025,Fibroblast,KITLG,0,0,9,56712.0
p025,Fibroblast,LCP1,0,0,9,56712.0
p025,Fibroblast,LMNB1,4,2,9,56712.0
p025,Fibroblast,MIF,3,2,9,56712.0
p025,Fibroblast,MKI67,3,1,9,56712.0
p025,Fibroblast,MMP1,1,1,9,56712.0
p025,Fibroblast,MMP10,0,0,9,56712.0
p025,Fibroblast,MMP12,0,0,9,56712.0
p025,Fibroblast,MMP13,0,0,9,56712.0
p025,Fibroblast,MMP14,1,1,9,56712.0
p025,Fibroblast,MMP2,42,8,9,56712.0
p025,Fibroblast,MMP3,0,0,9,56712.0
p025,Fibroblast,MMP9,0,0,9,56712.0
p025,Fibroblast,NAP1L4,8,5,9,56712.0
p025,Fibroblast,NRG1,1,1,9,56712.0
p025,Fibroblast,PAPPA,4,1,9,56712.0
p025,Fibroblast,PDPN,4,3,9,56712.0
p025,Fibroblast,PECAM1,0,0,9,56712.0
p025,Fibroblast,PGF,3,1,9,56712.0
p025,Fibroblast,PIGF,2,2,9,56712.0
p025,Fibroblast,PLAT,21,5,9,56712.0
p025,Fibroblast,PLAU,12,2,9,56712.0
p025,Fibroblast,PLAUR,0,0,9,56712.0
p025,Fibroblast,POSTN,52,6,9,56712.0
p025,Fibroblast,PTBP1,9,5,9,56712.0
p025,Fibroblast,PTGER2,5,3,9,56712.0
p025,Fibroblast,PTGES,4,2,9,56712.0
p025,Fibroblast,RPS6KA5,5,3,9,56712.0
p025,Fibroblast,SCAMP4,1,1,9,56712.0
p025,Fibroblast,SELPLG,0,0,9,56712.0
p025,Fibroblast,SEMA3F,0,0,9,56712.0
p025,Fibroblast,SERPINB4,0,0,9,56712.0
p025,Fibroblast,SERPINE1,3,2,9,56712.0
p025,Fibroblast,SERPINE2,51,6,9,56712.0
p025,Fibroblast,SPP1,0,0,9,56712.0
p025,Fibroblast,SPX,0,0,9,56712.0
p025,Fibroblast,TAGLN,160,7,9,56712.0
p025,Fibroblast,TGFB1,3,3,9,56712.0
p025,Fibroblast,THY1,52,6,9,56712.0
p025,Fibroblast,TIMP2,49,8,9,56712.0
p025,Fibroblast,TNF,0,0,9,56712.0
p025,Fibroblast,TNFRSF10C,0,0,9,56712.0
p025,Fibroblast,TNFRSF11B,0,0,9,56712.0
p025,Fibroblast,TNFRSF1A,10,7,9,56712.0
p025,Fibroblast,TNFRSF1B,0,0,9,56712.0
p025,Fibroblast,TUBGCP2,1,1,9,56712.0
p025,Fibroblast,VEGFA,7,6,9,56712.0
p025,Fibroblast,VEGFC,3,2,9,56712.0
p025,Fibroblast,VGF,0,0,9,56712.0
p025,Fibroblast,WNT16,0,0,9,56712.0
p025,Fibroblast,WNT2,11,3,9,56712.0
p025,Fibroblast,WNT5A,2,2,9,56712.0
p026,Epithelial,ACTA2,10,9,890,4417519.0
p026,Epithelial,ACVR1B,196,158,890,4417519.0
p026,Epithelial,ANG,0,0,890,4417519.0
p026,Epithelial,ANGPT1,0,0,890,4417519.0
p026,Epithelial,ANGPTL4,10,10,890,4417519.0
p026,Epithelial,AREG,1752,342,890,4417519.0
p026,Epithelial,AXL,1,1,890,4417519.0
p026,Epithelial,BMP2,312,195,890,4417519.0
p026,Epithelial,BMP6,4,4,890,4417519.0
p026,Epithelial,C3,7,7,890,4417519.0
p026,Epithelial,CCL1,0,0,890,4417519.0
p026,Epithelial,CCL13,6,6,890,4417519.0
p026,Epithelial,CCL16,0,0,890,4417519.0
p026,Epithelial,CCL2,9,8,890,4417519.0
p026,Epithelial,CCL20,2834,295,890,4417519.0
p026,Epithelial,CCL24,2,2,890,4417519.0
p026,Epithelial,CCL26,18,15,890,4417519.0
p026,Epithelial,CCL3,82,33,890,4417519.0
p026,Epithelial,CCL4,204,58,890,4417519.0
p026,Epithelial,CCL5,57,25,890,4417519.0
p026,Epithelial,CCL7,0,0,890,4417519.0
p026,Epithelial,CCL8,1,1,890,4417519.0
p026,Epithelial,CD55,502,257,890,4417519.0
p026,Epithelial,CD9,3813,609,890,4417519.0
p026,Epithelial,CDKN1A,463,265,890,4417519.0
p026,Epithelial,CDKN2A,66,49,890,4417519.0
p026,Epithelial,CDKN2B,217,157,890,4417519.0
p026,Epithelial,COL1A1,79,70,890,4417519.0
p026,Epithelial,COL1A2,21,20,890,4417519.0
p026,Epithelial,COL3A1,10,10,890,4417519.0
p026,Epithelial,CSF1,73,37,890,4417519.0
p026,Epithelial,CSF2,10,10,890,4417519.0
p026,Epithelial,CSF2RB,18,13,890,4417519.0
p026,Epithelial,CST4,0,0,890,4417519.0
p026,Epithelial,CTNNB1,90,81,890,4417519.0
p026,Epithelial,CTSB,75,72,890,4417519.0
p026,Epithelial,CXCL1,594,172,890,4417519.0
p026,Epithelial,CXCL10,3,3,890,4417519.0
p026,Epithelial,CXCL12,1,1,890,4417519.0
p026,Epithelial,CXCL16,376,219,890,4417519.0
p026,Epithelial,CXCL2,665,188,890,4417519.0
p026,Epithelial,CXCL3,925,235,890,4417519.0
p026,Epithelial,CXCL8,1170,221,890,4417519.0
p026,Epithelial,CXCR2,2,2,890,4417519.0
p026,Epithelial,DKK1,1,1,890,4417519.0
p026,Epithelial,EDN1,1073,247,890,4417519.0
p026,Epithelial,EGF,8,7,890,4417519.0
p026,Epithelial,EGFR,232,180,890,4417519.0
p026,Epithelial,EREG,60,32,890,4417519.0
p026,Epithelial,ESM1,0,0,890,4417519.0
p026,Epithelial,ETS2,1876,498,890,4417519.0
p026,Epithelial,FAP,16,12,890,4417519.0
p026,Epithelial,FAS,84,75,890,4417519.0
p026,Epithelial,FGF1,0,0,890,4417519.0
p026,Epithelial,FGF2,1,1,890,4417519.0
p026,Epithelial,FGF7,2,2,890,4417519.0
p026,Epithelial,FN1,30,26,890,4417519.0
p026,Epithelial,GDF15,1475,296,890,4417519.0
p026,Epithelial,GEM,210,109,890,4417519.0
p026,Epithelial,GMFG,39,29,890,4417519.0
p026,Epithelial,HGF,0,0,890,4417519.0
p026,Epithelial,HMGB1,3199,592,890,4417519.0
p026,Epithelial,ICAM1,46,31,890,4417519.0
p026,Epithelial,ICAM3,175,150,890,4417519.0
p026,Epithelial,IGF1,2,2,890,4417519.0
p026,Epithelial,IGFBP1,0,0,890,4417519.0
p026,Epithelial,IGFBP2,2125,461,890,4417519.0
p026,Epithelial,IGFBP3,251,127,890,4417519.0
p026,Epithelial,IGFBP4,419,250,890,4417519.0
p026,Epithelial,IGFBP5,6,4,890,4417519.0
p026,Epithelial,IGFBP6,2,2,890,4417519.0
p026,Epithelial,IGFBP7,62,24,890,4417519.0
p026,Epithelial,IL10,0,0,890,4417519.0
p026,Epithelial,IL13,19,9,890,4417519.0
p026,Epithelial,IL15,20,20,890,4417519.0
p026,Epithelial,IL18,337,207,890,4417519.0
p026,Epithelial,IL1A,16,13,890,4417519.0
p026,Epithelial,IL1B,94,41,890,4417519.0
p026,Epithelial,IL2,0,0,890,4417519.0
p026,Epithelial,IL32,157,117,890,4417519.0
p026,Epithelial,IL6,3,3,890,4417519.0
p026,Epithelial,IL6ST,219,164,890,4417519.0
p026,Epithelial,IL7,13,13,890,4417519.0
p026,Epithelial,INHA,0,0,890,4417519.0
p026,Epithelial,INHBA,0,0,890,4417519.0
p026,Epithelial,IQGAP2,631,333,890,4417519.0
p026,Epithelial,ITGA2,457,238,890,4417519.0
p026,Epithelial,ITPKA,116,98,890,4417519.0
p026,Epithelial,JUN,11615,792,890,4417519.0
p026,Epithelial,KITLG,157,128,890,4417519.0
p026,Epithelial,LCP1,56,41,890,4417519.0
p026,Epithelial,LMNB1,217,152,890,4417519.0
p026,Epithelial,MIF,300,181,890,4417519.0
p026,Epithelial,MKI67,1217,254,890,4417519.0
p026,Epithelial,MMP1,71,21,890,4417519.0
p026,Epithelial,MMP10,5,4,890,4417519.0
p026,Epithelial,MMP12,49,25,890,4417519.0
p026,Epithelial,MMP13,4,2,890,4417519.0
p026,Epithelial,MMP14,10,10,890,4417519.0
p026,Epithelial,MMP2,7,7,890,4417519.0
p026,Epithelial,MMP3,0,0,890,4417519.0
p026,Epithelial,MMP9,20,13,890,4417519.0
p026,Epithelial,NAP1L4,398,257,890,4417519.0
p026,Epithelial,NRG1,0,0,890,4417519.0
p026,Epithelial,PAPPA,2,2,890,4417519.0
p026,Epithelial,PDPN,1,1,890,4417519.0
p026,Epithelial,PECAM1,10,9,890,4417519.0
p026,Epithelial,PGF,6,5,890,4417519.0
p026,Epithelial,PIGF,128,108,890,4417519.0
p026,Epithelial,PLAT,16,12,890,4417519.0
p026,Epithelial,PLAU,13,12,890,4417519.0
p026,Epithelial,PLAUR,163,123,890,4417519.0
p026,Epithelial,POSTN,0,0,890,4417519.0
p026,Epithelial,PTBP1,810,394,890,4417519.0
p026,Epithelial,PTGER2,89,73,890,4417519.0
p026,Epithelial,PTGES,14,14,890,4417519.0
p026,Epithelial,RPS6KA5,310,223,890,4417519.0
p026,Epithelial,SCAMP4,102,92,890,4417519.0
p026,Epithelial,SELPLG,8,8,890,4417519.0
p026,Epithelial,SEMA3F,36,35,890,4417519.0
p026,Epithelial,SERPINB4,0,0,890,4417519.0
p026,Epithelial,SERPINE1,19,13,890,4417519.0
p026,Epithelial,SERPINE2,176,106,890,4417519.0
p026,Epithelial,SPP1,546,170,890,4417519.0
p026,Epithelial,SPX,0,0,890,4417519.0
p026,Epithelial,TAGLN,76,68,890,4417519.0
p026,Epithelial,TGFB1,41,33,890,4417519.0
p026,Epithelial,THY1,1,1,890,4417519.0
p026,Epithelial,TIMP2,209,128,890,4417519.0
p026,Epithelial,TNF,9,8,890,4417519.0
p026,Epithelial,TNFRSF10C,1,1,890,4417519.0
p026,Epithelial,TNFRSF11B,107,66,890,4417519.0
p026,Epithelial,TNFRSF1A,288,205,890,4417519.0
p026,Epithelial,TNFRSF1B,94,77,890,4417519.0
p026,Epithelial,TUBGCP2,333,248,890,4417519.0
p026,Epithelial,VEGFA,919,451,890,4417519.0
p026,Epithelial,VEGFC,0,0,890,4417519.0
p026,Epithelial,VGF,57,38,890,4417519.0
p026,Epithelial,WNT16,1,1,890,4417519.0
p026,Epithelial,WNT2,0,0,890,4417519.0
p026,Epithelial,WNT5A,13,11,890,4417519.0
p026,Fibroblast,ACTA2,940,56,93,717866.0
p026,Fibroblast,ACVR1B,9,9,93,717866.0
p026,Fibroblast,ANG,0,0,93,717866.0
p026,Fibroblast,ANGPT1,41,27,93,717866.0
p026,Fibroblast,ANGPTL4,10,5,93,717866.0
p026,Fibroblast,AREG,2,2,93,717866.0
p026,Fibroblast,AXL,96,50,93,717866.0
p026,Fibroblast,BMP2,26,11,93,717866.0
p026,Fibroblast,BMP6,2,1,93,717866.0
p026,Fibroblast,C3,452,52,93,717866.0
p026,Fibroblast,CCL1,0,0,93,717866.0
p026,Fibroblast,CCL13,694,18,93,717866.0
p026,Fibroblast,CCL16,0,0,93,717866.0
p026,Fibroblast,CCL2,387,60,93,717866.0
p026,Fibroblast,CCL20,3,3,93,717866.0
p026,Fibroblast,CCL24,0,0,93,717866.0
p026,Fibroblast,CCL26,13,6,93,717866.0
p026,Fibroblast,CCL3,2,2,93,717866.0
p026,Fibroblast,CCL4,10,5,93,717866.0
p026,Fibroblast,CCL5,13,5,93,717866.0
p026,Fibroblast,CCL7,13,3,93,717866.0
p026,Fibroblast,CCL8,155,17,93,717866.0
p026,Fibroblast,CD55,41,24,93,717866.0
p026,Fibroblast,CD9,189,63,93,717866.0
p026,Fibroblast,CDKN1A,211,58,93,717866.0
p026,Fibroblast,CDKN2A,9,8,93,717866.0
p026,Fibroblast,CDKN2B,17,16,93,717866.0
p026,Fibroblast,COL1A1,4886,86,93,717866.0
p026,Fibroblast,COL1A2,5433,88,93,717866.0
p026,Fibroblast,COL3A1,4544,88,93,717866.0
p026,Fibroblast,CSF1,76,42,93,717866.0
p026,Fibroblast,CSF2,0,0,93,717866.0
p026,Fibroblast,CSF2RB,3,2,93,717866.0
p026,Fibroblast,CST4,0,0,93,717866.0
p026,Fibroblast,CTNNB1,12,11,93,717866.0
p026,Fibroblast,CTSB,24,19,93,717866.0
p026,Fibroblast,CXCL1,193,29,93,717866.0
p026,Fibroblast,CXCL10,62,17,93,717866.0
p026,Fibroblast,CXCL12,84,30,93,717866.0
p026,Fibroblast,CXCL16,19,17,93,717866.0
p026,Fibroblast,CXCL2,87,21,93,717866.0
p026,Fibroblast,CXCL3,13,9,93,717866.0
p026,Fibroblast,CXCL8,18,15,93,717866.0
p026,Fibroblast,CXCR2,0,0,93,717866.0
p026,Fibroblast,DKK1,0,0,93,717866.0
p026,Fibroblast,EDN1,2,2,93,717866.0
p026,Fibroblast,EGF,0,0,93,717866.0
p026,Fibroblast,EGFR,35,29,93,717866.0
p026,Fibroblast,EREG,0,0,93,717866.0
p026,Fibroblast,ESM1,13,4,93,717866.0
p026,Fibroblast,ETS2,91,47,93,717866.0
p026,Fibroblast,FAP,102,36,93,717866.0
p026,Fibroblast,FAS,39,31,93,717866.0
p026,Fibroblast,FGF1,8,8,93,717866.0
p026,Fibroblast,FGF2,29,21,93,717866.0
p026,Fibroblast,FGF7,187,55,93,717866.0
p026,Fibroblast,FN1,1112,65,93,717866.0
p026,Fibroblast,GDF15,19,10,93,717866.0
p026,Fibroblast,GEM,196,55,93,717866.0
p026,Fibroblast,GMFG,22,13,93,717866.0
p026,Fibroblast,HGF,36,25,93,717866.0
p026,Fibroblast,HMGB1,380,89,93,717866.0
p026,Fibroblast,ICAM1,170,54,93,717866.0
p026,Fibroblast,ICAM3,13,10,93,717866.0
p026,Fibroblast,IGF1,369,44,93,717866.0
p026,Fibroblast,IGFBP1,0,0,93,717866.0
p026,Fibroblast,IGFBP2,18,14,93,717866.0
p026,Fibroblast,IGFBP3,259,30,93,717866.0
p026,Fibroblast,IGFBP4,765,80,93,717866.0
p026,Fibroblast,IGFBP5,1372,74,93,717866.0
p026,Fibroblast,IGFBP6,332,59,93,717866.0
p026,Fibroblast,IGFBP7,3837,91,93,717866.0
p026,Fibroblast,IL10,0,0,93,717866.0
p026,Fibroblast,IL13,0,0,93,717866.0
p026,Fibroblast,IL15,10,9,93,717866.0
p026,Fibroblast,IL18,2,2,93,717866.0
p026,Fibroblast,IL1A,0,0,93,717866.0
p026,Fibroblast,IL1B,4,4,93,717866.0
p026,Fibroblast,IL2,0,0,93,717866.0
p026,Fibroblast,IL32,14,11,93,717866.0
p026,Fibroblast,IL6,10,7,93,717866.0
p026,Fibroblast,IL6ST,465,81,93,717866.0
p026,Fibroblast,IL7,1,1,93,717866.0
p026,Fibroblast,INHA,0,0,93,717866.0
p026,Fibroblast,INHBA,3,3,93,717866.0
p026,Fibroblast,IQGAP2,44,25,93,717866.0
p026,Fibroblast,ITGA2,38,16,93,717866.0
p026,Fibroblast,ITPKA,0,0,93,717866.0
p026,Fibroblast,JUN,3393,91,93,717866.0
p026,Fibroblast,KITLG,60,35,93,717866.0
p026,Fibroblast,LCP1,2,2,93,717866.0
p026,Fibroblast,LMNB1,1,1,93,717866.0
p026,Fibroblast,MIF,23,20,93,717866.0
p026,Fibroblast,MKI67,0,0,93,717866.0
p026,Fibroblast,MMP1,1351,3,93,717866.0
p026,Fibroblast,MMP10,1,1,93,717866.0
p026,Fibroblast,MMP12,1,1,93,717866.0
p026,Fibroblast,MMP13,0,0,93,717866.0
p026,Fibroblast,MMP14,5,5,93,717866.0
p026,Fibroblast,MMP2,645,76,93,717866.0
p026,Fibroblast,MMP3,58,2,93,717866.0
p026,Fibroblast,MMP9,5,3,93,717866.0
p026,Fibroblast,NAP1L4,49,34,93,717866.0
p026,Fibroblast,NRG1,17,8,93,717866.0
p026,Fibroblast,PAPPA,81,31,93,717866.0
p026,Fibroblast,PDPN,185,46,93,717866.0
p026,Fibroblast,PECAM1,1,1,93,717866.0
p026,Fibroblast,PGF,27,20,93,717866.0
p026,Fibroblast,PIGF,10,9,93,717866.0
p026,Fibroblast,PLAT,266,61,93,717866.0
p026,Fibroblast,PLAU,104,31,93,717866.0
p026,Fibroblast,PLAUR,11,8,93,717866.0
p026,Fibroblast,POSTN,555,35,93,717866.0
p026,Fibroblast,PTBP1,78,50,93,717866.0
p026,Fibroblast,PTGER2,40,21,93,717866.0
p026,Fibroblast,PTGES,24,16,93,717866.0
p026,Fibroblast,RPS6KA5,24,19,93,717866.0
p026,Fibroblast,SCAMP4,15,14,93,717866.0
p026,Fibroblast,SELPLG,2,2,93,717866.0
p026,Fibroblast,SEMA3F,1,1,93,717866.0
p026,Fibroblast,SERPINB4,0,0,93,717866.0
p026,Fibroblast,SERPINE1,66,26,93,717866.0
p026,Fibroblast,SERPINE2,341,55,93,717866.0
p026,Fibroblast,SPP1,10,10,93,717866.0
p026,Fibroblast,SPX,0,0,93,717866.0
p026,Fibroblast,TAGLN,1850,60,93,717866.0
p026,Fibroblast,TGFB1,17,13,93,717866.0
p026,Fibroblast,THY1,475,66,93,717866.0
p026,Fibroblast,TIMP2,660,87,93,717866.0
p026,Fibroblast,TNF,0,0,93,717866.0
p026,Fibroblast,TNFRSF10C,1,1,93,717866.0
p026,Fibroblast,TNFRSF11B,6,5,93,717866.0
p026,Fibroblast,TNFRSF1A,102,52,93,717866.0
p026,Fibroblast,TNFRSF1B,12,9,93,717866.0
p026,Fibroblast,TUBGCP2,36,28,93,717866.0
p026,Fibroblast,VEGFA,84,44,93,717866.0
p026,Fibroblast,VEGFC,8,6,93,717866.0
p026,Fibroblast,VGF,0,0,93,717866.0
p026,Fibroblast,WNT16,0,0,93,717866.0
p026,Fibroblast,WNT2,58,21,93,717866.0
p026,Fibroblast,WNT5A,91,31,93,717866.0
