draw,median_patient_mean_difference
1,-0.0743102270943661
2,-0.0876900762268864
3,-0.0712714011768686
4,-0.0580644923453258
5,-0.0738430948743678
6,-0.0872277990874394
7,-0.0741434569530138
8,-0.0526452348337223
9,-0.0568667752783942
10,-0.067986865213886
11,-0.0827756703087487
12,-0.0744291604377934
13,-0.0740342194814031
14,-0.0689751002435127
15,-0.0795922136216747
16,-0.0762045460489848
17,-0.0692023408682479
18,-0.0771820671066706
19,-0.075060915468728
20,-0.0542809105396669
21,-0.0733189194072634
22,-0.0654898887051261
23,-0.0664808291010887
24,-0.0692232196383245
25,-0.0450210069112076
26,-0.0394525066934903
27,-0.0796540387116291
28,-0.0909180634518633
29,-0.0489988460621074
30,-0.0581129952113839
31,-0.0666464132854733
32,-0.0468451810811145
33,-0.0705109787648304
34,-0.0621977143432677
35,-0.0817530131151535
36,-0.0736115859388117
37,-0.0662021835070632
38,-0.0864135136646677
39,-0.0746213788201785
40,-0.059387640042783
41,-0.0580698194034886
42,-0.0722184428986381
43,-0.0725035323953607
44,-0.0539176440135116
45,-0.0954641726562395
46,-0.0966162202645813
47,-0.0575702159694099
48,-0.0629527667062619
49,-0.0787575248093714
50,-0.0641342532722158
51,-0.0699841381337065
52,-0.0711748879297265
53,-0.0695980525450132
54,-0.0536572248422129
55,-0.0758905929004782
56,-0.063868568675083
57,-0.0654127523372017
58,-0.0531598082679055
59,-0.071754176009727
60,-0.0650542955894079
61,-0.0725388966705059
62,-0.0570673075092068
63,-0.0503454420848514
64,-0.0931965541024661
65,-0.0644094531101336
66,-0.0768012760729706
67,-0.0646226475838789
68,-0.0751700740550831
69,-0.0643591975472778
70,-0.0775140621743695
71,-0.0495733487802181
72,-0.0428607010434659
73,-0.0697965905250936
74,-0.0694930327044396
75,-0.0539302536229975
76,-0.0574460282659504
77,-0.0697132591360447
78,-0.0657141295011768
79,-0.0549825478593641
80,-0.0657859338279389
81,-0.0556166204025007
82,-0.0623644194109603
83,-0.0692807985839315
84,-0.0723883402799857
85,-0.0655515574214226
86,-0.0808842883580736
87,-0.0782782053421714
88,-0.0787190219498409
89,-0.0862499043802779
90,-0.0652015213164368
91,-0.0691236235810277
92,-0.0645154759661936
93,-0.0640346085107009
94,-0.0713612695627015
95,-0.0578805977730292
96,-0.0635232557986724
97,-0.0619967706057862
98,-0.0778856268819562
99,-0.0510421393158038
100,-0.0710919231814554
101,-0.0420015868822273
102,-0.080654388939274
103,-0.0937439844960575
104,-0.0637338211312345
105,-0.0860916002323368
106,-0.068223093569937
107,-0.0564906391788008
108,-0.0738245087044369
109,-0.0876667499096374
110,-0.0693782671733516
111,-0.0623980446689925
112,-0.0539064744083624
113,-0.0869221971309729
114,-0.0833373015627831
115,-0.0522407744312133
116,-0.0650960409224929
117,-0.0695761057823588
118,-0.0726758761707872
119,-0.0678994034949019
120,-0.069706236173437
121,-0.0733477250896122
122,-0.0794345789861141
123,-0.0626517309369512
124,-0.0840275133060835
125,-0.0819296963079365
126,-0.0526010571057618
127,-0.0950575580114869
128,-0.0539413655175959
129,-0.0453339215420526
130,-0.0806733603378396
131,-0.0733806272785679
132,-0.0648213819267832
133,-0.0535244476846752
134,-0.089081690332126
135,-0.0617441272059592
136,-0.0578224917765991
137,-0.0796396426110809
138,-0.0700029746765191
139,-0.061954373926022
140,-0.082313485661147
141,-0.0912470912021567
142,-0.0857046006764933
143,-0.0656471674213337
144,-0.0851514770927605
145,-0.0758066638742972
146,-0.0779269218197704
147,-0.100814705910348
148,-0.0668145696196753
149,-0.0693008603723553
150,-0.0495255039800727
151,-0.0860843699572137
152,-0.0705063290360234
153,-0.0661885911289166
154,-0.0828128378065821
155,-0.072780366719249
156,-0.077954627298044
157,-0.0605237400225454
158,-0.0540035480499355
159,-0.0783588761668959
160,-0.088715356398574
161,-0.0614971697652181
162,-0.074616119509867
163,-0.0877850218864864
164,-0.0478522471900521
165,-0.0556795122563047
166,-0.055565624174639
167,-0.0766013926899123
168,-0.0723082456597928
169,-0.049684886696468
170,-0.0935328282087786
171,-0.0786460938634026
172,-0.0714018118331969
173,-0.0635400181100345
174,-0.0894903857641547
175,-0.0801807680053546
176,-0.0561075907596416
177,-0.0612798978364486
178,-0.074656493365952
179,-0.0524821577128554
180,-0.0797653112627734
181,-0.0885553509147334
182,-0.0691314631838964
183,-0.0570806329552107
184,-0.0603879449846196
185,-0.0650390972454349
186,-0.0732204145428227
187,-0.063811911158322
188,-0.0830760823492297
189,-0.075200579642325
190,-0.0834448778491713
191,-0.085473078258358
192,-0.0886098856601157
193,-0.0790046545563403
194,-0.0406563180727292
195,-0.0902162920240152
196,-0.071755516829
197,-0.0695599920739888
198,-0.0573260720264284
199,-0.0654054665337165
200,-0.0859138859001742
201,-0.0568271537215281
202,-0.0744759376074934
203,-0.0773562943038892
204,-0.0723150565126589
205,-0.0844119758427933
206,-0.0831413848266332
207,-0.0612412973435297
208,-0.0829850850041139
209,-0.0933899943567108
210,-0.0775315775635919
211,-0.0898779902375872
212,-0.0637909927719492
213,-0.0797075658749697
214,-0.0674689203547816
215,-0.0853822216020666
216,-0.0797554213001887
217,-0.0744332033134328
218,-0.0737301185499954
219,-0.0637808340325714
220,-0.0538540920899305
221,-0.0676801244616455
222,-0.0780805547572697
223,-0.0560968730636844
224,-0.0804934211174242
225,-0.048902439570787
226,-0.0954741328125946
227,-0.0813377784850861
228,-0.0720710933585212
229,-0.0664174660865602
230,-0.0681179375074766
231,-0.0476470130909011
232,-0.0731164291012165
233,-0.0534488999446681
234,-0.0694368209112599
235,-0.0844807355274124
236,-0.0765516364376519
237,-0.0834986287122182
238,-0.0672638084783328
239,-0.0701427948386646
240,-0.0581999361646078
241,-0.0682459928664304
242,-0.0638976144055852
243,-0.0737135532437263
244,-0.0614010870041924
245,-0.0709963619885743
246,-0.0743531476749053
247,-0.088421596701187
248,-0.0584783265987616
249,-0.0669649297294835
250,-0.0570800498610547
251,-0.0728670205241342
252,-0.0790496386361069
253,-0.0811549753069484
254,-0.068237801494011
255,-0.0632328329289318
256,-0.0739882582758278
257,-0.0985700634526237
258,-0.0683258906169973
259,-0.0519282554385587
260,-0.0689967952825083
261,-0.0918648554127677
262,-0.0653390970330973
263,-0.0882308646483935
264,-0.0598602418544759
265,-0.0741757554577692
266,-0.0824061634421422
267,-0.0607000697197426
268,-0.0713480208748888
269,-0.0699288634792602
270,-0.0558258707385067
271,-0.0687021869324611
272,-0.0546805368654773
273,-0.095712234214702
274,-0.0747228208705888
275,-0.100044310691853
276,-0.0804824908249701
277,-0.0804773812313884
278,-0.0628166809221053
279,-0.0701977537242121
280,-0.0480455873702536
281,-0.0831312095756606
282,-0.0576206827499132
283,-0.0791070842805176
284,-0.0606505266411844
285,-0.0604848470894114
286,-0.0584793920748169
287,-0.063263006808592
288,-0.069736207120868
289,-0.0759220617493751
290,-0.0533794991230902
291,-0.0750535000862383
292,-0.061192198507077
293,-0.0656101027831095
294,-0.0598773512384203
295,-0.0763829380344863
296,-0.0615774022232608
297,-0.0531550064083316
298,-0.079181262925163
299,-0.0833599119982709
300,-0.0815956171215015
301,-0.0539434224126178
302,-0.0719678922431111
303,-0.0859259239244906
304,-0.0781831610552611
305,-0.0628679192721393
306,-0.085968044750998
307,-0.0720961944595725
308,-0.0664898385671331
309,-0.089088382237486
310,-0.0898789127298411
311,-0.0816417141092695
312,-0.100474966094549
313,-0.0761928882169309
314,-0.068457050786209
315,-0.0781765478483828
316,-0.0651288490380551
317,-0.0661218508138015
318,-0.0860843732191572
319,-0.0846136576488752
320,-0.0606149034686936
321,-0.0788251568767242
322,-0.0863731332773773
323,-0.0712453537017211
324,-0.0746959897772821
325,-0.0788852810096984
326,-0.075900695565339
327,-0.0726467457100405
328,-0.0903062567319846
329,-0.0683128073910242
330,-0.0754579298859722
331,-0.0676959893300491
332,-0.0652029997555234
333,-0.0706839571395589
334,-0.0726991702707504
335,-0.0877120131701834
336,-0.0607507071407146
337,-0.0603788836012984
338,-0.0716119476401065
339,-0.0701872461304175
340,-0.0610935424141829
341,-0.0648771388555923
342,-0.0680137074300551
343,-0.0563431629168332
344,-0.0800300148462456
345,-0.0617477340269762
346,-0.075091472106755
347,-0.102450199321077
348,-0.074751212030479
349,-0.0731434731520815
350,-0.08653878051427
351,-0.071581385716376
352,-0.0890776067246589
353,-0.0716930088033501
354,-0.0841840480375495
355,-0.0798680904079143
356,-0.0889148114926923
357,-0.0558005438276338
358,-0.0507986563961593
359,-0.0775941079699938
360,-0.0832375520447883
361,-0.0701739145947387
362,-0.0523633868185792
363,-0.0706367415635353
364,-0.0474678265246439
365,-0.0835100958872766
366,-0.0803428597613939
367,-0.0913533526634298
368,-0.0713531564431313
369,-0.0707647552789666
370,-0.0457979654607706
371,-0.0560875805413897
372,-0.0693828725685675
373,-0.0793921302770119
374,-0.0761287404143077
375,-0.0981589443179879
376,-0.0807039081366547
377,-0.0881784590673994
378,-0.104235058049856
379,-0.0739360258517599
380,-0.0872700724962308
381,-0.0682947770546344
382,-0.0639822943836951
383,-0.0848087626022963
384,-0.0859109655773838
385,-0.062368590850998
386,-0.0582068031597693
387,-0.0845191941815362
388,-0.0938181957809958
389,-0.102387251833344
390,-0.0803095661658474
391,-0.0809418575052163
392,-0.074905512363561
393,-0.0804806696540744
394,-0.066198722790499
395,-0.0688711492821362
396,-0.0552186249522718
397,-0.0796916139532448
398,-0.0823146786130623
399,-0.0818945606318792
400,-0.103273374446394
401,-0.0610502619246984
402,-0.081220721374544
403,-0.0896388949851527
404,-0.0779703783243276
405,-0.0655568294254199
406,-0.0778095508827167
407,-0.0634061292250121
408,-0.0485956844452028
409,-0.0715833001116915
410,-0.0938497994671283
411,-0.0525265681208983
412,-0.067019556296145
413,-0.0843043347664525
414,-0.075486098919408
415,-0.0748537494655702
416,-0.0812297771190472
417,-0.0535725936108309
418,-0.0669575089081504
419,-0.0728537237384437
420,-0.0671051402955906
421,-0.0681906813763593
422,-0.0523248401710134
423,-0.0791450423635758
424,-0.0863231048292731
425,-0.0493308259183136
426,-0.0630146418165837
427,-0.105674466705797
428,-0.0876933776150564
429,-0.0424802185360215
430,-0.078060300444342
431,-0.0564597144713293
432,-0.0673309668498162
433,-0.0669387239128337
434,-0.0672248239897263
435,-0.0718434137968046
436,-0.0680899352796678
437,-0.0470019006866616
438,-0.0695378477188138
439,-0.0815585013289605
440,-0.0845645154594543
441,-0.0740507587189048
442,-0.0692690682585211
443,-0.0497089405737198
444,-0.0550380175182835
445,-0.0956397695293318
446,-0.0936966684604163
447,-0.0719332621813766
448,-0.0702422702059242
449,-0.0804805745808742
450,-0.0720372730023324
451,-0.0686685682036907
452,-0.0526156653290336
453,-0.0632899100454513
454,-0.059663717302995
455,-0.0702079048507998
456,-0.0822221718605599
457,-0.0663772950579309
458,-0.0508212032002472
459,-0.0516875485286261
460,-0.0655156773227615
461,-0.0782603813559264
462,-0.0765557623972545
463,-0.0741205859248993
464,-0.0836432660794226
465,-0.0689759479282535
466,-0.0556891308397666
467,-0.074903360536875
468,-0.0767769274956416
469,-0.0749950620679122
470,-0.0830233119300084
471,-0.0790772339023
472,-0.082245351063227
473,-0.0693339445641851
474,-0.0773343265684723
475,-0.0594560287134966
476,-0.09062836012997
477,-0.0454863012961373
478,-0.0677266510224925
479,-0.0706872034053194
480,-0.0679996577607909
481,-0.0791713250578985
482,-0.0747051238330292
483,-0.0777911585058394
484,-0.0696202172536273
485,-0.0666322672949679
486,-0.0397626464673788
487,-0.064967763403644
488,-0.0577501319608395
489,-0.052312180509222
490,-0.0962598310771234
491,-0.0455015247548705
492,-0.0623331078304868
493,-0.0635151495519344
494,-0.0749035259373669
495,-0.0784759416367848
496,-0.091980219619023
497,-0.0733630070112885
498,-0.0784006630707423
499,-0.056016430305296
500,-0.0709341040427385
501,-0.0379058891478449
502,-0.0897004854778312
503,-0.0623607513709351
504,-0.0860339341944038
505,-0.0771168997290766
506,-0.0525896971806327
507,-0.0467446896402118
508,-0.0352462610701456
509,-0.0899086436598686
510,-0.0564921003137835
511,-0.064422890541172
512,-0.079265356996285
513,-0.0708025924413671
514,-0.0828339361315535
515,-0.100249995408925
516,-0.080512353438178
517,-0.0658807982719653
518,-0.0617397826607141
519,-0.0560387345876772
520,-0.0865560847156433
521,-0.0654464671419153
522,-0.06400599799641
523,-0.0500406325564305
524,-0.0850658865954406
525,-0.077907891900498
526,-0.0729426624173887
527,-0.0567995389879519
528,-0.0605789752508517
529,-0.0736246537962217
530,-0.0698735526901038
531,-0.0691766335468054
532,-0.0623262505999793
533,-0.0557834370882471
534,-0.0865507737775405
535,-0.0775178508259356
536,-0.0746771958772549
537,-0.0625328981677219
538,-0.0697178686215533
539,-0.0673612144214199
540,-0.0746167911537477
541,-0.0870856769535649
542,-0.043141496467809
543,-0.0659270115837188
544,-0.0682366912561632
545,-0.0604660335261657
546,-0.082183433599737
547,-0.0670772024154508
548,-0.0740630785638849
549,-0.0803977952208624
550,-0.05215706005193
551,-0.0614564013965351
552,-0.0551904404358684
553,-0.0825297882791409
554,-0.0629982065468249
555,-0.07842790141578
556,-0.0675330952773931
557,-0.0613157051057541
558,-0.0747217737255436
559,-0.0739708544198643
560,-0.0543504918105598
561,-0.0699065689740953
562,-0.0550862524662433
563,-0.0837901190095147
564,-0.0612729845826073
565,-0.0677518794315669
566,-0.0878367003636054
567,-0.0705208885854929
568,-0.0825152136424186
569,-0.0469062059234978
570,-0.0797677343237337
571,-0.0675742661081514
572,-0.0716903166992385
573,-0.0650582896599733
574,-0.0494609520953072
575,-0.0908108987752556
576,-0.079493856148151
577,-0.0777888433714484
578,-0.0959775991069073
579,-0.0820290362472201
580,-0.0763562174140086
581,-0.0647391960142033
582,-0.0723027395713224
583,-0.0472089235958341
584,-0.0752897908681195
585,-0.0506864285041099
586,-0.0500307004469577
587,-0.0829483549848225
588,-0.113250322817103
589,-0.0813444616025716
590,-0.0643677826216343
591,-0.0773621152214158
592,-0.0539485378933526
593,-0.0921172524564677
594,-0.0764871163512847
595,-0.0535326273042645
596,-0.0740933361341988
597,-0.0733235908316566
598,-0.0837781450469434
599,-0.0667892702811358
600,-0.0772315842663245
601,-0.0484990895685291
602,-0.0722239107536305
603,-0.0626370843890207
604,-0.0684058086545256
605,-0.0813407720677129
606,-0.0751105120569686
607,-0.058899692606753
608,-0.0691082460635724
609,-0.0680299185623912
610,-0.0583312066471641
611,-0.095092504034084
612,-0.0502125327820485
613,-0.0462598967169466
614,-0.0760926174852301
615,-0.0824498126559906
616,-0.0723590686132775
617,-0.0679212582489833
618,-0.0780178176884084
619,-0.083211423666045
620,-0.0662217346944784
621,-0.0539989977496599
622,-0.0606042923694875
623,-0.0796175839183664
624,-0.059594070873518
625,-0.0649448684661247
626,-0.0769633104496638
627,-0.075302496195747
628,-0.0554130028909809
629,-0.0633112780392932
630,-0.078821958014657
631,-0.0699369121921752
632,-0.0678660672705732
633,-0.0705218184855001
634,-0.0763747604147273
635,-0.0662632661216639
636,-0.0586087931275255
637,-0.0737200596238279
638,-0.06597407619887
639,-0.0517804148420071
640,-0.0534406209562467
641,-0.0762701539312383
642,-0.0764768630781461
643,-0.078554359174592
644,-0.050002424251468
645,-0.0747864024976869
646,-0.0775389715866611
647,-0.0805336700226375
648,-0.0807578708769373
649,-0.0631381887609793
650,-0.0719707367422431
651,-0.0725180569609777
652,-0.0756687144633527
653,-0.0781084406319274
654,-0.0797730252046065
655,-0.0648500521687426
656,-0.0762366031287844
657,-0.0450940108392499
658,-0.0627845227290704
659,-0.0490031050704023
660,-0.068907424470969
661,-0.0701166960613555
662,-0.0606990450875523
663,-0.0553490173740598
664,-0.0569318087243776
665,-0.0619246143841874
666,-0.0693095696106428
667,-0.0552832819965952
668,-0.089536877699893
669,-0.0487707907036028
670,-0.0414386833430686
671,-0.0819675773213506
672,-0.0628456576646569
673,-0.0835732076641981
674,-0.0538308604029192
675,-0.0767539069121628
676,-0.0769733470797067
677,-0.0434942226085778
678,-0.0556789675501846
679,-0.0623092452830526
680,-0.0690149817857659
681,-0.0670551359039948
682,-0.0390796687497644
683,-0.0495781361151321
684,-0.0895143802563297
685,-0.0589484628035698
686,-0.072429729830348
687,-0.0802092744181666
688,-0.0924644134602686
689,-0.0768407964647143
690,-0.0694105280490968
691,-0.0615570931915682
692,-0.0578373980404728
693,-0.0581311485132428
694,-0.0725743413316258
695,-0.0572758870391267
696,-0.0541898471806012
697,-0.0658590630504768
698,-0.0811432774779326
699,-0.0641376064986106
700,-0.0699084368499655
701,-0.0965369833111944
702,-0.078944852205954
703,-0.0745204423342291
704,-0.0646192160115874
705,-0.0626895911143351
706,-0.0738870457423524
707,-0.0860039466053241
708,-0.0637018125861844
709,-0.0611230874249281
710,-0.0696800517262454
711,-0.0960372373885528
712,-0.0752988101022594
713,-0.0538711110546614
714,-0.084764730021523
715,-0.0559553633587282
716,-0.0629656221834284
717,-0.0654773336417671
718,-0.0953135987624055
719,-0.0826563862340717
720,-0.0607169430554164
721,-0.0646117613750285
722,-0.0452110636821572
723,-0.0704767569276926
724,-0.0597567619045224
725,-0.0523458842100402
726,-0.0809176046091939
727,-0.0429612098068403
728,-0.0832470275080209
729,-0.0531799617329154
730,-0.0647188185213103
731,-0.0949659458675085
732,-0.0583197319125433
733,-0.0820142938222084
734,-0.0870537010262127
735,-0.0832752983129676
736,-0.0373462301106591
737,-0.069382466697523
738,-0.0737819921080809
739,-0.038463477021569
740,-0.0665043942712244
741,-0.0588277482775885
742,-0.065571418182294
743,-0.0588752077072027
744,-0.087242743792178
745,-0.0923369927961077
746,-0.0848813258916282
747,-0.0761758432451306
748,-0.0925703934756128
749,-0.0674047434432958
750,-0.0829373052643086
751,-0.0587280786344625
752,-0.0635853081944482
753,-0.0702819852659132
754,-0.0578426194273604
755,-0.0844684655518793
756,-0.083500967512059
757,-0.056034595403149
758,-0.0632877989470592
759,-0.0630427552207153
760,-0.0573296700249852
761,-0.0857340096401519
762,-0.0553084427889332
763,-0.071165788193415
764,-0.0599137469197328
765,-0.0721559982311791
766,-0.0631104026484785
767,-0.0828312287053917
768,-0.0849431455490011
769,-0.0638648640928094
770,-0.0428906949711398
771,-0.0806014556967374
772,-0.0732723580493673
773,-0.0748222537051019
774,-0.0606556631618313
775,-0.0770168389987417
776,-0.0740833436040663
777,-0.0799675577485224
778,-0.0756111053574607
779,-0.0839356101654942
780,-0.0780831263040078
781,-0.0722667270917125
782,-0.0788287839182153
783,-0.0619589417985154
784,-0.065392697299526
785,-0.0778675443852407
786,-0.0749626935489149
787,-0.0798164910181862
788,-0.0620102910866179
789,-0.0614886305080165
790,-0.0502629769955711
791,-0.0691647406706817
792,-0.0636538414071111
793,-0.0796118073777938
794,-0.0656170986767554
795,-0.0721524824557825
796,-0.0541654858579061
797,-0.0387450989038975
798,-0.0703775815463847
799,-0.0575026864089367
800,-0.0628345760886469
801,-0.0822591868601763
802,-0.0748929490500657
803,-0.0770379869387172
804,-0.0580258453732353
805,-0.0582499962720302
806,-0.0907206995670623
807,-0.0577661698206985
808,-0.0449377678927013
809,-0.0675310793350838
810,-0.067539317064118
811,-0.0552927629721574
812,-0.0692617053656305
813,-0.0465044097998658
814,-0.0675585546920097
815,-0.0576788475574504
816,-0.0813453828672374
817,-0.0676816919578265
818,-0.0565869669060514
819,-0.0786043411338614
820,-0.0783925216578516
821,-0.0683180009716975
822,-0.0734595114450689
823,-0.0701561584349945
824,-0.0903348909194876
825,-0.0604457821620432
826,-0.0819554368679506
827,-0.0660115063020285
828,-0.0580087783790694
829,-0.0775944639715649
830,-0.0679309740234801
831,-0.0683880804885642
832,-0.0830169907336294
833,-0.0590438013163632
834,-0.0713289971210857
835,-0.0979081903086912
836,-0.0839676285454577
837,-0.0768832803112185
838,-0.062136326297059
839,-0.0610471667578006
840,-0.0827911284253223
841,-0.0588970592180364
842,-0.0869836303014998
843,-0.0606944214389575
844,-0.0766672703379452
845,-0.0924662767108673
846,-0.0584634806411287
847,-0.0695798168153137
848,-0.0810317987546245
849,-0.0509043773472881
850,-0.0972932844197713
851,-0.05699021105705
852,-0.0598417122384695
853,-0.0211970705427782
854,-0.0659693919080746
855,-0.0629467874890542
856,-0.0736333101268926
857,-0.0600162499221276
858,-0.0813167830740392
859,-0.0720329927909406
860,-0.0685728323396328
861,-0.0617715279714176
862,-0.0592169201160614
863,-0.085523936078706
864,-0.0538290084936694
865,-0.0854819236156001
866,-0.0830203930452002
867,-0.0485278685415072
868,-0.0711434066318586
869,-0.0607234640423656
870,-0.0736093355791458
871,-0.0944793282644495
872,-0.0898796242083062
873,-0.0893858744076561
874,-0.0628468087765654
875,-0.0457888753429488
876,-0.0663421398283521
877,-0.0522238314884346
878,-0.069481472557749
879,-0.052876697056777
880,-0.0648747378676117
881,-0.0676765863259578
882,-0.0798401650787091
883,-0.060180800716268
884,-0.0821398708694727
885,-0.0761320725276143
886,-0.0927043071986922
887,-0.0627706106269794
888,-0.0679551219910255
889,-0.0786622889214989
890,-0.0778510909008181
891,-0.044566231498758
892,-0.0770145316436597
893,-0.0450230576732115
894,-0.0684467455061246
895,-0.089658746836353
896,-0.0572923179410117
897,-0.0948600951195104
898,-0.0800448736800163
899,-0.0540011557900843
900,-0.0727484219098326
901,-0.0879013073908953
902,-0.0676629110594949
903,-0.0721210509695686
904,-0.0830510176936002
905,-0.0872335105844028
906,-0.0560396461910594
907,-0.0776286515630679
908,-0.0425442632807174
909,-0.0959935140270935
910,-0.0691368882288312
911,-0.0571622743848642
912,-0.0761806869006709
913,-0.076219658754234
914,-0.063559144787274
915,-0.0490916274593298
916,-0.0824880427072461
917,-0.0868473420023972
918,-0.0697597619894862
919,-0.0594221006516204
920,-0.087761828949911
921,-0.0812355769290283
922,-0.0580283749358718
923,-0.0673287542022656
924,-0.103283848951212
925,-0.0517329288303549
926,-0.0932944549322565
927,-0.0733324665419504
928,-0.0661414604594086
929,-0.0771252146271824
930,-0.0623048389420655
931,-0.0685510154552564
932,-0.061745532809382
933,-0.0818806534390826
934,-0.059149116386944
935,-0.0542624577792372
936,-0.074138711302201
937,-0.0659516621764762
938,-0.0759120301443965
939,-0.0642393723880516
940,-0.0517133201341288
941,-0.0683075127073216
942,-0.0855621182081609
943,-0.0881503353471988
944,-0.067621350299854
945,-0.067545339850569
946,-0.083271021653078
947,-0.05240089968785
948,-0.0628281672630201
949,-0.0716694388468162
950,-0.0450843543049016
951,-0.065232068211859
952,-0.0632684772288565
953,-0.0636041859539333
954,-0.0779092562890406
955,-0.0543704821385939
956,-0.0729952036997534
957,-0.0561770311316387
958,-0.0825114566220752
959,-0.0601055616191183
960,-0.0687324099981077
961,-0.0583297879729535
962,-0.0896594413136447
963,-0.0550042176895541
964,-0.0766395106067091
965,-0.0735846904269962
966,-0.0475277684780493
967,-0.0521975753435538
968,-0.0770767966296781
969,-0.0607180660050979
970,-0.0718490939808
971,-0.0772481573192361
972,-0.0770659294828095
973,-0.0670834121492599
974,-0.0760322944747253
975,-0.0861017808948377
976,-0.0867548199542614
977,-0.0724098957814928
978,-0.0656738845512145
979,-0.0863982880819067
980,-0.0644698625909946
981,-0.0874137593028048
982,-0.0577390478664911
983,-0.0932932800687362
984,-0.0868105858300311
985,-0.0654273491342245
986,-0.0818291397920297
987,-0.0587238068517491
988,-0.0677520920986949
989,-0.0902732966043935
990,-0.0678903893873163
991,-0.0762671853488581
992,-0.0957753850359308
993,-0.0762965921954716
994,-0.0780814366293812
995,-0.084358886593904
996,-0.0512982443070977
997,-0.0677932968645076
998,-0.0692565348661637
999,-0.0527655838941322
1000,-0.0979412275635713
1001,-0.104952748827149
1002,-0.0672907971706108
1003,-0.0885649611115279
1004,-0.0821859660279181
1005,-0.0681567938615771
1006,-0.0588146169507914
1007,-0.0738518981860633
1008,-0.120271946734622
1009,-0.0768147393230904
1010,-0.0863177090080236
1011,-0.0742088307063208
1012,-0.0742846734682134
1013,-0.0591215371947014
1014,-0.0841299265522549
1015,-0.0615691041064926
1016,-0.0886510432626028
1017,-0.0335593764025073
1018,-0.0697687292334031
1019,-0.0439880387425855
1020,-0.0378878521258732
1021,-0.0793705620196867
1022,-0.052890975034437
1023,-0.0588726386532369
1024,-0.07429400782735
1025,-0.0481989940621465
1026,-0.0883406795535126
1027,-0.0785285697194529
1028,-0.0586145934458365
1029,-0.0569250998541472
1030,-0.0711510775389213
1031,-0.102415365964675
1032,-0.0762851638434059
1033,-0.0695462154085905
1034,-0.0873202653632707
1035,-0.0749562371091826
1036,-0.084907054704697
1037,-0.0645314336080451
1038,-0.09854473112901
1039,-0.077523152331077
1040,-0.0895725770239196
1041,-0.057657562529184
1042,-0.0712677315000229
1043,-0.0803419379495402
1044,-0.0566989712754559
1045,-0.0543297400837381
1046,-0.0918707138672882
1047,-0.062806858698119
1048,-0.0726780829736984
1049,-0.0780141179452135
1050,-0.0741206303577213
1051,-0.0664224161944407
1052,-0.0766616914486898
1053,-0.0801879928902163
1054,-0.064029559057595
1055,-0.0924418167960485
1056,-0.0620733032279931
1057,-0.0703842508798642
1058,-0.0800279461970145
1059,-0.0709772748250783
1060,-0.0470013786407492
1061,-0.0685358511300142
1062,-0.0735755275826151
1063,-0.066432455816442
1064,-0.0552407782733517
1065,-0.0941924367500066
1066,-0.0617522962944476
1067,-0.0635912527726239
1068,-0.0573020158345458
1069,-0.0772921210846543
1070,-0.0936724343256
1071,-0.0849122888181254
1072,-0.0890963753802805
1073,-0.0590122650239061
1074,-0.0871262688267288
1075,-0.0512540132509401
1076,-0.0748823596532877
1077,-0.077458919886812
1078,-0.0671291864321756
1079,-0.0802776063787461
1080,-0.0657126813989182
1081,-0.077923675154694
1082,-0.0583897718621787
1083,-0.0635043655111585
1084,-0.0702948206482662
1085,-0.0802319424654634
1086,-0.088262291053003
1087,-0.0713336427767233
1088,-0.0642231555232879
1089,-0.0613372694142119
1090,-0.0707367548164857
1091,-0.0552870765290818
1092,-0.0727435420695222
1093,-0.05132187504189
1094,-0.07837526179931
1095,-0.0561287439729135
1096,-0.0761532104243186
1097,-0.102915804890247
1098,-0.0503943401882352
1099,-0.0598770160449182
1100,-0.0787518510560552
1101,-0.0912541756196095
1102,-0.0694561229023632
1103,-0.0613298971278243
1104,-0.0737639397326321
1105,-0.0639697032062974
1106,-0.0798362220155877
1107,-0.0846700629447122
1108,-0.0778197705383582
1109,-0.0667844783789786
1110,-0.0792131860203703
1111,-0.0659897026809274
1112,-0.0644954764772986
1113,-0.0621328708461701
1114,-0.0610281027852571
1115,-0.0524628082180654
1116,-0.0596669160291872
1117,-0.0931697410463213
1118,-0.0748264486487713
1119,-0.0898645890556711
1120,-0.0615002669993702
1121,-0.0481088420135876
1122,-0.0657967221288395
1123,-0.0845479613118983
1124,-0.0751278734710986
1125,-0.0895154334775735
1126,-0.0816541058385197
1127,-0.0712483683510668
1128,-0.0771008595997872
1129,-0.0734188086535669
1130,-0.0717082411161301
1131,-0.0634874606195953
1132,-0.0523882908075524
1133,-0.0562445446195973
1134,-0.0885959669967069
1135,-0.0688798933347989
1136,-0.0724496586589599
1137,-0.0814618086189291
1138,-0.0505889321516824
1139,-0.0715855825235814
1140,-0.0847651422051899
1141,-0.0738117706424805
1142,-0.0768866669766336
1143,-0.0624520533573764
1144,-0.0625114295188558
1145,-0.0723947612185761
1146,-0.0943644838516472
1147,-0.0677384635365012
1148,-0.0537121805686398
1149,-0.0904305604142351
1150,-0.0654592033474271
1151,-0.0585062611264362
1152,-0.100386619340891
1153,-0.0615738413009552
1154,-0.065265934792296
1155,-0.0644462575231468
1156,-0.0674904313053255
1157,-0.0675187092941274
1158,-0.0679338354571332
1159,-0.075354989054027
1160,-0.0930091260281473
1161,-0.0745742338278935
1162,-0.0649021940743055
1163,-0.0726251825160406
1164,-0.0515967679424106
1165,-0.0602350445603482
1166,-0.0798251716485837
1167,-0.066564964098752
1168,-0.0705989213773889
1169,-0.0667401259688738
1170,-0.0915117611402215
1171,-0.0931385234503753
1172,-0.0814587486741811
1173,-0.0891172990037718
1174,-0.0722193765762723
1175,-0.0846084185956189
1176,-0.0676988753462128
1177,-0.0732081943689706
1178,-0.0884049783209094
1179,-0.0946867538473479
1180,-0.0653768452156504
1181,-0.0678761941573073
1182,-0.0564185467394968
1183,-0.0572085627390206
1184,-0.0723095858161069
1185,-0.0775862700746742
1186,-0.0810282578777656
1187,-0.0747420050150747
1188,-0.0860399744340219
1189,-0.0610611281407674
1190,-0.0874251507199577
1191,-0.0880867332588574
1192,-0.0593574512416001
1193,-0.0811152966319229
1194,-0.0626937628269185
1195,-0.0565933345930544
1196,-0.0918256180409669
1197,-0.0630744003186285
1198,-0.0753414576225503
1199,-0.0560519268121009
1200,-0.0781049569956266
1201,-0.0702899081001627
1202,-0.0685325444241413
1203,-0.0734121623599974
1204,-0.0693549587132501
1205,-0.0626504784779508
1206,-0.0479743840844348
1207,-0.0833688101219
1208,-0.0631431759732253
1209,-0.0466986162581572
1210,-0.0692746642877472
1211,-0.0671296774395083
1212,-0.0692554074757199
1213,-0.0894523192204491
1214,-0.061597455300813
1215,-0.0782291470713449
1216,-0.0753472567682429
1217,-0.0701787733061418
1218,-0.0807866389539823
1219,-0.047490010901637
1220,-0.0967425116526257
1221,-0.0814681666899407
1222,-0.0565016306115285
1223,-0.0553793024940478
1224,-0.0924054447888679
1225,-0.0832360328827284
1226,-0.0736413173722625
1227,-0.0681689919165246
1228,-0.046194401364241
1229,-0.083931193336935
1230,-0.0854868468628564
1231,-0.0529882481696126
1232,-0.0771016169902671
1233,-0.0766063656108795
1234,-0.0613155235673064
1235,-0.0535615057317189
1236,-0.0680984918325333
1237,-0.0519013270885745
1238,-0.0689294806782168
1239,-0.0515062742031445
1240,-0.0561477420271229
1241,-0.0510793086569737
1242,-0.0635893955064859
1243,-0.058441011780796
1244,-0.0617892953983738
1245,-0.0831914167600568
1246,-0.0702247327590113
1247,-0.0623432640664073
1248,-0.0748115341771667
1249,-0.0707762277514361
1250,-0.0632354888936948
1251,-0.070395480175824
1252,-0.06406040117369
1253,-0.0818814676226001
1254,-0.0668744759176375
1255,-0.0875332476552246
1256,-0.0754821947412788
1257,-0.0673083656415693
1258,-0.0753524824893069
1259,-0.0851298807425978
1260,-0.0397840540954073
1261,-0.0896928913247242
1262,-0.0710904894626161
1263,-0.0876769045619973
1264,-0.0797213460607049
1265,-0.0598411231753922
1266,-0.0668855110959763
1267,-0.0879713349816625
1268,-0.0876383848828757
1269,-0.0897479651619961
1270,-0.0826335013231035
1271,-0.0820066349010804
1272,-0.0712118967527646
1273,-0.0744283658103472
1274,-0.0721351677058464
1275,-0.0696866617466494
1276,-0.0604784244100472
1277,-0.0557142996931476
1278,-0.0818109038867218
1279,-0.0842298178292259
1280,-0.0606004041725355
1281,-0.0450600666089896
1282,-0.0701450772712442
1283,-0.0779393406352996
1284,-0.0763470487447431
1285,-0.0628727931658455
1286,-0.0695568505338665
1287,-0.0717137548999567
1288,-0.075441360521384
1289,-0.0563778101003044
1290,-0.0782911363879707
1291,-0.0802209338434373
1292,-0.0737821367299321
1293,-0.0682869766419682
1294,-0.0788901522315702
1295,-0.0686992801663871
1296,-0.0704959572434773
1297,-0.0705933032216312
1298,-0.0628703311205396
1299,-0.0609115233700111
1300,-0.0846853147281715
1301,-0.048000863184387
1302,-0.0875798802199652
1303,-0.066387356487485
1304,-0.0536530467355909
1305,-0.0588167004217805
1306,-0.0492068761595475
1307,-0.0688223978684797
1308,-0.0750743911735397
1309,-0.0677678385422202
1310,-0.0490431534906984
1311,-0.0809950645537984
1312,-0.0705332679074497
1313,-0.0741892357952084
1314,-0.0584151476329441
1315,-0.0716669766636477
1316,-0.0903860079997875
1317,-0.0674692131143771
1318,-0.0630874824359147
1319,-0.0464878348734076
1320,-0.0851803459141
1321,-0.0817930745642219
1322,-0.0676189597958399
1323,-0.0772601588271207
1324,-0.0645972599111752
1325,-0.0758078127313387
1326,-0.0493641748464555
1327,-0.0718362619530573
1328,-0.0901895152797078
1329,-0.0918814436683394
1330,-0.105016248451694
1331,-0.0474456531148027
1332,-0.0747209194070037
1333,-0.0704683403868331
1334,-0.0578621793475046
1335,-0.0693048093109342
1336,-0.0846947148418422
1337,-0.0684208479253561
1338,-0.0677213030741563
1339,-0.0508122749008221
1340,-0.0601198772637213
1341,-0.0792232051094819
1342,-0.0568096041989922
1343,-0.0552610073030208
1344,-0.0696122075105907
1345,-0.0490858544410702
1346,-0.0669530669686049
1347,-0.0834828421378036
1348,-0.0784963693485458
1349,-0.0342981960240146
1350,-0.0838193396928187
1351,-0.0796026517088177
1352,-0.0644894715471506
1353,-0.0575468026889185
1354,-0.0512640999913919
1355,-0.0570399748040578
1356,-0.0785052031803395
1357,-0.0751655568656848
1358,-0.0618469762706334
1359,-0.0701973813247826
1360,-0.0612895686453425
1361,-0.0490077810909583
1362,-0.0898243358680808
1363,-0.0489226159120663
1364,-0.0814161227935396
1365,-0.0697402648470447
1366,-0.0523739658062531
1367,-0.0675474976477351
1368,-0.0738361900141734
1369,-0.0756509299329728
1370,-0.0512876904720865
1371,-0.0674633666264275
1372,-0.0751049417958306
1373,-0.0400701973967465
1374,-0.0713259051162203
1375,-0.0618580239929276
1376,-0.049030532212607
1377,-0.0534317627161518
1378,-0.0610871995213939
1379,-0.0891330213223541
1380,-0.0620433289865888
1381,-0.0839080063724753
1382,-0.0772614295252885
1383,-0.071121610545547
1384,-0.0732407138317671
1385,-0.105455100048795
1386,-0.075459674779243
1387,-0.0892894831802638
1388,-0.0910780090514356
1389,-0.0749130641872058
1390,-0.0487926667908839
1391,-0.0759495627207764
1392,-0.079669712709787
1393,-0.0584412336932241
1394,-0.0812690147848094
1395,-0.0589552146579167
1396,-0.061202545082402
1397,-0.068656331561783
1398,-0.0759581892750673
1399,-0.0588587635058711
1400,-0.0746574016939834
1401,-0.0687533518606289
1402,-0.0701527209163089
1403,-0.0645228627358297
1404,-0.0696363784403389
1405,-0.0683817465667324
1406,-0.0619899300828312
1407,-0.0731865298217006
1408,-0.0723658058157401
1409,-0.0674046680165691
1410,-0.0758313148269152
1411,-0.0541649051024911
1412,-0.0781109826055372
1413,-0.0876763694866511
1414,-0.0768233811109056
1415,-0.0683824264198042
1416,-0.0819649377391173
1417,-0.0965023509607849
1418,-0.0712473926216254
1419,-0.0667141176324223
1420,-0.0776765382350771
1421,-0.108104571635191
1422,-0.0579250447418131
1423,-0.0606602035620988
1424,-0.0546147109513655
1425,-0.0749311431157014
1426,-0.0670155956001398
1427,-0.0585344511022071
1428,-0.0850748281210321
1429,-0.0570432629614719
1430,-0.066321865244718
1431,-0.0640678176336858
1432,-0.0760663600229772
1433,-0.0803658526979679
1434,-0.0548848424527465
1435,-0.0746934583364391
1436,-0.0614128066013131
1437,-0.0599909714769113
1438,-0.0765974562270963
1439,-0.0753075050766598
1440,-0.0680226511807285
1441,-0.062983099298948
1442,-0.064607577604435
1443,-0.092156495787318
1444,-0.0648507624602467
1445,-0.0537484964610867
1446,-0.0690458091310412
1447,-0.0493648666038002
1448,-0.0619520842991867
1449,-0.0757077158142692
1450,-0.051912687460588
1451,-0.0809689705581917
1452,-0.0602784541415341
1453,-0.0923888102343763
1454,-0.0455542013028992
1455,-0.0543456760788322
1456,-0.0742481224474106
1457,-0.0471813341320664
1458,-0.0821871854806635
1459,-0.0767261626136704
1460,-0.083329637176865
1461,-0.0565610444562326
1462,-0.0652711907669841
1463,-0.0763269806524342
1464,-0.0786182862627406
1465,-0.0968076768486699
1466,-0.0833364322246857
1467,-0.06922207288193
1468,-0.0826224813285518
1469,-0.0665602413016839
1470,-0.0774059722358371
1471,-0.0453412064806951
1472,-0.0613398796741556
1473,-0.102440954034455
1474,-0.0637613175894252
1475,-0.0696584750544916
1476,-0.071596699266738
1477,-0.0713639971709692
1478,-0.0589711919044083
1479,-0.0772245718841791
1480,-0.0638940582391364
1481,-0.0702770240881424
1482,-0.0605507534624683
1483,-0.0838482089439294
1484,-0.0715855148073134
1485,-0.0854668375039719
1486,-0.0710577180435234
1487,-0.0725557980176778
1488,-0.0633357481784205
1489,-0.0516258878160846
1490,-0.058892428766902
1491,-0.0777326201406406
1492,-0.0596349577367644
1493,-0.0791854509243056
1494,-0.0670916084132673
1495,-0.0837430122620901
1496,-0.073701715497182
1497,-0.0584254964656474
1498,-0.0647143307423279
1499,-0.0658991478708611
1500,-0.0636690309799353
1501,-0.0537773203897694
1502,-0.0532785937388869
1503,-0.0703833096376514
1504,-0.0821530357723163
1505,-0.0677246507563637
1506,-0.0847993089402889
1507,-0.0857508761084532
1508,-0.0628771944964502
1509,-0.0790994670795312
1510,-0.0835627520048739
1511,-0.0534079071387368
1512,-0.0738827678806708
1513,-0.0746199117288292
1514,-0.0546776682165554
1515,-0.0746232496846775
1516,-0.062850108712237
1517,-0.0551659046358265
1518,-0.0677067788870525
1519,-0.0577744427510709
1520,-0.0795856270497256
1521,-0.0723686973242654
1522,-0.0585154391233716
1523,-0.0929342249267375
1524,-0.0566972232749089
1525,-0.100039148735777
1526,-0.0725916132928266
1527,-0.0865882809358831
1528,-0.0733677259906021
1529,-0.0820917761357171
1530,-0.0635832628175857
1531,-0.0489689518913643
1532,-0.0825654876160667
1533,-0.0885929880828942
1534,-0.0717498713042334
1535,-0.0799708729787123
1536,-0.0734475525625163
1537,-0.0858909476894579
1538,-0.0628916640706858
1539,-0.0634890205233301
1540,-0.0503808294361361
1541,-0.0441117649633704
1542,-0.0889429837911059
1543,-0.0905339363196902
1544,-0.0852112321823353
1545,-0.0754727090971024
1546,-0.104843001770941
1547,-0.0800964119579341
1548,-0.0889763439570166
1549,-0.0603923892888638
1550,-0.0783526577546221
1551,-0.0682229443014008
1552,-0.0810091843784663
1553,-0.0657466143954215
1554,-0.0565904122117432
1555,-0.0699542372439846
1556,-0.0500104337403563
1557,-0.0553796852096852
1558,-0.0719300962489529
1559,-0.0571279160018238
1560,-0.0568222640685351
1561,-0.0700719646104967
1562,-0.0629964761506159
1563,-0.0846725687909053
1564,-0.0716282051781584
1565,-0.0469216871233896
1566,-0.0713134574600231
1567,-0.0597337030569517
1568,-0.0383861696671484
1569,-0.0639338057434417
1570,-0.0518461197240662
1571,-0.0656765810082206
1572,-0.0911348321765194
1573,-0.0443984961688732
1574,-0.0657742972539567
1575,-0.0741482083446132
1576,-0.0688107576799536
1577,-0.0810675399715323
1578,-0.0815292472166214
1579,-0.0792523452139612
1580,-0.0709468991281074
1581,-0.0560369200129452
1582,-0.0774347735911686
1583,-0.047995511312714
1584,-0.0537135265009967
1585,-0.0666515042937898
1586,-0.0672326834384798
1587,-0.064010222177458
1588,-0.0826446263402276
1589,-0.0692049521256511
1590,-0.0805174626046514
1591,-0.0781176365330136
1592,-0.0626267790962834
1593,-0.0906305153089864
1594,-0.058857041396162
1595,-0.0734065754346664
1596,-0.0432612315503245
1597,-0.0509067406201212
1598,-0.0704279962672244
1599,-0.0856712442876157
1600,-0.0747392254010762
1601,-0.0773821689730841
1602,-0.0733918171698952
1603,-0.0764511937957228
1604,-0.0674215993881008
1605,-0.0659492294135054
1606,-0.0739344726854893
1607,-0.0623814780181114
1608,-0.0750697521047719
1609,-0.0920628396070073
1610,-0.0584805884180104
1611,-0.0613872047458658
1612,-0.0737997652847873
1613,-0.0835484419293315
1614,-0.0663568892281878
1615,-0.0687894253005797
1616,-0.080772244279459
1617,-0.0644964794328796
1618,-0.079173838176983
1619,-0.0685092058030495
1620,-0.0570154819356954
1621,-0.0380711841882349
1622,-0.093474983751587
1623,-0.0856671099767164
1624,-0.0632456155258589
1625,-0.0690943722698293
1626,-0.065823755469914
1627,-0.0610499225810678
1628,-0.090874977043562
1629,-0.0724252535482596
1630,-0.0754781206040191
1631,-0.073185114732039
1632,-0.0620809749419536
1633,-0.0827710702320796
1634,-0.103024325516406
1635,-0.07563488366513
1636,-0.0724554113277207
1637,-0.0591626308768928
1638,-0.051918834104865
1639,-0.0704701714128963
1640,-0.0700084971373414
1641,-0.0792355181521485
1642,-0.10240827436969
1643,-0.0624646079610996
1644,-0.056946618353747
1645,-0.062450465610657
1646,-0.100047623288483
1647,-0.0686833129615755
1648,-0.0894821163731104
1649,-0.0830122305044417
1650,-0.0622930053145013
1651,-0.0687368075714883
1652,-0.0842042699511112
1653,-0.0398808974282765
1654,-0.0746824873090794
1655,-0.0731530588657996
1656,-0.0776919814393379
1657,-0.0655690855606451
1658,-0.0824162293303359
1659,-0.0712627165880164
1660,-0.074788340899537
1661,-0.0663598229729744
1662,-0.0754821559797307
1663,-0.0737969495317202
1664,-0.0595690465295059
1665,-0.0832236120665916
1666,-0.0390061916426627
1667,-0.0589710964084879
1668,-0.058250196523486
1669,-0.0624899948713273
1670,-0.0501220317540742
1671,-0.0870398809998741
1672,-0.0599976903111441
1673,-0.0822849830325239
1674,-0.0818437603226295
1675,-0.0723740329741077
1676,-0.0521740864314659
1677,-0.0544597596318845
1678,-0.0939112722867664
1679,-0.0578813287736441
1680,-0.0749759835830437
1681,-0.0774393244908499
1682,-0.0860662458364536
1683,-0.0892787835225408
1684,-0.103741804776587
1685,-0.0702724766738247
1686,-0.0615391957027985
1687,-0.0480376216783902
1688,-0.0786918876750479
1689,-0.079898030870169
1690,-0.0564656130344578
1691,-0.071284598948946
1692,-0.0840509545135136
1693,-0.0775857990085786
1694,-0.0760650457797329
1695,-0.0829207149442947
1696,-0.0561252301619687
1697,-0.0556613965815255
1698,-0.0724197577993468
1699,-0.0675511599021322
1700,-0.063950928491869
1701,-0.0691122009862949
1702,-0.0710096146754056
1703,-0.0581554367380017
1704,-0.0476470469883924
1705,-0.0908682451236324
1706,-0.0576397062721771
1707,-0.0796051892281531
1708,-0.0697160218640973
1709,-0.061806452891187
1710,-0.0820988864527017
1711,-0.0686661187780288
1712,-0.0610652513935275
1713,-0.0517683403413624
1714,-0.0715229446775688
1715,-0.0773086729856139
1716,-0.041424376381008
1717,-0.0682547845692813
1718,-0.087473297443719
1719,-0.0655053713449487
1720,-0.0759787074393524
1721,-0.0681640768503222
1722,-0.0595172450855704
1723,-0.0530412995713634
1724,-0.0754781007709532
1725,-0.081702644018338
1726,-0.0568513939878257
1727,-0.0569427769030767
1728,-0.0696783065150933
1729,-0.0770492406164413
1730,-0.0678348881678299
1731,-0.0637693763498893
1732,-0.0704179793379546
1733,-0.0701424480851632
1734,-0.0775908596064681
1735,-0.0817808077652586
1736,-0.0632392862024677
1737,-0.0710041261500836
1738,-0.0637008411440274
1739,-0.0731173778164295
1740,-0.084790824710256
1741,-0.045252542118592
1742,-0.0605646175242068
1743,-0.0580145853080893
1744,-0.0825147881556294
1745,-0.0965144477367889
1746,-0.0629794112893669
1747,-0.076512828929088
1748,-0.0701128756466452
1749,-0.0780661357957585
1750,-0.0679420866631232
1751,-0.0623902551482986
1752,-0.0614159502623117
1753,-0.0730635753237287
1754,-0.100333989911861
1755,-0.0671243272543134
1756,-0.0481908155489508
1757,-0.0489710809410428
1758,-0.0825057421761738
1759,-0.0833234704133335
1760,-0.0723061975861896
1761,-0.0875855429848962
1762,-0.0774709711992886
1763,-0.0911742388165054
1764,-0.0762569198254089
1765,-0.0991842658168354
1766,-0.0945312888865943
1767,-0.0966342878324153
1768,-0.0557849064713091
1769,-0.054196152172386
1770,-0.083613698837158
1771,-0.0707227668538259
1772,-0.0716488293065151
1773,-0.0651479160077424
1774,-0.0760826281581887
1775,-0.0616684252413059
1776,-0.0624386817928808
1777,-0.06101648054752
1778,-0.0957501935622554
1779,-0.0861282823116077
1780,-0.0674627136284355
1781,-0.0451444326828769
1782,-0.0715077915014309
1783,-0.0879139010396884
1784,-0.0926198512223238
1785,-0.0817027451554068
1786,-0.0695210684597833
1787,-0.0767735710050807
1788,-0.0626083799890985
1789,-0.0871072947498602
1790,-0.0759949965070352
1791,-0.0624175002240918
1792,-0.0671472243730205
1793,-0.0742650760892432
1794,-0.0742435799733761
1795,-0.0824872724248471
1796,-0.0543324197773693
1797,-0.0925937524811916
1798,-0.0620703010815023
1799,-0.0715923902982713
1800,-0.0667936028749128
1801,-0.082854723956651
1802,-0.0628741808207594
1803,-0.0462970738613586
1804,-0.0800300241176557
1805,-0.0587199153184886
1806,-0.0870367690925112
1807,-0.0581740332149909
1808,-0.0754453546319263
1809,-0.0754748468405566
1810,-0.0574074762254245
1811,-0.0718631995365232
1812,-0.059170595781466
1813,-0.0676680426839651
1814,-0.0858377383080994
1815,-0.0839899797679163
1816,-0.0626919860690866
1817,-0.0652514376002636
1818,-0.0627918387969589
1819,-0.0787239391206455
1820,-0.0747769483281186
1821,-0.0428208213817803
1822,-0.085765074906041
1823,-0.0549490503807711
1824,-0.0979567122039164
1825,-0.0598046656595799
1826,-0.058749067981571
1827,-0.0662999954912464
1828,-0.0592834906070868
1829,-0.0649342208450476
1830,-0.069969632589429
1831,-0.0521548637473509
1832,-0.067087183072145
1833,-0.074581554451714
1834,-0.0840687628423446
1835,-0.0484562719240186
1836,-0.0680521714939812
1837,-0.0651190511238162
1838,-0.0809443708159194
1839,-0.076294043156548
1840,-0.0793996985647834
1841,-0.0681707762623631
1842,-0.0578834155315157
1843,-0.0974020874257707
1844,-0.0398827377793522
1845,-0.0879870558509204
1846,-0.0638885094610573
1847,-0.0727442060094346
1848,-0.0849927880056647
1849,-0.0514539974789127
1850,-0.0731377772744227
1851,-0.06683955223123
1852,-0.0859736812666584
1853,-0.056852472236587
1854,-0.0818164847946516
1855,-0.076121823240348
1856,-0.0682362037896111
1857,-0.0915609825522697
1858,-0.0613400918377762
1859,-0.062614940835479
1860,-0.0719457461266662
1861,-0.0758693107022581
1862,-0.0580174583964227
1863,-0.0709726566603602
1864,-0.0748338611606609
1865,-0.0728027374228604
1866,-0.0489419537267842
1867,-0.0582571236696505
1868,-0.0505473384629018
1869,-0.0821170475182264
1870,-0.0858520193803758
1871,-0.0642157561108887
1872,-0.0697603131944303
1873,-0.0987078566633531
1874,-0.0618475219262967
1875,-0.0548127118133456
1876,-0.0797268861868123
1877,-0.0648997485177072
1878,-0.070328855990131
1879,-0.0779809521445897
1880,-0.0795716697649151
1881,-0.0978917073103044
1882,-0.077370149123667
1883,-0.0671768957513794
1884,-0.0561431526835706
1885,-0.0782554520999383
1886,-0.0689439551955509
1887,-0.0471797479284986
1888,-0.0713924454794937
1889,-0.0523113746836726
1890,-0.055519188369386
1891,-0.0715590596526949
1892,-0.0953281654447234
1893,-0.0700464912699576
1894,-0.0696788143354408
1895,-0.0857305820580649
1896,-0.0823308984746564
1897,-0.0972969838462304
1898,-0.0817652060042952
1899,-0.0684271103468082
1900,-0.0493088254120322
1901,-0.0716606238956934
1902,-0.0798470231670679
1903,-0.0861863367783518
1904,-0.0756644782529965
1905,-0.0665932806490108
1906,-0.081207374949321
1907,-0.0765253491954862
1908,-0.0880631263472372
1909,-0.0907877096989206
1910,-0.0673780878848162
1911,-0.0632554372911588
1912,-0.0414653413568826
1913,-0.0603169825214033
1914,-0.081229037112731
1915,-0.0575356557555192
1916,-0.069249009237846
1917,-0.0747631514244995
1918,-0.0580748697877088
1919,-0.0932784390785966
1920,-0.0927343713448355
1921,-0.0887711703276421
1922,-0.0781377031937249
1923,-0.0566039174608947
1924,-0.0861716314640685
1925,-0.0356754159004785
1926,-0.0633670840326049
1927,-0.0637211495860603
1928,-0.069249421561583
1929,-0.0779621341504461
1930,-0.080783186989498
1931,-0.0852439674646838
1932,-0.0665846067007428
1933,-0.0905795223425559
1934,-0.0581944429832565
1935,-0.095220315238614
1936,-0.0451334599553811
1937,-0.0622686901486037
1938,-0.0626150102362189
1939,-0.0896757564481849
1940,-0.0752869527366006
1941,-0.0689608851257863
1942,-0.0852511068856914
1943,-0.0955083726104397
1944,-0.0728898478952204
1945,-0.0894017347474568
1946,-0.0753802189230423
1947,-0.0795219572121798
1948,-0.0897945983997177
1949,-0.0492304806189057
1950,-0.0695097970540135
1951,-0.0507393141332662
1952,-0.0878772940178449
1953,-0.0729112162006711
1954,-0.07015397548879
1955,-0.0574889324110656
1956,-0.0776240318034758
1957,-0.0682215640582175
1958,-0.092667687775373
1959,-0.0610077316025497
1960,-0.0813682822559743
1961,-0.0742837190953755
1962,-0.0591293902951948
1963,-0.0583055193520817
1964,-0.0769827748354186
1965,-0.077010537344189
1966,-0.0693443220327569
1967,-0.0772802376846831
1968,-0.06425184924657
1969,-0.0611844269796343
1970,-0.0746377082614485
1971,-0.0652895281238962
1972,-0.0691012404575795
1973,-0.0608107628665701
1974,-0.0616151409417866
1975,-0.0511493275334163
1976,-0.0740672939566013
1977,-0.0889916487769087
1978,-0.0522968174317017
1979,-0.0791210211373851
1980,-0.0714596918042438
1981,-0.096447030488682
1982,-0.0540999499002662
1983,-0.0907529834812165
1984,-0.0879877791526927
1985,-0.0936499600061707
1986,-0.0608389898272075
1987,-0.0796559181208877
1988,-0.0694533671687025
1989,-0.0735282258281526
1990,-0.0533950519067367
1991,-0.0571881524776074
1992,-0.0850023029195704
1993,-0.0686864613988704
1994,-0.0867517090951552
1995,-0.0698436486958061
1996,-0.056537836453492
1997,-0.0911545255338838
1998,-0.0896416991910981
1999,-0.0795914020161864
2000,-0.076275135215444
2001,-0.0737375677661044
2002,-0.0742686321441853
2003,-0.0796036406290053
2004,-0.0858394847952246
2005,-0.0624368871187417
2006,-0.0819381678588703
2007,-0.0794860974469793
2008,-0.06288871520084
2009,-0.063861885237648
2010,-0.0874666166267196
2011,-0.0787659400851692
2012,-0.0536675308931901
2013,-0.0837198135347443
2014,-0.0874447560855559
2015,-0.0658996422675688
2016,-0.0491027974663167
2017,-0.101854308532663
2018,-0.0702753027966889
2019,-0.0720632262360007
2020,-0.0531031580471102
2021,-0.0965286229280549
2022,-0.0676139497280341
2023,-0.0829563201049631
2024,-0.0517761011755879
2025,-0.0539731749068329
2026,-0.0725801617779783
2027,-0.0620330640437612
2028,-0.0625196393594687
2029,-0.080318187914271
2030,-0.0718474645109921
2031,-0.0848525955061372
2032,-0.0760167770405002
2033,-0.0827132703475987
2034,-0.0724856543832269
2035,-0.0618106958479871
2036,-0.0654560573124654
2037,-0.058327756076412
2038,-0.0715238540868116
2039,-0.0483139503072567
2040,-0.0647451513143671
2041,-0.0671402827753181
2042,-0.0571725961917162
2043,-0.0753140764285708
2044,-0.0916698353561019
2045,-0.075915349584092
2046,-0.0668178132119254
2047,-0.0543966214076867
2048,-0.0729221599849636
2049,-0.0621322523615246
2050,-0.0500143717931773
2051,-0.0926951302945097
2052,-0.0820887498898938
2053,-0.0849202734055254
2054,-0.0750388648239487
2055,-0.0862724158255718
2056,-0.0635907823186696
2057,-0.0532654624049857
2058,-0.0814177408424615
2059,-0.0664845052857024
2060,-0.0763904581580047
2061,-0.0513292543196497
2062,-0.0710344990525348
2063,-0.0787317259380405
2064,-0.0549652898992982
2065,-0.0915545684694568
2066,-0.0718632656326226
2067,-0.083207986248848
2068,-0.0657891765046496
2069,-0.0900918669916011
2070,-0.0622493762534214
2071,-0.0549623955413297
2072,-0.0747092841938911
2073,-0.0747139751640013
2074,-0.0414346850715386
2075,-0.0661726277542054
2076,-0.0790470055882028
2077,-0.0725088009866481
2078,-0.0668430779518326
2079,-0.0586045912823112
2080,-0.0695604477915879
2081,-0.088839005669116
2082,-0.0546586213840121
2083,-0.084728896910565
2084,-0.0820640748733152
2085,-0.0701170135150418
2086,-0.0791146583528367
2087,-0.0633707729880847
2088,-0.0761684562669588
2089,-0.0647689851808192
2090,-0.0622613970776994
2091,-0.0789435968836318
2092,-0.0616623744677606
2093,-0.0650284867593585
2094,-0.0788971087179417
2095,-0.0809252882799479
2096,-0.0645657894967477
2097,-0.0878020507021801
2098,-0.0741783182847302
2099,-0.0710022237667264
2100,-0.0802163387887883
2101,-0.0689411631944961
2102,-0.0660610961347385
2103,-0.0850171219679912
2104,-0.0827222463941662
2105,-0.0759370326407364
2106,-0.060110985568344
2107,-0.0752314493471207
2108,-0.0748921024483145
2109,-0.0764399273299508
2110,-0.0696513135923731
2111,-0.0734822036745455
2112,-0.0825779690678651
2113,-0.0719976205443864
2114,-0.0617696461442783
2115,-0.0653271148232076
2116,-0.0690277347783984
2117,-0.0593780904322305
2118,-0.0691656140054702
2119,-0.0646887725540412
2120,-0.0695873213295047
2121,-0.0967874456042887
2122,-0.0578619779937192
2123,-0.0806242862558053
2124,-0.0667739710534845
2125,-0.0805890244626663
2126,-0.0690233433090425
2127,-0.0770288601519699
2128,-0.0572338583828822
2129,-0.0393405174323175
2130,-0.0684641135105606
2131,-0.0799351598516059
2132,-0.0747544967950284
2133,-0.0778791659342925
2134,-0.0672628520180718
2135,-0.0604513464549177
2136,-0.0845324850532739
2137,-0.0671646816862258
2138,-0.0699372355920842
2139,-0.0801000634257162
2140,-0.0601547326080066
2141,-0.0718974661886862
2142,-0.0652140830594633
2143,-0.0959189406011807
2144,-0.0968201641328957
2145,-0.0659753888603839
2146,-0.0652151835969358
2147,-0.0811518564041346
2148,-0.0540670760261651
2149,-0.0544016017324414
2150,-0.0916488155644453
2151,-0.0593871776746751
2152,-0.0516489941882999
2153,-0.080951532440906
2154,-0.067193006464556
2155,-0.083273518119486
2156,-0.0584577289414672
2157,-0.101756212554683
2158,-0.0785125475708689
2159,-0.0841071648956315
2160,-0.0533396289714536
2161,-0.0822738647038992
2162,-0.0681796813685621
2163,-0.0724321198639063
2164,-0.0749394237849877
2165,-0.057845054008679
2166,-0.0601587214270653
2167,-0.0697966919295014
2168,-0.0984415346752067
2169,-0.0884408774210136
2170,-0.0651679011110047
2171,-0.0604094917115089
2172,-0.0673159188582537
2173,-0.0723750381667457
2174,-0.0628236140772038
2175,-0.0825683997828583
2176,-0.058385853577745
2177,-0.0624586545805505
2178,-0.0647158641765624
2179,-0.0654925828735362
2180,-0.0699217494656175
2181,-0.0826724933987869
2182,-0.0938570398143611
2183,-0.0896693430984938
2184,-0.0884612714773959
2185,-0.0569071357076101
2186,-0.0762011958019051
2187,-0.0899764818233075
2188,-0.0571342040443787
2189,-0.0634743341718874
2190,-0.0777744133654273
2191,-0.0620064324802461
2192,-0.0603354194978346
2193,-0.09385501885565
2194,-0.0920171842514657
2195,-0.0888466375097555
2196,-0.0652782120083086
2197,-0.0704931668026656
2198,-0.0632871847015313
2199,-0.0572228819054446
2200,-0.0814041610651679
2201,-0.0942556552957928
2202,-0.0537169693971626
2203,-0.0753928367979281
2204,-0.0539655942708625
2205,-0.0704317086630086
2206,-0.0699792951067333
2207,-0.0714016751011648
2208,-0.0961079092006477
2209,-0.113817202671266
2210,-0.0424629790134543
2211,-0.054705944393402
2212,-0.0879548906248528
2213,-0.0742181915606087
2214,-0.0613335523111815
2215,-0.0944432619852071
2216,-0.0856618071285067
2217,-0.0546351528383167
2218,-0.0616395267608371
2219,-0.0651154696879791
2220,-0.0509235519216446
2221,-0.0686478780761749
2222,-0.0827609084706454
2223,-0.0759655719977993
2224,-0.0824101542832077
2225,-0.0639066307358209
2226,-0.0815941774516865
2227,-0.0590750447377253
2228,-0.0930947278063026
2229,-0.0631352092205724
2230,-0.079139305347577
2231,-0.0633825393560319
2232,-0.0858414484748919
2233,-0.0927602620460077
2234,-0.0481577879289298
2235,-0.0896552027188871
2236,-0.0523684405121856
2237,-0.095739578755349
2238,-0.0801708888963842
2239,-0.069718115732827
2240,-0.0926773446662851
2241,-0.0958738041597952
2242,-0.0773649361895355
2243,-0.0739663172958021
2244,-0.0568702499689864
2245,-0.0773013797005189
2246,-0.059689401179089
2247,-0.0642561736562232
2248,-0.0547580561753735
2249,-0.0689854702609624
2250,-0.0626687516471574
2251,-0.0623041827295975
2252,-0.0601902159079304
2253,-0.0797268662968776
2254,-0.0496681494219613
2255,-0.0832644572901396
2256,-0.0717132308404552
2257,-0.0731087104194636
2258,-0.0686053156463367
2259,-0.0748007373776832
2260,-0.0698741466979816
2261,-0.0825468032928684
2262,-0.0891629227421407
2263,-0.083811024005971
2264,-0.0739105471303525
2265,-0.0733508022729939
2266,-0.0911821837995997
2267,-0.0724356473576532
2268,-0.0724189698818116
2269,-0.0640542264594294
2270,-0.0876915070538026
2271,-0.0629234307727038
2272,-0.0839038979734792
2273,-0.0819256314329955
2274,-0.0676361274725674
2275,-0.0740561768378596
2276,-0.0727255052161353
2277,-0.086277641458575
2278,-0.0695800727190916
2279,-0.0654370036300462
2280,-0.0740670796343911
2281,-0.0422517261066453
2282,-0.0511834731859576
2283,-0.0644873511587371
2284,-0.0811977443219581
2285,-0.0743827245653003
2286,-0.0617715684348425
2287,-0.0527814068829308
2288,-0.0698544375332965
2289,-0.0475354182193647
2290,-0.0723121297140165
2291,-0.0584352474907555
2292,-0.0506964843981685
2293,-0.0729561806387734
2294,-0.0675983329626795
2295,-0.0516589944326898
2296,-0.043416029357996
2297,-0.0844187070312543
2298,-0.0657702143666543
2299,-0.072829201461915
2300,-0.0589911048689489
2301,-0.0752789250226952
2302,-0.0725895331150018
2303,-0.0714169501090625
2304,-0.10164185781802
2305,-0.0610161886864286
2306,-0.0514299515588248
2307,-0.0625367127733696
2308,-0.102127625913444
2309,-0.0882151609099289
2310,-0.0705648800382445
2311,-0.0779007206701541
2312,-0.0608077395126053
2313,-0.0560624491419833
2314,-0.0748553301066398
2315,-0.0750240708430051
2316,-0.0783815320298898
2317,-0.0834717883455793
2318,-0.0791444638761348
2319,-0.0505857757066849
2320,-0.0527480271649487
2321,-0.0593506494706337
2322,-0.0788285978667712
2323,-0.0750399516596677
2324,-0.0578506794200316
2325,-0.077832081744312
2326,-0.0768961251645668
2327,-0.0563965415472655
2328,-0.0799484156460427
2329,-0.0868621957797019
2330,-0.0337126194883997
2331,-0.0446111074260244
2332,-0.0612880156021883
2333,-0.0671076466819911
2334,-0.0762464566917661
2335,-0.0600943926989925
2336,-0.0628095583461129
2337,-0.0690163385847381
2338,-0.0785808585734038
2339,-0.0757057295241634
2340,-0.0907773243677279
2341,-0.0764659049340752
2342,-0.0727205384666719
2343,-0.072848734071203
2344,-0.0738110453338179
2345,-0.081587328548202
2346,-0.0970296742914329
2347,-0.073692418029482
2348,-0.0675756453449599
2349,-0.0855053082909045
2350,-0.0728234083650391
2351,-0.0644639926065827
2352,-0.0662662179664279
2353,-0.0622871746826651
2354,-0.0539743313007132
2355,-0.0539935605969217
2356,-0.0620664120780883
2357,-0.075111402529339
2358,-0.0827319167323701
2359,-0.0838906623134355
2360,-0.0668407689285915
2361,-0.0855989994715656
2362,-0.0591281848356265
2363,-0.0696165316214286
2364,-0.078846053939797
2365,-0.101675420060269
2366,-0.0594044654232293
2367,-0.060119803971609
2368,-0.0849023977764798
2369,-0.0490662050397909
2370,-0.0641212743995261
2371,-0.0949928439462914
2372,-0.0568960016930614
2373,-0.0678497657367251
2374,-0.0779765587605055
2375,-0.0667096989738514
2376,-0.073267100339319
2377,-0.081348632626735
2378,-0.0762025436280196
2379,-0.0850550448319738
2380,-0.0647432277136075
2381,-0.0650422565643236
2382,-0.0855174384597992
2383,-0.0955238867646714
2384,-0.0710754809232249
2385,-0.0627705580855667
2386,-0.0772948717277763
2387,-0.058586215329232
2388,-0.0809565892658451
2389,-0.0850186819082917
2390,-0.0544094081544247
2391,-0.0768000450034901
2392,-0.0780768102216506
2393,-0.0590921658139388
2394,-0.0669777911668249
2395,-0.0657111973218039
2396,-0.0772434721168962
2397,-0.0688068610765609
2398,-0.0907774136364699
2399,-0.0723816277173958
2400,-0.0564196373488825
2401,-0.0891574277478399
2402,-0.062734527246013
2403,-0.0831573755762014
2404,-0.0810010702570327
2405,-0.063510064780314
2406,-0.0977629511506578
2407,-0.0652133004599392
2408,-0.0854873675511754
2409,-0.0844440584762672
2410,-0.0789785856664888
2411,-0.0591565405946404
2412,-0.0729992631935024
2413,-0.0627167228364006
2414,-0.0581365030549178
2415,-0.0706991744992405
2416,-0.0586531309412802
2417,-0.0886072519140599
2418,-0.061643369017073
2419,-0.0856455026650789
2420,-0.101204650858732
2421,-0.0597375523727026
2422,-0.0719809644320421
2423,-0.0778810958782679
2424,-0.0723669802936182
2425,-0.0839373246033218
2426,-0.0776165868328305
2427,-0.0556603276051619
2428,-0.0561718190030453
2429,-0.081524463770384
2430,-0.0829977839176151
2431,-0.0669961795603248
2432,-0.067348199979692
2433,-0.0766876907185636
2434,-0.0760269722127514
2435,-0.0593912332126628
2436,-0.0506409580837422
2437,-0.0576873399148998
2438,-0.0667960524022156
2439,-0.0979318337531229
2440,-0.0894946805855451
2441,-0.0658654429669517
2442,-0.064704018060357
2443,-0.0666515910367749
2444,-0.0835627062342121
2445,-0.0869949689299213
2446,-0.0765585362950804
2447,-0.0677089995459277
2448,-0.0609960703346142
2449,-0.0650230522160244
2450,-0.0477627454156808
2451,-0.0785019108107003
2452,-0.0704621609122548
2453,-0.0863652211117129
2454,-0.0566660743064472
2455,-0.0538933802673356
2456,-0.0753345117353409
2457,-0.0510642679947753
2458,-0.0823431983903689
2459,-0.0932021754909182
2460,-0.0741154358251208
2461,-0.0564349829001833
2462,-0.0865805427223416
2463,-0.0846010182821521
2464,-0.0798233623164761
2465,-0.060218639555304
2466,-0.0719361236617323
2467,-0.0826451525578977
2468,-0.0696042909768894
2469,-0.0895453539101911
2470,-0.0726735637199741
2471,-0.0845669243469626
2472,-0.0826633127254253
2473,-0.0627361336568903
2474,-0.073515937763832
2475,-0.0715781637645204
2476,-0.0673680192199225
2477,-0.0488619925114153
2478,-0.0743530004392033
2479,-0.0876860181167086
2480,-0.0815070816165247
2481,-0.0602521478379182
2482,-0.0845520712985629
2483,-0.0787618360308413
2484,-0.0852493841415303
2485,-0.0979401353897301
2486,-0.107573767799371
2487,-0.0773987429727272
2488,-0.0785381032203571
2489,-0.0708186807907899
2490,-0.0798293009559736
2491,-0.081368366227469
2492,-0.0559449869914704
2493,-0.0627112486526113
2494,-0.0721424553989365
2495,-0.0683846435424956
2496,-0.0570337137116588
2497,-0.0700861989525718
2498,-0.0676245193960323
2499,-0.0674081742961248
2500,-0.0775004334679756
2501,-0.084486228293912
2502,-0.0897670494218587
2503,-0.0742767776939103
2504,-0.0748077001655382
2505,-0.0607309548234416
2506,-0.0788359927343453
2507,-0.0566284938932886
2508,-0.0768480909477807
2509,-0.0817132770307073
2510,-0.0623583303184964
2511,-0.0668916301224014
2512,-0.0802221639412963
2513,-0.0989424660644049
2514,-0.0839534279449536
2515,-0.050296517782712
2516,-0.0765429395511414
2517,-0.0915127166144181
2518,-0.0430496200778965
2519,-0.0904310492774002
2520,-0.0881514796214499
2521,-0.094243815851704
2522,-0.0541977225306644
2523,-0.0912920019543812
2524,-0.0596567463884041
2525,-0.114887914268714
2526,-0.0748279942225769
2527,-0.070290360626648
2528,-0.0647854601733684
2529,-0.0539874041326935
2530,-0.0752146681328755
2531,-0.0687647964124343
2532,-0.0371683668957742
2533,-0.0963507966264336
2534,-0.0604650076029879
2535,-0.0935362954326826
2536,-0.0552638587939942
2537,-0.06707351882958
2538,-0.0715774234486616
2539,-0.0595356632842778
2540,-0.0743449890472808
2541,-0.0858877063419762
2542,-0.0508027808003676
2543,-0.0692120596937457
2544,-0.0583818201811877
2545,-0.0570833357069655
2546,-0.0907182013577222
2547,-0.047482401908687
2548,-0.0611504895428098
2549,-0.0637421337798859
2550,-0.0702063312874149
2551,-0.0699395629094252
2552,-0.0746299877403267
2553,-0.0619187169953333
2554,-0.0788965141643201
2555,-0.0648860450947591
2556,-0.0624430641067713
2557,-0.0635965589030253
2558,-0.0677908777792126
2559,-0.0631460462112977
2560,-0.0878302850107468
2561,-0.0540918468441658
2562,-0.0681435573594801
2563,-0.0803650751304236
2564,-0.0584037137085851
2565,-0.0893955519814231
2566,-0.0699863151310404
2567,-0.0804095544380825
2568,-0.0813755701313131
2569,-0.090430924405232
2570,-0.0667215032374568
2571,-0.0704215097208942
2572,-0.058850834349611
2573,-0.0700303410011849
2574,-0.0392929423226619
2575,-0.0840311949086361
2576,-0.0663182296782625
2577,-0.0627592548114657
2578,-0.0835339961143662
2579,-0.0684210329790464
2580,-0.069184015957098
2581,-0.0784371944062595
2582,-0.0729012738746462
2583,-0.079659262001357
2584,-0.0429982046997297
2585,-0.0530437657741835
2586,-0.0554426216578744
2587,-0.083963975244102
2588,-0.0855783933587698
2589,-0.0535295518583582
2590,-0.0622931801759085
2591,-0.0664385949689319
2592,-0.0710924712944812
2593,-0.0556126680029241
2594,-0.0614504403020536
2595,-0.0767525195407193
2596,-0.0733099744905585
2597,-0.0563407523605688
2598,-0.0801697698549237
2599,-0.0738960631644591
2600,-0.0882638426347914
2601,-0.0626486162869397
2602,-0.0944965943666708
2603,-0.0738803446956426
2604,-0.0648623289271683
2605,-0.0631613030652451
2606,-0.0669473295325778
2607,-0.0831606561028698
2608,-0.0797866153841213
2609,-0.0688471943803487
2610,-0.0824261535140399
2611,-0.0709557825585795
2612,-0.0988277273136592
2613,-0.0690380325548575
2614,-0.0804483115419063
2615,-0.0497925826310395
2616,-0.0868526716899381
2617,-0.0654294615209217
2618,-0.0787484563971627
2619,-0.0567998499740152
2620,-0.0740714692193276
2621,-0.0676582190484568
2622,-0.0686459074616838
2623,-0.0800351271333553
2624,-0.0547660260080264
2625,-0.0772135436293387
2626,-0.0585634613603402
2627,-0.0628140908049003
2628,-0.0830764361033466
2629,-0.064145458959159
2630,-0.098560376064641
2631,-0.0803582348765795
2632,-0.100793241866115
2633,-0.0705309343253727
2634,-0.0884125458680185
2635,-0.0531600654336915
2636,-0.0664530672849177
2637,-0.0711898494665804
2638,-0.0754883247141248
2639,-0.0637767396180955
2640,-0.0873572230769716
2641,-0.0734297201955453
2642,-0.0708824510113355
2643,-0.0659976999015486
2644,-0.0745883953266579
2645,-0.0695894172398119
2646,-0.0483188360820776
2647,-0.0722502049686874
2648,-0.0600106764112493
2649,-0.0827141149829897
2650,-0.0506264442685044
2651,-0.0698293416458835
2652,-0.0719715868772833
2653,-0.0644395030728401
2654,-0.094126796392422
2655,-0.0845588685151022
2656,-0.0912657434627824
2657,-0.0704720484744989
2658,-0.0460907909502826
2659,-0.0843593345416997
2660,-0.0744689244031665
2661,-0.0765325871316377
2662,-0.0771226973423709
2663,-0.0921182630274442
2664,-0.0805600398779604
2665,-0.0707623163704493
2666,-0.0499452497541553
2667,-0.0764195413485129
2668,-0.0601346464529383
2669,-0.0605953163764703
2670,-0.072657404585864
2671,-0.0699350866232916
2672,-0.0513481847940416
2673,-0.0617729120170381
2674,-0.0838204993564193
2675,-0.0626679927807399
2676,-0.052520557767822
2677,-0.0848309300614514
2678,-0.0826176013940763
2679,-0.0482667659341373
2680,-0.0654812031525718
2681,-0.0704525319098178
2682,-0.0756087268211602
2683,-0.0699598696241599
2684,-0.0735506352254552
2685,-0.038417570098492
2686,-0.0549311649781077
2687,-0.0927546893776643
2688,-0.0870467327112815
2689,-0.0678654478351444
2690,-0.0776774603667163
2691,-0.0609509224474465
2692,-0.0616121422616816
2693,-0.0848851018121
2694,-0.0822721990330461
2695,-0.0374013087656825
2696,-0.0570222987805049
2697,-0.0759273241978107
2698,-0.0926369398112496
2699,-0.065194914518146
2700,-0.0797829971048226
2701,-0.0470074920719561
2702,-0.0660229025896998
2703,-0.0667899168141192
2704,-0.0665159540672975
2705,-0.104985040784909
2706,-0.0862599196423849
2707,-0.0694494397648572
2708,-0.063248531351672
2709,-0.0855810870281701
2710,-0.0873335948202422
2711,-0.0725367616098523
2712,-0.0951068326138995
2713,-0.074369570082054
2714,-0.0604366730897272
2715,-0.0568940980419329
2716,-0.0844861358828964
2717,-0.0625707860657642
2718,-0.0732113373770441
2719,-0.0651067798383209
2720,-0.0758754861046576
2721,-0.0849245451851513
2722,-0.0892179196151249
2723,-0.0851414442638708
2724,-0.0728776207699876
2725,-0.0732277612144173
2726,-0.083533685635648
2727,-0.0878826708122823
2728,-0.070658031488777
2729,-0.076746854650746
2730,-0.0734999549595443
2731,-0.0878930766066463
2732,-0.0621740578933431
2733,-0.0782647724427523
2734,-0.0653562345883562
2735,-0.0806513570977653
2736,-0.0771643840890142
2737,-0.0686383142155402
2738,-0.0661881801196851
2739,-0.0611879775484763
2740,-0.0631503398537097
2741,-0.0752803813346619
2742,-0.0711448012412219
2743,-0.0650381673460174
2744,-0.0674571154681169
2745,-0.0675545428864488
2746,-0.0475260710984933
2747,-0.0737257785218636
2748,-0.0750182541236876
2749,-0.0639974943561907
2750,-0.0668501005338921
2751,-0.0883871090786433
2752,-0.0732201995223189
2753,-0.0667874247434488
2754,-0.0740058617417571
2755,-0.0759057707222842
2756,-0.057654131955289
2757,-0.0946251192870038
2758,-0.112508111530522
2759,-0.0712257970414347
2760,-0.0891561696114008
2761,-0.0803545096184482
2762,-0.0595726323829191
2763,-0.0782460505213775
2764,-0.0852598232459163
2765,-0.0566375645815046
2766,-0.0818017974067043
2767,-0.0714601972503373
2768,-0.0727923217895485
2769,-0.0702654407563963
2770,-0.0770303623231613
2771,-0.0975894637750055
2772,-0.0638100901541128
2773,-0.0551925760787046
2774,-0.0853781921732606
2775,-0.0929497242418015
2776,-0.0567271938079769
2777,-0.0916158495377849
2778,-0.0641743863945783
2779,-0.0694053170038433
2780,-0.0770178265964905
2781,-0.0837726645192864
2782,-0.0834953488264901
2783,-0.0853680456108435
2784,-0.0463883052768024
2785,-0.0718203736249441
2786,-0.0680934623695641
2787,-0.0638099781031558
2788,-0.075037470260069
2789,-0.0819632136607994
2790,-0.0800677924030296
2791,-0.0746434261529828
2792,-0.0665078898315484
2793,-0.0670561684464877
2794,-0.0596301896923939
2795,-0.0646580445001485
2796,-0.0755631402034268
2797,-0.0401877073075032
2798,-0.0774280175027707
2799,-0.0547467625042094
2800,-0.0797414780728315
2801,-0.0680870330476371
2802,-0.0551913735047905
2803,-0.0739404441460917
2804,-0.0578760067738051
2805,-0.0786934994902299
2806,-0.0579703389991259
2807,-0.0822786560063219
2808,-0.0756637962875618
2809,-0.0604093590344721
2810,-0.0680355236497787
2811,-0.0857365749163689
2812,-0.0801793772949409
2813,-0.072065239481564
2814,-0.0729336709419849
2815,-0.0741039052787023
2816,-0.0872828766914088
2817,-0.0627287851795344
2818,-0.0488122201737768
2819,-0.0721456487348145
2820,-0.0632532761198496
2821,-0.0483241590693885
2822,-0.0594186163698401
2823,-0.084363229441618
2824,-0.0609558331347998
2825,-0.0754758817689328
2826,-0.0859723143759053
2827,-0.0864946285973295
2828,-0.0666248760708311
2829,-0.0610471342947151
2830,-0.0665158285423956
2831,-0.0893996894266779
2832,-0.0779229275639696
2833,-0.0674963688091105
2834,-0.0800152174879948
2835,-0.062630757674291
2836,-0.0714487314588402
2837,-0.0922367562815791
2838,-0.0740796536768805
2839,-0.0851172731170679
2840,-0.0746404484863848
2841,-0.0620260417713124
2842,-0.0676643625884891
2843,-0.0612451056245465
2844,-0.066293327528629
2845,-0.0655896021356901
2846,-0.0705266950255638
2847,-0.0647615064443887
2848,-0.0644958581600948
2849,-0.106551139850156
2850,-0.0657774484805115
2851,-0.0759572717281419
2852,-0.08154318597728
2853,-0.0722151422781407
2854,-0.0588748017862122
2855,-0.0755414403666594
2856,-0.0394808652292891
2857,-0.0640422643056945
2858,-0.0836822781102505
2859,-0.0446528804942595
2860,-0.0676477596679065
2861,-0.0806994379049624
2862,-0.082258286160364
2863,-0.0577028706111924
2864,-0.0490596837322812
2865,-0.0843859351003363
2866,-0.0697235837224508
2867,-0.0741617763596459
2868,-0.0859517130205192
2869,-0.0759753065526601
2870,-0.0758876429145696
2871,-0.0758395271007925
2872,-0.0792028067493701
2873,-0.0624998112794173
2874,-0.0681758665788282
2875,-0.0595526792592875
2876,-0.0658708638008431
2877,-0.0821932482461567
2878,-0.0774122092787144
2879,-0.0592224816588946
2880,-0.0598001454771347
2881,-0.0707725404352088
2882,-0.0725003739922148
2883,-0.0950119981216859
2884,-0.0753377898086822
2885,-0.0791838318072454
2886,-0.0726594585263987
2887,-0.0704636739672835
2888,-0.0643187950543829
2889,-0.0757270728144752
2890,-0.0579151276781105
2891,-0.0650052698382395
2892,-0.0675581699905809
2893,-0.08464393906649
2894,-0.0727548429244853
2895,-0.0923340075649415
2896,-0.081367816295387
2897,-0.064775736032079
2898,-0.0743804706502144
2899,-0.0752900291653618
2900,-0.0749684925628527
2901,-0.0650070182328996
2902,-0.078959205177509
2903,-0.0877512221849261
2904,-0.0860045138353244
2905,-0.0470603993514672
2906,-0.0672129518773231
2907,-0.0719946202325058
2908,-0.0818426152959113
2909,-0.080242844108043
2910,-0.0840090296723885
2911,-0.0632989946280607
2912,-0.0716592678229657
2913,-0.0622290287272367
2914,-0.0747098567994834
2915,-0.0749315213889357
2916,-0.0722382655407531
2917,-0.0767027576130947
2918,-0.0739506782514553
2919,-0.085145182335157
2920,-0.0759487257816245
2921,-0.0762296625862877
2922,-0.0828724678337355
2923,-0.0925252440785571
2924,-0.0871347223095182
2925,-0.0798992189430697
2926,-0.101355568224037
2927,-0.099809828368911
2928,-0.0533502269054569
2929,-0.0475395743392719
2930,-0.0659963541652225
2931,-0.107482539978524
2932,-0.0694304996896475
2933,-0.0475089553239409
2934,-0.0536033200788807
2935,-0.0755595309013791
2936,-0.0485732478319619
2937,-0.0679576772792373
2938,-0.0501130273848549
2939,-0.069811133456925
2940,-0.0567528719158267
2941,-0.0526572474064272
2942,-0.0590895581267966
2943,-0.0685920403983022
2944,-0.0742781266947023
2945,-0.0657709838505337
2946,-0.0668887985572687
2947,-0.061314676087638
2948,-0.0625828904326051
2949,-0.0641451137928853
2950,-0.0745123917415221
2951,-0.04521216347653
2952,-0.0985334347927125
2953,-0.0821655573388344
2954,-0.0661505822476112
2955,-0.0622592307741978
2956,-0.0513985279495294
2957,-0.0541527096438814
2958,-0.0681670432846738
2959,-0.0824702764271616
2960,-0.0708989118209376
2961,-0.105862016754101
2962,-0.0741311712737059
2963,-0.06597090234356
2964,-0.0866649022300641
2965,-0.0698930981328955
2966,-0.0607600590457169
2967,-0.0584508849352082
2968,-0.0716385558960824
2969,-0.0519600146760502
2970,-0.0641719851360613
2971,-0.0673692584771922
2972,-0.0783308229676118
2973,-0.102639013978092
2974,-0.055982242444999
2975,-0.07162084866377
2976,-0.0852354533330042
2977,-0.0494171045151952
2978,-0.0642165175367766
2979,-0.0689823445576397
2980,-0.0817854912938785
2981,-0.0789462406995422
2982,-0.0995810364697083
2983,-0.0993204882164435
2984,-0.0595769577281661
2985,-0.0604999584559395
2986,-0.0641138925452383
2987,-0.08775142527781
2988,-0.0611223618400505
2989,-0.0592118608626657
2990,-0.0880036974323609
2991,-0.0776292429329099
2992,-0.0910291904411939
2993,-0.0731348355393034
2994,-0.0928396697947456
2995,-0.0712974163814523
2996,-0.0785257248296723
2997,-0.0660404182732706
2998,-0.0762991632961999
2999,-0.0586603170683223
3000,-0.0673546842143585
3001,-0.0583429215033395
3002,-0.0718008980169065
3003,-0.0976327545576062
3004,-0.094096300472365
3005,-0.0602637403132435
3006,-0.0710653994184496
3007,-0.0901634742422197
3008,-0.0760168322733565
3009,-0.0651411917981111
3010,-0.0632492284604566
3011,-0.0891511185866623
3012,-0.0739351985779447
3013,-0.0698731033016101
3014,-0.0800674036279952
3015,-0.0968344528305835
3016,-0.0939860996364538
3017,-0.0635601600477524
3018,-0.0896168930260246
3019,-0.051697704024754
3020,-0.0792196924863043
3021,-0.068708665811194
3022,-0.103299979815649
3023,-0.0728317144244598
3024,-0.0647664498492458
3025,-0.0660910380044016
3026,-0.0727921760902511
3027,-0.05072282674608
3028,-0.0683531677704087
3029,-0.0983830919730438
3030,-0.0691118566254049
3031,-0.080398185420207
3032,-0.0497973430106454
3033,-0.0639456321751908
3034,-0.0663656190686717
3035,-0.0860064691996257
3036,-0.0729686023472856
3037,-0.0694562407916969
3038,-0.0641350265545991
3039,-0.0844534159920213
3040,-0.0931477664953818
3041,-0.0814975629278055
3042,-0.0719878775390113
3043,-0.0762765269398429
3044,-0.0755159272107938
3045,-0.0625017832311311
3046,-0.057669431200825
3047,-0.0693452802481278
3048,-0.0794589646206291
3049,-0.0936101242053249
3050,-0.064965065946891
3051,-0.0633662808390862
3052,-0.0869007816883972
3053,-0.0768822486519456
3054,-0.0738433033320764
3055,-0.075977045183857
3056,-0.0632283905582938
3057,-0.0556769606476547
3058,-0.0554560077048713
3059,-0.0825648777441564
3060,-0.0788742323126622
3061,-0.0628375741437711
3062,-0.08942721792626
3063,-0.0940577092679863
3064,-0.0742022264863275
3065,-0.0661408911268341
3066,-0.0681377360033217
3067,-0.0839439812278128
3068,-0.0750500273254475
3069,-0.064130251060876
3070,-0.0718329698465767
3071,-0.0745372179752891
3072,-0.070083151977954
3073,-0.0631229880234663
3074,-0.0654683101735882
3075,-0.0742026128900854
3076,-0.0399661132636499
3077,-0.0686551658326309
3078,-0.0668587336626178
3079,-0.0566006666248869
3080,-0.0600813631808103
3081,-0.081193294045024
3082,-0.0826748473555119
3083,-0.077168699295807
3084,-0.090570298099099
3085,-0.0777777717002073
3086,-0.0752408041062911
3087,-0.0577369659597208
3088,-0.07188233106963
3089,-0.0656368976298224
3090,-0.0594588663544785
3091,-0.0716110705348249
3092,-0.0588027429493688
3093,-0.116877758027893
3094,-0.0604289568169502
3095,-0.0879028365024295
3096,-0.0610315001202604
3097,-0.0778047527614866
3098,-0.0656282433361641
3099,-0.0943712676722128
3100,-0.0753608757326311
3101,-0.053563564270108
3102,-0.0710787032685012
3103,-0.0642305251657132
3104,-0.0773821760194836
3105,-0.0708668749542253
3106,-0.074314251606604
3107,-0.0903543351639565
3108,-0.0695271254035487
3109,-0.0790388865793451
3110,-0.0460319020253099
3111,-0.064464587076143
3112,-0.0761106757899908
3113,-0.0745735513653011
3114,-0.0661161485517477
3115,-0.0780084510454023
3116,-0.0756384142463095
3117,-0.0859807057385445
3118,-0.0820530710113945
3119,-0.0597968135485694
3120,-0.073283157336655
3121,-0.0495426382919127
3122,-0.0670364138312206
3123,-0.0718587073190534
3124,-0.0739659856256771
3125,-0.0612880689410156
3126,-0.077696259494276
3127,-0.0682457654835897
3128,-0.0832056598909847
3129,-0.0690593416940184
3130,-0.0853353451944522
3131,-0.0544378550160489
3132,-0.0807314952962195
3133,-0.0807383124205366
3134,-0.0744316620013575
3135,-0.0805218351082205
3136,-0.0801128410041776
3137,-0.0683386933174641
3138,-0.087535451592436
3139,-0.0740141014406012
3140,-0.0842908927995479
3141,-0.0759185045789228
3142,-0.0843348650012601
3143,-0.0603847314876193
3144,-0.0729932804288768
3145,-0.0896160623326236
3146,-0.0685334289888953
3147,-0.0701137391998089
3148,-0.0739181348436105
3149,-0.0708028721198247
3150,-0.0775701326274604
3151,-0.0779233385864811
3152,-0.0655903422842904
3153,-0.0750719350291806
3154,-0.030276527645161
3155,-0.0629150230664992
3156,-0.0798568145667644
3157,-0.062290528274131
3158,-0.0670725143613064
3159,-0.071000772615539
3160,-0.087971979107431
3161,-0.0717447362011328
3162,-0.0513650720302216
3163,-0.064576921836497
3164,-0.0710772427219616
3165,-0.0568763757605963
3166,-0.0983837465054362
3167,-0.0506139504923241
3168,-0.0789188687436403
3169,-0.0917106340895723
3170,-0.0612771727716773
3171,-0.0676951997034197
3172,-0.0540477761080796
3173,-0.0690563840506525
3174,-0.0745465380115391
3175,-0.0905454139732729
3176,-0.0635721528391844
3177,-0.0805171420059332
3178,-0.0933662078075685
3179,-0.0675171820927605
3180,-0.0838413057078723
3181,-0.0480755615483524
3182,-0.0712816966858394
3183,-0.0641487414213141
3184,-0.0604333104645064
3185,-0.0809628995090872
3186,-0.100753583150168
3187,-0.0932328836549608
3188,-0.0672363599886417
3189,-0.0713694421591424
3190,-0.0549412114755348
3191,-0.0586198336349038
3192,-0.0578733866212545
3193,-0.0759137440652219
3194,-0.0665224667948647
3195,-0.0971464237805319
3196,-0.0770726117587707
3197,-0.0621166858753567
3198,-0.0644762845024135
3199,-0.0597287460727526
3200,-0.0648346168256689
3201,-0.06985043162066
3202,-0.0777303025260705
3203,-0.0617842370733199
3204,-0.0633842155475251
3205,-0.0496258311518811
3206,-0.104843223960021
3207,-0.0646275176741476
3208,-0.0774010630518833
3209,-0.0502350070414647
3210,-0.0745582953489482
3211,-0.0691358799316121
3212,-0.0695692722031438
3213,-0.0733916650966476
3214,-0.0994355729563468
3215,-0.0859063571981542
3216,-0.0499625002569159
3217,-0.0798009729024136
3218,-0.0819967296539598
3219,-0.0762289232573813
3220,-0.0581900586879062
3221,-0.064744494338453
3222,-0.0717094006854534
3223,-0.0625062576970083
3224,-0.0470498294511292
3225,-0.0603800054525873
3226,-0.078034343746885
3227,-0.0863367561371607
3228,-0.0617151998593417
3229,-0.0594633130988414
3230,-0.0759000183991485
3231,-0.0950809162872631
3232,-0.0800073858886375
3233,-0.0715518107471639
3234,-0.0705686489995779
3235,-0.0613607538010841
3236,-0.0611719923211778
3237,-0.0485282752071323
3238,-0.0358578194789229
3239,-0.0588366204200119
3240,-0.0653548596261364
3241,-0.060896430494009
3242,-0.0431128994638104
3243,-0.0553882609764866
3244,-0.061790216946492
3245,-0.093994176988482
3246,-0.0614647374347969
3247,-0.084103432722137
3248,-0.0788008576956088
3249,-0.0743676169788503
3250,-0.074002366803211
3251,-0.0642264932824678
3252,-0.0914161050825169
3253,-0.0603992054093065
3254,-0.0486724717067184
3255,-0.0643874211308755
3256,-0.0683541439120027
3257,-0.0621504738988909
3258,-0.071335260419421
3259,-0.0382971829125982
3260,-0.0867925384093793
3261,-0.0826049324308647
3262,-0.053115257149269
3263,-0.0540172390749921
3264,-0.0534166121626517
3265,-0.0954327052741116
3266,-0.0697471007016703
3267,-0.061165437637427
3268,-0.0752478908622445
3269,-0.0686747181368326
3270,-0.0782061887841416
3271,-0.0566420702620847
3272,-0.086879233968519
3273,-0.0645080394595567
3274,-0.071415410960735
3275,-0.068540373994305
3276,-0.083294765735756
3277,-0.07475747742107
3278,-0.0706527236508264
3279,-0.0661441269459276
3280,-0.071359376678807
3281,-0.0700444222318705
3282,-0.0743792149902685
3283,-0.0772653257961267
3284,-0.0684848920066079
3285,-0.0780228715431492
3286,-0.0735540676071322
3287,-0.0711539405581888
3288,-0.0636610555741137
3289,-0.0797777633868161
3290,-0.0701244315909771
3291,-0.0648943424674755
3292,-0.0569051354755709
3293,-0.0608965426422989
3294,-0.0831749345255711
3295,-0.0835790931713068
3296,-0.0715776388267276
3297,-0.0698239143300714
3298,-0.0793054744419504
3299,-0.0751512334179204
3300,-0.0609215176812363
3301,-0.0578391006847066
3302,-0.0642086564419011
3303,-0.0615401966896405
3304,-0.0891462479493596
3305,-0.0793362844978472
3306,-0.0545808249011038
3307,-0.0792352973502868
3308,-0.0532424660526453
3309,-0.0735222755955509
3310,-0.0585730337865162
3311,-0.0491827437297143
3312,-0.0996797677114713
3313,-0.0571023091682334
3314,-0.0892589307998846
3315,-0.0587566507500171
3316,-0.061870443750742
3317,-0.0736216840627559
3318,-0.064903711075916
3319,-0.0815518341129313
3320,-0.062538213578101
3321,-0.0820712693031745
3322,-0.0763451255640528
3323,-0.0726098123706536
3324,-0.0501245199044017
3325,-0.085212737335256
3326,-0.0701128172996244
3327,-0.0770398750332037
3328,-0.0645246058396694
3329,-0.0868217698169135
3330,-0.0558894801544573
3331,-0.0549714146699671
3332,-0.111339096675796
3333,-0.0914100754658284
3334,-0.0687569471871502
3335,-0.0600361642256189
3336,-0.0910517714861133
3337,-0.085849103290346
3338,-0.0657986544359391
3339,-0.0458389384908476
3340,-0.034910244884481
3341,-0.0762278334542177
3342,-0.0648784282395066
3343,-0.0625032460392908
3344,-0.0672938750489458
3345,-0.0869790299676725
3346,-0.0597612620032661
3347,-0.0837752899717693
3348,-0.085171540272985
3349,-0.0596901594508944
3350,-0.0553199945493705
3351,-0.0770724267223808
3352,-0.072505364075199
3353,-0.0695024705257218
3354,-0.083748594813482
3355,-0.0771178257515888
3356,-0.0554887645836168
3357,-0.101269665145405
3358,-0.0553911495199515
3359,-0.0743067015868121
3360,-0.0606902670535155
3361,-0.0821499402598655
3362,-0.0799113826345073
3363,-0.0523698215007821
3364,-0.085569954156087
3365,-0.0895683076782206
3366,-0.0739321948471434
3367,-0.0918505430399002
3368,-0.0696516496691006
3369,-0.0643127517042849
3370,-0.06118717347245
3371,-0.0531915044267394
3372,-0.0932050420289234
3373,-0.0657870179482765
3374,-0.0637596069432116
3375,-0.0773198798866406
3376,-0.0767814659329868
3377,-0.0531281995253246
3378,-0.0842703287159226
3379,-0.0493933581901463
3380,-0.0911100685953627
3381,-0.0873098202818954
3382,-0.060239419214623
3383,-0.0763890494830472
3384,-0.0776872744248125
3385,-0.0830406262795036
3386,-0.0688820865477019
3387,-0.0511766701440613
3388,-0.0813625809589462
3389,-0.0749455476950822
3390,-0.0908130450342879
3391,-0.0619689110388077
3392,-0.0530958296916251
3393,-0.09913546202552
3394,-0.0535574434464322
3395,-0.078339980268793
3396,-0.078737576426466
3397,-0.0741215716147723
3398,-0.0559067902526142
3399,-0.0710091634968218
3400,-0.0747196243581754
3401,-0.0878425831084776
3402,-0.0671523321635144
3403,-0.0786294585876075
3404,-0.0865491095997973
3405,-0.0729739578047175
3406,-0.0698308574320055
3407,-0.070660571504389
3408,-0.0830435969215196
3409,-0.0720424959481336
3410,-0.0767438998610057
3411,-0.0835608865661345
3412,-0.0757505534686926
3413,-0.0676045859024911
3414,-0.0829305039031293
3415,-0.0665338694300534
3416,-0.0653297454217044
3417,-0.0864601332225303
3418,-0.0788353925305565
3419,-0.0709203711913407
3420,-0.0962990148113445
3421,-0.0851679993962726
3422,-0.064354427799235
3423,-0.0920765781322188
3424,-0.0419815040540262
3425,-0.0472669157684051
3426,-0.0655629615421956
3427,-0.112080515848205
3428,-0.0579669889512969
3429,-0.0881247666897255
3430,-0.0709199466885112
3431,-0.0557751649390278
3432,-0.0579991308792044
3433,-0.069928248693292
3434,-0.0474921379329789
3435,-0.0721211176882826
3436,-0.0802562372481863
3437,-0.0589444582160597
3438,-0.0831170028155523
3439,-0.0655896262832335
3440,-0.0797717048441433
3441,-0.0759591324907251
3442,-0.0320667178992492
3443,-0.0917395076566686
3444,-0.0584385401468461
3445,-0.070352170296847
3446,-0.06954821172184
3447,-0.0575400770140914
3448,-0.0905020179330882
3449,-0.0447631114110362
3450,-0.0522049295712938
3451,-0.0662769481844544
3452,-0.0812037863798085
3453,-0.0828164329371644
3454,-0.0897060367354571
3455,-0.0641170977486245
3456,-0.079626146473894
3457,-0.0629179907550278
3458,-0.0676328500055851
3459,-0.0554755628556488
3460,-0.0838939579389025
3461,-0.0900214907858682
3462,-0.105443490175004
3463,-0.0874140941580082
3464,-0.0459864988638207
3465,-0.0877411218751418
3466,-0.0625309038817307
3467,-0.0725082598415567
3468,-0.0669955239711495
3469,-0.0532390341811294
3470,-0.0600088240858571
3471,-0.0961786515894809
3472,-0.0579433525445193
3473,-0.0673401440829143
3474,-0.0842376134966779
3475,-0.0758581428587232
3476,-0.0686598877795415
3477,-0.0640002278732601
3478,-0.0805241708784424
3479,-0.0758884026085126
3480,-0.083889813754573
3481,-0.0678993251844436
3482,-0.10024004566342
3483,-0.0745007097501906
3484,-0.0458709631823147
3485,-0.0758722600303861
3486,-0.0816064176714478
3487,-0.0568441068630216
3488,-0.0929485034511948
3489,-0.0686594584263626
3490,-0.0671031071685732
3491,-0.0781005225581959
3492,-0.0781431173180125
3493,-0.055922127996634
3494,-0.0863735880179167
3495,-0.0646277953794277
3496,-0.0646020135947401
3497,-0.0451898581513027
3498,-0.0473944546079912
3499,-0.080251061084098
3500,-0.081332982582078
3501,-0.066194731507097
3502,-0.0769894939582675
3503,-0.0863165236995383
3504,-0.065756923635
3505,-0.0595987738398019
3506,-0.0539456386332106
3507,-0.0672727356742721
3508,-0.0745915693118136
3509,-0.0667360572548442
3510,-0.0655209722183267
3511,-0.0728137394626001
3512,-0.0814485694325977
3513,-0.0534316843538436
3514,-0.0678486949711682
3515,-0.04322308297209
3516,-0.0561437076358795
3517,-0.078513145389914
3518,-0.0667994552160157
3519,-0.0876434240392702
3520,-0.0608105188744267
3521,-0.046972818469243
3522,-0.0821112992439458
3523,-0.0880855492256927
3524,-0.0789169746065791
3525,-0.0845700276846592
3526,-0.0894791252969605
3527,-0.0872332074980458
3528,-0.0756461380443533
3529,-0.0918832325989374
3530,-0.0473950220373409
3531,-0.0490485940777074
3532,-0.0653042689197043
3533,-0.0577123502313038
3534,-0.063929233153544
3535,-0.0712159793554448
3536,-0.0661452085513098
3537,-0.0685563396815066
3538,-0.052752416894829
3539,-0.0433366085015233
3540,-0.0531988465415732
3541,-0.0753743605881392
3542,-0.0702614207598821
3543,-0.0738752497756684
3544,-0.0394943961492127
3545,-0.0626862071586055
3546,-0.0820326536285943
3547,-0.0581765927075507
3548,-0.0668933960805128
3549,-0.0730427536150638
3550,-0.0861609697381551
3551,-0.0777262578635095
3552,-0.0565570597998891
3553,-0.0619000813602291
3554,-0.0760861001040119
3555,-0.0895980174767388
3556,-0.0668538861715411
3557,-0.0609755855303483
3558,-0.0758220987548915
3559,-0.0785114740531061
3560,-0.0873817080322689
3561,-0.0692813700086143
3562,-0.0562333345051604
3563,-0.0673350313233177
3564,-0.0765126971093646
3565,-0.064514948290815
3566,-0.0966046279939054
3567,-0.0868739015014424
3568,-0.0808870314820223
3569,-0.053338388205418
3570,-0.0758844472708305
3571,-0.0821621184505456
3572,-0.0852774968572595
3573,-0.0696838483618559
3574,-0.0872209008100433
3575,-0.07896911371435
3576,-0.0814167391897353
3577,-0.0796677612494301
3578,-0.0841728664101847
3579,-0.0557275191234297
3580,-0.0886965375029072
3581,-0.0619080030952819
3582,-0.0684223087371088
3583,-0.0496809953399678
3584,-0.0838072823952479
3585,-0.0754840801526755
3586,-0.0803925745037085
3587,-0.0933304039149563
3588,-0.0629042085399298
3589,-0.0575392770380303
3590,-0.0416871197680143
3591,-0.070071718763071
3592,-0.0789779648330904
3593,-0.110193555840252
3594,-0.0707809816242308
3595,-0.0794945448897088
3596,-0.07007041051177
3597,-0.0586095574251659
3598,-0.0828712992450656
3599,-0.0839824771597224
3600,-0.0670223428101979
3601,-0.068325126007929
3602,-0.0615041919980216
3603,-0.076426924085317
3604,-0.0731056826094638
3605,-0.0887945324705352
3606,-0.0530824406476032
3607,-0.0650768059834605
3608,-0.0794747208189644
3609,-0.0501547791984079
3610,-0.0490174563922298
3611,-0.0774854085392474
3612,-0.0690116989577536
3613,-0.0855641979272019
3614,-0.0630229272217813
3615,-0.0774745479747573
3616,-0.0765165333602526
3617,-0.0923035780096593
3618,-0.0729466117058795
3619,-0.0692337728256435
3620,-0.0593946008936801
3621,-0.069016018922535
3622,-0.0782543620443035
3623,-0.0736401260486397
3624,-0.107646929086387
3625,-0.0579575942649769
3626,-0.0557933131304201
3627,-0.0542820642304781
3628,-0.0802694680321862
3629,-0.0578868329985215
3630,-0.0512339287738021
3631,-0.0629142935015177
3632,-0.0795610397232623
3633,-0.0891158584951333
3634,-0.0594071463318877
3635,-0.0722576963484313
3636,-0.0778060482068388
3637,-0.0814414801915462
3638,-0.0711864721079786
3639,-0.0670901347892056
3640,-0.0735226458654699
3641,-0.0928829625684254
3642,-0.0751636187914286
3643,-0.0589921959733158
3644,-0.0732269626063522
3645,-0.0980328951056059
3646,-0.062441505076679
3647,-0.0884073185373024
3648,-0.060508950557398
3649,-0.0757097846513745
3650,-0.0543625341933501
3651,-0.0574063282801911
3652,-0.0719224679883269
3653,-0.0718711966956782
3654,-0.0800460103280921
3655,-0.0697459543723751
3656,-0.0455610044317201
3657,-0.0597795766392526
3658,-0.0826301093038326
3659,-0.0820574141603435
3660,-0.0689853194254397
3661,-0.0845375608250682
3662,-0.0651455787214023
3663,-0.0400403440035865
3664,-0.0856324012548108
3665,-0.0513586066685145
3666,-0.0558927229568625
3667,-0.0815616644924626
3668,-0.0667508583066421
3669,-0.0891407286282054
3670,-0.0666688596648537
3671,-0.0899672970157738
3672,-0.0842745370976191
3673,-0.0974192568532569
3674,-0.0466792377495197
3675,-0.0781654106688779
3676,-0.072657273015928
3677,-0.0556353589839312
3678,-0.0647490418691808
3679,-0.0511429724302524
3680,-0.0596347522221414
3681,-0.101717569760365
3682,-0.0902121611455203
3683,-0.0696286357823899
3684,-0.0737213519811042
3685,-0.0825179693569397
3686,-0.0774816437621704
3687,-0.0689163625726937
3688,-0.0729920384156801
3689,-0.0671046901958752
3690,-0.0732237387256506
3691,-0.0547665600731553
3692,-0.0635849027100767
3693,-0.0911622259319105
3694,-0.0782980039686211
3695,-0.0779903779804454
3696,-0.0626932298716657
3697,-0.0815553781331191
3698,-0.0657859262326724
3699,-0.0695757926438503
3700,-0.0914548863521472
3701,-0.0594967558476471
3702,-0.0648879350010861
3703,-0.0720531146200601
3704,-0.0710674435661803
3705,-0.0999016860034514
3706,-0.0758993654002743
3707,-0.0628387876952425
3708,-0.0514671183760538
3709,-0.0749571076584567
3710,-0.0792583766139208
3711,-0.0524954619691702
3712,-0.0735151862632744
3713,-0.067984756561439
3714,-0.0611842223232783
3715,-0.0964518880665884
3716,-0.0880648688494109
3717,-0.0858912448186741
3718,-0.0859170829603578
3719,-0.0778054376763764
3720,-0.0624846804688107
3721,-0.0655828138918276
3722,-0.0918947358603948
3723,-0.0627232528134311
3724,-0.055313397091414
3725,-0.0729759121780612
3726,-0.0752768609357875
3727,-0.0833442687756955
3728,-0.05671486259163
3729,-0.0672184807548439
3730,-0.085540097693555
3731,-0.0642100054152434
3732,-0.0742258051711657
3733,-0.0880761370887641
3734,-0.0949236976224833
3735,-0.0414705643757581
3736,-0.0729568108891135
3737,-0.0731140567290144
3738,-0.0468434035115668
3739,-0.063560118291486
3740,-0.0813208458252865
3741,-0.0574447706594977
3742,-0.0688104458428992
3743,-0.077134523469562
3744,-0.0655377794320828
3745,-0.07527980531794
3746,-0.0889095062207414
3747,-0.0551318123694456
3748,-0.077011197661144
3749,-0.0750004009536019
3750,-0.0672611875704093
3751,-0.0878911050287361
3752,-0.0581957228618262
3753,-0.0870457529820373
3754,-0.0541555010676808
3755,-0.0590554459788807
3756,-0.052679939868137
3757,-0.0882271071818423
3758,-0.0689986198519053
3759,-0.0563235644675525
3760,-0.0668662695413367
3761,-0.0803667361053323
3762,-0.0655376192518649
3763,-0.0557439657272091
3764,-0.0734429460400979
3765,-0.0691788265954125
3766,-0.0842963709635388
3767,-0.0627707585868592
3768,-0.0745686063508174
3769,-0.0675502719076888
3770,-0.0718688393194249
3771,-0.0760175523835589
3772,-0.10251459742677
3773,-0.0844867778941606
3774,-0.059127865009558
3775,-0.0712680158610755
3776,-0.0679074060886022
3777,-0.0574579050312617
3778,-0.0869535465437223
3779,-0.0586900767558621
3780,-0.0596101369249059
3781,-0.074321234211833
3782,-0.0570097089609905
3783,-0.0623383677096114
3784,-0.0787203181690693
3785,-0.0513145718999266
3786,-0.0580315690440881
3787,-0.084324512064112
3788,-0.0728395413473197
3789,-0.0515900256213567
3790,-0.0539379986435397
3791,-0.0857640900004038
3792,-0.0591529652170357
3793,-0.0603500882483745
3794,-0.0875638235398628
3795,-0.0826011077085049
3796,-0.0955139956577145
3797,-0.0712812402188777
3798,-0.0649805520312426
3799,-0.0549337301723774
3800,-0.0723015511162302
3801,-0.056736869434176
3802,-0.0710270914804946
3803,-0.045362414514019
3804,-0.0769415418537467
3805,-0.0633101244601
3806,-0.0598687519120606
3807,-0.0613619959171233
3808,-0.0754876055568334
3809,-0.0686569531159956
3810,-0.0773947605846549
3811,-0.0849567445666276
3812,-0.059212806495721
3813,-0.0634806899112347
3814,-0.0698897489156314
3815,-0.0661982488757055
3816,-0.0647153305022308
3817,-0.0665909572473558
3818,-0.0841958565186878
3819,-0.0479272530250139
3820,-0.0588042481346084
3821,-0.0737034480004122
3822,-0.0598299548669869
3823,-0.0805389743628925
3824,-0.0714594605355905
3825,-0.0870138895735403
3826,-0.0669329965129177
3827,-0.0758293544465344
3828,-0.0774369538390978
3829,-0.0659793002728291
3830,-0.0717145926502968
3831,-0.0785810036301205
3832,-0.0674464694051822
3833,-0.0664621149164818
3834,-0.0567494833068623
3835,-0.0718333188523385
3836,-0.073255741533526
3837,-0.0436057135462292
3838,-0.0587730577609408
3839,-0.0683350008279625
3840,-0.094634173111893
3841,-0.0709055185962581
3842,-0.0609420070524454
3843,-0.0734940347189026
3844,-0.0576000870587137
3845,-0.0785841469768094
3846,-0.0737211914624539
3847,-0.0522532821850411
3848,-0.0698498805120304
3849,-0.0640827278374726
3850,-0.0630227364553833
3851,-0.0543127946273158
3852,-0.0553280659315604
3853,-0.082253966815621
3854,-0.065473378231202
3855,-0.0637142838780755
3856,-0.0520974873177437
3857,-0.0642121387516308
3858,-0.0858872581882566
3859,-0.0728508609105061
3860,-0.0688881025666745
3861,-0.0659496768118586
3862,-0.0526601510729807
3863,-0.0723896208300185
3864,-0.0666820838667873
3865,-0.0633905626281437
3866,-0.0911880456003393
3867,-0.0676293624363759
3868,-0.0966496091239872
3869,-0.0699865904488118
3870,-0.05352568059228
3871,-0.0843224492027867
3872,-0.0551715017667651
3873,-0.0639108738394943
3874,-0.0641664384793007
3875,-0.0554235150131196
3876,-0.0728142936852806
3877,-0.0649011280139415
3878,-0.0855911957277727
3879,-0.0816595089023899
3880,-0.0706833467671533
3881,-0.0656247267291295
3882,-0.0691723653899248
3883,-0.0660354279156653
3884,-0.0630665303157894
3885,-0.0860531447119422
3886,-0.0750525776142477
3887,-0.0870758273464927
3888,-0.0423983929264285
3889,-0.0446766792025466
3890,-0.062085301767085
3891,-0.0728577800573253
3892,-0.0892476130426391
3893,-0.0530400079281994
3894,-0.0810012117490882
3895,-0.0585416501339655
3896,-0.100643547867275
3897,-0.0704484449040382
3898,-0.0680982026875415
3899,-0.0535480944541464
3900,-0.0886584852903957
3901,-0.0765841900687533
3902,-0.0798124857587846
3903,-0.0699137845972448
3904,-0.0934664451128668
3905,-0.0738998427982186
3906,-0.0770483635565861
3907,-0.05732267461962
3908,-0.0814119640062049
3909,-0.0723895830339152
3910,-0.0685457291442253
3911,-0.0582040295464851
3912,-0.0577907676601023
3913,-0.0577137772019351
3914,-0.0858506744946937
3915,-0.0625870263922832
3916,-0.0885370682570022
3917,-0.0600711260378303
3918,-0.0661729871693324
3919,-0.0670962285443423
3920,-0.0593928494763708
3921,-0.0780302905318758
3922,-0.0806251972972064
3923,-0.070821362452739
3924,-0.0795815797093239
3925,-0.078417262038997
3926,-0.0683756603546738
3927,-0.0874703222154709
3928,-0.0680260118361119
3929,-0.0603923965846549
3930,-0.0604340332065882
3931,-0.0852000620753603
3932,-0.0790216484881491
3933,-0.101702556860568
3934,-0.0746493781016949
3935,-0.0591498725657954
3936,-0.0709116018125373
3937,-0.0729536379408239
3938,-0.072011854392116
3939,-0.0866754312099481
3940,-0.0858625295933442
3941,-0.0512444081160763
3942,-0.0557864585175092
3943,-0.0780569426955021
3944,-0.0883233204521608
3945,-0.0489753597293706
3946,-0.0635407054079354
3947,-0.0618218428672756
3948,-0.0746665707148201
3949,-0.0833160648906459
3950,-0.0761023625496644
3951,-0.0735675567472464
3952,-0.0705181832808663
3953,-0.0839504238518341
3954,-0.0574642047813401
3955,-0.0568540592574819
3956,-0.0646955732024295
3957,-0.0659309249100406
3958,-0.0635439422982052
3959,-0.0596058552852527
3960,-0.0771878149755737
3961,-0.0669416076712416
3962,-0.0404585136700447
3963,-0.0760159055697754
3964,-0.0777071733927097
3965,-0.082208148399842
3966,-0.0593935267817016
3967,-0.091988078068348
3968,-0.0845688497535529
3969,-0.0883702835057221
3970,-0.0696167786254569
3971,-0.0840657604040818
3972,-0.0610368816852555
3973,-0.0907343365433355
3974,-0.0604047475331143
3975,-0.0595077677202145
3976,-0.0619797568945524
3977,-0.054608132815714
3978,-0.0710207210124524
3979,-0.063603654377277
3980,-0.0710824281929723
3981,-0.0895365640636605
3982,-0.0564634397941117
3983,-0.0779836940843771
3984,-0.0907129665447764
3985,-0.0497885719911097
3986,-0.0715953048795222
3987,-0.0777384157663365
3988,-0.0869519200739697
3989,-0.0824146719422977
3990,-0.0645534826997163
3991,-0.0569696771435712
3992,-0.0501384928457043
3993,-0.0644076944523843
3994,-0.0462055865828367
3995,-0.0657708902335801
3996,-0.0636869982182662
3997,-0.0497704328430397
3998,-0.0799495196552057
3999,-0.0569725556004785
4000,-0.073154491589453
4001,-0.063724607098475
4002,-0.0599391486408185
4003,-0.0872542820724525
4004,-0.06875217329927
4005,-0.0841150286162812
4006,-0.0654877576091872
4007,-0.0848574387476812
4008,-0.0764880137110237
4009,-0.0499309607959913
4010,-0.0904318808462636
4011,-0.0723622229288083
4012,-0.0689320884565847
4013,-0.0920899139756024
4014,-0.0660809077666464
4015,-0.0469597640151346
4016,-0.0589363481490589
4017,-0.054065468620322
4018,-0.0823320757843761
4019,-0.0761664680017918
4020,-0.0571339320871057
4021,-0.0572466412319855
4022,-0.0919563929538525
4023,-0.0767944619798163
4024,-0.0643489630592579
4025,-0.0618775370897089
4026,-0.0785887290214066
4027,-0.0909221490812364
4028,-0.0584548035018365
4029,-0.069234488907205
4030,-0.0467871964700183
4031,-0.0846969130095023
4032,-0.08296266544681
4033,-0.0793556794412821
4034,-0.0640670135684479
4035,-0.0566197090701456
4036,-0.0662549266117127
4037,-0.0662778339683878
4038,-0.0701174696932159
4039,-0.0867443243462363
4040,-0.0913554642881742
4041,-0.0541369519658785
4042,-0.0789506344271033
4043,-0.0769144506795742
4044,-0.0536529891058144
4045,-0.0695444532686249
4046,-0.0579744026268962
4047,-0.0564204849001979
4048,-0.0654726413498767
4049,-0.0785543443944281
4050,-0.0758350600094168
4051,-0.0724774397453858
4052,-0.0676314949587318
4053,-0.0693874999737434
4054,-0.0798049799745839
4055,-0.0599650499463187
4056,-0.0780877038591217
4057,-0.0590616438702835
4058,-0.0641424407733544
4059,-0.0741866072166418
4060,-0.0673189772105273
4061,-0.071848308654864
4062,-0.0715355582731667
4063,-0.0771201307237356
4064,-0.0729350130217162
4065,-0.0490211280343444
4066,-0.070470950884942
4067,-0.076748677629629
4068,-0.0788473871398125
4069,-0.0747258602630254
4070,-0.0649913765057458
4071,-0.0521719557138959
4072,-0.0581587369524676
4073,-0.0574774406220072
4074,-0.0602922223079067
4075,-0.0618090504960055
4076,-0.0635117337971265
4077,-0.0825835745050087
4078,-0.0674447316873096
4079,-0.0593567185299389
4080,-0.0845821641894542
4081,-0.0471245162955012
4082,-0.0539983920109343
4083,-0.0640757179311519
4084,-0.0722331663482345
4085,-0.0674818399744448
4086,-0.0559453734206695
4087,-0.0825583549121887
4088,-0.0903546487277714
4089,-0.0584647798778794
4090,-0.0867426325551628
4091,-0.0596428675004656
4092,-0.0833506190364825
4093,-0.0632418597560531
4094,-0.0809980010591036
4095,-0.0805975849807051
4096,-0.0761466567450809
4097,-0.0774681908442021
4098,-0.0641651066232527
4099,-0.0686412744374823
4100,-0.0766474690939502
4101,-0.0567198059051921
4102,-0.0752930611066297
4103,-0.0628843577737772
4104,-0.065519927984707
4105,-0.0791622716365591
4106,-0.0602942074933387
4107,-0.0683532463758025
4108,-0.0723568133083961
4109,-0.0581573380815804
4110,-0.082796528630415
4111,-0.0552706290336511
4112,-0.0672243591643701
4113,-0.0663940233501167
4114,-0.0561637764653026
4115,-0.0742162168072691
4116,-0.0625562005869003
4117,-0.0824217122472099
4118,-0.0848438980468129
4119,-0.075732635042419
4120,-0.0667746005799508
4121,-0.0684420815438476
4122,-0.083509192136442
4123,-0.0818827207506565
4124,-0.0800911901579089
4125,-0.0909631304927976
4126,-0.0603481402150674
4127,-0.057490430996077
4128,-0.089195266768617
4129,-0.0575063992449719
4130,-0.0742549625090995
4131,-0.0587509103348922
4132,-0.0707328666398406
4133,-0.0850074550910905
4134,-0.0466766821693617
4135,-0.0679511637081852
4136,-0.0683585672011063
4137,-0.0483471342404629
4138,-0.101140416064096
4139,-0.0824516495727907
4140,-0.063932758297845
4141,-0.0520747839532443
4142,-0.0664369928295422
4143,-0.0816330244500965
4144,-0.0827984477568954
4145,-0.0597357234141005
4146,-0.0864374158737713
4147,-0.0687124549941912
4148,-0.0564695379818705
4149,-0.0596733854826666
4150,-0.0721091338903996
4151,-0.0975735418064878
4152,-0.0676183055067809
4153,-0.0646360673917028
4154,-0.0826167168879738
4155,-0.0807546246994011
4156,-0.0650523199856221
4157,-0.0650766099931364
4158,-0.0723880072287878
4159,-0.0804333573405033
4160,-0.0705100824413094
4161,-0.0505084370573047
4162,-0.0506985732773404
4163,-0.0820432931171833
4164,-0.0682196713165739
4165,-0.0511481827995561
4166,-0.0732899058765417
4167,-0.0657827177439394
4168,-0.0928314961059537
4169,-0.0688798317523344
4170,-0.0575721625598323
4171,-0.0570579229974456
4172,-0.0454467590335645
4173,-0.0793197175240795
4174,-0.0800107120910579
4175,-0.0697218181851339
4176,-0.0653763732362716
4177,-0.0820353561106663
4178,-0.0831760295421782
4179,-0.0760209427209952
4180,-0.0854076780304257
4181,-0.0853463006951362
4182,-0.0484862614815881
4183,-0.077827353628971
4184,-0.0559307678393738
4185,-0.0828312697680283
4186,-0.0651543486570784
4187,-0.0766754551794465
4188,-0.0639376686655017
4189,-0.071130874132916
4190,-0.0866487820237327
4191,-0.0519472268263578
4192,-0.0600822465444734
4193,-0.0914543582871836
4194,-0.0755639091518766
4195,-0.0882582483146239
4196,-0.0659247288967061
4197,-0.0661434224356733
4198,-0.0423342125785295
4199,-0.0901132804251315
4200,-0.0442651334027805
4201,-0.0333261749406153
4202,-0.068381691726709
4203,-0.0887883426196859
4204,-0.0852084608281172
4205,-0.0693310025840015
4206,-0.0811046038791557
4207,-0.0675334036272173
4208,-0.062728558057366
4209,-0.0600766165099103
4210,-0.0690101557092531
4211,-0.0630344339463908
4212,-0.0651108651882062
4213,-0.0695008812424188
4214,-0.06726446182909
4215,-0.0759666011401867
4216,-0.0633801428990036
4217,-0.0806374019160678
4218,-0.0738234253423484
4219,-0.0611402827081419
4220,-0.0842139843771567
4221,-0.0605181015436726
4222,-0.072850282069132
4223,-0.0767998389280512
4224,-0.0525067420231966
4225,-0.0664600222725075
4226,-0.0797103953053888
4227,-0.0773597246072134
4228,-0.0468273584767102
4229,-0.0705264839550371
4230,-0.0902110426154724
4231,-0.0803117909293956
4232,-0.0656286716239503
4233,-0.0843129336257391
4234,-0.0719124979922575
4235,-0.0611862991584786
4236,-0.0699185577600489
4237,-0.0819604086924093
4238,-0.0658518017413612
4239,-0.0625824433717278
4240,-0.0642566044651018
4241,-0.0840888070057395
4242,-0.0493873323606265
4243,-0.0732893818384946
4244,-0.0668916081829734
4245,-0.0463926796544705
4246,-0.0736144598662426
4247,-0.0549091287287224
4248,-0.0740142987021242
4249,-0.0780704963606474
4250,-0.0489327111709699
4251,-0.0910186177130719
4252,-0.0683796240439649
4253,-0.0920758953990969
4254,-0.0918131008659048
4255,-0.0553689133482374
4256,-0.0615270324153136
4257,-0.0730523592360538
4258,-0.0747942356638541
4259,-0.0883710620776358
4260,-0.0646170581159475
4261,-0.0539294678786357
4262,-0.0635265455586951
4263,-0.0656676189637022
4264,-0.0694587059689654
4265,-0.0648883895225259
4266,-0.0588256404993858
4267,-0.0757126654304695
4268,-0.087697357250115
4269,-0.0949076499271021
4270,-0.0724881401967067
4271,-0.0955591278744528
4272,-0.0616419085965795
4273,-0.053454410941403
4274,-0.0896624835912782
4275,-0.0662895712493818
4276,-0.0910206555184973
4277,-0.0657701021103519
4278,-0.0839670496930246
4279,-0.057247258837959
4280,-0.0712794964135602
4281,-0.0659225061075951
4282,-0.0551184042356026
4283,-0.0667704150765307
4284,-0.051265502667327
4285,-0.0622719390837443
4286,-0.0693742998987946
4287,-0.088953347814032
4288,-0.0626415398269616
4289,-0.0833948107785135
4290,-0.0759662669450909
4291,-0.0629891837331381
4292,-0.0643907286694246
4293,-0.0750012594331234
4294,-0.0749604746399974
4295,-0.0562270595638229
4296,-0.0752563532048177
4297,-0.0809114044210318
4298,-0.0854169258148045
4299,-0.067404192588179
4300,-0.0589231285970478
4301,-0.0689625571588182
4302,-0.0724820841831868
4303,-0.0521341549379288
4304,-0.0729406250314206
4305,-0.0726126155480984
4306,-0.0851177785149262
4307,-0.0921786733907186
4308,-0.0674509245310272
4309,-0.0750190991476533
4310,-0.0784909926886312
4311,-0.0846944826813269
4312,-0.0801684439527973
4313,-0.0568881352728799
4314,-0.0842728736611911
4315,-0.09566006251519
4316,-0.0742450358244037
4317,-0.0477454416828256
4318,-0.0729023587922956
4319,-0.0756949555512041
4320,-0.0805256621304012
4321,-0.0787347266968672
4322,-0.0733695636753507
4323,-0.0928907014423865
4324,-0.0643740885459622
4325,-0.0819166337893852
4326,-0.0612318384887844
4327,-0.0625289076723226
4328,-0.0758335115675369
4329,-0.075723745413228
4330,-0.0918938257528519
4331,-0.0696900364016108
4332,-0.0668609406710735
4333,-0.0854789112500102
4334,-0.0553573128737329
4335,-0.0749893807113658
4336,-0.0709420795420671
4337,-0.0631723862160757
4338,-0.0671853207571617
4339,-0.0712532345331213
4340,-0.09045428415639
4341,-0.0791016119431197
4342,-0.0800217113892174
4343,-0.0679796021582432
4344,-0.083526580430023
4345,-0.0718706627526665
4346,-0.0811846403573989
4347,-0.0719540544834365
4348,-0.077909967863532
4349,-0.0584438242754976
4350,-0.0679076530114655
4351,-0.0546800068908588
4352,-0.076377943156263
4353,-0.0754064378983523
4354,-0.073191550509217
4355,-0.0827822817005204
4356,-0.0668127542398354
4357,-0.0813369905870889
4358,-0.0688898051708054
4359,-0.0788754026651041
4360,-0.0706682614538265
4361,-0.0687361495406735
4362,-0.0795112262092641
4363,-0.059095746695489
4364,-0.0570613987422516
4365,-0.0789123342693922
4366,-0.104730182142112
4367,-0.0759250830975285
4368,-0.0727687623076457
4369,-0.0683880814094816
4370,-0.0628762622855773
4371,-0.0818244411483953
4372,-0.0795803422246589
4373,-0.0716216358168023
4374,-0.07289067315323
4375,-0.0638850939886995
4376,-0.0815670550236697
4377,-0.0768920798903683
4378,-0.079007001152902
4379,-0.0740630674061561
4380,-0.0828063530718127
4381,-0.0746573303749767
4382,-0.0648194898807976
4383,-0.103241548239388
4384,-0.0646756070765825
4385,-0.0858691171324971
4386,-0.0866943115333576
4387,-0.0638641651172068
4388,-0.0585807251392534
4389,-0.0578463811787302
4390,-0.0925676232886217
4391,-0.0750908600355711
4392,-0.0593524428234771
4393,-0.0621921953370958
4394,-0.0702623279998251
4395,-0.0691767724746184
4396,-0.056700721807242
4397,-0.0970166910132937
4398,-0.0567318731638647
4399,-0.0776322637581265
4400,-0.067658437167677
4401,-0.0683382904291558
4402,-0.0843928406129211
4403,-0.0755788579463601
4404,-0.0686557690189704
4405,-0.0775030434951078
4406,-0.0825531911760614
4407,-0.0896067233265183
4408,-0.066093782654324
4409,-0.0848448061388089
4410,-0.0657755594763482
4411,-0.0491707915314009
4412,-0.0602048369439741
4413,-0.0812192742722499
4414,-0.0754927154544496
4415,-0.0720586686666946
4416,-0.0532855443488918
4417,-0.0734402389404264
4418,-0.0750701476300718
4419,-0.0765074053462063
4420,-0.066065076757793
4421,-0.0995970366885606
4422,-0.0617542393646944
4423,-0.0673002993567701
4424,-0.0750314864365064
4425,-0.07798256705058
4426,-0.0702816436664452
4427,-0.0663844786643107
4428,-0.0761678724984073
4429,-0.0876485587553001
4430,-0.0706888246966684
4431,-0.0644953578103363
4432,-0.0746397860308161
4433,-0.0589487089801416
4434,-0.0803925195999005
4435,-0.0942456924390718
4436,-0.0804534489926649
4437,-0.0733793841845006
4438,-0.0964656349394213
4439,-0.0633638952701021
4440,-0.0914466201642426
4441,-0.0780091572368842
4442,-0.0531955897100554
4443,-0.0695292203339213
4444,-0.0617953504237144
4445,-0.0811929445804959
4446,-0.0842474084007629
4447,-0.056235881714104
4448,-0.0548520617773094
4449,-0.0401857899533685
4450,-0.103462496064521
4451,-0.0594491165598886
4452,-0.0544139668016829
4453,-0.0646648283440339
4454,-0.0784578393697417
4455,-0.0560072014769193
4456,-0.0594772865331947
4457,-0.0616743272110968
4458,-0.0732217101763516
4459,-0.0485656623919012
4460,-0.069581141660277
4461,-0.0835224684275375
4462,-0.0802841621041391
4463,-0.0830997920886715
4464,-0.0527350387767521
4465,-0.0483013555920821
4466,-0.0636093336440883
4467,-0.0776399618394494
4468,-0.0831984215510953
4469,-0.0607959275352552
4470,-0.0614339402723866
4471,-0.0810478359457907
4472,-0.0862976019378318
4473,-0.0925286706908284
4474,-0.0722485508563114
4475,-0.0673882456155059
4476,-0.0539694270185998
4477,-0.0938307222706929
4478,-0.0466557916657833
4479,-0.0547930618312108
4480,-0.0706972734678991
4481,-0.0799585795357425
4482,-0.0796702098968975
4483,-0.0578782493603278
4484,-0.0520873123912365
4485,-0.0764408437939467
4486,-0.0656125000806263
4487,-0.0659616227321268
4488,-0.0739652549354431
4489,-0.0834353723424819
4490,-0.0649490119593136
4491,-0.0582936443647827
4492,-0.0744567510109157
4493,-0.0606278196173897
4494,-0.0801404455684747
4495,-0.0728606085767667
4496,-0.084436356776892
4497,-0.0545370825550362
4498,-0.101005886373249
4499,-0.0814205007337904
4500,-0.0767618834203732
4501,-0.0738274383602765
4502,-0.0697350609441817
4503,-0.0866766996843882
4504,-0.0761343376328157
4505,-0.079753626269671
4506,-0.0698227441569308
4507,-0.0597928587342523
4508,-0.062453534940131
4509,-0.0584749972065197
4510,-0.0902956615532575
4511,-0.0771335822371328
4512,-0.0667326482548578
4513,-0.0684307410508958
4514,-0.062183148466919
4515,-0.066274684922581
4516,-0.0794285762709016
4517,-0.100263836527069
4518,-0.0705057728205792
4519,-0.0656027505814973
4520,-0.0585212264775785
4521,-0.0833155586556635
4522,-0.0518358245699235
4523,-0.0631922421940353
4524,-0.0964333830635185
4525,-0.0626240620291651
4526,-0.0794007443882776
4527,-0.0632027305399285
4528,-0.0816287782155338
4529,-0.0805800085725924
4530,-0.0641667738526015
4531,-0.066018652379448
4532,-0.0874075224314276
4533,-0.0819123241650456
4534,-0.0818251803010482
4535,-0.0657669419560471
4536,-0.0578057735168859
4537,-0.0604399375511619
4538,-0.0797097045407466
4539,-0.0805718940527738
4540,-0.0762363112616051
4541,-0.0725691437454968
4542,-0.058194192066898
4543,-0.0952470177398123
4544,-0.0702159595566127
4545,-0.060677889732309
4546,-0.0658088739716396
4547,-0.0591241583173063
4548,-0.071838673990236
4549,-0.0777446485924193
4550,-0.082334742060835
4551,-0.0649399929916988
4552,-0.0584104653028746
4553,-0.0812046267484133
4554,-0.0725512816925919
4555,-0.072803937851751
4556,-0.0736996069717706
4557,-0.0664347458095523
4558,-0.0552168242438649
4559,-0.0645595001041428
4560,-0.061962048871167
4561,-0.089423502984171
4562,-0.0500167744793653
4563,-0.0752537243735719
4564,-0.0722443491956584
4565,-0.0943334344542193
4566,-0.0670335920313878
4567,-0.0780339250941534
4568,-0.0647441351162365
4569,-0.084745769113624
4570,-0.0815709943098731
4571,-0.0646801719651524
4572,-0.0608765583797997
4573,-0.0790657727075247
4574,-0.067543718368464
4575,-0.0783624203279928
4576,-0.0748479492374763
4577,-0.0527142449991936
4578,-0.0417419692533468
4579,-0.0770414060307587
4580,-0.0662719896894841
4581,-0.0625131988358501
4582,-0.0746127777909006
4583,-0.084246040136429
4584,-0.0885420896983301
4585,-0.053312447097692
4586,-0.0780419378520997
4587,-0.0609825550607627
4588,-0.0720089376745184
4589,-0.0875472113117749
4590,-0.0784545282857205
4591,-0.0740892719246057
4592,-0.0809253433768464
4593,-0.0866102618236307
4594,-0.0885539255683439
4595,-0.0656976663805469
4596,-0.0862225563377301
4597,-0.09844896630868
4598,-0.0756330439379289
4599,-0.0754208939543307
4600,-0.0675351032045411
4601,-0.0692457036476434
4602,-0.0538785062280292
4603,-0.0735108915143908
4604,-0.0850428398588337
4605,-0.0667499469116338
4606,-0.0496064347719678
4607,-0.0744348038138376
4608,-0.0655037209972036
4609,-0.0894157459868736
4610,-0.0667142349171655
4611,-0.0800273297778615
4612,-0.0576605658811268
4613,-0.0971153374787674
4614,-0.0785643512667441
4615,-0.0893192672826034
4616,-0.071318313070248
4617,-0.0883551782853762
4618,-0.0701494390913322
4619,-0.0582509650189354
4620,-0.0969363498048924
4621,-0.0621095926841909
4622,-0.0621415454663693
4623,-0.0612715554436422
4624,-0.0569469833796564
4625,-0.0589195711677007
4626,-0.0603483592848884
4627,-0.0544878851836162
4628,-0.0769490340743591
4629,-0.0614565616268571
4630,-0.0670047203902319
4631,-0.0509380125395822
4632,-0.0857662350673386
4633,-0.0880584198805488
4634,-0.0459421462193448
4635,-0.0699135464503017
4636,-0.065079202286169
4637,-0.071733207513601
4638,-0.078766333191067
4639,-0.0743945809171776
4640,-0.062098057670458
4641,-0.0568448878303057
4642,-0.0630788030078842
4643,-0.0537465974410264
4644,-0.0933131326387301
4645,-0.0622668024622267
4646,-0.0913522307245529
4647,-0.066523594229887
4648,-0.0562961281513348
4649,-0.0931502115672538
4650,-0.0700791796924719
4651,-0.0775026137168005
4652,-0.0903886959674216
4653,-0.0857751589815666
4654,-0.0551442378928978
4655,-0.0566207556278336
4656,-0.0864293514120632
4657,-0.0553971484573177
4658,-0.072588698487022
4659,-0.0861741803725241
4660,-0.0617378145158665
4661,-0.0567354580758326
4662,-0.073620408055377
4663,-0.0677590816307785
4664,-0.089690707045432
4665,-0.0671492407422426
4666,-0.0618112736204055
4667,-0.0766036828149875
4668,-0.0756122434565926
4669,-0.0682142416253875
4670,-0.0819562162801475
4671,-0.0646893657725722
4672,-0.0663112880192307
4673,-0.051673222744484
4674,-0.0623899479580201
4675,-0.0950163914101472
4676,-0.0662574094207375
4677,-0.0803620604802385
4678,-0.0701409104004946
4679,-0.0742816972026913
4680,-0.0761144802140246
4681,-0.0727224918080136
4682,-0.0635296642844186
4683,-0.0584270453736496
4684,-0.0506919761453085
4685,-0.0653354829506049
4686,-0.0548081918818517
4687,-0.0654382782096318
4688,-0.0519080961486625
4689,-0.0675004987448231
4690,-0.0771809052586598
4691,-0.0630699681418283
4692,-0.0601454379303502
4693,-0.05040281220027
4694,-0.0556978455888134
4695,-0.0689815838173291
4696,-0.0675781585819413
4697,-0.0564857674210131
4698,-0.0704250846463209
4699,-0.0909675557362168
4700,-0.0700073660558983
4701,-0.0666837111061257
4702,-0.0657921666036015
4703,-0.0981518154371598
4704,-0.0566396074406618
4705,-0.0708328303576273
4706,-0.0836037041522464
4707,-0.0858843778580588
4708,-0.048629284265124
4709,-0.0751530215909805
4710,-0.073619276808329
4711,-0.0734795430366565
4712,-0.0648978571224427
4713,-0.0928865314217638
4714,-0.0734712015913582
4715,-0.0937584813237225
4716,-0.071174040286984
4717,-0.0632970360432204
4718,-0.047549669118739
4719,-0.0701078817442137
4720,-0.0541632186979614
4721,-0.0719933132296256
4722,-0.0659846186007705
4723,-0.0688784953037781
4724,-0.0765327664231962
4725,-0.0722750504660789
4726,-0.073462976434398
4727,-0.0604018486928505
4728,-0.0644804273110166
4729,-0.0609521351684029
4730,-0.0565540344534413
4731,-0.0653427611629725
4732,-0.0540314496779469
4733,-0.0763066424408717
4734,-0.0530995253341797
4735,-0.0525474091063358
4736,-0.0632317211735266
4737,-0.0856310319423286
4738,-0.0689139393508128
4739,-0.0521772202535668
4740,-0.0841293789643944
4741,-0.0752761575463198
4742,-0.0511877940278824
4743,-0.0554489471191876
4744,-0.0491599060954364
4745,-0.0615991311555235
4746,-0.089572164659362
4747,-0.0629954841468997
4748,-0.0525049203794139
4749,-0.0509195298809506
4750,-0.0472200649250634
4751,-0.0677001878028144
4752,-0.100905983843612
4753,-0.0512226482672962
4754,-0.0689901919084603
4755,-0.0537521258647838
4756,-0.0689206937755419
4757,-0.0569418919944649
4758,-0.0576922162767019
4759,-0.0520865528401357
4760,-0.0664935977135899
4761,-0.0676795373899746
4762,-0.0764658460703251
4763,-0.0880793479933688
4764,-0.0588562087810273
4765,-0.080762954685454
4766,-0.0546772037008808
4767,-0.0818038592522053
4768,-0.043979452688224
4769,-0.0637122071046282
4770,-0.0674873786217404
4771,-0.0945833999898927
4772,-0.0744189587244086
4773,-0.0903836314028791
4774,-0.0683777500042964
4775,-0.0529436269043375
4776,-0.0601150889998318
4777,-0.0657880353638707
4778,-0.0418863603057817
4779,-0.0903060004376204
4780,-0.0858189720371186
4781,-0.0702038178186015
4782,-0.0697452116583042
4783,-0.0917205220218976
4784,-0.0601158518534199
4785,-0.0924163737620416
4786,-0.107432749997649
4787,-0.0528556815378566
4788,-0.0979522713867324
4789,-0.074015151304226
4790,-0.076987137029294
4791,-0.0711683270844213
4792,-0.0916443655468828
4793,-0.0402613538279081
4794,-0.083456387379255
4795,-0.0735534905068962
4796,-0.0476831830013815
4797,-0.0589135971765359
4798,-0.0836182180109347
4799,-0.0598903553503981
4800,-0.0685656926779327
4801,-0.0569446403796774
4802,-0.0656215418283593
4803,-0.0672540317631974
4804,-0.0604905105531068
4805,-0.0487016257739536
4806,-0.0888983216895827
4807,-0.0641519098697202
4808,-0.0807793147363661
4809,-0.0592431021187366
4810,-0.0590232913551304
4811,-0.0778712967367422
4812,-0.075188215393746
4813,-0.0745951282107029
4814,-0.0672980721350801
4815,-0.0745294885204319
4816,-0.0513339159931961
4817,-0.0768760487752549
4818,-0.071410200580473
4819,-0.0733833250571234
4820,-0.0676448662496027
4821,-0.062338233336122
4822,-0.0616626319066811
4823,-0.0807981453472606
4824,-0.0706733280618416
4825,-0.0631001321943838
4826,-0.0752491821542083
4827,-0.0738845060978372
4828,-0.0646765046574842
4829,-0.090068424935288
4830,-0.0812169170249372
4831,-0.0620101475688317
4832,-0.0571252630235736
4833,-0.0679826065445266
4834,-0.0674179148925264
4835,-0.088316398900911
4836,-0.0874931036800342
4837,-0.0694879896690342
4838,-0.0647862896443941
4839,-0.0787791234035779
4840,-0.0496887036105566
4841,-0.0391996885710783
4842,-0.063286362853556
4843,-0.054855947679306
4844,-0.0898579447756203
4845,-0.0859621959970391
4846,-0.0696821860674983
4847,-0.0596382420479609
4848,-0.0651013501425631
4849,-0.072161220317157
4850,-0.0842927704531638
4851,-0.0607860948535864
4852,-0.0766967985812378
4853,-0.0687665739630953
4854,-0.0819238290264659
4855,-0.0804737732421895
4856,-0.0882965478684473
4857,-0.0835175106067294
4858,-0.0716482556569756
4859,-0.0807612013931809
4860,-0.0761785188368828
4861,-0.0785908220550771
4862,-0.0625109490233273
4863,-0.0528520626602517
4864,-0.0709124868891342
4865,-0.0761271824240609
4866,-0.094857976903403
4867,-0.0824327507232119
4868,-0.0678439111803077
4869,-0.0766934666872332
4870,-0.0898518360593937
4871,-0.0720610831324082
4872,-0.0753673092328124
4873,-0.104574584582202
4874,-0.046427453081577
4875,-0.0756949587250252
4876,-0.0895659892216636
4877,-0.0636280973973049
4878,-0.085340899845752
4879,-0.0546971590800002
4880,-0.0475835868251806
4881,-0.0883771390459563
4882,-0.0694235870241357
4883,-0.0501905632601531
4884,-0.0830952488834432
4885,-0.0719194862508635
4886,-0.067383952398243
4887,-0.0713524397468353
4888,-0.0758676640062817
4889,-0.0948869648570314
4890,-0.0734141655947327
4891,-0.0606366764785061
4892,-0.0678789865011792
4893,-0.0730148882632779
4894,-0.0600978143242577
4895,-0.0926625648451125
4896,-0.0918342512204212
4897,-0.0795489628721109
4898,-0.0756558364026525
4899,-0.0524851154548181
4900,-0.0734277435257505
4901,-0.0632382651040142
4902,-0.0740938997314868
4903,-0.0532443944255274
4904,-0.085070615273599
4905,-0.0447561815988462
4906,-0.0619006169578244
4907,-0.0875033274723853
4908,-0.0693363114318011
4909,-0.0515429652985471
4910,-0.0850192207052305
4911,-0.0350275373862162
4912,-0.0847490707756309
4913,-0.0791976466582537
4914,-0.0878326281906947
4915,-0.0852300177406435
4916,-0.0765606926698853
4917,-0.0700869424039601
4918,-0.073275225320089
4919,-0.0527048774049599
4920,-0.0672920417287105
4921,-0.0876106246944884
4922,-0.0560562553226089
4923,-0.0821720662765952
4924,-0.0707162516575471
4925,-0.0859036125441427
4926,-0.0566173285842499
4927,-0.0594007632325756
4928,-0.0775156607111807
4929,-0.0754909868558555
4930,-0.062456257184901
4931,-0.0725252732600198
4932,-0.076058507105292
4933,-0.0590642725278714
4934,-0.0790907819490741
4935,-0.0460414725722962
4936,-0.0656728133009458
4937,-0.0805013370006284
4938,-0.0654754156802178
4939,-0.0636053629731661
4940,-0.0509780541739896
4941,-0.0668489721084861
4942,-0.0790388855216429
4943,-0.0617973267780636
4944,-0.0637829994509503
4945,-0.0588627835011713
4946,-0.0627464908577604
4947,-0.0639877161841931
4948,-0.0827993423440833
4949,-0.0735787876704712
4950,-0.0594442259211848
4951,-0.0934821617879013
4952,-0.0837475998965539
4953,-0.0718705767789265
4954,-0.0520850121852333
4955,-0.0722322704496507
4956,-0.0579963587389209
4957,-0.0522178055935814
4958,-0.0885790576805931
4959,-0.0891511798217379
4960,-0.082630088409828
4961,-0.0783090257469021
4962,-0.0678148878013303
4963,-0.0644372205162438
4964,-0.0541890860436368
4965,-0.0777627572927703
4966,-0.0677356537586543
4967,-0.0718885027879415
4968,-0.0759435010796297
4969,-0.0486459263617374
4970,-0.0835027356570876
4971,-0.0610119001730596
4972,-0.0670154742622932
4973,-0.0706100231856083
4974,-0.0850863159913573
4975,-0.105086180775727
4976,-0.0842921970620277
4977,-0.0814029820629861
4978,-0.0748656501701883
4979,-0.057659114791128
4980,-0.0736556513598787
4981,-0.0822982822115536
4982,-0.0471166322834163
4983,-0.0852531855115118
4984,-0.0654132105933349
4985,-0.0743029904560148
4986,-0.0740840640938019
4987,-0.0717531145118321
4988,-0.0725644149671864
4989,-0.0642667123098715
4990,-0.0659034040152067
4991,-0.0757903033800173
4992,-0.0638544001033752
4993,-0.0795129616561391
4994,-0.070427200944907
4995,-0.0642497897485045
4996,-0.0667386428356891
4997,-0.0597239784941526
4998,-0.0580768750077802
4999,-0.0559437131039304
5000,-0.0642145541415436
