cell,patient,Sample,original_subtype,nCount_RNA,MKI67,FAP_detected,SenMayo_zmean
SMC01-T_AAAGTAGAGTGGTAGC,SMC01,SMC01-T,Myofibroblasts,1860,0.0,0,-0.142004551709677
SMC01-T_ACACCCTGTTGGTAAA,SMC01,SMC01-T,Stromal 1,28147,0.0,0,1.16642073367983
SMC01-T_ACAGCCGGTCTCTCGT,SMC01,SMC01-T,Myofibroblasts,9535,0.0,1,0.224060459347744
SMC01-T_ACATCAGTCGCCTGAG,SMC01,SMC01-T,Myofibroblasts,15077,0.508780687588347,0,0.384009836729314
SMC01-T_ACATCAGTCTCCCTGA,SMC01,SMC01-T,Myofibroblasts,5270,0.0,0,0.743905818217053
SMC01-T_ACATGGTTCACAATGC,SMC01,SMC01-T,Stromal 2,8688,0.0,0,0.618455354258537
SMC01-T_ACGATGTTCGCAGGCT,SMC01,SMC01-T,Myofibroblasts,5098,0.0,0,0.484145122496009
SMC01-T_ACGCAGCAGATGTTAG,SMC01,SMC01-T,Stromal 1,4918,0.0,0,0.543621099869308
SMC01-T_ACTATCTAGCTAGTCT,SMC01,SMC01-T,Myofibroblasts,2373,0.0,0,0.0216825154903732
SMC01-T_ACTGATGAGCACCGCT,SMC01,SMC01-T,Stromal 2,12357,0.0,0,0.744278280082711
SMC01-T_ACTGATGGTGTTCGAT,SMC01,SMC01-T,Myofibroblasts,16773,0.0,1,0.808617177045657
SMC01-T_ACTTTCATCTTTACAC,SMC01,SMC01-T,Stromal 2,13631,0.0,1,0.867415284781514
SMC01-T_AGAGCGACAAGTAATG,SMC01,SMC01-T,Stromal 1,7242,0.0,0,0.125862615440851
SMC01-T_AGAGCTTAGTTGCAGG,SMC01,SMC01-T,Stromal 2,4259,0.0,0,0.650241511506267
SMC01-T_AGAGTGGAGCAAATCA,SMC01,SMC01-T,Myofibroblasts,5703,0.0,0,0.413993063987592
SMC01-T_AGAGTGGTCGTCCAGG,SMC01,SMC01-T,Stromal 1,7389,0.0,0,0.326385001049375
SMC01-T_AGCGGTCCACACATGT,SMC01,SMC01-T,Myofibroblasts,14392,0.0,1,0.739713322896008
SMC01-T_AGCGTATAGGGTGTTG,SMC01,SMC01-T,Stromal 2,7384,0.0,0,0.429042283302435
SMC01-T_AGCTTGATCCGAATGT,SMC01,SMC01-T,Myofibroblasts,1209,0.0,0,-0.0561593420659229
SMC01-T_AGTGTCAAGTAACCCT,SMC01,SMC01-T,Myofibroblasts,8801,0.0,0,0.19554729433279
SMC01-T_ATCGAGTCAGTTTACG,SMC01,SMC01-T,Myofibroblasts,12101,0.0,1,0.999492320776693
SMC01-T_CAAGAAAAGACACGAC,SMC01,SMC01-T,Myofibroblasts,5338,0.0,0,0.171035348441692
SMC01-T_CACAAACCATATACCG,SMC01,SMC01-T,Stromal 2,6488,0.0,0,0.945165488217773
SMC01-T_CAGAATCGTTCCACTC,SMC01,SMC01-T,Myofibroblasts,12666,0.0,1,0.975791066224135
SMC01-T_CAGCAGCGTAGGCTGA,SMC01,SMC01-T,Myofibroblasts,7811,0.0,1,0.711358515214708
SMC01-T_CAGCATACATGTCCTC,SMC01,SMC01-T,Myofibroblasts,2493,0.0,1,0.271418182784561
SMC01-T_CAGCATAGTGCCTTGG,SMC01,SMC01-T,Myofibroblasts,11077,0.0,0,0.735385682189761
SMC01-T_CAGCCGAAGTCGAGTG,SMC01,SMC01-T,Myofibroblasts,8277,0.0,0,0.749321759157111
SMC01-T_CATGACAAGCATGGCA,SMC01,SMC01-T,Myofibroblasts,10844,0.0,1,1.21592918286812
SMC01-T_CCCAGTTCAGTTCCCT,SMC01,SMC01-T,Myofibroblasts,3744,0.0,1,0.545577414946542
SMC01-T_CCTAAAGTCTCGCTTG,SMC01,SMC01-T,Myofibroblasts,11984,0.0,0,0.854535340723676
SMC01-T_CCTAGCTTCACTTCAT,SMC01,SMC01-T,Myofibroblasts,5061,0.0,1,1.24408986919559
SMC01-T_CCTATTAGTATAGGTA,SMC01,SMC01-T,Myofibroblasts,8550,0.0,0,0.70796778827524
SMC01-T_CCTTACGCATCTCGCT,SMC01,SMC01-T,Stromal 2,19921,0.0,1,0.601716423901245
SMC01-T_CGCTATCAGCCAACAG,SMC01,SMC01-T,Myofibroblasts,5492,0.0,1,0.689332839213992
SMC01-T_CGCTGGACATGCCACG,SMC01,SMC01-T,Stromal 2,3759,0.0,0,0.523941858437807
SMC01-T_CGCTTCAGTCAGTGGA,SMC01,SMC01-T,Myofibroblasts,6565,0.0,0,0.966075926768743
SMC01-T_CGGACACAGCTAGTCT,SMC01,SMC01-T,Myofibroblasts,7257,0.0,0,0.26261203978564
SMC01-T_CGGAGTCCAACTGGCC,SMC01,SMC01-T,Myofibroblasts,3126,0.0,0,0.285656809078507
SMC01-T_CGGAGTCTCCGGCACA,SMC01,SMC01-T,Myofibroblasts,2101,0.0,0,0.338341326878191
SMC01-T_CGTGTAAGTCACACGC,SMC01,SMC01-T,Myofibroblasts,3993,0.0,0,0.837560455103009
SMC01-T_CGTGTCTTCAGCTCGG,SMC01,SMC01-T,Stromal 2,5966,0.0,0,0.638760041603294
SMC01-T_CTACACCCACGACTCG,SMC01,SMC01-T,Myofibroblasts,21474,0.0,1,0.687210777104799
SMC01-T_CTAGAGTGTACAGTGG,SMC01,SMC01-T,Myofibroblasts,14968,0.0,1,0.749154858797057
SMC01-T_CTAGCCTTCTTTACGT,SMC01,SMC01-T,Myofibroblasts,2000,0.0,0,0.0170641922197133
SMC01-T_CTCTAATAGGTGATAT,SMC01,SMC01-T,Myofibroblasts,11178,0.0,0,0.885981836018914
SMC01-T_CTGATCCGTTAGGGTG,SMC01,SMC01-T,Myofibroblasts,2524,0.0,0,0.249754970975719
SMC01-T_CTGATCCTCCTCGCAT,SMC01,SMC01-T,Myofibroblasts,4852,0.0,0,0.21816277436496
SMC01-T_CTTACCGTCAGGCCCA,SMC01,SMC01-T,Myofibroblasts,8790,0.0,1,0.720732873824651
SMC01-T_CTTCTCTCACCGGAAA,SMC01,SMC01-T,Myofibroblasts,12958,0.0,1,0.507990300293272
SMC01-T_GAAATGATCTAGAGTC,SMC01,SMC01-T,Myofibroblasts,20658,0.0,1,1.03938280243724
SMC01-T_GAATGAATCCATGAAC,SMC01,SMC01-T,Myofibroblasts,6397,0.0,0,0.552446907863708
SMC01-T_GATCTAGAGGAGTTGC,SMC01,SMC01-T,Myofibroblasts,1886,0.0,0,-0.0063825526515675
SMC01-T_GATCTAGGTGGTGTAG,SMC01,SMC01-T,Myofibroblasts,16139,0.0,1,0.685237964481502
SMC01-T_GATCTAGGTTGTGGAG,SMC01,SMC01-T,Myofibroblasts,4867,0.0,0,0.330618064363934
SMC01-T_GATGCTATCAAGAAGT,SMC01,SMC01-T,Myofibroblasts,2454,0.0,0,0.166907629419787
SMC01-T_GCAAACTGTTAAGACA,SMC01,SMC01-T,Myofibroblasts,9214,0.0,1,0.432249823407948
SMC01-T_GCATGTAGTCATCCCT,SMC01,SMC01-T,Myofibroblasts,1560,0.0,0,0.233857648469036
SMC01-T_GCCAAATGTAAATACG,SMC01,SMC01-T,Myofibroblasts,12346,0.0,0,0.767307835349333
SMC01-T_GCCTCTATCAGCCTAA,SMC01,SMC01-T,Myofibroblasts,2763,0.0,0,0.124036523155255
SMC01-T_GCTGCAGCAGTCGTGC,SMC01,SMC01-T,Stromal 1,10898,0.0,0,0.315735714682395
SMC01-T_GGAATAACAGGTTTCA,SMC01,SMC01-T,Myofibroblasts,8183,0.0,1,0.590756237709496
SMC01-T_GGAATAATCTGTTTGT,SMC01,SMC01-T,Myofibroblasts,6162,0.0,0,0.665022753143004
SMC01-T_GGACAGACATGTTGAC,SMC01,SMC01-T,Stromal 2,5350,0.0,0,0.656584695812721
SMC01-T_GGATGTTCAGTATGCT,SMC01,SMC01-T,Myofibroblasts,2884,0.0,0,0.405260536648271
SMC01-T_GGATTACGTTCGCTAA,SMC01,SMC01-T,Myofibroblasts,4734,0.0,1,0.56112662850924
SMC01-T_GGCAATTAGTTTCCTT,SMC01,SMC01-T,Myofibroblasts,11948,0.0,0,0.430714393925797
SMC01-T_GGGACCTCAAGACGTG,SMC01,SMC01-T,Myofibroblasts,13967,0.0,1,0.364756504180719
SMC01-T_GGGAGATGTGGCAAAC,SMC01,SMC01-T,Stromal 2,7410,0.0,0,0.558297177485415
SMC01-T_GGGTCTGCATTGAGCT,SMC01,SMC01-T,Myofibroblasts,4447,0.0,0,0.329077074073804
SMC01-T_GTACGTACACAGCCCA,SMC01,SMC01-T,Myofibroblasts,2029,0.0,0,0.0033542735671599
SMC01-T_GTTACAGAGTACGTTC,SMC01,SMC01-T,Stromal 2,16630,0.0,0,0.679721731476589
SMC01-T_GTTCATTCATTGAGCT,SMC01,SMC01-T,Stromal 2,10162,0.0,0,0.753609038750065
SMC01-T_TAGAGCTGTCATACTG,SMC01,SMC01-T,Myofibroblasts,8847,0.0,1,1.78997310786365
SMC01-T_TATCTCACAGCTGTAT,SMC01,SMC01-T,Myofibroblasts,18300,0.0,1,0.626118588919397
SMC01-T_TCAACGACACCCATTC,SMC01,SMC01-T,Myofibroblasts,16902,0.464768675164099,0,0.120620672093326
SMC01-T_TCAACGATCAATAAGG,SMC01,SMC01-T,Myofibroblasts,1742,0.0,0,-0.0772089394553292
SMC01-T_TCACGAAAGTTATCGC,SMC01,SMC01-T,Stromal 2,20028,0.0,0,0.527293454335038
SMC01-T_TCAGGTACACGACGAA,SMC01,SMC01-T,Stromal 2,32554,0.26787360868222,1,1.09323800615872
SMC01-T_TCATTTGAGTGGTAGC,SMC01,SMC01-T,Myofibroblasts,1542,0.0,0,0.220081057671805
SMC01-T_TCGCGAGCAGATAATG,SMC01,SMC01-T,Myofibroblasts,4820,0.0,1,0.414605981514656
SMC01-T_TCTTCGGCATTCCTCG,SMC01,SMC01-T,Myofibroblasts,20269,0.0,1,0.609959094126422
SMC01-T_TGACTTTCACGGTAGA,SMC01,SMC01-T,Stromal 2,4150,0.0,0,0.498842084337211
SMC01-T_TGCCCATCAAGTCTGT,SMC01,SMC01-T,Stromal 2,6383,0.0,0,0.788886247201797
SMC01-T_TGCGCAGTCGGATGGA,SMC01,SMC01-T,Myofibroblasts,17897,0.0,1,0.787722764114365
SMC01-T_TGCGTGGCAGATGGCA,SMC01,SMC01-T,Myofibroblasts,8870,0.0,1,0.312997771406497
SMC01-T_TGTTCCGGTAACGCGA,SMC01,SMC01-T,Stromal 2,7735,0.0,0,0.794528190743344
SMC01-T_TTCCCAGTCTTGTTTG,SMC01,SMC01-T,Myofibroblasts,4965,0.0,0,0.247911501531376
SMC01-T_TTCGAAGCACCCATTC,SMC01,SMC01-T,Myofibroblasts,10645,0.0,1,0.50265096945111
SMC01-T_TTGACTTCACACTGCG,SMC01,SMC01-T,Stromal 2,12835,0.0,1,1.08522920958203
SMC01-T_TTGCCGTCATTGCGGC,SMC01,SMC01-T,Myofibroblasts,6300,0.0,0,0.680923911703373
SMC01-T_TTGCGTCGTCTCATCC,SMC01,SMC01-T,Myofibroblasts,2964,0.0,0,0.592795080899442
SMC01-T_TTGCGTCTCGTAGGTT,SMC01,SMC01-T,Myofibroblasts,8664,0.0,0,0.135484111462763
SMC02-T_AAAGATGGTTCTGAAC,SMC02,SMC02-T,Myofibroblasts,16822,0.0,1,0.287532874809717
SMC02-T_AACTGGTAGGTTCCTA,SMC02,SMC02-T,Stromal 2,14382,0.0,0,0.295611983147466
SMC02-T_AACTTTCGTCTACCTC,SMC02,SMC02-T,Stromal 2,17787,0.0,1,0.418853281536383
SMC02-T_AAGTCTGGTCGCGAAA,SMC02,SMC02-T,Stromal 2,29864,0.0,0,0.869791100925327
SMC02-T_AATCCAGAGCGATGAC,SMC02,SMC02-T,Myofibroblasts,32174,0.0,1,0.315799931793443
SMC02-T_AATCCAGAGCGCTCCA,SMC02,SMC02-T,Myofibroblasts,2868,0.0,0,0.440228518086347
SMC02-T_AATCGGTTCAGCCTAA,SMC02,SMC02-T,Myofibroblasts,12961,0.0,0,0.580898644191721
SMC02-T_ACACCGGGTTGCGTTA,SMC02,SMC02-T,Myofibroblasts,10668,0.0,0,0.518937878837292
SMC02-T_ACACTGATCCTAAGTG,SMC02,SMC02-T,Myofibroblasts,23331,0.0,1,0.599248712948297
SMC02-T_ACCGTAACAATGAATG,SMC02,SMC02-T,Myofibroblasts,2769,0.0,0,0.420151586240137
SMC02-T_ACGCAGCCATGCCCGA,SMC02,SMC02-T,Myofibroblasts,20591,0.0,1,0.598842166285178
SMC02-T_ACTTGTTTCTCTGTCG,SMC02,SMC02-T,Stromal 2,17269,0.0,1,0.978722519822906
SMC02-T_AGCGTCGTCACTTCAT,SMC02,SMC02-T,Myofibroblasts,14089,0.0,0,0.202939019531941
SMC02-T_AGCTCTCAGTGAATTG,SMC02,SMC02-T,Myofibroblasts,12407,0.0,1,0.923162263942574
SMC02-T_AGGCCACGTGAGGGTT,SMC02,SMC02-T,Myofibroblasts,23063,0.0,1,0.622233969363487
SMC02-T_AGGCCGTCATTTCAGG,SMC02,SMC02-T,Myofibroblasts,7578,0.0,1,0.0707174178288403
SMC02-T_AGTGAGGTCTGCGGCA,SMC02,SMC02-T,Stromal 1,10939,0.0,1,0.658765808880044
SMC02-T_ATCCACCTCGAATGGG,SMC02,SMC02-T,Stromal 2,27599,0.0,0,1.00858990651473
SMC02-T_CACCTTGCATATGCTG,SMC02,SMC02-T,Stromal 2,10674,0.0,0,0.240209147608034
SMC02-T_CAGCTGGAGTGAAGAG,SMC02,SMC02-T,Myofibroblasts,1841,0.0,0,0.103217785212008
SMC02-T_CATATTCGTATATGGA,SMC02,SMC02-T,Myofibroblasts,19434,0.0,1,0.669007867624381
SMC02-T_CATCAAGAGTTTCCTT,SMC02,SMC02-T,Myofibroblasts,1618,0.0,0,0.0110924314918562
SMC02-T_CATTCGCTCAAACAAG,SMC02,SMC02-T,Myofibroblasts,18198,0.0,0,0.292084972460366
SMC02-T_CCAATCCTCTCCCTGA,SMC02,SMC02-T,Myofibroblasts,4749,0.0,0,0.177718250061664
SMC02-T_CCATGTCTCCGTCAAA,SMC02,SMC02-T,Myofibroblasts,8565,0.0,1,0.74381071834562
SMC02-T_CCTAGCTCATCACAAC,SMC02,SMC02-T,Stromal 3,13149,0.0,1,0.946452043210138
SMC02-T_CCTCTGACACTCAGGC,SMC02,SMC02-T,Myofibroblasts,2556,0.0,1,0.147759164959147
SMC02-T_CCTTCCCCACGTTGGC,SMC02,SMC02-T,Stromal 2,16200,0.0,0,0.520828645053584
SMC02-T_CCTTCGAGTGGAAAGA,SMC02,SMC02-T,Myofibroblasts,26537,0.0,1,0.294047252333776
SMC02-T_CGATGGCGTTCGGGCT,SMC02,SMC02-T,Myofibroblasts,30757,0.0,1,0.451785958240947
SMC02-T_CGGACTGCATGTAAGA,SMC02,SMC02-T,Myofibroblasts,13872,0.0,0,1.03680408286998
SMC02-T_CTAACTTTCCGCAAGC,SMC02,SMC02-T,Stromal 2,1797,0.0,0,0.117562147492031
SMC02-T_CTACGTCAGATAGTCA,SMC02,SMC02-T,Stromal 2,13428,0.0,1,0.429509425568724
SMC02-T_CTCTAATTCCACGACG,SMC02,SMC02-T,Myofibroblasts,26231,0.0,0,0.958924676276545
SMC02-T_GACTAACAGTGTTTGC,SMC02,SMC02-T,Myofibroblasts,8613,0.0,1,0.221288773796772
SMC02-T_GCATGCGAGATCCGAG,SMC02,SMC02-T,Stromal 2,10969,0.0,1,0.537589157825994
SMC02-T_GCATGCGCATCCGGGT,SMC02,SMC02-T,Stromal 2,17725,0.0,1,0.664994795637205
SMC02-T_GCCAAATAGTTTCCTT,SMC02,SMC02-T,Myofibroblasts,8957,0.0,0,0.15689682691596
SMC02-T_GCCAAATTCCACTCCA,SMC02,SMC02-T,Myofibroblasts,12136,0.0,0,0.955890451328577
SMC02-T_GCGCAACTCTGGAGCC,SMC02,SMC02-T,Stromal 2,25744,0.0,0,0.899717553180481
SMC02-T_GGACGTCAGTGCCAGA,SMC02,SMC02-T,Myofibroblasts,1706,0.0,0,0.259031195298376
SMC02-T_GGATGTTTCTGGCGTG,SMC02,SMC02-T,Stromal 1,11323,0.0,0,0.866823608197781
SMC02-T_GGGACCTGTGCAGTAG,SMC02,SMC02-T,Myofibroblasts,2273,0.0,0,0.57116473579709
SMC02-T_GGGCATCAGGCGCTCT,SMC02,SMC02-T,Myofibroblasts,2058,0.0,0,-0.0468774536128961
SMC02-T_GGGTCTGTCATAACCG,SMC02,SMC02-T,Stromal 2,21781,0.0,1,0.379727240796949
SMC02-T_GGTATTGCATGCGCAC,SMC02,SMC02-T,Stromal 2,11571,0.0,0,0.939516502503239
SMC02-T_GGTGTTAAGTCACGCC,SMC02,SMC02-T,Myofibroblasts,11290,0.0,0,1.02819755313754
SMC02-T_GTAGTCAAGCTGAAAT,SMC02,SMC02-T,Stromal 2,14295,0.0,0,0.271607913972849
SMC02-T_GTATTCTGTGCAACGA,SMC02,SMC02-T,Myofibroblasts,3594,0.0,0,0.161283741573818
SMC02-T_GTCTCGTCAATGGAGC,SMC02,SMC02-T,Myofibroblasts,29304,0.0,1,0.494354004229635
SMC02-T_GTGCTTCTCTTGTTTG,SMC02,SMC02-T,Stromal 2,13159,0.0,0,0.424408173269594
SMC02-T_GTTACAGTCAACACCA,SMC02,SMC02-T,Myofibroblasts,25988,0.0,1,0.158178703881122
SMC02-T_TAAGAGATCGCCCTTA,SMC02,SMC02-T,Myofibroblasts,19537,0.0,0,0.62647644157855
SMC02-T_TATCAGGGTACAGACG,SMC02,SMC02-T,Myofibroblasts,15647,0.0,1,0.752804449328904
SMC02-T_TCAATCTCAATGGTCT,SMC02,SMC02-T,Myofibroblasts,11622,0.0,1,0.531829108372399
SMC02-T_TCGGTAATCTTCGGTC,SMC02,SMC02-T,Stromal 1,32836,0.0,1,0.443335341280875
SMC02-T_TGAGCCGAGAGTAAGG,SMC02,SMC02-T,Myofibroblasts,6100,1.45364654314938,1,0.3975723385298
SMC02-T_TGCCCTATCCGCATAA,SMC02,SMC02-T,Stromal 2,13144,0.0,0,0.453190035960788
SMC02-T_TGTATTCCACGCATCG,SMC02,SMC02-T,Myofibroblasts,7132,0.0,1,0.778157525801981
SMC02-T_TTCCCAGAGAGTGAGA,SMC02,SMC02-T,Myofibroblasts,8640,0.0,0,1.01620400148005
SMC02-T_TTCCCAGCAGATCGGA,SMC02,SMC02-T,Myofibroblasts,6941,0.0,1,0.76114637009782
SMC02-T_TTCTACAGTTGGTTTG,SMC02,SMC02-T,Stromal 3,5270,0.0,0,0.510425423351646
SMC02-T_TTCTTAGCATAGAAAC,SMC02,SMC02-T,Myofibroblasts,7364,0.0,1,0.665125034484571
SMC02-T_TTCTTAGTCTGCAGTA,SMC02,SMC02-T,Myofibroblasts,20907,0.671217166424175,1,0.316237231221452
SMC03-T_AAATGCCTCGGATGGA,SMC03,SMC03-T,Stromal 3,10128,0.0,0,0.313884244246921
SMC03-T_AACACGTCAAGGACAC,SMC03,SMC03-T,Stromal 3,19312,0.0,0,0.577256606225316
SMC03-T_AAGCCGCGTCTCTTTA,SMC03,SMC03-T,Stromal 3,8843,0.0,0,0.592271339010412
SMC03-T_ACACCCTAGATCCCAT,SMC03,SMC03-T,Stromal 3,16373,0.0,0,0.989366331389102
SMC03-T_ACACCCTAGGCGCTCT,SMC03,SMC03-T,Stromal 3,24238,0.0,1,0.714381319516803
SMC03-T_ACACCCTTCTGGAGCC,SMC03,SMC03-T,Myofibroblasts,5899,0.0,1,0.545580235847777
SMC03-T_ACAGCTAAGGAATGGA,SMC03,SMC03-T,Stromal 3,30270,0.0,0,0.536784724050574
SMC03-T_ACCAGTAAGACTGTAA,SMC03,SMC03-T,Stromal 3,9380,0.0,1,0.539974735419356
SMC03-T_ACGAGCCTCAAGGTAA,SMC03,SMC03-T,Myofibroblasts,8109,0.0,0,0.37237863016419
SMC03-T_ACGAGGAGTTCCCGAG,SMC03,SMC03-T,Stromal 3,21587,0.0,0,0.697756407897149
SMC03-T_ACGCCAGAGAGCTTCT,SMC03,SMC03-T,Stromal 3,37500,0.0,0,1.07625695660073
SMC03-T_ACGCCAGGTTCCACGG,SMC03,SMC03-T,Stromal 3,3636,0.0,0,0.586929994450829
SMC03-T_ACGCCAGTCAACGGGA,SMC03,SMC03-T,Myofibroblasts,21941,0.0,1,0.460577113425065
SMC03-T_ACGTCAAAGGGATGGG,SMC03,SMC03-T,Stromal 3,12175,0.0,1,0.597416287925915
SMC03-T_ACGTCAAAGTTAGGTA,SMC03,SMC03-T,Stromal 3,3171,0.0,0,0.510953549661749
SMC03-T_ACTATCTCATGGGAAC,SMC03,SMC03-T,Myofibroblasts,30274,0.0,1,0.415225970949454
SMC03-T_ACTGTCCTCGTGGACC,SMC03,SMC03-T,Stromal 3,20857,0.0,0,0.956274095616556
SMC03-T_ACTTGTTGTGCAGGTA,SMC03,SMC03-T,Stromal 3,15329,0.0,0,0.923015827363351
SMC03-T_AGAATAGTCTTGCATT,SMC03,SMC03-T,Myofibroblasts,8512,0.0,1,0.24540734612926
SMC03-T_AGACGTTTCCGTTGCT,SMC03,SMC03-T,Stromal 3,13819,0.0,0,0.815343904316102
SMC03-T_AGAGCTTCAGGAATGC,SMC03,SMC03-T,Myofibroblasts,15251,0.0,1,0.0297736027158516
SMC03-T_AGAGTGGAGGTACTCT,SMC03,SMC03-T,Myofibroblasts,5019,0.0,0,0.309832533735755
SMC03-T_AGAGTGGGTTGATTGC,SMC03,SMC03-T,Stromal 3,4817,0.0,1,0.952303978257508
SMC03-T_AGCAGCCGTAGCGTAG,SMC03,SMC03-T,Stromal 3,12352,0.0,1,0.74182956341049
SMC03-T_AGCGGTCCAGCTCGCA,SMC03,SMC03-T,Myofibroblasts,17154,0.0,1,0.214673484857297
SMC03-T_AGCGTCGGTGACTCAT,SMC03,SMC03-T,Myofibroblasts,7092,0.0,1,0.102860590507163
SMC03-T_AGGGAGTTCGGCGCAT,SMC03,SMC03-T,Stromal 3,6279,0.0,0,0.180846298407955
SMC03-T_ATCCACCCAATGACCT,SMC03,SMC03-T,Stromal 3,29430,0.0,1,0.867798800870501
SMC03-T_ATCCACCTCCCACTTG,SMC03,SMC03-T,Myofibroblasts,8748,0.0,1,0.493246962046321
SMC03-T_ATCCGAATCTCAAACG,SMC03,SMC03-T,Myofibroblasts,12687,0.0,1,0.386728005477896
SMC03-T_ATCTGCCCACACATGT,SMC03,SMC03-T,Myofibroblasts,5070,0.0,1,0.261022470798791
SMC03-T_ATGGGAGTCAACTCTT,SMC03,SMC03-T,Myofibroblasts,6578,0.0,1,0.0136380954648853
SMC03-T_ATTATCCCAGCTGGCT,SMC03,SMC03-T,Myofibroblasts,15786,0.0,1,0.0978389890977604
SMC03-T_CAACCTCCACTTCTGC,SMC03,SMC03-T,Myofibroblasts,8989,0.0,0,0.317985844311131
SMC03-T_CAACCTCGTAGGACAC,SMC03,SMC03-T,Stromal 3,33607,0.0,1,0.683604512489585
SMC03-T_CAACCTCTCTACTATC,SMC03,SMC03-T,Myofibroblasts,5885,0.0,1,0.0518743341900885
SMC03-T_CAACTAGAGTGCAAGC,SMC03,SMC03-T,Myofibroblasts,5831,0.0,1,0.372431009041806
SMC03-T_CACACCTAGTGGTAAT,SMC03,SMC03-T,Stromal 3,19741,0.0,1,1.29968429913088
SMC03-T_CACACTCGTGTGAATA,SMC03,SMC03-T,Stromal 3,22461,0.0,0,1.37210096541472
SMC03-T_CACAGGCCAAAGCAAT,SMC03,SMC03-T,Stromal 3,18199,0.0,0,0.808555011678134
SMC03-T_CACATAGCAGCCTATA,SMC03,SMC03-T,Myofibroblasts,14456,0.0,1,0.477053933483259
SMC03-T_CACCACTCATTGGCGC,SMC03,SMC03-T,Myofibroblasts,3657,0.0,0,0.562470973365907
SMC03-T_CACCAGGCAAGAGGCT,SMC03,SMC03-T,Stromal 3,9824,0.0,1,1.10184853078287
SMC03-T_CACTCCAAGTTAACGA,SMC03,SMC03-T,Stromal 3,26383,0.0,1,0.588438852718714
SMC03-T_CACTCCACACGGACAA,SMC03,SMC03-T,Myofibroblasts,1803,0.0,0,-0.261288356661063
SMC03-T_CAGAATCGTTACGCGC,SMC03,SMC03-T,Stromal 3,35532,0.0,1,0.862479170907551
SMC03-T_CAGCCGACATGCGCAC,SMC03,SMC03-T,Stromal 3,2682,0.0,0,0.736956295027232
SMC03-T_CAGCCGATCATGCAAC,SMC03,SMC03-T,Myofibroblasts,23575,0.0,1,0.264094763615254
SMC03-T_CAGGTGCCACAGAGGT,SMC03,SMC03-T,Stromal 3,9804,0.0,1,0.634871664118913
SMC03-T_CATATTCGTGGAAAGA,SMC03,SMC03-T,Stromal 3,30744,0.0,1,1.23223834905415
SMC03-T_CATGACAAGACACGAC,SMC03,SMC03-T,Myofibroblasts,3486,0.0,0,0.07980017753401
SMC03-T_CATGGCGCAGTTCCCT,SMC03,SMC03-T,Myofibroblasts,20588,0.0,1,0.283656117414434
SMC03-T_CATTCGCGTATCTGCA,SMC03,SMC03-T,Stromal 3,22011,0.0,1,0.91950594435914
SMC03-T_CCACGGATCTTGTCAT,SMC03,SMC03-T,Stromal 3,15430,0.0,1,0.562028743184771
SMC03-T_CCACTACAGTGGGTTG,SMC03,SMC03-T,Stromal 3,15221,0.0,0,0.757439332605996
SMC03-T_CCAGCGAAGAGCTGCA,SMC03,SMC03-T,Stromal 3,15722,0.0,0,0.717684901917888
SMC03-T_CCAGCGATCGGAAACG,SMC03,SMC03-T,Myofibroblasts,11509,0.0,1,0.484799003973939
SMC03-T_CCATTCGAGAGGGCTT,SMC03,SMC03-T,Myofibroblasts,13780,1.36168338525521,1,0.368467931051282
SMC03-T_CCATTCGTCTCTGCTG,SMC03,SMC03-T,Stromal 3,20095,0.0,1,1.16034992680711
SMC03-T_CCCAATCAGCTAACAA,SMC03,SMC03-T,Myofibroblasts,4506,0.0,0,0.0978628440194396
SMC03-T_CCCAATCAGCTTTGGT,SMC03,SMC03-T,Myofibroblasts,2402,0.0,0,0.432121408291684
SMC03-T_CCCAATCAGGATGGAA,SMC03,SMC03-T,Stromal 3,4958,0.0,0,0.647006494877317
SMC03-T_CCGGTAGCAAGCCATT,SMC03,SMC03-T,Myofibroblasts,30378,0.0,1,0.307527579821554
SMC03-T_CCGTACTTCCAGTATG,SMC03,SMC03-T,Myofibroblasts,33500,1.22025739809044,1,0.330106715607314
SMC03-T_CCGTTCAGTCCAGTTA,SMC03,SMC03-T,Myofibroblasts,24725,0.339645011131632,1,0.423601545661849
SMC03-T_CCTACCAAGGGTCTCC,SMC03,SMC03-T,Stromal 3,9242,0.0,1,1.26743248571768
SMC03-T_CCTTCCCGTAGAGTGC,SMC03,SMC03-T,Stromal 3,9569,0.0,0,0.787327239139908
SMC03-T_CCTTTCTGTCGGATCC,SMC03,SMC03-T,Stromal 3,14097,0.0,0,0.860855649209451
SMC03-T_CGAACATCACGCATCG,SMC03,SMC03-T,Myofibroblasts,22030,0.0,1,0.48947756561868
SMC03-T_CGAATGTAGCTAGCCC,SMC03,SMC03-T,Stromal 3,33344,0.0,1,0.84580450783198
SMC03-T_CGAATGTTCGGCATCG,SMC03,SMC03-T,Stromal 3,27049,0.0,1,1.02150524061549
SMC03-T_CGATCGGGTCAGGACA,SMC03,SMC03-T,Myofibroblasts,2589,0.0,0,0.200435916935395
SMC03-T_CGATTGAAGGGAAACA,SMC03,SMC03-T,Myofibroblasts,1056,0.0,0,-0.279932339983406
SMC03-T_CGCTATCCACAGGTTT,SMC03,SMC03-T,Stromal 3,25421,0.0,1,0.975061728440031
SMC03-T_CGCTGGAGTAAGCACG,SMC03,SMC03-T,Myofibroblasts,12805,0.0,1,0.333970486006774
SMC03-T_CGCTGGATCACCAGGC,SMC03,SMC03-T,Stromal 3,20698,0.0,0,0.905766175650104
SMC03-T_CGCTTCAAGAGACTTA,SMC03,SMC03-T,Myofibroblasts,14432,0.0,1,0.296544068933073
SMC03-T_CGGAGCTGTCTAGCGC,SMC03,SMC03-T,Stromal 3,22544,0.0,1,1.18619521722014
SMC03-T_CGTCACTCACGGTTTA,SMC03,SMC03-T,Myofibroblasts,1563,0.0,0,-0.231786251862725
SMC03-T_CGTCTACTCTTGCAAG,SMC03,SMC03-T,Stromal 3,5752,0.0,1,1.11470665574954
SMC03-T_CGTGTCTAGCGTAATA,SMC03,SMC03-T,Stromal 3,3143,0.0,0,0.865160452066268
SMC03-T_CGTGTCTCAAAGGCGT,SMC03,SMC03-T,Stromal 3,22097,0.0,0,0.967657763541429
SMC03-T_CGTTAGACAACACCTA,SMC03,SMC03-T,Stromal 1,6541,0.0,1,0.953806678995082
SMC03-T_CGTTCTGTCTCGCATC,SMC03,SMC03-T,Stromal 3,26577,0.0,0,1.02428640958592
SMC03-T_CGTTGGGCAAACAACA,SMC03,SMC03-T,Stromal 3,30491,0.0,1,0.795775831944177
SMC03-T_CGTTGGGCAGGTCTCG,SMC03,SMC03-T,Stromal 3,29344,0.0,1,1.06297282521802
SMC03-T_CTCCTAGAGAGACTTA,SMC03,SMC03-T,Stromal 3,9282,0.0,0,0.697898031222034
SMC03-T_CTCGAGGAGACACTAA,SMC03,SMC03-T,Myofibroblasts,22193,0.0,1,0.109470976118513
SMC03-T_CTCGAGGTCAACGAAA,SMC03,SMC03-T,Myofibroblasts,3441,0.0,1,0.185275416432399
SMC03-T_CTCGTACCAGTAACGG,SMC03,SMC03-T,Myofibroblasts,3297,0.0,0,0.160405934811608
SMC03-T_CTCTAATAGGCATTGG,SMC03,SMC03-T,Myofibroblasts,19742,0.0,1,0.421399409366376
SMC03-T_CTGATCCAGCTATGCT,SMC03,SMC03-T,Myofibroblasts,9726,0.0,1,0.379071664911923
SMC03-T_CTGATCCGTGGTCCGT,SMC03,SMC03-T,Stromal 3,20387,0.0,1,0.603177760281055
SMC03-T_CTGCCTAGTCGCTTCT,SMC03,SMC03-T,Myofibroblasts,1043,0.0,0,-0.0796400053448189
SMC03-T_CTGCGGATCGCTAGCG,SMC03,SMC03-T,Stromal 3,18143,0.0,0,0.966026621679065
SMC03-T_CTGTTTACAAGCCCAC,SMC03,SMC03-T,Myofibroblasts,24245,0.0,1,0.741185188607722
SMC03-T_CTGTTTACACATTCGA,SMC03,SMC03-T,Myofibroblasts,24010,0.0,0,0.399965175509533
SMC03-T_CTTAGGAGTATGAAAC,SMC03,SMC03-T,Stromal 3,17952,0.0,1,1.03493856878435
SMC03-T_CTTGGCTAGGCCGAAT,SMC03,SMC03-T,Myofibroblasts,25030,0.0,1,0.245015061690652
SMC03-T_GAAATGACATTCCTGC,SMC03,SMC03-T,Myofibroblasts,18350,0.0,0,0.691552338082819
SMC03-T_GACACGCCATGCCACG,SMC03,SMC03-T,Myofibroblasts,18203,0.0,1,0.392984326489531
SMC03-T_GACGCGTCACGGTAGA,SMC03,SMC03-T,Stromal 3,17889,0.0,0,0.784524731321355
SMC03-T_GACGCGTGTCAAGCGA,SMC03,SMC03-T,Stromal 3,16684,0.0,0,0.493781760654424
SMC03-T_GACGGCTCATGCATGT,SMC03,SMC03-T,Stromal 3,32216,0.0,1,0.887759490258998
SMC03-T_GACTAACCATGTCCTC,SMC03,SMC03-T,Stromal 3,29787,0.0,1,0.726262599340765
SMC03-T_GATCGATGTAAATGTG,SMC03,SMC03-T,Myofibroblasts,3525,0.0,0,0.186976623440364
SMC03-T_GATCGTAAGATGTTAG,SMC03,SMC03-T,Stromal 3,21601,0.0,1,1.08231716889249
SMC03-T_GCAATCACAGCTGGCT,SMC03,SMC03-T,Stromal 3,24453,0.0,1,0.733798475559384
SMC03-T_GCACATATCCGCGTTT,SMC03,SMC03-T,Stromal 3,16347,0.0,1,1.08271271980072
SMC03-T_GCACTCTAGGACATTA,SMC03,SMC03-T,Myofibroblasts,12682,0.0,1,0.036396281139655
SMC03-T_GCATACAGTCTCAACA,SMC03,SMC03-T,Stromal 3,15664,0.0,0,0.555008647634628
SMC03-T_GCATGATAGTGTCCCG,SMC03,SMC03-T,Myofibroblasts,22219,1.02971264063946,1,0.383434756956955
SMC03-T_GCGCAGTTCTTGTCAT,SMC03,SMC03-T,Myofibroblasts,10362,0.0,0,0.354466809919251
SMC03-T_GCGCCAAGTAGGCATG,SMC03,SMC03-T,Stromal 3,19673,0.0,1,0.683116802293374
SMC03-T_GCGCCAATCTGGTGTA,SMC03,SMC03-T,Myofibroblasts,22176,0.0,1,0.35789954233047
SMC03-T_GCGGGTTCAATGACCT,SMC03,SMC03-T,Stromal 3,35922,0.0,1,0.873292240636036
SMC03-T_GCTGCAGAGCCCAACC,SMC03,SMC03-T,Myofibroblasts,7249,0.0,1,0.335006374851918
SMC03-T_GCTGCAGGTATTAGCC,SMC03,SMC03-T,Stromal 3,8592,0.0,0,0.881564046493463
SMC03-T_GCTGCGAGTAAGGGCT,SMC03,SMC03-T,Myofibroblasts,12314,2.01445898282425,1,0.186636331363939
SMC03-T_GCTTCCAGTCTCTTTA,SMC03,SMC03-T,Stromal 3,5775,0.0,1,1.33125087799963
SMC03-T_GGAATAAAGCTAGCCC,SMC03,SMC03-T,Stromal 3,3003,0.0,1,0.521405310650379
SMC03-T_GGAATAACACACATGT,SMC03,SMC03-T,Myofibroblasts,3694,0.0,1,0.33768458792085
SMC03-T_GGACAGATCTTGAGAC,SMC03,SMC03-T,Myofibroblasts,1875,0.0,1,0.0802732656291862
SMC03-T_GGACATTCATGCCCGA,SMC03,SMC03-T,Myofibroblasts,2832,0.0,0,0.134875057878128
SMC03-T_GGATGTTCAGCTTCGG,SMC03,SMC03-T,Stromal 3,34196,0.0,1,1.19318947535307
SMC03-T_GGCTCGACAGTCTTCC,SMC03,SMC03-T,Stromal 3,10404,0.0,0,0.81289272759248
SMC03-T_GGCTCGATCATACGGT,SMC03,SMC03-T,Myofibroblasts,17730,0.0,1,0.338661659470943
SMC03-T_GGGATGAGTCTGGAGA,SMC03,SMC03-T,Myofibroblasts,13505,0.0,1,0.354094613350268
SMC03-T_GTACGTATCAACACGT,SMC03,SMC03-T,Stromal 3,21997,0.0,1,0.619819235458215
SMC03-T_GTACTTTAGCTGTCTA,SMC03,SMC03-T,Stromal 3,22742,0.0,1,0.630616823745107
SMC03-T_GTACTTTCACTTCTGC,SMC03,SMC03-T,Stromal 3,23777,0.0,1,1.18699003168404
SMC03-T_GTCACGGGTATTAGCC,SMC03,SMC03-T,Stromal 3,5240,0.0,1,0.611016068874912
SMC03-T_GTCATTTAGTATCGAA,SMC03,SMC03-T,Myofibroblasts,12011,0.0,1,0.211395919714779
SMC03-T_GTCATTTCATGCTGGC,SMC03,SMC03-T,Myofibroblasts,1702,0.0,0,-0.278834196453008
SMC03-T_GTCGTAAGTCTTGATG,SMC03,SMC03-T,Myofibroblasts,26273,0.322531866977199,1,0.569464304516697
SMC03-T_GTGCAGCAGAGTTGGC,SMC03,SMC03-T,Myofibroblasts,6292,0.951395204590135,1,0.552254837511136
SMC03-T_GTGCGGTCACTTACGA,SMC03,SMC03-T,Stromal 3,6933,0.0,0,0.509197455175312
SMC03-T_GTGCGGTCAGTCAGCC,SMC03,SMC03-T,Stromal 3,15476,0.0,1,0.862012977549523
SMC03-T_GTGCTTCGTGAGGGTT,SMC03,SMC03-T,Myofibroblasts,16474,0.0,1,0.186472245884152
SMC03-T_TAAACCGTCTCACATT,SMC03,SMC03-T,Stromal 3,10213,0.0,0,0.780609069244547
SMC03-T_TAAGCGTTCTATGTGG,SMC03,SMC03-T,Myofibroblasts,9860,0.0,1,0.383976729659308
SMC03-T_TAAGTGCAGACCGGAT,SMC03,SMC03-T,Stromal 3,7229,0.0,1,0.736323862776614
SMC03-T_TAAGTGCTCATTCACT,SMC03,SMC03-T,Stromal 3,9798,0.0,1,0.932915260446539
SMC03-T_TACCTTACATGGATGG,SMC03,SMC03-T,Stromal 3,11527,0.0,0,1.11529806276592
SMC03-T_TACGGTACATGCCACG,SMC03,SMC03-T,Stromal 3,21378,0.0,1,0.385714007329635
SMC03-T_TACTCATCAACACGCC,SMC03,SMC03-T,Stromal 3,17525,0.0,0,1.41464900123625
SMC03-T_TACTCATTCCATGAGT,SMC03,SMC03-T,Stromal 3,6751,0.0,0,0.62746166966912
SMC03-T_TACTTGTAGGAACTGC,SMC03,SMC03-T,Stromal 3,23650,0.0,1,1.17396453338979
SMC03-T_TACTTGTCACTCGACG,SMC03,SMC03-T,Stromal 3,14979,0.0,1,0.621649174247898
SMC03-T_TAGCCGGTCTTGAGGT,SMC03,SMC03-T,Myofibroblasts,2058,0.0,0,0.53692969698325
SMC03-T_TATGCCCCATTTCAGG,SMC03,SMC03-T,Myofibroblasts,2263,0.0,0,0.0372679685206739
SMC03-T_TCAATCTGTCCGACGT,SMC03,SMC03-T,Stromal 3,22226,0.0,1,0.66231589566536
SMC03-T_TCACAAGGTGCAGACA,SMC03,SMC03-T,Stromal 3,13309,0.0,1,0.82416172021243
SMC03-T_TCAGATGTCCTAAGTG,SMC03,SMC03-T,Stromal 3,16103,0.0,1,0.859839176911421
SMC03-T_TCAGGATTCCGTCAAA,SMC03,SMC03-T,Stromal 3,35003,0.0,1,1.65908561997354
SMC03-T_TCGGGACTCGTAGGTT,SMC03,SMC03-T,Myofibroblasts,14755,0.0,1,0.311828413701459
SMC03-T_TCGGTAACAAGTCTGT,SMC03,SMC03-T,Stromal 3,14379,0.0,0,0.993620940949523
SMC03-T_TCGGTAATCTAAGCCA,SMC03,SMC03-T,Stromal 3,19487,0.0,0,1.01350916254112
SMC03-T_TCGTACCCAATCAGAA,SMC03,SMC03-T,Myofibroblasts,20257,0.0,0,0.168832115940011
SMC03-T_TCGTACCGTCAACTGT,SMC03,SMC03-T,Stromal 3,4612,0.0,0,0.489488917521494
SMC03-T_TCGTACCGTGCGGTAA,SMC03,SMC03-T,Stromal 3,19526,0.0,1,0.975783441016654
SMC03-T_TCTATTGAGGCTAGAC,SMC03,SMC03-T,Myofibroblasts,13771,0.0,0,0.384331254850173
SMC03-T_TCTGAGAAGACAAGCC,SMC03,SMC03-T,Stromal 3,17391,0.0,0,0.591823579725338
SMC03-T_TCTGAGATCACGAAGG,SMC03,SMC03-T,Myofibroblasts,22657,0.0,1,0.32188368420107
SMC03-T_TCTTTCCGTGCCTGGT,SMC03,SMC03-T,Myofibroblasts,2443,0.0,0,0.173185315305037
SMC03-T_TGACAACTCTCTTATG,SMC03,SMC03-T,Stromal 3,21546,0.0,1,1.12067179026195
SMC03-T_TGAGCCGTCTGGGCCA,SMC03,SMC03-T,Myofibroblasts,3080,0.0,0,-0.159808152538898
SMC03-T_TGCACCTCATCCCACT,SMC03,SMC03-T,Myofibroblasts,5253,0.0,1,0.343466809732731
SMC03-T_TGCCAAATCCAGAAGG,SMC03,SMC03-T,Stromal 3,21321,0.0,1,0.693593653550682
SMC03-T_TGCGCAGGTGTTTGTG,SMC03,SMC03-T,Stromal 3,19889,0.0,1,0.981526793099349
SMC03-T_TGCGTGGAGTGAACAT,SMC03,SMC03-T,Myofibroblasts,8131,0.0,0,0.0760817163427738
SMC03-T_TGCTGCTCATGGGAAC,SMC03,SMC03-T,Stromal 3,14410,0.0,0,0.680687163240901
SMC03-T_TGGTTAGTCATCGATG,SMC03,SMC03-T,Stromal 3,32599,0.0,1,0.914611513150788
SMC03-T_TTAACTCCATCCCATC,SMC03,SMC03-T,Myofibroblasts,27630,0.0,1,0.187552884730222
SMC03-T_TTCGAAGAGAGCTGCA,SMC03,SMC03-T,Myofibroblasts,8480,0.0,1,0.174837992473985
SMC03-T_TTCTACACACATCCAA,SMC03,SMC03-T,Stromal 3,17088,0.0,1,0.574872361605197
SMC03-T_TTTGCGCAGAGGGATA,SMC03,SMC03-T,Stromal 3,21559,0.0,1,0.456983028705833
SMC03-T_TTTGCGCGTACAGCAG,SMC03,SMC03-T,Stromal 3,16018,0.0,1,0.822556123615264
SMC03-T_TTTGCGCGTACCCAAT,SMC03,SMC03-T,Myofibroblasts,6993,0.0,0,0.0770074376654022
SMC03-T_TTTGCGCGTGGTTTCA,SMC03,SMC03-T,Stromal 3,15000,0.0,1,0.599180291614989
SMC04-T_ACATGGTGTAATTGGA,SMC04,SMC04-T,Myofibroblasts,25005,0.0,1,1.24029544295808
SMC04-T_ACGGCCAGTCGAACAG,SMC04,SMC04-T,Myofibroblasts,7613,0.0,0,0.164461014986136
SMC04-T_ACTTTCAAGGGTCGAT,SMC04,SMC04-T,Myofibroblasts,3384,0.0,1,0.461717938341463
SMC04-T_AGCATACCATTGCGGC,SMC04,SMC04-T,Stromal 3,12212,0.0,1,0.731682988430819
SMC04-T_AGCCTAAAGCCGCCTA,SMC04,SMC04-T,Stromal 2,6795,0.0,1,0.366985714932404
SMC04-T_CACAAACTCTACTATC,SMC04,SMC04-T,Myofibroblasts,4789,0.0,0,0.502643222123108
SMC04-T_CAGCATAAGAGATGAG,SMC04,SMC04-T,Myofibroblasts,12058,0.0,0,0.517649200610705
SMC04-T_CATCCACGTGCAGGTA,SMC04,SMC04-T,Myofibroblasts,1189,0.0,0,0.496093233845478
SMC04-T_CCATGTCGTTCAACCA,SMC04,SMC04-T,Myofibroblasts,10197,0.0,0,0.331798687026739
SMC04-T_CCGGTAGTCAGCTCGG,SMC04,SMC04-T,Myofibroblasts,4277,0.0,0,0.0302647651300501
SMC04-T_CCTCAGTAGGCAAAGA,SMC04,SMC04-T,Stromal 2,9241,0.0,0,0.299647846424821
SMC04-T_CGAACATTCGTCACGG,SMC04,SMC04-T,Myofibroblasts,24381,0.0,1,0.777370672968549
SMC04-T_CGAGCACAGAGGACGG,SMC04,SMC04-T,Myofibroblasts,22523,0.0,1,0.336348004486419
SMC04-T_CGATGGCTCATTATCC,SMC04,SMC04-T,Stromal 2,6948,0.0,0,0.198924844828253
SMC04-T_CGGGTCAAGTTGAGAT,SMC04,SMC04-T,Myofibroblasts,23562,0.0,1,0.315085486598172
SMC04-T_CGTAGCGGTCTTTCAT,SMC04,SMC04-T,Myofibroblasts,1595,0.0,0,0.0517937061499621
SMC04-T_CGTCAGGTCAGTACGT,SMC04,SMC04-T,Myofibroblasts,8195,0.0,0,0.442928846921601
SMC04-T_CGTCCATGTTCCACTC,SMC04,SMC04-T,Myofibroblasts,1542,0.0,0,-0.0429820679402779
SMC04-T_CGTTAGATCCTCATTA,SMC04,SMC04-T,Myofibroblasts,9628,0.0,1,0.264716903557017
SMC04-T_CTACCCATCGTCCAGG,SMC04,SMC04-T,Myofibroblasts,9804,0.0,1,0.315103869716486
SMC04-T_CTCACACTCTACTATC,SMC04,SMC04-T,Myofibroblasts,10680,0.0,0,0.268857598911094
SMC04-T_CTCTAATAGCCTATGT,SMC04,SMC04-T,Myofibroblasts,7443,0.0,0,0.710140064388998
SMC04-T_CTTAACTAGTTTAGGA,SMC04,SMC04-T,Stromal 2,4703,0.0,0,0.305964026910482
SMC04-T_GCATGTAAGCCCAATT,SMC04,SMC04-T,Myofibroblasts,10932,0.0,0,0.82889409424883
SMC04-T_GGAACTTTCTTCCTTC,SMC04,SMC04-T,Myofibroblasts,2422,0.0,0,0.406018956534055
SMC04-T_GGACAGACAGCATGAG,SMC04,SMC04-T,Myofibroblasts,16544,0.0,1,0.314051699420665
SMC04-T_GGCCGATAGACCCACC,SMC04,SMC04-T,Myofibroblasts,15924,0.0,0,0.630831394165917
SMC04-T_GTAACTGCATGCAACT,SMC04,SMC04-T,Myofibroblasts,1450,0.0,0,0.618078490526595
SMC04-T_GTCCTCATCTTACCGC,SMC04,SMC04-T,Myofibroblasts,26557,0.0,1,0.483762383246986
SMC04-T_GTCTCGTAGCCACCTG,SMC04,SMC04-T,Myofibroblasts,22405,0.0,1,0.490250143639938
SMC04-T_GTTAAGCCATGTCGAT,SMC04,SMC04-T,Myofibroblasts,31494,0.950732346406639,0,0.59608314119861
SMC04-T_GTTCATTCAATCTACG,SMC04,SMC04-T,Stromal 1,3421,0.0,0,0.164082994085639
SMC04-T_TACTTACCATGGTCAT,SMC04,SMC04-T,Myofibroblasts,14452,0.0,0,0.103702308688076
SMC04-T_TACTTGTTCAACGGGA,SMC04,SMC04-T,Myofibroblasts,16910,0.0,0,0.737649663077006
SMC04-T_TAGACCAAGACCCACC,SMC04,SMC04-T,Myofibroblasts,31821,0.487669023324832,1,0.637641013096329
SMC04-T_TCGCGTTAGCTCTCGG,SMC04,SMC04-T,Myofibroblasts,17796,1.17794585618757,0,0.293194573935422
SMC04-T_TGTTCCGCAAGTCATC,SMC04,SMC04-T,Myofibroblasts,17871,0.0,1,0.769923013880176
SMC04-T_TTTGGTTGTCCCGACA,SMC04,SMC04-T,Stromal 2,3966,0.0,0,0.161352818043837
SMC04-T_TTTGGTTGTGGCCCTA,SMC04,SMC04-T,Myofibroblasts,10521,0.0,1,0.31060570872744
SMC06-T_AACCGCGTCAACACCA,SMC06,SMC06-T,Myofibroblasts,27460,0.0,1,0.253359204912176
SMC06-T_AACTCCCGTATTCTCT,SMC06,SMC06-T,Myofibroblasts,4619,0.0,0,0.396398703314521
SMC06-T_AAGGAGCCATCCCACT,SMC06,SMC06-T,Myofibroblasts,25852,0.0,1,0.166587655332899
SMC06-T_ACACCGGTCCTATTCA,SMC06,SMC06-T,Myofibroblasts,5429,0.0,1,0.215526270396412
SMC06-T_ACCAGTAGTCAGATAA,SMC06,SMC06-T,Myofibroblasts,9469,0.0,1,-0.0173482951469133
SMC06-T_AGAGCTTGTTGAGGTG,SMC06,SMC06-T,Myofibroblasts,24727,0.0,1,0.211342114461169
SMC06-T_AGAGCTTTCACAAACC,SMC06,SMC06-T,Myofibroblasts,19536,0.0,1,0.201337062216198
SMC06-T_AGGCCGTGTTCTGTTT,SMC06,SMC06-T,Myofibroblasts,28208,0.0,1,0.445255999614666
SMC06-T_ATCGAGTGTCGGATCC,SMC06,SMC06-T,Myofibroblasts,16380,0.0,1,0.266994715843725
SMC06-T_ATCTACTGTATAATGG,SMC06,SMC06-T,Myofibroblasts,4091,0.0,0,0.0607720112476105
SMC06-T_ATGTGTGAGCCAGGAT,SMC06,SMC06-T,Myofibroblasts,21149,0.0,0,0.226823462012532
SMC06-T_ATTATCCTCTACTCAT,SMC06,SMC06-T,Myofibroblasts,21419,0.0,1,0.771663388490556
SMC06-T_CAACCAACAGTCCTTC,SMC06,SMC06-T,Myofibroblasts,7686,0.0,1,0.0781502602812488
SMC06-T_CAACCAAGTAATTGGA,SMC06,SMC06-T,Myofibroblasts,19285,0.0,1,0.867949771039425
SMC06-T_CAAGGCCTCGCCTGAG,SMC06,SMC06-T,Myofibroblasts,23330,0.0,1,0.320006203273587
SMC06-T_CACACTCTCAGCATGT,SMC06,SMC06-T,Myofibroblasts,35800,0.0,1,0.464871341748745
SMC06-T_CACCACTCAAACTGCT,SMC06,SMC06-T,Myofibroblasts,22892,0.0,1,0.447013492021219
SMC06-T_CACCTTGTCATTTGGG,SMC06,SMC06-T,Myofibroblasts,30151,0.0,1,0.55681025723079
SMC06-T_CAGAATCAGTTGTAGA,SMC06,SMC06-T,Myofibroblasts,12943,0.0,1,0.301596106457347
SMC06-T_CATCGGGCACGACTCG,SMC06,SMC06-T,Myofibroblasts,25615,0.0,1,0.28099849888312
SMC06-T_CATGCCTTCATAACCG,SMC06,SMC06-T,Myofibroblasts,1291,0.0,0,-0.221836628397762
SMC06-T_CCACTACCAGTTCCCT,SMC06,SMC06-T,Myofibroblasts,13958,0.0,1,0.66501111186916
SMC06-T_CCATGTCGTCTCGTTC,SMC06,SMC06-T,Myofibroblasts,11021,0.0,1,0.182540056615192
SMC06-T_CCATTCGAGCCACTAT,SMC06,SMC06-T,Myofibroblasts,17648,0.0,1,0.461923320056916
SMC06-T_CCATTCGTCTTGAGAC,SMC06,SMC06-T,Myofibroblasts,3319,0.0,1,0.415459163570535
SMC06-T_CCCATACCATGCAACT,SMC06,SMC06-T,Myofibroblasts,21268,0.0,1,0.314341444570107
SMC06-T_CCTAAAGAGAGCTTCT,SMC06,SMC06-T,Myofibroblasts,15081,0.0,1,0.487717822238627
SMC06-T_CCTACACTCAAACCGT,SMC06,SMC06-T,Myofibroblasts,1262,0.0,0,-0.0840611656133331
SMC06-T_CCTTCGATCGCTGATA,SMC06,SMC06-T,Myofibroblasts,34070,0.0,1,0.466360043756912
SMC06-T_CGAGCCACAGCTGCTG,SMC06,SMC06-T,Myofibroblasts,9853,0.0,1,0.0712207070529836
SMC06-T_CGATGTACACATGACT,SMC06,SMC06-T,Myofibroblasts,30750,0.0,1,0.182528897329835
SMC06-T_CGGGTCAGTCAGAGGT,SMC06,SMC06-T,Stromal 1,16353,0.0,1,0.76705089623372
SMC06-T_CTAGTGAAGGCACATG,SMC06,SMC06-T,Myofibroblasts,24623,0.0,1,0.442886850102064
SMC06-T_CTCACACTCGAATGCT,SMC06,SMC06-T,Myofibroblasts,30384,0.0,1,0.245326773377726
SMC06-T_CTCGGGATCGCTTGTC,SMC06,SMC06-T,Myofibroblasts,26887,0.0,1,0.4190032159847
SMC06-T_CTGCCTAGTCTAGCGC,SMC06,SMC06-T,Myofibroblasts,16251,0.0,1,0.308421876606769
SMC06-T_CTGCTGTGTCGTGGCT,SMC06,SMC06-T,Myofibroblasts,9126,0.0,1,0.432464730791578
SMC06-T_GAAATGATCTGTACGA,SMC06,SMC06-T,Myofibroblasts,23160,0.0,1,0.439237681395407
SMC06-T_GAGTCCGAGCCCAACC,SMC06,SMC06-T,Myofibroblasts,35268,0.0,1,0.440022134964499
SMC06-T_GATCGATGTCCGTTAA,SMC06,SMC06-T,Myofibroblasts,3005,0.0,1,0.182730500211996
SMC06-T_GATCGCGCATAGAAAC,SMC06,SMC06-T,Myofibroblasts,12264,0.0,1,-0.10425692914907
SMC06-T_GCAATCAGTCGCCATG,SMC06,SMC06-T,Myofibroblasts,8925,0.0,1,-0.0650068826745702
SMC06-T_GCGGGTTTCATGTGGT,SMC06,SMC06-T,Myofibroblasts,12610,0.0,1,0.412455445070553
SMC06-T_GCTGCAGCAAGCGCTC,SMC06,SMC06-T,Myofibroblasts,16279,0.47889420751567,1,0.423587660343077
SMC06-T_GGACGTCCACGTAAGG,SMC06,SMC06-T,Myofibroblasts,29646,0.0,1,0.302924556106017
SMC06-T_GGCGACTAGCCTATGT,SMC06,SMC06-T,Myofibroblasts,17780,0.0,1,0.1899230568853
SMC06-T_GGCGTGTAGTGAAGTT,SMC06,SMC06-T,Myofibroblasts,15094,0.0,1,0.366213662711691
SMC06-T_GTCACAACACTTCGAA,SMC06,SMC06-T,Myofibroblasts,8466,0.0,1,0.304123518994704
SMC06-T_GTCATTTGTACCCAAT,SMC06,SMC06-T,Myofibroblasts,3209,0.0,0,0.0980086499459444
SMC06-T_GTGGGTCGTACAGACG,SMC06,SMC06-T,Myofibroblasts,22339,0.0,0,0.0729603744776964
SMC06-T_GTGTTAGCACTAGTAC,SMC06,SMC06-T,Myofibroblasts,11517,0.0,1,0.355902640565985
SMC06-T_GTTACAGAGAAAGTGG,SMC06,SMC06-T,Myofibroblasts,29127,0.0,1,0.314071406530143
SMC06-T_TAAGAGAGTCCAAGTT,SMC06,SMC06-T,Myofibroblasts,8257,0.0,1,0.317471959508279
SMC06-T_TAAGAGAGTTAAAGAC,SMC06,SMC06-T,Myofibroblasts,11738,0.0,1,0.287869180418227
SMC06-T_TACAGTGAGCTCCCAG,SMC06,SMC06-T,Myofibroblasts,11113,0.0,1,0.691157842089457
SMC06-T_TATCAGGCATCGGTTA,SMC06,SMC06-T,Myofibroblasts,1143,0.0,0,-0.329745269596313
SMC06-T_TCTCATAAGTCGTACT,SMC06,SMC06-T,Myofibroblasts,29802,0.0,1,0.809638533776258
SMC06-T_TGACTAGGTTGCTCCT,SMC06,SMC06-T,Myofibroblasts,21827,0.0,1,0.185412413989947
SMC06-T_TGCACCTGTCCGTTAA,SMC06,SMC06-T,Stromal 3,44418,0.0,1,0.898751103019208
SMC06-T_TGGCTGGGTCTTCAAG,SMC06,SMC06-T,Myofibroblasts,3776,0.0,1,0.253327571961359
SMC06-T_TGGTTCCCACGAGAGT,SMC06,SMC06-T,Myofibroblasts,26112,0.0,1,0.258562079435966
SMC06-T_TGTGGTATCCCAGGTG,SMC06,SMC06-T,Myofibroblasts,30824,0.0,1,0.176523010671674
SMC06-T_TGTGTTTGTGCACTTA,SMC06,SMC06-T,Myofibroblasts,12504,0.0,0,0.2037240202836
SMC06-T_TTATGCTGTTCACGGC,SMC06,SMC06-T,Myofibroblasts,6254,0.955117773295364,0,-0.0643093821251958
SMC06-T_TTCGAAGCAGCTGCTG,SMC06,SMC06-T,Myofibroblasts,27339,0.0,1,0.0549892431599115
SMC06-T_TTCTACATCGTCCAGG,SMC06,SMC06-T,Myofibroblasts,28116,0.0,1,0.367328922370355
SMC06-T_TTGGAACCAACTTGAC,SMC06,SMC06-T,Myofibroblasts,27978,0.0,1,0.0924118249205612
SMC07-T_AAAGATGCACGAGAGT,SMC07,SMC07-T,Stromal 2,4834,0.0,0,0.433614228435075
SMC07-T_AACCATGCATTATCTC,SMC07,SMC07-T,Myofibroblasts,22698,0.0,1,0.393773216476239
SMC07-T_ACGTCAACATACGCCG,SMC07,SMC07-T,Stromal 1,7328,0.0,0,1.06687749036509
SMC07-T_AGCTCTCAGCATCATC,SMC07,SMC07-T,Stromal 3,6990,0.0,0,0.515742194570005
SMC07-T_ATAGACCTCCCAGGTG,SMC07,SMC07-T,Stromal 2,3867,0.0,0,0.322787720996477
SMC07-T_ATGCGATAGGAGTAGA,SMC07,SMC07-T,Myofibroblasts,1388,0.0,0,-0.0280843067018387
SMC07-T_CAAGAAAAGTTAAGTG,SMC07,SMC07-T,Stromal 2,5034,0.0,0,0.733698687669522
SMC07-T_CACATTTTCAATCTCT,SMC07,SMC07-T,Stromal 1,6971,0.0,0,0.601482095366726
SMC07-T_CACCACTTCACATACG,SMC07,SMC07-T,Stromal 2,11898,0.0,0,0.545822831687909
SMC07-T_CACTCCATCAGGCCCA,SMC07,SMC07-T,Stromal 2,9293,0.0,0,0.58483461353919
SMC07-T_CAGAGAGTCTTATCTG,SMC07,SMC07-T,Stromal 2,4746,0.0,0,0.3279552910487
SMC07-T_CAGCTGGAGCGATGAC,SMC07,SMC07-T,Myofibroblasts,28337,0.0,1,0.420115306630305
SMC07-T_CAGGTGCAGAACAACT,SMC07,SMC07-T,Stromal 2,3786,0.0,0,0.414126516704339
SMC07-T_CCACTACGTTATCCGA,SMC07,SMC07-T,Myofibroblasts,3501,0.0,1,-0.0174852102228646
SMC07-T_CCCAGTTGTTCCATGA,SMC07,SMC07-T,Stromal 1,4649,0.0,0,0.53941631730907
SMC07-T_CCTCAGTTCTCAACTT,SMC07,SMC07-T,Myofibroblasts,1224,0.0,0,-0.201095354124371
SMC07-T_CGAATGTTCCGCGCAA,SMC07,SMC07-T,Myofibroblasts,1265,0.0,0,0.616876850694174
SMC07-T_CGACTTCGTACTCTCC,SMC07,SMC07-T,Stromal 2,10366,0.0,0,0.667815849953889
SMC07-T_CGAGCCACAGGGAGAG,SMC07,SMC07-T,Stromal 1,3606,0.0,0,0.496058252373448
SMC07-T_CGGTTAAAGTACTTGC,SMC07,SMC07-T,Stromal 2,1422,0.0,0,0.448298953216039
SMC07-T_CGTGTAACAGCTGCTG,SMC07,SMC07-T,Myofibroblasts,6556,0.926367913004903,0,0.282782305285331
SMC07-T_CGTGTAATCTTGCCGT,SMC07,SMC07-T,Stromal 2,3878,0.0,0,0.654603348568435
SMC07-T_CTACATTAGCTAACTC,SMC07,SMC07-T,Stromal 2,1820,0.0,0,0.245889482432678
SMC07-T_CTACGTCGTCTAGAGG,SMC07,SMC07-T,Myofibroblasts,2069,0.0,0,-0.11657517128828
SMC07-T_CTAGCCTAGTGCCATT,SMC07,SMC07-T,Myofibroblasts,6502,0.0,0,0.633533922467568
SMC07-T_CTAGTGAAGATGTAAC,SMC07,SMC07-T,Stromal 2,13368,0.0,0,0.439095022703813
SMC07-T_CTCGAAAAGATCGGGT,SMC07,SMC07-T,Myofibroblasts,18172,0.0,0,0.185900032900648
SMC07-T_CTCGGGAGTCGTGGCT,SMC07,SMC07-T,Myofibroblasts,8132,0.0,1,-0.051505127371984
SMC07-T_CTGCGGAGTACATCCA,SMC07,SMC07-T,Stromal 2,7473,0.0,1,0.525520688981434
SMC07-T_GAGCAGATCAATAAGG,SMC07,SMC07-T,Stromal 1,3372,0.0,0,1.02485210237724
SMC07-T_GAGGTGACAATACGCT,SMC07,SMC07-T,Stromal 2,3890,0.0,0,0.146687180432886
SMC07-T_GAGTCCGGTTCCACGG,SMC07,SMC07-T,Myofibroblasts,5496,0.0,0,0.253885264915988
SMC07-T_GATCGCGAGGAGCGTT,SMC07,SMC07-T,Stromal 2,11556,0.0,1,0.417825384128726
SMC07-T_GCAAACTCAATAGCAA,SMC07,SMC07-T,Stromal 2,7982,0.0,1,0.36652291790905
SMC07-T_GCAATCAGTACGCACC,SMC07,SMC07-T,Myofibroblasts,6502,0.0,0,0.221716351387959
SMC07-T_GCAGCCACATGCGCAC,SMC07,SMC07-T,Myofibroblasts,6882,0.0,1,0.10118469196743
SMC07-T_GCAGTTATCGGGAGTA,SMC07,SMC07-T,Myofibroblasts,3835,0.0,1,0.0535658059956115
SMC07-T_GCCTCTACACCGGAAA,SMC07,SMC07-T,Myofibroblasts,24238,1.1193544989136,0,0.11260851834055
SMC07-T_GCGGGTTTCCGCAGTG,SMC07,SMC07-T,Stromal 1,2140,0.0,0,0.572329316564266
SMC07-T_GCTCTGTAGGGCTCTC,SMC07,SMC07-T,Stromal 2,7967,0.0,1,0.391278540945285
SMC07-T_GCTGCTTCAAACTGCT,SMC07,SMC07-T,Stromal 2,7155,0.0,0,0.354240517520416
SMC07-T_GGAAAGCAGATACACA,SMC07,SMC07-T,Stromal 1,1837,0.0,0,0.576931880636762
SMC07-T_GGAACTTGTAGGAGTC,SMC07,SMC07-T,Myofibroblasts,3640,0.0,0,0.133609217442335
SMC07-T_GGACATTTCGAGCCCA,SMC07,SMC07-T,Stromal 2,8018,0.0,0,0.428480035988712
SMC07-T_GGACGTCCAAACGTGG,SMC07,SMC07-T,Stromal 3,6878,0.0,0,0.504706491943315
SMC07-T_GGGTCTGTCTGCCCTA,SMC07,SMC07-T,Myofibroblasts,1459,0.0,0,-0.183081437471872
SMC07-T_GTACGTAAGGATGCGT,SMC07,SMC07-T,Stromal 1,6536,0.0,1,0.0075286156208264
SMC07-T_GTAGTCAGTGCACTTA,SMC07,SMC07-T,Myofibroblasts,2340,0.0,0,-0.0722319244706053
SMC07-T_GTGCGGTCATCACAAC,SMC07,SMC07-T,Stromal 2,21193,0.0,0,1.00355901415217
SMC07-T_GTTCTCGCATTACCTT,SMC07,SMC07-T,Myofibroblasts,9375,1.66139765136481,0,0.196452395739464
SMC07-T_GTTTCTACAGATAATG,SMC07,SMC07-T,Myofibroblasts,1246,0.0,0,-0.297996977397461
SMC07-T_TAAGAGATCGCCTGTT,SMC07,SMC07-T,Stromal 2,5392,0.0,0,0.749073363846609
SMC07-T_TACACGAAGGCCCTTG,SMC07,SMC07-T,Stromal 2,17715,0.0,0,0.294128349096354
SMC07-T_TCAGCAAGTGCCTGCA,SMC07,SMC07-T,Stromal 2,5744,0.0,0,0.73592807101321
SMC07-T_TCAGGATGTACTCAAC,SMC07,SMC07-T,Stromal 2,12490,0.0,0,0.387484098020578
SMC07-T_TCGCGAGGTATATGAG,SMC07,SMC07-T,Myofibroblasts,1546,0.0,0,-0.158684305268514
SMC07-T_TCTCTAATCACCTTAT,SMC07,SMC07-T,Stromal 2,11499,0.0,0,0.5863114942048
SMC07-T_TGAGGGAGTACCAGTT,SMC07,SMC07-T,Myofibroblasts,29201,0.0,1,0.46372777277659
SMC07-T_TGGCGCATCGTGGGAA,SMC07,SMC07-T,Myofibroblasts,17299,0.456201375118548,0,0.439175646776053
SMC07-T_TTAGGACGTGCCTTGG,SMC07,SMC07-T,Stromal 2,14494,0.0,0,0.186809688549083
SMC07-T_TTCTACACACATCCAA,SMC07,SMC07-T,Myofibroblasts,22850,1.59710838592333,1,0.646915402140165
SMC07-T_TTGAACGCACGAAACG,SMC07,SMC07-T,Myofibroblasts,9632,0.0,1,0.117427567877363
SMC07-T_TTGACTTCATGGAATA,SMC07,SMC07-T,Stromal 1,8670,0.0,1,0.167048789332665
SMC07-T_TTGCGTCAGATATGCA,SMC07,SMC07-T,Stromal 1,5875,0.0,0,0.737309516122973
SMC07-T_TTTCCTCAGAATAGGG,SMC07,SMC07-T,Stromal 1,1446,0.0,0,0.752453212848266
SMC07-T_TTTGGTTAGCTCTCGG,SMC07,SMC07-T,Stromal 2,5044,0.0,0,0.207785989945401
SMC08-T_AAAGATGAGACCGGAT,SMC08,SMC08-T,Myofibroblasts,8845,0.0,1,0.101608633930206
SMC08-T_AAAGTAGGTATTCGTG,SMC08,SMC08-T,Myofibroblasts,2795,0.0,0,-0.091224893476072
SMC08-T_AAAGTAGGTCTCGTTC,SMC08,SMC08-T,Myofibroblasts,19541,0.0,1,0.129923367825668
SMC08-T_AACGTTGAGGTCATCT,SMC08,SMC08-T,Myofibroblasts,16812,0.0,0,0.262753206581554
SMC08-T_AACGTTGAGTGGTAAT,SMC08,SMC08-T,Myofibroblasts,17926,0.0,1,0.61799459050797
SMC08-T_AACTCCCAGCGTAGTG,SMC08,SMC08-T,Myofibroblasts,15835,0.0,1,0.194942378576002
SMC08-T_AAGGCAGAGATATGCA,SMC08,SMC08-T,Myofibroblasts,15003,0.0,1,0.389312935954843
SMC08-T_ACACCGGGTATAGTAG,SMC08,SMC08-T,Myofibroblasts,5377,0.0,1,0.280521358020652
SMC08-T_ACACTGACACAGAGGT,SMC08,SMC08-T,Myofibroblasts,13601,0.0,1,0.403555317951369
SMC08-T_ACATACGGTGCAACGA,SMC08,SMC08-T,Myofibroblasts,9646,0.0,1,0.306108216464988
SMC08-T_ACATCAGCACTTAAGC,SMC08,SMC08-T,Myofibroblasts,12917,0.0,1,0.536461877604481
SMC08-T_ACATGGTGTCGACTAT,SMC08,SMC08-T,Myofibroblasts,2705,0.0,0,-0.0379755208382969
SMC08-T_ACGAGCCCACACATGT,SMC08,SMC08-T,Myofibroblasts,19039,0.0,1,0.0919921315754463
SMC08-T_ACGATGTGTACCATCA,SMC08,SMC08-T,Myofibroblasts,31579,1.06470964503963,1,0.415295866621156
SMC08-T_ACGGAGAAGGTAAACT,SMC08,SMC08-T,Myofibroblasts,4925,0.0,1,0.0174570238581761
SMC08-T_ACGGAGACAGATGAGC,SMC08,SMC08-T,Myofibroblasts,4016,0.0,0,0.0697668424237306
SMC08-T_ACGGGCTGTGACGGTA,SMC08,SMC08-T,Myofibroblasts,7307,0.0,0,0.210789561432351
SMC08-T_ACTGAGTAGAGCCTAG,SMC08,SMC08-T,Myofibroblasts,18494,0.0,0,0.263243095042197
SMC08-T_ACTTGTTCATCGACGC,SMC08,SMC08-T,Myofibroblasts,31783,0.0,1,0.588227973205721
SMC08-T_AGAGTGGTCTCATTCA,SMC08,SMC08-T,Myofibroblasts,18993,0.0,1,0.485085162288719
SMC08-T_AGATCTGTCAGAGACG,SMC08,SMC08-T,Myofibroblasts,12662,0.0,1,0.384934597785361
SMC08-T_AGCGGTCCATGCTAGT,SMC08,SMC08-T,Myofibroblasts,11849,0.0,1,0.09939969356343
SMC08-T_AGCGTATGTCCGTCAG,SMC08,SMC08-T,Stromal 1,24647,0.0,1,0.39592001365468
SMC08-T_AGGCCGTAGCTAAGAT,SMC08,SMC08-T,Stromal 1,5884,0.0,0,0.30750140820855
SMC08-T_AGGGTGAAGTGCCATT,SMC08,SMC08-T,Myofibroblasts,4693,0.0,0,-0.023169930729741
SMC08-T_AGGGTGATCCAAATGC,SMC08,SMC08-T,Myofibroblasts,9616,0.0,0,0.33879234263385
SMC08-T_ATAGACCGTTTGTTTC,SMC08,SMC08-T,Myofibroblasts,2422,0.0,0,-0.109144204524707
SMC08-T_ATCATCTCATCACCCT,SMC08,SMC08-T,Myofibroblasts,30369,0.0,1,0.379362759846822
SMC08-T_ATCCACCCATGTTGAC,SMC08,SMC08-T,Myofibroblasts,6684,0.0,1,0.10879792480169
SMC08-T_ATCCGAAGTAGCCTCG,SMC08,SMC08-T,Myofibroblasts,2571,0.0,0,-0.0674674053514589
SMC08-T_ATCTACTTCAGATAAG,SMC08,SMC08-T,Myofibroblasts,8484,0.0,1,0.896640218188482
SMC08-T_ATTACTCCAGACGCCT,SMC08,SMC08-T,Myofibroblasts,3855,0.0,0,0.0271914485246198
SMC08-T_ATTATCCGTCGGATCC,SMC08,SMC08-T,Stromal 2,12626,0.0,0,0.39622536063141
SMC08-T_ATTTCTGCACGGTAGA,SMC08,SMC08-T,Myofibroblasts,13548,0.0,1,0.352744064352195
SMC08-T_ATTTCTGTCATGTGGT,SMC08,SMC08-T,Myofibroblasts,13912,0.0,1,0.495248282985987
SMC08-T_CAACTAGAGGCCCGTT,SMC08,SMC08-T,Myofibroblasts,18673,0.0,1,0.385486653163438
SMC08-T_CAAGGCCTCGAATGGG,SMC08,SMC08-T,Myofibroblasts,12257,0.0,1,0.31180080724054
SMC08-T_CACAAACAGATGTGGC,SMC08,SMC08-T,Myofibroblasts,14275,0.0,1,0.440908127647243
SMC08-T_CACCAGGCAGGACCCT,SMC08,SMC08-T,Myofibroblasts,9742,0.0,1,0.226844463278745
SMC08-T_CAGAATCCACCAACCG,SMC08,SMC08-T,Myofibroblasts,17679,0.0,1,0.53903450920386
SMC08-T_CAGATCAAGCGATATA,SMC08,SMC08-T,Myofibroblasts,13164,0.0,1,0.29299845751719
SMC08-T_CAGCATAGTCTAAAGA,SMC08,SMC08-T,Myofibroblasts,24135,0.0,0,0.459090944257219
SMC08-T_CATTATCTCGTTTGCC,SMC08,SMC08-T,Myofibroblasts,3629,0.0,1,0.197241616554439
SMC08-T_CCAATCCTCGGTCTAA,SMC08,SMC08-T,Myofibroblasts,13823,0.0,1,0.480987802196888
SMC08-T_CCACGGATCCTCGCAT,SMC08,SMC08-T,Myofibroblasts,10774,0.0,0,0.355459767509524
SMC08-T_CCATTCGAGCGACGTA,SMC08,SMC08-T,Myofibroblasts,6032,0.0,0,-0.0178930589931963
SMC08-T_CCGGGATCAATCAGAA,SMC08,SMC08-T,Myofibroblasts,14304,0.0,1,0.120996310237659
SMC08-T_CCGTACTGTCAGCTAT,SMC08,SMC08-T,Myofibroblasts,21244,0.0,1,0.271839584637613
SMC08-T_CGACCTTCAATGTAAG,SMC08,SMC08-T,Myofibroblasts,15981,0.0,1,0.430278559751806
SMC08-T_CGACCTTCATGGTTGT,SMC08,SMC08-T,Myofibroblasts,16217,0.0,1,0.467445187369342
SMC08-T_CGACTTCCATCGATTG,SMC08,SMC08-T,Myofibroblasts,10957,0.0,1,0.542241383178686
SMC08-T_CGATGGCCAGGCTCAC,SMC08,SMC08-T,Myofibroblasts,7386,0.0,0,0.111147718160254
SMC08-T_CGATGTAAGAGTAAGG,SMC08,SMC08-T,Myofibroblasts,12620,0.0,1,0.529263209602166
SMC08-T_CGCCAAGAGTCGATAA,SMC08,SMC08-T,Myofibroblasts,7470,0.0,1,0.351551992175997
SMC08-T_CGCGGTACATATACCG,SMC08,SMC08-T,Myofibroblasts,6210,0.0,1,0.32612165943692
SMC08-T_CGGACACTCCACGTTC,SMC08,SMC08-T,Myofibroblasts,4854,0.0,1,0.406779928625383
SMC08-T_CGGACTGGTTAGAACA,SMC08,SMC08-T,Myofibroblasts,17245,0.0,1,0.655436962797729
SMC08-T_CGGCTAGGTGACTACT,SMC08,SMC08-T,Myofibroblasts,14739,0.0,1,0.584083690875423
SMC08-T_CGGTTAAGTCCAGTTA,SMC08,SMC08-T,Myofibroblasts,17440,0.0,1,0.452599178723619
SMC08-T_CGTCCATTCCGTCATC,SMC08,SMC08-T,Myofibroblasts,20362,0.0,1,0.229494384827166
SMC08-T_CGTTGGGCATAGACTC,SMC08,SMC08-T,Myofibroblasts,1053,0.0,0,0.388389545882889
SMC08-T_CTACATTCAGGGTTAG,SMC08,SMC08-T,Myofibroblasts,24350,0.0,1,0.55854820620362
SMC08-T_CTCTACGAGCTATGCT,SMC08,SMC08-T,Myofibroblasts,10004,0.0,0,0.524025522231234
SMC08-T_CTCTACGGTTCCACAA,SMC08,SMC08-T,Myofibroblasts,15624,0.0,1,0.4845533057537
SMC08-T_CTGAAACCACAAGACG,SMC08,SMC08-T,Myofibroblasts,1764,0.0,1,-0.0981021867155312
SMC08-T_CTGCCTACAGATAATG,SMC08,SMC08-T,Stromal 1,10751,0.0,0,0.510356762666129
SMC08-T_CTGCGGACAAATCCGT,SMC08,SMC08-T,Myofibroblasts,13882,0.0,1,0.147002338908295
SMC08-T_CTTAACTCAGGACGTA,SMC08,SMC08-T,Myofibroblasts,2708,0.0,0,0.372963710314377
SMC08-T_GAATAAGTCCATTCTA,SMC08,SMC08-T,Myofibroblasts,14155,0.0,1,0.434701340054717
SMC08-T_GACTGCGAGAAGGGTA,SMC08,SMC08-T,Myofibroblasts,13278,0.0,1,0.327800619826333
SMC08-T_GAGTCCGCACATTAGC,SMC08,SMC08-T,Myofibroblasts,20692,0.0,1,0.470032544676305
SMC08-T_GCAAACTAGGTCATCT,SMC08,SMC08-T,Myofibroblasts,2021,0.0,1,-0.0670514540462275
SMC08-T_GCAAACTCATAACCTG,SMC08,SMC08-T,Myofibroblasts,18025,0.441337285787211,1,0.485113491858107
SMC08-T_GCACTCTTCTCAAACG,SMC08,SMC08-T,Myofibroblasts,1757,0.0,0,-0.21995271068161
SMC08-T_GCAGCCAGTGCCTGGT,SMC08,SMC08-T,Myofibroblasts,14532,0.0,1,0.64158406890182
SMC08-T_GCAGCCATCGAATGCT,SMC08,SMC08-T,Myofibroblasts,11301,0.0,1,0.355802261213337
SMC08-T_GCGCAGTGTCTAGTGT,SMC08,SMC08-T,Myofibroblasts,10569,0.0,1,0.263552313514606
SMC08-T_GCGCCAAAGTATGACA,SMC08,SMC08-T,Myofibroblasts,13486,0.0,0,0.195597303869105
SMC08-T_GCTCTGTTCTATCCCG,SMC08,SMC08-T,Stromal 2,13305,0.0,0,0.25790724793058
SMC08-T_GCTTGAAGTTACTGAC,SMC08,SMC08-T,Myofibroblasts,19553,0.0,1,0.446478389010477
SMC08-T_GGAACTTCACACGCTG,SMC08,SMC08-T,Myofibroblasts,1196,0.0,0,-0.122137719024769
SMC08-T_GGACAGAGTACACCGC,SMC08,SMC08-T,Myofibroblasts,11095,0.0,1,-0.0031502521533375
SMC08-T_GGACAGATCGAATGCT,SMC08,SMC08-T,Myofibroblasts,2143,0.0,0,0.0616092552255467
SMC08-T_GGCCGATAGCTGCAAG,SMC08,SMC08-T,Myofibroblasts,14758,0.0,1,0.626200956217109
SMC08-T_GGGAGATAGTCTCAAC,SMC08,SMC08-T,Myofibroblasts,15682,0.0,1,0.258981259167268
SMC08-T_GGGAGATCATCTACGA,SMC08,SMC08-T,Myofibroblasts,3768,0.0,0,0.344942670115284
SMC08-T_GGGATGACACGTTGGC,SMC08,SMC08-T,Myofibroblasts,7680,0.0,1,0.764411784336292
SMC08-T_GGGCACTAGACTTTCG,SMC08,SMC08-T,Myofibroblasts,10910,0.0,0,0.307193887377011
SMC08-T_GGGCATCGTGTGAATA,SMC08,SMC08-T,Myofibroblasts,5108,0.0,0,0.496574600160329
SMC08-T_GGGTCTGTCGTTACAG,SMC08,SMC08-T,Myofibroblasts,2321,0.0,1,-0.243438485753635
SMC08-T_GTACTTTAGCGGATCA,SMC08,SMC08-T,Myofibroblasts,14706,0.0,1,0.429538470250615
SMC08-T_GTACTTTTCCAAAGTC,SMC08,SMC08-T,Myofibroblasts,13522,0.0,1,0.453490180100794
SMC08-T_GTCACGGGTTCAGTAC,SMC08,SMC08-T,Myofibroblasts,1531,0.0,0,-0.173733458660724
SMC08-T_GTCGGGTGTTCGTTGA,SMC08,SMC08-T,Myofibroblasts,5824,0.0,1,1.03604286537146
SMC08-T_GTCTTCGTCTCTAAGG,SMC08,SMC08-T,Myofibroblasts,29459,0.992241699231794,1,0.257693676405053
SMC08-T_GTGTGCGCATAGAAAC,SMC08,SMC08-T,Myofibroblasts,10107,0.0,1,-0.0202701036823537
SMC08-T_TAAGCGTCACGGTAAG,SMC08,SMC08-T,Myofibroblasts,6058,0.0,0,0.440243424226508
SMC08-T_TACAGTGCAATACGCT,SMC08,SMC08-T,Myofibroblasts,18926,0.0,0,0.229608528943342
SMC08-T_TACAGTGGTTCTGAAC,SMC08,SMC08-T,Myofibroblasts,12532,0.0,1,0.287717410738562
SMC08-T_TACCTTAGTAACGCGA,SMC08,SMC08-T,Myofibroblasts,18811,0.0,1,0.321373628388429
SMC08-T_TAGAGCTGTTGCGTTA,SMC08,SMC08-T,Myofibroblasts,10901,0.0,1,0.469409808198649
SMC08-T_TAGGCATTCTCCAACC,SMC08,SMC08-T,Myofibroblasts,3719,0.0,1,0.0560028360932843
SMC08-T_TAGTTGGCAGCTGTGC,SMC08,SMC08-T,Myofibroblasts,21268,0.0,1,0.419485183785439
SMC08-T_TATCTCATCATGCATG,SMC08,SMC08-T,Myofibroblasts,15387,0.500714234905659,1,0.280526657166571
SMC08-T_TATGCCCGTCCATGAT,SMC08,SMC08-T,Myofibroblasts,11434,0.0,1,0.360358982546633
SMC08-T_TATGCCCGTTCACCTC,SMC08,SMC08-T,Myofibroblasts,13746,0.0,1,0.313310308582027
SMC08-T_TATGCCCTCGCGGATC,SMC08,SMC08-T,Myofibroblasts,11364,0.0,1,0.353235409530405
SMC08-T_TCAACGAGTGTCAATC,SMC08,SMC08-T,Stromal 1,16310,0.0,1,0.410798964757501
SMC08-T_TCAGATGCACCTCGTT,SMC08,SMC08-T,Myofibroblasts,2615,0.0,0,0.151805280407673
SMC08-T_TCAGGATCAAATACAG,SMC08,SMC08-T,Myofibroblasts,18664,0.0,1,0.43361448633879
SMC08-T_TCATTTGCAGCTGGCT,SMC08,SMC08-T,Myofibroblasts,5211,0.0,1,0.167270829943743
SMC08-T_TCGAGGCTCGCAAGCC,SMC08,SMC08-T,Myofibroblasts,1309,0.0,0,-0.132552871902226
SMC08-T_TCGGTAAAGAATAGGG,SMC08,SMC08-T,Myofibroblasts,14969,0.0,1,0.385790698046724
SMC08-T_TCGTACCGTCATTAGC,SMC08,SMC08-T,Myofibroblasts,15944,0.0,1,0.478023557725365
SMC08-T_TCGTAGAAGGCGTACA,SMC08,SMC08-T,Myofibroblasts,5365,0.0,1,0.153932633098337
SMC08-T_TCTCATACAAGCGCTC,SMC08,SMC08-T,Myofibroblasts,10783,0.0,0,0.374259850090022
SMC08-T_TCTGGAATCAAACCGT,SMC08,SMC08-T,Myofibroblasts,15996,0.0,1,0.310184013632132
SMC08-T_TGACTAGTCTCAACTT,SMC08,SMC08-T,Myofibroblasts,4688,0.0,0,0.0267192940825919
SMC08-T_TGCCCATAGCAGATCG,SMC08,SMC08-T,Myofibroblasts,9328,0.0,1,0.527065308219451
SMC08-T_TGGCCAGGTCTTCAAG,SMC08,SMC08-T,Myofibroblasts,19052,0.0,1,0.665672272201912
SMC08-T_TGGCGCAAGTGCCATT,SMC08,SMC08-T,Myofibroblasts,18445,0.0,1,0.17819943491001
SMC08-T_TGTATTCTCTTAGCCC,SMC08,SMC08-T,Myofibroblasts,14027,0.0,1,0.398377692419018
SMC08-T_TTAGTTCCAACGCACC,SMC08,SMC08-T,Myofibroblasts,4132,0.0,0,0.105350832615759
SMC08-T_TTCTACAAGTGAAGTT,SMC08,SMC08-T,Myofibroblasts,14336,0.0,1,0.280832006967112
SMC08-T_TTGAACGTCCAGAAGG,SMC08,SMC08-T,Myofibroblasts,22940,0.0,1,0.616190440701826
SMC08-T_TTGTAGGAGAAACCTA,SMC08,SMC08-T,Myofibroblasts,12467,0.0,1,0.201678653945654
SMC10-T_AACTGGTTCCTGCTTG,SMC10,SMC10-T,Myofibroblasts,10642,0.0,1,0.421131197295316
SMC10-T_AATCGGTTCGAATCCA,SMC10,SMC10-T,Myofibroblasts,11522,0.0,1,0.396836725497021
SMC10-T_ACATGGTAGCTAACTC,SMC10,SMC10-T,Myofibroblasts,17939,0.0,1,0.777239094057567
SMC10-T_ACCAGTATCCGCATAA,SMC10,SMC10-T,Stromal 3,10562,0.0,0,0.460358088261458
SMC10-T_ACGAGGATCTGTTTGT,SMC10,SMC10-T,Stromal 1,10136,0.0,1,0.536033018621947
SMC10-T_ACGGGCTGTCCATGAT,SMC10,SMC10-T,Myofibroblasts,11845,0.98897454621258,1,0.729768473797569
SMC10-T_ACTGAGTCATGCAACT,SMC10,SMC10-T,Myofibroblasts,8786,0.0,0,0.461627856424744
SMC10-T_AGCCTAAAGAGCTGGT,SMC10,SMC10-T,Stromal 2,12700,0.0,0,0.830327013102649
SMC10-T_AGCGTATGTAGCTCCG,SMC10,SMC10-T,Myofibroblasts,5782,0.0,1,0.0746437522306815
SMC10-T_AGCTTGAAGGGTGTTG,SMC10,SMC10-T,Myofibroblasts,11212,0.0,1,0.50758708475621
SMC10-T_AGCTTGATCAGCACAT,SMC10,SMC10-T,Stromal 1,17781,0.446221862324736,1,0.557009883150759
SMC10-T_AGGCCGTTCAGTTAGC,SMC10,SMC10-T,Stromal 2,15679,0.0,1,0.764785211202914
SMC10-T_AGGGTGACATCGGAAG,SMC10,SMC10-T,Stromal 1,12050,0.978232523430015,1,0.906939045445521
SMC10-T_AGTGGGACACATCCGG,SMC10,SMC10-T,Myofibroblasts,9008,0.0,1,0.534712371771891
SMC10-T_AGTGTCATCTTTAGGG,SMC10,SMC10-T,Stromal 1,2919,0.0,0,0.620897703925614
SMC10-T_AGTTGGTAGCCCTAAT,SMC10,SMC10-T,Stromal 1,3635,0.0,1,0.401069953028976
SMC10-T_ATAACGCCAGGTCGTC,SMC10,SMC10-T,Stromal 1,3536,0.0,1,0.62118602590507
SMC10-T_ATCATGGCAAATACAG,SMC10,SMC10-T,Myofibroblasts,4082,0.0,0,0.0959111984206514
SMC10-T_ATCCGAAGTCGGCATC,SMC10,SMC10-T,Myofibroblasts,13149,0.0,1,0.814298920381433
SMC10-T_ATCTGCCAGCCACTAT,SMC10,SMC10-T,Myofibroblasts,13623,0.0,1,0.699471309667554
SMC10-T_ATCTGCCTCTATCGCC,SMC10,SMC10-T,Myofibroblasts,11123,0.0,1,0.832844427552546
SMC10-T_ATTACTCCATTAGGCT,SMC10,SMC10-T,Myofibroblasts,12545,0.0,1,0.580975822807916
SMC10-T_CAACTAGTCAGTTAGC,SMC10,SMC10-T,Myofibroblasts,14231,0.0,1,0.22478156940071
SMC10-T_CAAGATCCAAGTACCT,SMC10,SMC10-T,Myofibroblasts,5535,0.0,1,0.263288261177609
SMC10-T_CAAGGCCGTCTACCTC,SMC10,SMC10-T,Myofibroblasts,1118,0.0,0,0.0646666768331272
SMC10-T_CACACCTTCACCTTAT,SMC10,SMC10-T,Myofibroblasts,7751,0.0,1,0.334009499690219
SMC10-T_CACATAGCACGGTGTC,SMC10,SMC10-T,Stromal 1,6402,0.0,0,0.231563478069471
SMC10-T_CACCAGGAGAGTAATC,SMC10,SMC10-T,Myofibroblasts,2657,0.0,0,0.564187404427732
SMC10-T_CACCAGGCATCTCCCA,SMC10,SMC10-T,Myofibroblasts,1091,0.0,0,-0.0019334448509793
SMC10-T_CAGGTGCCAGAGCCAA,SMC10,SMC10-T,Stromal 2,17859,0.0,0,0.519705362445875
SMC10-T_CAGGTGCGTGCACGAA,SMC10,SMC10-T,Myofibroblasts,14985,0.0,1,0.407402280678078
SMC10-T_CATATTCAGCTGCAAG,SMC10,SMC10-T,Myofibroblasts,6233,0.957188449501994,1,0.288909410240172
SMC10-T_CATCAAGAGACTACAA,SMC10,SMC10-T,Myofibroblasts,6012,0.0,1,0.199591846245289
SMC10-T_CATCCACTCCGCAAGC,SMC10,SMC10-T,Myofibroblasts,11199,0.0,1,0.179224583267884
SMC10-T_CCCTCCTAGCAGGTCA,SMC10,SMC10-T,Myofibroblasts,15754,0.0,0,0.498408864974781
SMC10-T_CCGGGATCACACATGT,SMC10,SMC10-T,Myofibroblasts,14050,0.0,0,0.275274961686201
SMC10-T_CCGTTCAAGAGACGAA,SMC10,SMC10-T,Myofibroblasts,4736,0.0,1,0.372717324657275
SMC10-T_CCTACACTCAACGCTA,SMC10,SMC10-T,Stromal 2,16183,0.0,0,0.730427221095613
SMC10-T_CCTACACTCCTCAACC,SMC10,SMC10-T,Myofibroblasts,11965,0.0,1,0.354694137370737
SMC10-T_CCTACCATCATCGCTC,SMC10,SMC10-T,Myofibroblasts,1020,0.0,0,0.0240771109424524
SMC10-T_CGCGTTTCATGCCCGA,SMC10,SMC10-T,Stromal 1,6012,0.0,0,0.207356251498646
SMC10-T_CGCTTCACACGGTTTA,SMC10,SMC10-T,Stromal 2,15421,0.0,0,0.588509004323397
SMC10-T_CGGACACGTGCTAGCC,SMC10,SMC10-T,Stromal 1,3474,0.0,0,0.187774319222452
SMC10-T_CGGAGCTTCTCGAGTA,SMC10,SMC10-T,Myofibroblasts,11135,0.0,1,0.138254291121294
SMC10-T_CGTCACTTCTGTACGA,SMC10,SMC10-T,Myofibroblasts,13930,0.0,1,0.413675004659391
SMC10-T_CGTGTCTGTCCGTCAG,SMC10,SMC10-T,Myofibroblasts,14737,0.0,1,0.58585882857263
SMC10-T_CTACATTAGGCCCTCA,SMC10,SMC10-T,Stromal 1,11514,0.0,0,1.03835927727767
SMC10-T_CTACATTCAGGTCGTC,SMC10,SMC10-T,Myofibroblasts,2135,0.0,1,0.165720379105739
SMC10-T_CTAGTGACAGATCGGA,SMC10,SMC10-T,Myofibroblasts,9312,0.0,0,0.284644323046791
SMC10-T_CTCTACGCAGATCGGA,SMC10,SMC10-T,Myofibroblasts,13326,0.0,0,0.466449385989128
SMC10-T_CTTAGGAGTCTAGCGC,SMC10,SMC10-T,Myofibroblasts,25586,0.0,1,0.559394738001652
SMC10-T_GACCAATAGATCGGGT,SMC10,SMC10-T,Myofibroblasts,2709,0.0,1,0.351711409532492
SMC10-T_GACCAATGTGGACGAT,SMC10,SMC10-T,Stromal 1,4809,0.0,0,0.419936716476811
SMC10-T_GAGTCCGAGATCACGG,SMC10,SMC10-T,Stromal 1,12905,0.0,1,0.492029227894351
SMC10-T_GATCGATAGAGTACCG,SMC10,SMC10-T,Stromal 2,11545,0.0,0,0.18764819318664
SMC10-T_GATGAAAAGTCAAGCG,SMC10,SMC10-T,Stromal 2,12504,0.0,0,0.346487546253505
SMC10-T_GATGCTAAGTCTCCTC,SMC10,SMC10-T,Myofibroblasts,19237,0.0,0,0.499115102500128
SMC10-T_GCAAACTGTATATCCG,SMC10,SMC10-T,Myofibroblasts,4634,0.0,0,0.151397377654116
SMC10-T_GCACATAAGAGACTTA,SMC10,SMC10-T,Myofibroblasts,10951,0.0,1,0.518634803054437
SMC10-T_GCACATAGTTTGACAC,SMC10,SMC10-T,Myofibroblasts,6650,1.7067965736649,1,0.218403953564959
SMC10-T_GCATACATCGGCCGAT,SMC10,SMC10-T,Myofibroblasts,16440,0.0,1,0.244421605082657
SMC10-T_GCTCTGTCAACACCTA,SMC10,SMC10-T,Stromal 1,16108,0.0,1,0.761253750996507
SMC10-T_GCTTCCAGTGATGTCT,SMC10,SMC10-T,Myofibroblasts,4973,0.0,1,0.50393810071558
SMC10-T_GCTTCCATCTGCCAGG,SMC10,SMC10-T,Myofibroblasts,8127,0.0,0,0.354949860549628
SMC10-T_GGACAGAAGAGTTGGC,SMC10,SMC10-T,Stromal 1,15194,0.0,1,0.747869086631119
SMC10-T_GGACATTGTACTCTCC,SMC10,SMC10-T,Stromal 1,5235,1.06822856811517,0,0.545835663860493
SMC10-T_GGCAATTGTCGAGTTT,SMC10,SMC10-T,Myofibroblasts,8425,0.0,0,0.479528282868114
SMC10-T_GGCGTGTCAGCTCGAC,SMC10,SMC10-T,Myofibroblasts,1424,0.0,0,0.311041901563373
SMC10-T_GGGACCTAGCTACCGC,SMC10,SMC10-T,Myofibroblasts,13068,0.0,0,0.589054566854511
SMC10-T_GGGACCTGTTAGGGTG,SMC10,SMC10-T,Myofibroblasts,2334,0.0,0,-0.0566680743688882
SMC10-T_GGGCACTCAATCTGCA,SMC10,SMC10-T,Stromal 1,12450,0.0,0,0.188606895365795
SMC10-T_GTCATTTTCCAACCAA,SMC10,SMC10-T,Stromal 1,5672,0.0,0,0.483139130205362
SMC10-T_GTCGTAATCACTTACT,SMC10,SMC10-T,Myofibroblasts,11380,0.0,1,0.781158562898183
SMC10-T_GTGCAGCAGGGATACC,SMC10,SMC10-T,Myofibroblasts,4719,0.0,1,0.415655305729375
SMC10-T_GTTAAGCAGCACCGCT,SMC10,SMC10-T,Myofibroblasts,12317,0.0,1,0.358995706087939
SMC10-T_GTTAAGCAGCTGTCTA,SMC10,SMC10-T,Myofibroblasts,11327,0.0,1,0.362375115245665
SMC10-T_GTTCATTTCTACCAGA,SMC10,SMC10-T,Myofibroblasts,18927,0.0,0,0.949035721413808
SMC10-T_TACGGATCATCCGGGT,SMC10,SMC10-T,Stromal 1,11374,0.0,1,0.307471472981844
SMC10-T_TACTCATAGGAACTGC,SMC10,SMC10-T,Myofibroblasts,11959,0.0,1,0.393354037754763
SMC10-T_TACTCATTCCTAGTGA,SMC10,SMC10-T,Myofibroblasts,21429,0.0,0,0.540151856008785
SMC10-T_TCAGATGTCAGTACGT,SMC10,SMC10-T,Myofibroblasts,16063,0.0,0,0.4891721175349
SMC10-T_TCATTACTCCCGGATG,SMC10,SMC10-T,Myofibroblasts,5170,0.0,1,0.178253714345501
SMC10-T_TCTTCGGGTGTTAAGA,SMC10,SMC10-T,Myofibroblasts,4784,0.0,0,0.283139801890964
SMC10-T_TGAAAGAAGGGCTCTC,SMC10,SMC10-T,Stromal 1,4117,0.0,1,0.70094952483981
SMC10-T_TGACAACAGTTCCACA,SMC10,SMC10-T,Myofibroblasts,11945,0.0,0,0.332640330229438
SMC10-T_TGAGGGACAGACTCGC,SMC10,SMC10-T,Myofibroblasts,10681,0.0,1,0.226363428325128
SMC10-T_TGATTTCCAATGCCAT,SMC10,SMC10-T,Myofibroblasts,10843,0.0,1,0.67954834001678
SMC10-T_TGCACCTTCTGTACGA,SMC10,SMC10-T,Myofibroblasts,26404,1.29503218070507,1,0.525567799619691
SMC10-T_TGCCCATAGGATGGTC,SMC10,SMC10-T,Stromal 3,12057,0.0,0,0.405346234069756
SMC10-T_TGGCCAGGTGACGCCT,SMC10,SMC10-T,Stromal 3,8956,0.0,0,0.318495190744148
SMC10-T_TTCTCAATCATGGTCA,SMC10,SMC10-T,Myofibroblasts,7173,0.0,0,0.436569048625108
SMC10-T_TTGACTTAGGTGATTA,SMC10,SMC10-T,Myofibroblasts,7792,0.0,0,0.212443445744087
SMC10-T_TTTGGTTCAGCAGTTT,SMC10,SMC10-T,Myofibroblasts,8748,0.0,0,0.135792201119211
SMC11-T_AAAGTAGGTTGTACAC,SMC11,SMC11-T,Stromal 2,6434,0.0,0,0.207925222973204
SMC11-T_AATCCAGCAGACGCTC,SMC11,SMC11-T,Stromal 2,2377,0.0,0,-0.0472686157802591
SMC11-T_ACAGCCGGTTAAGTAG,SMC11,SMC11-T,Stromal 2,8609,0.0,0,0.410316617899169
SMC11-T_ACTGATGAGATGTTAG,SMC11,SMC11-T,Stromal 2,11924,0.0,0,0.76333281376146
SMC11-T_AGAGTGGGTATTCGTG,SMC11,SMC11-T,Stromal 2,3474,0.0,0,0.265602499442509
SMC11-T_AGGCCGTCAAACTGTC,SMC11,SMC11-T,Myofibroblasts,13302,0.0,1,0.220904804022192
SMC11-T_ATCACGAGTACAAGTA,SMC11,SMC11-T,Myofibroblasts,7994,0.0,1,0.568862241879532
SMC11-T_ATTGGACGTTAGAACA,SMC11,SMC11-T,Myofibroblasts,17903,0.0,1,0.131436994627901
SMC11-T_CACAGTATCCTTAATC,SMC11,SMC11-T,Myofibroblasts,10469,0.0,1,0.531177116100474
SMC11-T_CACATTTGTCACAAGG,SMC11,SMC11-T,Stromal 2,7650,0.0,0,0.616883358475723
SMC11-T_CACATTTTCGGTCTAA,SMC11,SMC11-T,Stromal 2,5704,0.0,0,0.334641104852816
SMC11-T_CGACCTTTCACTATTC,SMC11,SMC11-T,Myofibroblasts,7700,0.0,0,0.382993549021535
SMC11-T_CGAGAAGGTACCAGTT,SMC11,SMC11-T,Myofibroblasts,7445,0.0,0,0.352865894123635
SMC11-T_GACTAACTCTAACGGT,SMC11,SMC11-T,Stromal 2,5344,0.0,0,0.622725311589027
SMC11-T_GATTCAGGTCTTCTCG,SMC11,SMC11-T,Myofibroblasts,2958,2.0491530953547,0,-0.151463749348674
SMC11-T_GCATGATTCCCATTTA,SMC11,SMC11-T,Stromal 2,3958,0.0,0,0.0480007880957401
SMC11-T_GTACTCCGTACCAGTT,SMC11,SMC11-T,Stromal 2,6446,0.0,1,0.198665696532275
SMC11-T_GTCACGGAGGGTTTCT,SMC11,SMC11-T,Stromal 1,16521,0.0,0,0.504274002873435
SMC11-T_GTTTCTAGTATTCTCT,SMC11,SMC11-T,Myofibroblasts,1156,0.0,0,-0.0988521600428319
SMC11-T_TACGGTATCTACCTGC,SMC11,SMC11-T,Stromal 2,20602,0.0,0,0.872044091679491
SMC11-T_TGTATTCTCAGATAAG,SMC11,SMC11-T,Stromal 1,20190,0.0,1,0.678480958914551
SMC11-T_TGTGGTAAGGCAGGTT,SMC11,SMC11-T,Myofibroblasts,3202,0.0,0,0.183594192244291
SMC14-T_AAACGGGTCACCACCT,SMC14,SMC14-T,Myofibroblasts,15329,0.0,1,0.485609534242711
SMC14-T_AAAGATGTCGCTGATA,SMC14,SMC14-T,Myofibroblasts,12895,0.574078906775751,1,0.216563038416047
SMC14-T_AAAGTAGTCCGCGCAA,SMC14,SMC14-T,Myofibroblasts,37298,0.0,1,0.462627356122374
SMC14-T_AAATGCCGTTCCGTCT,SMC14,SMC14-T,Myofibroblasts,17458,0.0,1,0.31459121862705
SMC14-T_AACCATGTCGGTTCGG,SMC14,SMC14-T,Myofibroblasts,21941,0.0,0,0.677273523577083
SMC14-T_AACTCCCTCAACACGT,SMC14,SMC14-T,Myofibroblasts,40545,0.0,1,0.667777612231922
SMC14-T_AACTGGTGTGGCCCTA,SMC14,SMC14-T,Myofibroblasts,3771,0.0,1,0.361178469872502
SMC14-T_AAGGTTCAGCTCTCGG,SMC14,SMC14-T,Myofibroblasts,13123,0.0,1,0.67857069594988
SMC14-T_AATCCAGTCGCTTGTC,SMC14,SMC14-T,Myofibroblasts,33436,0.0,1,0.54310375363947
SMC14-T_AATCGGTTCAGGTTCA,SMC14,SMC14-T,Stromal 1,6171,0.0,1,0.38048971168666
SMC14-T_ACCGTAATCAGCTTAG,SMC14,SMC14-T,Myofibroblasts,12163,0.0,1,0.657928900950481
SMC14-T_ACGAGCCCAAGCTGTT,SMC14,SMC14-T,Myofibroblasts,9401,0.0,1,0.279216551067926
SMC14-T_ACGAGCCTCCATTCTA,SMC14,SMC14-T,Myofibroblasts,19277,0.0,1,0.621763593441804
SMC14-T_ACGGGCTAGCAGCGTA,SMC14,SMC14-T,Myofibroblasts,4895,0.0,1,0.583621523629054
SMC14-T_AGAGTGGCAGGATTGG,SMC14,SMC14-T,Myofibroblasts,15289,0.0,1,0.653744511712281
SMC14-T_AGCGGTCGTAGTACCT,SMC14,SMC14-T,Myofibroblasts,10966,0.0,1,0.22196094999458
SMC14-T_AGCTCCTTCAACCAAC,SMC14,SMC14-T,Myofibroblasts,17220,0.0,1,0.668348989342871
SMC14-T_AGCTCCTTCTTGCCGT,SMC14,SMC14-T,Myofibroblasts,29787,0.0,1,0.610889860319244
SMC14-T_AGCTCTCGTGCTTCTC,SMC14,SMC14-T,Myofibroblasts,2638,0.0,0,-0.0885347749417607
SMC14-T_AGCTTGATCAGGTAAA,SMC14,SMC14-T,Myofibroblasts,11366,0.0,1,0.466141735739903
SMC14-T_AGGCCGTCACATGTGT,SMC14,SMC14-T,Myofibroblasts,9159,0.0,1,0.410817767718918
SMC14-T_AGGGAGTAGCTAAGAT,SMC14,SMC14-T,Myofibroblasts,5805,0.0,0,0.929314109503288
SMC14-T_AGGGATGAGGCACATG,SMC14,SMC14-T,Myofibroblasts,6981,0.0,0,0.431262500677372
SMC14-T_AGTCTTTCATCAGTAC,SMC14,SMC14-T,Myofibroblasts,24417,0.801396994030928,1,0.532923271369723
SMC14-T_AGTGAGGTCCCTAACC,SMC14,SMC14-T,Myofibroblasts,9473,0.0,1,0.638224917061511
SMC14-T_AGTGTCAAGAGCTTCT,SMC14,SMC14-T,Myofibroblasts,19481,0.0,1,0.529097951514548
SMC14-T_AGTTGGTGTCTCTCTG,SMC14,SMC14-T,Stromal 2,20742,0.0,0,0.697278355863506
SMC14-T_ATCACGAGTTGAACTC,SMC14,SMC14-T,Myofibroblasts,15538,0.0,1,0.561873724286183
SMC14-T_ATCACGATCGCCGTGA,SMC14,SMC14-T,Myofibroblasts,25057,0.0,1,0.586204664496421
SMC14-T_ATCCGAAAGTAGCCGA,SMC14,SMC14-T,Myofibroblasts,9022,0.0,1,0.627836391870764
SMC14-T_ATTATCCCATGCCTAA,SMC14,SMC14-T,Myofibroblasts,19830,0.0,0,0.73361319370824
SMC14-T_ATTGGTGGTAAGTTCC,SMC14,SMC14-T,Myofibroblasts,36496,0.0,1,0.464084334174203
SMC14-T_ATTGGTGGTGAAAGAG,SMC14,SMC14-T,Myofibroblasts,39647,0.0,1,0.787834297951411
SMC14-T_CACCAGGCACGAGAGT,SMC14,SMC14-T,Myofibroblasts,26314,0.0,1,0.51522468816407
SMC14-T_CACTCCATCGTTTGCC,SMC14,SMC14-T,Myofibroblasts,14131,0.0,1,0.762143181800125
SMC14-T_CAGTCCTCATGCCTTC,SMC14,SMC14-T,Myofibroblasts,13097,0.0,0,0.615084479888494
SMC14-T_CATGACAGTGAACCTT,SMC14,SMC14-T,Myofibroblasts,14223,0.0,1,0.752640967634329
SMC14-T_CCACTACCAATACGCT,SMC14,SMC14-T,Myofibroblasts,15766,0.0,1,0.523059365693643
SMC14-T_CCATGTCTCGCGTAGC,SMC14,SMC14-T,Myofibroblasts,1664,0.0,0,0.194622614412161
SMC14-T_CCATTCGAGTGACTCT,SMC14,SMC14-T,Myofibroblasts,17457,0.0,0,0.332767472839419
SMC14-T_CCCAATCCAGGGCATA,SMC14,SMC14-T,Myofibroblasts,23369,0.0,1,0.9362021078922
SMC14-T_CCCATACAGGCACATG,SMC14,SMC14-T,Myofibroblasts,31418,0.0,1,0.416398032861177
SMC14-T_CCGGTAGGTACATCCA,SMC14,SMC14-T,Myofibroblasts,24609,0.0,1,0.399927424897664
SMC14-T_CCGTACTTCTTACCGC,SMC14,SMC14-T,Myofibroblasts,1094,0.0,0,0.204714561877082
SMC14-T_CCGTTCAAGTCTCAAC,SMC14,SMC14-T,Myofibroblasts,28281,0.0,1,0.649251552491731
SMC14-T_CCGTTCACAGGAATGC,SMC14,SMC14-T,Myofibroblasts,9870,0.0,1,0.524310863121292
SMC14-T_CCTCTGAAGCTATGCT,SMC14,SMC14-T,Myofibroblasts,30762,0.0,1,0.456909114411523
SMC14-T_CCTTACGTCAACTCTT,SMC14,SMC14-T,Myofibroblasts,18942,0.0,1,0.715936178449921
SMC14-T_CCTTCGATCCAGGGCT,SMC14,SMC14-T,Myofibroblasts,12499,0.0,0,0.07599970462539
SMC14-T_CCTTTCTAGAACAATC,SMC14,SMC14-T,Myofibroblasts,12501,0.0,1,0.233581238469321
SMC14-T_CGAACATGTGAAATCA,SMC14,SMC14-T,Myofibroblasts,13646,0.0,1,0.0504076536793936
SMC14-T_CGACTTCCAAGCCTAT,SMC14,SMC14-T,Myofibroblasts,10913,0.0,1,0.717612677087066
SMC14-T_CGACTTCCAGGATCGA,SMC14,SMC14-T,Myofibroblasts,23245,0.35781432471187,1,0.595982494123484
SMC14-T_CGAGCCATCCCAACGG,SMC14,SMC14-T,Myofibroblasts,11351,0.0,1,0.428683781409671
SMC14-T_CGAGCCATCGCCTGTT,SMC14,SMC14-T,Myofibroblasts,37208,0.0,1,0.514165497095172
SMC14-T_CGCGTTTTCAGAGCTT,SMC14,SMC14-T,Myofibroblasts,19205,0.0,0,0.688442932911898
SMC14-T_CGCTGGAGTTAAGTAG,SMC14,SMC14-T,Myofibroblasts,5728,0.0,1,0.365674517834202
SMC14-T_CGGACACGTGCGAAAC,SMC14,SMC14-T,Myofibroblasts,18384,0.434344885020769,1,0.393775522596434
SMC14-T_CGGGTCATCGTGTAGT,SMC14,SMC14-T,Myofibroblasts,1297,0.0,0,0.124827087539745
SMC14-T_CGTGAGCAGATCCCAT,SMC14,SMC14-T,Myofibroblasts,18032,0.0,0,0.266916631544814
SMC14-T_CGTGTAACATGCGCAC,SMC14,SMC14-T,Myofibroblasts,13488,0.0,1,0.359674762804888
SMC14-T_CGTTAGAGTGCTGTAT,SMC14,SMC14-T,Stromal 2,18902,0.0,0,0.286479452084529
SMC14-T_CTAACTTCACGCCAGT,SMC14,SMC14-T,Myofibroblasts,24592,0.0,1,0.335268152950868
SMC14-T_CTACCCATCAGGTAAA,SMC14,SMC14-T,Myofibroblasts,2681,0.0,1,0.0009183551093438
SMC14-T_CTAGAGTTCGGTGTTA,SMC14,SMC14-T,Myofibroblasts,1971,0.0,1,0.463197435217235
SMC14-T_CTAGCCTGTGTAAGTA,SMC14,SMC14-T,Myofibroblasts,23350,0.0,1,0.511996037931272
SMC14-T_CTCACACTCTCGTTTA,SMC14,SMC14-T,Myofibroblasts,21062,0.0,0,0.145346099496841
SMC14-T_CTCAGAAGTTGATTGC,SMC14,SMC14-T,Myofibroblasts,3980,0.0,0,0.708436030680999
SMC14-T_CTCATTAGTGGCCCTA,SMC14,SMC14-T,Myofibroblasts,9429,0.0,1,0.307901476314132
SMC14-T_CTCCTAGGTATCGCAT,SMC14,SMC14-T,Myofibroblasts,1640,0.0,0,0.0693992806188664
SMC14-T_CTCGAAACACGCGAAA,SMC14,SMC14-T,Myofibroblasts,26819,0.0,1,0.571848095997749
SMC14-T_CTCGAAACACTCAGGC,SMC14,SMC14-T,Myofibroblasts,11421,0.0,1,0.227717324422084
SMC14-T_CTGAAGTCAAGCCGTC,SMC14,SMC14-T,Myofibroblasts,6814,0.0,1,0.187233809892402
SMC14-T_CTGCCTAGTTCAGACT,SMC14,SMC14-T,Myofibroblasts,21674,0.0,0,0.725722723913369
SMC14-T_CTGTTTACAAGCCGTC,SMC14,SMC14-T,Myofibroblasts,19128,0.420546680717109,1,0.298448265777102
SMC14-T_CTTGGCTGTCGGCACT,SMC14,SMC14-T,Myofibroblasts,14436,0.0,1,0.242323571614035
SMC14-T_GAAACTCAGTGTGAAT,SMC14,SMC14-T,Myofibroblasts,16543,0.0,1,0.204199868541738
SMC14-T_GAAGCAGTCCCTTGTG,SMC14,SMC14-T,Myofibroblasts,9846,0.0,0,0.383022707242081
SMC14-T_GAATAAGCAGGGTTAG,SMC14,SMC14-T,Myofibroblasts,9545,0.0,1,0.36169041376355
SMC14-T_GAATGAATCCCTGACT,SMC14,SMC14-T,Myofibroblasts,9498,0.0,1,0.72279503409533
SMC14-T_GACGCGTCAGTATCTG,SMC14,SMC14-T,Myofibroblasts,11991,0.0,0,0.314185913688058
SMC14-T_GACGCGTGTGAGGCTA,SMC14,SMC14-T,Myofibroblasts,19154,0.0,1,0.544925086423926
SMC14-T_GACGGCTTCCTGTACC,SMC14,SMC14-T,Myofibroblasts,11060,0.0,1,0.649033608396881
SMC14-T_GACGTGCAGTGACTCT,SMC14,SMC14-T,Myofibroblasts,9318,0.0,1,0.426042524622982
SMC14-T_GACTACATCGATAGAA,SMC14,SMC14-T,Myofibroblasts,10752,0.0,1,0.576363084110646
SMC14-T_GAGTCCGCACATCTTT,SMC14,SMC14-T,Myofibroblasts,18707,0.0,1,0.815347053340012
SMC14-T_GAGTCCGTCCGCATCT,SMC14,SMC14-T,Myofibroblasts,24815,0.0,1,0.363479760870409
SMC14-T_GATGCTAGTGCCTGGT,SMC14,SMC14-T,Myofibroblasts,21300,0.0,0,0.595481310663064
SMC14-T_GCACTCTCAATTCCTT,SMC14,SMC14-T,Myofibroblasts,21623,0.0,1,0.896092410983993
SMC14-T_GCAGCCAGTTTGACTG,SMC14,SMC14-T,Myofibroblasts,21055,0.0,1,0.691963657842064
SMC14-T_GCATGATGTCCAAGTT,SMC14,SMC14-T,Stromal 1,9662,0.0,1,0.483221124359633
SMC14-T_GCATGCGGTCTAGTGT,SMC14,SMC14-T,Myofibroblasts,19534,0.0,1,0.358194487452697
SMC14-T_GCCTCTATCTATGTGG,SMC14,SMC14-T,Myofibroblasts,29458,0.0,1,0.475929438828568
SMC14-T_GCGACCAAGTGGGCTA,SMC14,SMC14-T,Myofibroblasts,4011,0.0,0,0.452594621381304
SMC14-T_GCGCAACTCAGTTAGC,SMC14,SMC14-T,Myofibroblasts,2950,0.0,1,0.141941111687815
SMC14-T_GCTCCTACATCTGGTA,SMC14,SMC14-T,Myofibroblasts,27228,0.0,1,0.61119052388978
SMC14-T_GGAACTTAGGGCTTGA,SMC14,SMC14-T,Myofibroblasts,24848,0.338218480344219,1,0.439629402417898
SMC14-T_GGAGCAACACTTACGA,SMC14,SMC14-T,Myofibroblasts,3523,0.0,0,0.285027946892947
SMC14-T_GGGAGATCAAGGACAC,SMC14,SMC14-T,Myofibroblasts,14320,0.0,1,0.853742606853364
SMC14-T_GGGAGATCACAGAGGT,SMC14,SMC14-T,Myofibroblasts,34479,0.625989146338517,1,0.472448557285909
SMC14-T_GGGATGAGTTGAGTTC,SMC14,SMC14-T,Myofibroblasts,5153,0.0,0,0.374866999689119
SMC14-T_GGGCACTGTCGAATCT,SMC14,SMC14-T,Myofibroblasts,15209,0.0,1,0.35150764346985
SMC14-T_GGGCATCGTCTGATTG,SMC14,SMC14-T,Myofibroblasts,10701,0.0,1,0.67216893961262
SMC14-T_GGGTCTGGTTTGCATG,SMC14,SMC14-T,Myofibroblasts,4478,0.0,0,1.06950053179726
SMC14-T_GTAACGTTCTGGTATG,SMC14,SMC14-T,Myofibroblasts,4685,0.0,1,0.341470445658024
SMC14-T_GTACGTAAGCGTAATA,SMC14,SMC14-T,Myofibroblasts,14755,0.856741438157546,1,0.37677093180176
SMC14-T_GTAGGCCTCCAGTATG,SMC14,SMC14-T,Myofibroblasts,15152,0.0,1,0.404426657753286
SMC14-T_GTCGGGTGTGCTAGCC,SMC14,SMC14-T,Myofibroblasts,5218,0.0,0,0.558075470047344
SMC14-T_GTCTTCGTCATTGCCC,SMC14,SMC14-T,Myofibroblasts,10144,0.0,0,0.289501640938946
SMC14-T_GTGAAGGAGTGAATTG,SMC14,SMC14-T,Myofibroblasts,11835,0.0,1,0.827122861375922
SMC14-T_GTGGGTCAGGGCTCTC,SMC14,SMC14-T,Myofibroblasts,15944,0.0,0,0.199461462193687
SMC14-T_GTTACAGAGTAATCCC,SMC14,SMC14-T,Myofibroblasts,11876,0.0,1,0.457557174710719
SMC14-T_GTTTCTATCATACGGT,SMC14,SMC14-T,Myofibroblasts,4529,0.0,0,0.925095663026056
SMC14-T_TACCTTAAGACGACGT,SMC14,SMC14-T,Myofibroblasts,14967,0.0,1,0.609646204394586
SMC14-T_TACGGTAGTCAGAGGT,SMC14,SMC14-T,Myofibroblasts,14232,0.0,0,0.596762171424215
SMC14-T_TACGGTATCACCATAG,SMC14,SMC14-T,Myofibroblasts,20149,0.0,1,0.51941744349065
SMC14-T_TAGCCGGGTGTCTGAT,SMC14,SMC14-T,Myofibroblasts,10536,0.0,1,0.459676338948571
SMC14-T_TATCTCACAAGCGAGT,SMC14,SMC14-T,Myofibroblasts,14989,0.0,1,0.515663158331052
SMC14-T_TATCTCACATGCAATC,SMC14,SMC14-T,Myofibroblasts,19254,0.0,1,0.532006383748076
SMC14-T_TCAATCTGTCTCTTAT,SMC14,SMC14-T,Myofibroblasts,8429,0.0,1,0.400170300792748
SMC14-T_TCAGGATCAATAGCGG,SMC14,SMC14-T,Myofibroblasts,10298,0.0,1,0.526350543888501
SMC14-T_TCGCGAGCAGGCGATA,SMC14,SMC14-T,Myofibroblasts,9740,0.0,0,0.662183105540554
SMC14-T_TCTCATAAGATCCGAG,SMC14,SMC14-T,Myofibroblasts,26432,0.0,1,0.440466431221943
SMC14-T_TCTCATAGTTTAGGAA,SMC14,SMC14-T,Myofibroblasts,21000,0.0,1,0.710336719314082
SMC14-T_TGACAACGTGCACCAC,SMC14,SMC14-T,Myofibroblasts,9980,0.0,1,0.0133480045602902
SMC14-T_TGACTAGAGTAACCCT,SMC14,SMC14-T,Myofibroblasts,20300,0.0,1,0.61363062080106
SMC14-T_TGCCAAAAGGCGCTCT,SMC14,SMC14-T,Myofibroblasts,1917,0.0,0,0.507735776363415
SMC14-T_TGGTTAGCATGAAGTA,SMC14,SMC14-T,Myofibroblasts,8217,0.0,1,0.778650182944777
SMC14-T_TGTATTCAGGAGTCTG,SMC14,SMC14-T,Myofibroblasts,27754,0.0,1,0.416861078619098
SMC14-T_TGTCCCATCGCGATCG,SMC14,SMC14-T,Myofibroblasts,12488,0.0,1,0.30425568872036
SMC14-T_TTAGGACGTGCGATAG,SMC14,SMC14-T,Myofibroblasts,17470,0.0,1,0.747290110295167
SMC14-T_TTAGTTCTCTTGAGGT,SMC14,SMC14-T,Myofibroblasts,18825,0.0,0,0.298473590790139
SMC14-T_TTCGAAGAGAACTCGG,SMC14,SMC14-T,Myofibroblasts,3948,0.0,1,0.372349091537487
SMC14-T_TTGAACGGTAATCACC,SMC14,SMC14-T,Myofibroblasts,24723,0.0,1,0.990618507712997
SMC14-T_TTGCGTCTCATTGCCC,SMC14,SMC14-T,Myofibroblasts,10732,0.0,0,0.493688195650275
SMC14-T_TTGGAACTCTTGAGAC,SMC14,SMC14-T,Myofibroblasts,8116,0.0,1,0.694949665541256
SMC14-T_TTTGTCATCCTTTCTC,SMC14,SMC14-T,Myofibroblasts,16026,0.0,1,0.196579395739538
SMC15-T_AACCATGCATAACCTG,SMC15,SMC15-T,Stromal 2,5431,0.0,0,0.430138181845631
SMC15-T_AAGACCTGTTGTACAC,SMC15,SMC15-T,Myofibroblasts,3704,0.0,0,0.509158911252396
SMC15-T_AAGCCGCCAGCGAACA,SMC15,SMC15-T,Myofibroblasts,9516,0.0,0,0.325572111040112
SMC15-T_AAGGAGCTCCTTCAAT,SMC15,SMC15-T,Myofibroblasts,3996,0.0,0,0.18424214683435
SMC15-T_AAGGCAGCAATCACAC,SMC15,SMC15-T,Stromal 3,8861,0.0,1,0.611130269081986
SMC15-T_AAGTCTGGTGGTCCGT,SMC15,SMC15-T,Stromal 1,16477,0.0,1,0.459141497004487
SMC15-T_AATCGGTAGAGACGAA,SMC15,SMC15-T,Myofibroblasts,3779,0.0,0,-0.0085506193563687
SMC15-T_ACACCAAGTCTCCACT,SMC15,SMC15-T,Myofibroblasts,4538,0.0,1,0.533930678066236
SMC15-T_ACATACGAGCGCCTCA,SMC15,SMC15-T,Myofibroblasts,6548,0.0,1,1.53400585210483
SMC15-T_ACATACGCAATGGAAT,SMC15,SMC15-T,Myofibroblasts,5983,0.0,1,0.472949412477904
SMC15-T_ACCAGTACATTACCTT,SMC15,SMC15-T,Myofibroblasts,2420,0.0,1,0.221997094883199
SMC15-T_ACCTTTAAGGACATTA,SMC15,SMC15-T,Myofibroblasts,1033,0.0,0,0.0990641604793026
SMC15-T_ACGAGGATCGACCAGC,SMC15,SMC15-T,Stromal 3,14602,0.0,1,0.782353812209812
SMC15-T_ACGGCCACAAAGGTGC,SMC15,SMC15-T,Myofibroblasts,16820,0.0,1,0.322385038019084
SMC15-T_ACTGCTCGTCCATCCT,SMC15,SMC15-T,Myofibroblasts,11896,0.0,1,0.485387505237453
SMC15-T_AGAATAGTCCAGGGCT,SMC15,SMC15-T,Myofibroblasts,15325,0.0,1,0.421390572982378
SMC15-T_AGACGTTGTGGCAAAC,SMC15,SMC15-T,Myofibroblasts,15381,0.0,1,0.411083088767222
SMC15-T_AGACGTTTCTCAAACG,SMC15,SMC15-T,Myofibroblasts,8565,0.0,1,0.227475029868945
SMC15-T_AGATCTGAGTGGAGTC,SMC15,SMC15-T,Myofibroblasts,7368,0.0,1,0.56771161174232
SMC15-T_AGCTCTCAGTCCGTAT,SMC15,SMC15-T,Myofibroblasts,16933,0.0,1,0.292233166360178
SMC15-T_AGGGATGTCTGACCTC,SMC15,SMC15-T,Myofibroblasts,1975,0.0,0,-0.048791993227896
SMC15-T_ATCATGGCATCTATGG,SMC15,SMC15-T,Myofibroblasts,2309,0.0,0,0.941640042520905
SMC15-T_ATCGAGTCACAACGCC,SMC15,SMC15-T,Myofibroblasts,21111,0.0,1,0.532301709363709
SMC15-T_ATCTGCCTCCCAAGAT,SMC15,SMC15-T,Stromal 2,2729,0.0,0,0.166103894706299
SMC15-T_ATGCGATCACAAGCCC,SMC15,SMC15-T,Stromal 1,10250,0.0,1,0.881484315627689
SMC15-T_ATTTCTGGTTCCACAA,SMC15,SMC15-T,Myofibroblasts,16518,0.0,1,0.490136838910859
SMC15-T_CAACCTCCACTGTCGG,SMC15,SMC15-T,Myofibroblasts,1832,0.0,0,-0.272457563857555
SMC15-T_CACAGTACAGGCTCAC,SMC15,SMC15-T,Stromal 2,1527,0.0,0,0.40064182758066
SMC15-T_CACATTTCACCATGTA,SMC15,SMC15-T,Myofibroblasts,23137,0.0,1,0.335534094237035
SMC15-T_CACATTTCACGAAATA,SMC15,SMC15-T,Myofibroblasts,26321,0.0,1,0.70545862822774
SMC15-T_CACTCCACAGGCGATA,SMC15,SMC15-T,Myofibroblasts,23318,0.0,1,0.952040601832649
SMC15-T_CAGCCGAAGACACGAC,SMC15,SMC15-T,Myofibroblasts,28823,0.0,1,1.36549139303577
SMC15-T_CAGCCGACACCATCCT,SMC15,SMC15-T,Myofibroblasts,17944,0.0,1,0.527172890860563
SMC15-T_CAGTAACGTTCCCGAG,SMC15,SMC15-T,Myofibroblasts,6807,0.903843971828615,1,0.22809393676754
SMC15-T_CATATTCAGCTGAACG,SMC15,SMC15-T,Myofibroblasts,5809,0.0,1,0.601207480477783
SMC15-T_CATCGAAGTGACCAAG,SMC15,SMC15-T,Stromal 3,26889,0.0,1,0.893386433950441
SMC15-T_CATCGAAGTTCGCTAA,SMC15,SMC15-T,Stromal 2,4230,0.0,0,0.413116766742925
SMC15-T_CATCGAATCAGCTTAG,SMC15,SMC15-T,Myofibroblasts,2419,0.0,0,-0.114106522103528
SMC15-T_CATGCCTTCAGCATGT,SMC15,SMC15-T,Myofibroblasts,1075,0.0,0,-0.193422135326364
SMC15-T_CATTATCGTCTCCATC,SMC15,SMC15-T,Myofibroblasts,15018,0.0,1,0.690682923921187
SMC15-T_CCACTACAGATAGGAG,SMC15,SMC15-T,Stromal 2,6640,0.0,0,0.904692793450462
SMC15-T_CCAGCGACAGTTCATG,SMC15,SMC15-T,Myofibroblasts,22897,0.0,1,0.730451042029617
SMC15-T_CCCTCCTTCACGACTA,SMC15,SMC15-T,Myofibroblasts,8903,0.0,1,0.459048398546119
SMC15-T_CCTAAAGCAGTCGATT,SMC15,SMC15-T,Stromal 1,19678,0.0,0,0.641968345626727
SMC15-T_CCTAGCTCACAAGCCC,SMC15,SMC15-T,Stromal 2,15062,0.0,1,0.36305795989487
SMC15-T_CCTTACGTCTTTAGTC,SMC15,SMC15-T,Stromal 2,8230,0.0,0,0.448842598520712
SMC15-T_CCTTCCCAGGGTGTTG,SMC15,SMC15-T,Myofibroblasts,8964,0.0,0,0.428486280891241
SMC15-T_CCTTTCTAGCGTAGTG,SMC15,SMC15-T,Myofibroblasts,14188,0.0,1,0.457098130082259
SMC15-T_CGAGCACTCGGCTTGG,SMC15,SMC15-T,Stromal 1,18564,0.0,1,0.514272482940665
SMC15-T_CGCTATCGTAGGCATG,SMC15,SMC15-T,Myofibroblasts,19748,0.0,1,0.484172242670228
SMC15-T_CGCTTCATCTTGGGTA,SMC15,SMC15-T,Stromal 3,10688,0.0,0,0.854900758637357
SMC15-T_CGGACACAGTAGATGT,SMC15,SMC15-T,Stromal 1,13862,0.0,0,0.148001162270781
SMC15-T_CGTGTAACATACGCCG,SMC15,SMC15-T,Myofibroblasts,10728,0.0,1,0.220344215614035
SMC15-T_CTAATGGCAGGAATGC,SMC15,SMC15-T,Myofibroblasts,28905,0.0,1,0.555149920653024
SMC15-T_CTACGTCAGTACGTTC,SMC15,SMC15-T,Myofibroblasts,3299,0.0,0,0.0277359467297275
SMC15-T_CTCCTAGTCTATCGCC,SMC15,SMC15-T,Myofibroblasts,19452,0.0,1,0.5213479685268
SMC15-T_CTCTGGTCATTCTTAC,SMC15,SMC15-T,Myofibroblasts,1237,0.0,0,-0.292628648595256
SMC15-T_CTGCTGTTCCACGACG,SMC15,SMC15-T,Myofibroblasts,16905,0.0,0,0.240093896242827
SMC15-T_CTTACCGGTCCTCTTG,SMC15,SMC15-T,Stromal 3,10991,0.0,0,0.643053930293049
SMC15-T_CTTGGCTAGTGCCATT,SMC15,SMC15-T,Myofibroblasts,2830,0.0,0,-0.0424421945314373
SMC15-T_CTTTGCGGTCTCATCC,SMC15,SMC15-T,Stromal 2,4597,0.0,0,0.810267842721767
SMC15-T_GAACATCCAGGTGGAT,SMC15,SMC15-T,Myofibroblasts,18965,0.0,0,0.285174808692419
SMC15-T_GAATGAAAGCGATCCC,SMC15,SMC15-T,Stromal 3,6935,0.0,0,0.429432697576462
SMC15-T_GAATGAATCCCAACGG,SMC15,SMC15-T,Myofibroblasts,14148,0.0,1,0.463806196874554
SMC15-T_GCACTCTAGGTTCCTA,SMC15,SMC15-T,Stromal 2,9880,0.0,0,0.657410110253982
SMC15-T_GCACTCTGTCCGAATT,SMC15,SMC15-T,Myofibroblasts,25723,0.0,1,0.536262187123546
SMC15-T_GCGCAGTAGCGATATA,SMC15,SMC15-T,Myofibroblasts,13695,0.0,0,0.495188329109734
SMC15-T_GCGCAGTCAGACGCCT,SMC15,SMC15-T,Myofibroblasts,6486,0.0,1,0.771622902062317
SMC15-T_GCGCGATTCATAAAGG,SMC15,SMC15-T,Myofibroblasts,14516,0.0,1,0.506815256082189
SMC15-T_GCTTGAATCCAGAGGA,SMC15,SMC15-T,Stromal 2,3583,0.0,0,1.09471471778301
SMC15-T_GGAAAGCGTAATAGCA,SMC15,SMC15-T,Myofibroblasts,16606,0.0,1,0.476065717058259
SMC15-T_GGACAAGGTGCCTTGG,SMC15,SMC15-T,Stromal 1,15014,0.0,0,0.512366251655573
SMC15-T_GGACAGACACCCATGG,SMC15,SMC15-T,Myofibroblasts,8384,0.0,0,0.485527152822405
SMC15-T_GGAGCAAAGAATGTGT,SMC15,SMC15-T,Myofibroblasts,11218,0.0,1,0.335429843685712
SMC15-T_GGATGTTTCGTCTGCT,SMC15,SMC15-T,Myofibroblasts,19326,0.0,1,0.603577658802734
SMC15-T_GGCCGATAGGGTTCCC,SMC15,SMC15-T,Myofibroblasts,8128,0.0,1,0.104605411539165
SMC15-T_GGCTGGTCATCTACGA,SMC15,SMC15-T,Myofibroblasts,12033,0.0,1,0.578047690472467
SMC15-T_GGGAGATCATGCAATC,SMC15,SMC15-T,Myofibroblasts,15443,0.0,1,0.472163945247005
SMC15-T_GGGCACTCAGTGGGAT,SMC15,SMC15-T,Myofibroblasts,11806,0.0,1,0.562252124063441
SMC15-T_GGGTCTGCAAGAAGAG,SMC15,SMC15-T,Myofibroblasts,10458,0.0,0,0.335063891395982
SMC15-T_GGGTCTGCAGATGGCA,SMC15,SMC15-T,Myofibroblasts,12364,0.0,1,0.510744744779435
SMC15-T_GGGTCTGTCTGTTTGT,SMC15,SMC15-T,Stromal 3,10068,0.0,1,0.678840346918259
SMC15-T_GTAACGTAGGCTCAGA,SMC15,SMC15-T,Stromal 1,7021,0.0,0,0.720516475435175
SMC15-T_GTACGTACAGAGCCAA,SMC15,SMC15-T,Myofibroblasts,5105,0.0,1,0.322388178279224
SMC15-T_GTACTCCAGAAGGCCT,SMC15,SMC15-T,Myofibroblasts,15073,0.0,1,0.441887750439606
SMC15-T_GTATCTTCATGTCCTC,SMC15,SMC15-T,Myofibroblasts,15001,0.0,1,0.341228386490692
SMC15-T_GTATCTTTCAGTTGAC,SMC15,SMC15-T,Stromal 3,11534,0.0,0,0.599121237136813
SMC15-T_GTGCAGCTCAAGGTAA,SMC15,SMC15-T,Myofibroblasts,9785,0.0,1,0.394848269877421
SMC15-T_GTTCATTGTCCGAACC,SMC15,SMC15-T,Stromal 2,5227,0.0,0,0.561903664714639
SMC15-T_TAAGTGCAGTGACTCT,SMC15,SMC15-T,Myofibroblasts,10880,0.0,1,0.36892052010312
SMC15-T_TACGGTAGTAGCTGCC,SMC15,SMC15-T,Myofibroblasts,33269,0.0,1,0.580826432687827
SMC15-T_TACTCATAGAGAGCTC,SMC15,SMC15-T,Stromal 2,2928,0.0,1,0.47596896369217
SMC15-T_TACTCATAGGACATTA,SMC15,SMC15-T,Myofibroblasts,27286,1.36912441568044,1,0.433807975772848
SMC15-T_TACTCGCCATACTACG,SMC15,SMC15-T,Stromal 3,5934,0.0,0,0.565574089718375
SMC15-T_TACTTACCATTCGACA,SMC15,SMC15-T,Myofibroblasts,11000,0.0,1,0.587371416344871
SMC15-T_TAGGCATCATTTGCTT,SMC15,SMC15-T,Stromal 1,5026,0.0,0,0.379528577897601
SMC15-T_TAGTTGGCAGCTGTTA,SMC15,SMC15-T,Stromal 2,13082,0.0,1,0.510200820043749
SMC15-T_TAGTTGGTCGTAGATC,SMC15,SMC15-T,Myofibroblasts,8030,0.0,1,0.151224020539037
SMC15-T_TCAACGAAGATGGGTC,SMC15,SMC15-T,Stromal 2,6515,0.0,0,0.82744254992126
SMC15-T_TCCACACCATTTGCTT,SMC15,SMC15-T,Myofibroblasts,11141,0.0,1,0.345135824197005
SMC15-T_TCCCGATCAATAGAGT,SMC15,SMC15-T,Myofibroblasts,1533,0.0,0,-0.185699467823329
SMC15-T_TCGAGGCGTTAAAGTG,SMC15,SMC15-T,Stromal 2,10952,0.0,1,0.443447173070568
SMC15-T_TGACGGCCACAACGTT,SMC15,SMC15-T,Myofibroblasts,3623,0.0,1,0.0155752513753517
SMC15-T_TGCACCTCAAACGTGG,SMC15,SMC15-T,Stromal 2,4408,0.0,0,0.496888761265662
SMC15-T_TGCACCTTCCCAGGTG,SMC15,SMC15-T,Myofibroblasts,17424,0.0,1,0.466249402968123
SMC15-T_TGCGGGTTCAGAAATG,SMC15,SMC15-T,Myofibroblasts,16831,0.0,1,0.276982736253885
SMC15-T_TGGCTGGTCCTTTCGG,SMC15,SMC15-T,Myofibroblasts,7919,0.0,0,0.0307932177805181
SMC15-T_TGGTTAGCAAGTTGTC,SMC15,SMC15-T,Myofibroblasts,13974,0.0,1,0.403997183579063
SMC15-T_TGTATTCGTAAAGTCA,SMC15,SMC15-T,Myofibroblasts,27193,0.0,1,0.343673173333124
SMC15-T_TGTGGTATCCTTTCGG,SMC15,SMC15-T,Myofibroblasts,8775,0.0,0,0.601811713075322
SMC15-T_TTAGTTCAGTGTACCT,SMC15,SMC15-T,Stromal 1,1947,0.0,0,0.430806254078404
SMC15-T_TTGCCGTGTTATCACG,SMC15,SMC15-T,Myofibroblasts,7102,0.0,1,0.31788482420504
SMC15-T_TTTACTGCAGGGCATA,SMC15,SMC15-T,Myofibroblasts,28688,0.0,1,0.326322585770488
SMC15-T_TTTATGCAGCGATCCC,SMC15,SMC15-T,Myofibroblasts,22765,0.0,1,0.429583235347005
SMC15-T_TTTGGTTCAGACAGGT,SMC15,SMC15-T,Myofibroblasts,18772,0.0,1,0.777766020655096
SMC17-T_AAAGATGCACTTGGAT,SMC17,SMC17-T,Myofibroblasts,3427,0.0,1,-0.0590352305613646
SMC17-T_AACACGTAGAGTCGGT,SMC17,SMC17-T,Myofibroblasts,18026,0.0,1,0.22896648078457
SMC17-T_AACTTTCCATTCTTAC,SMC17,SMC17-T,Myofibroblasts,3074,0.0,1,-0.0515269281477869
SMC17-T_ACAGCTAGTGGCCCTA,SMC17,SMC17-T,Myofibroblasts,20884,1.06998709886911,1,0.235085573452482
SMC17-T_ACAGCTATCTTCAACT,SMC17,SMC17-T,Myofibroblasts,23143,0.0,0,0.492658686118288
SMC17-T_ACGAGGAAGTCATGCT,SMC17,SMC17-T,Myofibroblasts,5968,0.0,1,0.554237461030572
SMC17-T_ACGCAGCAGTGTCTCA,SMC17,SMC17-T,Myofibroblasts,35263,0.61559100447827,1,0.428452363972722
SMC17-T_ACGGGTCTCGAGAACG,SMC17,SMC17-T,Myofibroblasts,11195,0.0,1,0.288545969009246
SMC17-T_ACTGATGCACGAAGCA,SMC17,SMC17-T,Myofibroblasts,27981,0.0,1,0.59893282245875
SMC17-T_ACTGATGGTCCTGCTT,SMC17,SMC17-T,Myofibroblasts,9305,0.0,0,0.301108421531671
SMC17-T_ACTGATGGTGACGGTA,SMC17,SMC17-T,Myofibroblasts,17045,0.776276484278754,1,0.394848246716124
SMC17-T_ACTTACTCATTAACCG,SMC17,SMC17-T,Myofibroblasts,14056,0.0,1,0.503807553492492
SMC17-T_AGAGTGGGTTTCGCTC,SMC17,SMC17-T,Stromal 2,24935,0.0,1,0.322333419386418
SMC17-T_AGCAGCCAGGCTCATT,SMC17,SMC17-T,Myofibroblasts,16430,0.475390796567021,1,0.173180765880642
SMC17-T_AGCGTATCAGTATGCT,SMC17,SMC17-T,Myofibroblasts,15689,0.0,1,0.949401505293923
SMC17-T_AGTGTCAGTTCGTCTC,SMC17,SMC17-T,Myofibroblasts,9972,0.0,0,0.471671139380628
SMC17-T_AGTTGGTCAACGCACC,SMC17,SMC17-T,Myofibroblasts,17163,0.0,1,0.426696914149351
SMC17-T_ATCCGAAAGCCGCCTA,SMC17,SMC17-T,Myofibroblasts,1178,0.0,0,-0.304650259113611
SMC17-T_ATGTGTGCAGCATGAG,SMC17,SMC17-T,Stromal 2,28838,0.0,0,0.768391236824021
SMC17-T_ATGTGTGGTGAAAGAG,SMC17,SMC17-T,Myofibroblasts,6862,0.0,1,0.790862036770018
SMC17-T_ATTATCCGTGTTAAGA,SMC17,SMC17-T,Myofibroblasts,13341,0.0,1,0.495698434998314
SMC17-T_ATTGGACTCTGCTGTC,SMC17,SMC17-T,Myofibroblasts,8227,0.0,1,0.390150262833567
SMC17-T_CAACTAGCATAAAGGT,SMC17,SMC17-T,Myofibroblasts,23782,0.0,1,0.320558242291987
SMC17-T_CAACTAGTCTACTTAC,SMC17,SMC17-T,Myofibroblasts,26389,0.0,1,0.562866396186627
SMC17-T_CAAGTTGTCTATCCTA,SMC17,SMC17-T,Myofibroblasts,16275,0.0,1,0.557202847167716
SMC17-T_CACAGGCGTCAGATAA,SMC17,SMC17-T,Myofibroblasts,2411,0.0,0,0.452698879400276
SMC17-T_CATCCACCATCGATGT,SMC17,SMC17-T,Myofibroblasts,13131,0.0,1,0.496923648199688
SMC17-T_CCAATCCAGACATAAC,SMC17,SMC17-T,Myofibroblasts,19844,0.0,1,0.579701708146302
SMC17-T_CCGGGATAGTGGTCCC,SMC17,SMC17-T,Myofibroblasts,1716,0.0,0,0.150109907496099
SMC17-T_CCGTGGAGTAGGACAC,SMC17,SMC17-T,Myofibroblasts,5326,0.0,1,0.505043573313335
SMC17-T_CGACTTCTCGCATGGC,SMC17,SMC17-T,Myofibroblasts,26048,0.0,1,0.564719214684581
SMC17-T_CGAGCACTCCACGTTC,SMC17,SMC17-T,Myofibroblasts,17645,0.0,0,0.583636308785054
SMC17-T_CGAGCACTCGGAAATA,SMC17,SMC17-T,Myofibroblasts,20149,0.0,1,0.21928596145464
SMC17-T_CGATTGACATGGGAAC,SMC17,SMC17-T,Myofibroblasts,13218,0.0,1,0.374191332513388
SMC17-T_CGGAGCTAGTTCGCGC,SMC17,SMC17-T,Myofibroblasts,1020,0.0,0,-0.256525189420731
SMC17-T_CGGTTAACAAACTGTC,SMC17,SMC17-T,Myofibroblasts,28231,0.0,1,0.621041064432359
SMC17-T_CGTCCATGTCGGATCC,SMC17,SMC17-T,Myofibroblasts,6864,0.0,0,0.625297800224861
SMC17-T_CGTCTACTCTGCGTAA,SMC17,SMC17-T,Myofibroblasts,20682,0.0,1,0.898494639887002
SMC17-T_CTCACACGTCTTCTCG,SMC17,SMC17-T,Myofibroblasts,17471,1.3511555124393,1,0.505715792025044
SMC17-T_CTCGAGGAGTTACCCA,SMC17,SMC17-T,Myofibroblasts,18568,0.0,1,0.324486832673811
SMC17-T_GAAACTCTCTTGTATC,SMC17,SMC17-T,Myofibroblasts,10074,0.0,1,0.307549628240849
SMC17-T_GAACCTAAGCTGCCCA,SMC17,SMC17-T,Myofibroblasts,27971,0.0,1,0.517511159407195
SMC17-T_GAATGAAAGGAGTTTA,SMC17,SMC17-T,Myofibroblasts,2138,0.0,0,0.0736515670321367
SMC17-T_GATCTAGGTGACTACT,SMC17,SMC17-T,Myofibroblasts,16541,0.0,1,1.01935347332363
SMC17-T_GCATACACACTCAGGC,SMC17,SMC17-T,Myofibroblasts,25896,0.0,1,0.626151184697877
SMC17-T_GCGCCAAAGGCTATCT,SMC17,SMC17-T,Myofibroblasts,14323,0.0,1,0.373428518560977
SMC17-T_GCTTGAAAGAAGCCCA,SMC17,SMC17-T,Myofibroblasts,19853,0.0,1,0.640575097851536
SMC17-T_GGAACTTCAGATGGGT,SMC17,SMC17-T,Myofibroblasts,39684,0.0,1,0.355829842392224
SMC17-T_GGAGCAATCGAGAACG,SMC17,SMC17-T,Myofibroblasts,4540,0.0,0,0.978160047161086
SMC17-T_GGCGACTTCTCTGCTG,SMC17,SMC17-T,Myofibroblasts,23826,0.0,1,0.85382719866648
SMC17-T_GGCTGGTGTAGCTTGT,SMC17,SMC17-T,Myofibroblasts,3747,0.0,0,0.203497538436534
SMC17-T_GGGAATGCACGTCTCT,SMC17,SMC17-T,Myofibroblasts,11456,0.0,0,0.457111153786762
SMC17-T_GGGATGAAGGATATAC,SMC17,SMC17-T,Myofibroblasts,23018,0.0,0,0.578215283159248
SMC17-T_GGGTCTGCACAGCGTC,SMC17,SMC17-T,Myofibroblasts,19311,0.0,0,0.356575279017614
SMC17-T_GGTGCGTGTAGCGATG,SMC17,SMC17-T,Myofibroblasts,2701,0.0,0,0.428634336697911
SMC17-T_GTAACTGTCCTTTCGG,SMC17,SMC17-T,Myofibroblasts,1200,0.0,1,0.499937250927998
SMC17-T_GTACGTAGTGACTACT,SMC17,SMC17-T,Myofibroblasts,22041,0.0,0,0.277011538886076
SMC17-T_GTCATTTAGAGTGACC,SMC17,SMC17-T,Myofibroblasts,25502,0.0,1,0.932384424274092
SMC17-T_GTGAAGGAGCGTGTCC,SMC17,SMC17-T,Myofibroblasts,19741,0.0,1,0.238019863396142
SMC17-T_GTGAAGGAGTTGAGAT,SMC17,SMC17-T,Myofibroblasts,11805,0.0,1,0.90373783706486
SMC17-T_TACCTATCATCGACGC,SMC17,SMC17-T,Myofibroblasts,14522,0.0,1,0.0830720476310801
SMC17-T_TACGGTATCAAACCGT,SMC17,SMC17-T,Myofibroblasts,7400,0.0,1,0.500805108607353
SMC17-T_TAGACCAAGATGTGGC,SMC17,SMC17-T,Myofibroblasts,9252,0.0,0,0.0465333074154912
SMC17-T_TAGGCATTCGTGTAGT,SMC17,SMC17-T,Myofibroblasts,1535,0.0,0,0.286628949751179
SMC17-T_TCAACGAAGTACGTAA,SMC17,SMC17-T,Myofibroblasts,14380,0.0,0,1.04311036542665
SMC17-T_TCAGCAACACCGTTGG,SMC17,SMC17-T,Myofibroblasts,2872,0.0,1,0.386953457398935
SMC17-T_TCCCGATGTATAATGG,SMC17,SMC17-T,Myofibroblasts,6420,0.0,0,0.367688009902236
SMC17-T_TGACGGCTCAGTCCCT,SMC17,SMC17-T,Myofibroblasts,5373,0.0,0,0.154348211632572
SMC17-T_TGCCCATAGGGATGGG,SMC17,SMC17-T,Myofibroblasts,15389,0.0,1,0.671176672115469
SMC17-T_TGCGCAGCAGCGTTCG,SMC17,SMC17-T,Myofibroblasts,1626,0.0,0,0.297810164369269
SMC17-T_TTAGTTCTCCACGCAG,SMC17,SMC17-T,Myofibroblasts,26457,0.0,1,0.304768802312418
SMC17-T_TTCGAAGTCGGAAACG,SMC17,SMC17-T,Myofibroblasts,7697,0.0,1,0.883036179066358
SMC17-T_TTCTCCTCAGACGCCT,SMC17,SMC17-T,Myofibroblasts,25961,0.0,1,0.596058003092312
SMC17-T_TTCTTAGGTTGGTAAA,SMC17,SMC17-T,Myofibroblasts,9172,0.0,1,0.346965103420053
SMC17-T_TTGCGTCAGGTAGCCA,SMC17,SMC17-T,Myofibroblasts,12292,0.0,1,0.169489699739989
SMC17-T_TTTGCGCTCCAGTAGT,SMC17,SMC17-T,Myofibroblasts,29330,0.0,1,0.429568489181313
SMC19-T_AACCATGTCTCAAACG,SMC19,SMC19-T,Stromal 2,6490,0.0,0,0.705900216188048
SMC19-T_ACACCGGTCAGCGATT,SMC19,SMC19-T,Stromal 2,21095,0.0,1,0.747022783716055
SMC19-T_ACGCCAGCATTACGAC,SMC19,SMC19-T,Stromal 1,6318,0.0,0,1.26214607888403
SMC19-T_AGAATAGGTACTCAAC,SMC19,SMC19-T,Stromal 2,11560,0.0,0,0.819303346391654
SMC19-T_ATCATGGCATAACCTG,SMC19,SMC19-T,Stromal 1,6064,0.0,0,1.19040327109222
SMC19-T_ATGGGAGAGCACACAG,SMC19,SMC19-T,Stromal 2,2715,0.0,0,0.0877533471248472
SMC19-T_CAGCGACAGTACGCGA,SMC19,SMC19-T,Stromal 2,12207,0.0,0,1.18107750454891
SMC19-T_CATCAGACAAGTAATG,SMC19,SMC19-T,Stromal 2,4552,0.0,0,0.332270052831642
SMC19-T_CATTCGCGTGGCGAAT,SMC19,SMC19-T,Myofibroblasts,5095,0.0,1,0.431377243858351
SMC19-T_CGCTATCGTAACGTTC,SMC19,SMC19-T,Myofibroblasts,2703,0.0,1,0.178763370448551
SMC19-T_CGTAGCGCACATTAGC,SMC19,SMC19-T,Stromal 2,6749,0.0,0,0.531461021705594
SMC19-T_CGTGTCTAGGGCTTGA,SMC19,SMC19-T,Stromal 2,4582,0.0,1,1.07998659287589
SMC19-T_CTAGTGATCTCTTGAT,SMC19,SMC19-T,Stromal 2,17640,0.0,1,1.10996844460288
SMC19-T_CTCTAATCAGCATGAG,SMC19,SMC19-T,Stromal 2,5159,0.0,0,0.407418658891783
SMC19-T_GACGCGTTCCAAAGTC,SMC19,SMC19-T,Stromal 2,18748,0.0,1,0.934095935475911
SMC19-T_GACTAACGTAGAGTGC,SMC19,SMC19-T,Stromal 2,7246,0.0,0,0.325995885823506
SMC19-T_GCTCCTATCGAGAGCA,SMC19,SMC19-T,Stromal 1,8023,0.0,0,0.707832932267758
SMC19-T_GGAACTTAGGGTGTTG,SMC19,SMC19-T,Stromal 2,6554,0.0,0,0.541788232957474
SMC19-T_GTTCGGGCAAGTTGTC,SMC19,SMC19-T,Stromal 2,11293,0.0,1,1.24986407534801
SMC19-T_TAGCCGGAGTCGAGTG,SMC19,SMC19-T,Stromal 1,2882,0.0,0,0.313483652716244
SMC19-T_TCACGAAAGAACAATC,SMC19,SMC19-T,Stromal 2,10008,0.0,0,0.870538129486212
SMC19-T_TGTGGTATCCGTAGGC,SMC19,SMC19-T,Stromal 2,7343,0.0,0,0.650307179882435
SMC19-T_TTAACTCAGCAGCGTA,SMC19,SMC19-T,Stromal 2,7369,0.0,0,0.834160362489572
SMC19-T_TTCCCAGTCTGATACG,SMC19,SMC19-T,Stromal 1,9748,0.0,0,0.970433552791228
SMC20-T_AAACCTGCATTTCACT,SMC20,SMC20-T,Myofibroblasts,29023,0.0,1,0.512036772726843
SMC20-T_AAACGGGCACGAGGTA,SMC20,SMC20-T,Myofibroblasts,14433,0.0,1,0.592565874255268
SMC20-T_AAACGGGCAGGTGCCT,SMC20,SMC20-T,Myofibroblasts,14074,0.0,1,0.104695824890781
SMC20-T_AAAGATGTCCTCCTAG,SMC20,SMC20-T,Myofibroblasts,16340,0.0,1,0.529900993565752
SMC20-T_AACTCTTGTGATGTGG,SMC20,SMC20-T,Myofibroblasts,11642,0.0,1,0.333058153995028
SMC20-T_AACTCTTTCGAGAACG,SMC20,SMC20-T,Myofibroblasts,7563,1.2932063567582,1,0.489239054475014
SMC20-T_AACTTTCAGGACCACA,SMC20,SMC20-T,Myofibroblasts,5609,0.0,1,0.718651422459776
SMC20-T_AAGGCAGTCATCGATG,SMC20,SMC20-T,Myofibroblasts,6065,0.0,0,0.397791935920036
SMC20-T_AAGGCAGTCGCCAAAT,SMC20,SMC20-T,Myofibroblasts,23742,0.0,1,0.517833998189177
SMC20-T_AATCCAGAGAGGTTAT,SMC20,SMC20-T,Myofibroblasts,20793,0.0,1,0.440056825774185
SMC20-T_AATCCAGAGGCGCTCT,SMC20,SMC20-T,Myofibroblasts,12386,0.0,1,0.672332112624831
SMC20-T_AATCGGTGTTACAGAA,SMC20,SMC20-T,Myofibroblasts,19910,0.0,1,0.558107001470336
SMC20-T_AATCGGTTCATAGCAC,SMC20,SMC20-T,Myofibroblasts,8299,0.0,0,0.269254810738933
SMC20-T_ACACCAAAGTTTGCGT,SMC20,SMC20-T,Myofibroblasts,9494,0.0,1,0.347442703394506
SMC20-T_ACACCAACAACTGCTA,SMC20,SMC20-T,Myofibroblasts,22058,0.0,1,0.548100687228144
SMC20-T_ACACCAACATGTCTCC,SMC20,SMC20-T,Myofibroblasts,23624,0.0,0,0.651741376394252
SMC20-T_ACACCCTGTTCGCGAC,SMC20,SMC20-T,Myofibroblasts,8712,0.0,1,0.380088944799079
SMC20-T_ACACTGAGTTATCACG,SMC20,SMC20-T,Myofibroblasts,28231,0.303226039887633,1,0.726457845380684
SMC20-T_ACAGCCGGTTAGAACA,SMC20,SMC20-T,Myofibroblasts,12323,0.0,1,0.341965827371511
SMC20-T_ACAGCTAAGTCAATAG,SMC20,SMC20-T,Myofibroblasts,11631,0.0,0,0.579569358432623
SMC20-T_ACAGCTAGTCTTCTCG,SMC20,SMC20-T,Myofibroblasts,4777,0.0,0,0.0657525992119503
SMC20-T_ACAGCTATCTTATCTG,SMC20,SMC20-T,Myofibroblasts,1124,0.0,0,-0.0030944609686794
SMC20-T_ACATACGAGACCTAGG,SMC20,SMC20-T,Myofibroblasts,12812,0.0,1,0.320851758696353
SMC20-T_ACATACGCACCCAGTG,SMC20,SMC20-T,Myofibroblasts,16255,0.0,1,0.701011875984786
SMC20-T_ACATCAGTCACTCTTA,SMC20,SMC20-T,Myofibroblasts,18030,0.0,1,0.786993803465582
SMC20-T_ACCGTAAAGATCCCGC,SMC20,SMC20-T,Myofibroblasts,7613,0.0,1,0.308591659317356
SMC20-T_ACCGTAACATCTACGA,SMC20,SMC20-T,Myofibroblasts,16446,0.0,1,0.458058322577897
SMC20-T_ACCTTTAGTGTGACGA,SMC20,SMC20-T,Myofibroblasts,11543,0.0,1,0.255459063979502
SMC20-T_ACCTTTATCGAACTGT,SMC20,SMC20-T,Myofibroblasts,22586,0.0,1,0.726083711873356
SMC20-T_ACCTTTATCGGTCCGA,SMC20,SMC20-T,Myofibroblasts,14175,0.0,1,0.269706703872103
SMC20-T_ACGAGCCCAGGGATTG,SMC20,SMC20-T,Myofibroblasts,6815,0.0,1,0.223562656513312
SMC20-T_ACGAGCCGTCCGCTGA,SMC20,SMC20-T,Myofibroblasts,15170,0.0,1,0.35850457681018
SMC20-T_ACGATACAGATTACCC,SMC20,SMC20-T,Myofibroblasts,13204,0.0,0,0.564354740966402
SMC20-T_ACGATACGTCCCGACA,SMC20,SMC20-T,Myofibroblasts,10423,0.0,1,0.56678816025221
SMC20-T_ACGATGTGTCCGTTAA,SMC20,SMC20-T,Myofibroblasts,13025,0.0,1,0.2795089288521
SMC20-T_ACGCCAGGTAATAGCA,SMC20,SMC20-T,Myofibroblasts,14146,0.0,1,0.421515070620702
SMC20-T_ACGGCCAGTGTTGAGG,SMC20,SMC20-T,Myofibroblasts,7190,0.0,0,0.321434497653837
SMC20-T_ACGGGCTGTATAGGGC,SMC20,SMC20-T,Myofibroblasts,9686,0.0,1,0.413132209200943
SMC20-T_ACGGGTCGTATAGTAG,SMC20,SMC20-T,Myofibroblasts,8242,0.0,1,0.400306871800561
SMC20-T_ACTGAGTCACTTGGAT,SMC20,SMC20-T,Myofibroblasts,13094,0.0,0,0.393148875060981
SMC20-T_ACTGTCCTCACAATGC,SMC20,SMC20-T,Myofibroblasts,17298,0.0,1,0.573213150328107
SMC20-T_ACTTGTTAGAATAGGG,SMC20,SMC20-T,Myofibroblasts,11388,0.0,1,0.424239816459403
SMC20-T_ACTTTCACAAGCGCTC,SMC20,SMC20-T,Myofibroblasts,12821,0.0,1,0.568850556192916
SMC20-T_AGAATAGAGAGTAATC,SMC20,SMC20-T,Myofibroblasts,12542,0.0,1,0.312610420529994
SMC20-T_AGAATAGAGGTGACCA,SMC20,SMC20-T,Myofibroblasts,1589,0.0,0,0.298577434561453
SMC20-T_AGACGTTAGCTATGCT,SMC20,SMC20-T,Myofibroblasts,7699,0.0,1,0.39369916079513
SMC20-T_AGACGTTCACAGACAG,SMC20,SMC20-T,Myofibroblasts,2506,0.0,1,0.133639942486379
SMC20-T_AGAGCTTCACTGTCGG,SMC20,SMC20-T,Myofibroblasts,7289,0.0,1,0.589721826262622
SMC20-T_AGATCTGAGAGGTTGC,SMC20,SMC20-T,Myofibroblasts,13120,0.0,1,0.279681466593294
SMC20-T_AGCCTAAAGGTAGCTG,SMC20,SMC20-T,Myofibroblasts,21160,0.0,1,0.936822885552297
SMC20-T_AGCGTATTCGCCTGTT,SMC20,SMC20-T,Myofibroblasts,16141,0.0,1,0.745214491131636
SMC20-T_AGCTCTCCAGACAAGC,SMC20,SMC20-T,Myofibroblasts,10294,0.0,1,0.233067884534395
SMC20-T_AGGCCACAGAAGGACA,SMC20,SMC20-T,Myofibroblasts,8739,0.0,0,0.439695535727236
SMC20-T_AGGGATGGTTGTACAC,SMC20,SMC20-T,Myofibroblasts,13184,0.0,1,0.390105699228217
SMC20-T_AGGGATGGTTTGACAC,SMC20,SMC20-T,Myofibroblasts,17107,0.0,1,0.729157505368115
SMC20-T_AGGTCATCAGAGCCAA,SMC20,SMC20-T,Myofibroblasts,9099,0.0,0,0.376728495573716
SMC20-T_AGGTCATCAGCATGAG,SMC20,SMC20-T,Myofibroblasts,28902,0.0,1,0.514636852484877
SMC20-T_AGGTCCGAGAGGGATA,SMC20,SMC20-T,Myofibroblasts,12606,0.0,1,0.372966173109199
SMC20-T_AGGTCCGAGCTTCGCG,SMC20,SMC20-T,Myofibroblasts,3213,0.0,1,0.156267917527608
SMC20-T_AGGTCCGCAGTATAAG,SMC20,SMC20-T,Myofibroblasts,4510,0.0,1,0.323630526615312
SMC20-T_AGGTCCGGTATAGGTA,SMC20,SMC20-T,Myofibroblasts,10483,0.0,1,0.241801907281805
SMC20-T_AGTAGTCGTAGAGCTG,SMC20,SMC20-T,Myofibroblasts,13207,0.0,1,0.505192268615723
SMC20-T_AGTGTCAAGGTTCCTA,SMC20,SMC20-T,Myofibroblasts,9114,0.0,1,0.28786918328022
SMC20-T_AGTGTCACATGCTAGT,SMC20,SMC20-T,Myofibroblasts,15178,0.0,1,0.568116154263173
SMC20-T_AGTTGGTGTACCAGTT,SMC20,SMC20-T,Myofibroblasts,22006,0.0,1,0.61174700622478
SMC20-T_ATCACGAGTCAGAAGC,SMC20,SMC20-T,Myofibroblasts,20933,0.0,1,0.721044522652738
SMC20-T_ATCATGGGTACAGCAG,SMC20,SMC20-T,Myofibroblasts,4877,0.0,0,0.136869198164558
SMC20-T_ATCTGCCCAATCCGAT,SMC20,SMC20-T,Myofibroblasts,12607,0.0,1,0.530955893226729
SMC20-T_ATGGGAGAGAGAGCTC,SMC20,SMC20-T,Myofibroblasts,9001,0.0,1,0.415032713655174
SMC20-T_ATGGGAGGTAACGCGA,SMC20,SMC20-T,Myofibroblasts,12498,0.0,0,0.33955725448864
SMC20-T_ATGTGTGGTAAACACA,SMC20,SMC20-T,Myofibroblasts,28662,0.0,1,0.81370383620704
SMC20-T_ATTACTCAGGGCATGT,SMC20,SMC20-T,Myofibroblasts,3149,0.0,0,0.440019349274906
SMC20-T_ATTCTACTCATCTGTT,SMC20,SMC20-T,Myofibroblasts,10445,0.0,1,0.383094401891908
SMC20-T_ATTCTACTCTATGTGG,SMC20,SMC20-T,Myofibroblasts,2399,0.0,0,0.136794967552925
SMC20-T_ATTGGACGTGGCAAAC,SMC20,SMC20-T,Myofibroblasts,12202,0.0,1,0.333098635021907
SMC20-T_ATTTCTGTCTTCAACT,SMC20,SMC20-T,Myofibroblasts,9461,0.0,1,0.420354744259717
SMC20-T_CAACCAAGTTCCTCCA,SMC20,SMC20-T,Myofibroblasts,18340,0.0,1,0.738412451408795
SMC20-T_CAACCAAGTTCTGGTA,SMC20,SMC20-T,Myofibroblasts,11126,0.0,0,0.384649216454452
SMC20-T_CAACCTCAGATGTGGC,SMC20,SMC20-T,Myofibroblasts,18066,0.0,1,0.881865652266207
SMC20-T_CAACCTCAGGAATGGA,SMC20,SMC20-T,Myofibroblasts,17255,0.0,1,0.548953176621304
SMC20-T_CAACCTCAGGCTAGGT,SMC20,SMC20-T,Myofibroblasts,7933,0.0,1,0.531809201309745
SMC20-T_CAACTAGGTCAATACC,SMC20,SMC20-T,Myofibroblasts,12031,0.0,1,0.499082304125261
SMC20-T_CAAGAAAGTCAATACC,SMC20,SMC20-T,Myofibroblasts,12706,0.0,1,0.351413044770459
SMC20-T_CAAGAAATCAGATAAG,SMC20,SMC20-T,Myofibroblasts,11229,0.0,1,0.581208093646453
SMC20-T_CAAGTTGAGGGCTTGA,SMC20,SMC20-T,Stromal 2,9253,0.0,0,0.754650940925638
SMC20-T_CAAGTTGTCTCTAGGA,SMC20,SMC20-T,Myofibroblasts,16862,0.0,1,0.418983369719559
SMC20-T_CACAAACCATACAGCT,SMC20,SMC20-T,Myofibroblasts,10834,0.0,1,0.273144596844657
SMC20-T_CACCAGGCACCTTGTC,SMC20,SMC20-T,Myofibroblasts,16974,0.0,1,0.676038509118153
SMC20-T_CACTCCAGTAAATGTG,SMC20,SMC20-T,Myofibroblasts,19092,0.0,1,0.697295749243591
SMC20-T_CAGAATCCAGCCTGTG,SMC20,SMC20-T,Myofibroblasts,1633,0.0,0,0.161979225273608
SMC20-T_CAGAATCGTGTCCTCT,SMC20,SMC20-T,Myofibroblasts,9410,0.0,0,0.387786382494189
SMC20-T_CAGAGAGCAACGATCT,SMC20,SMC20-T,Myofibroblasts,7639,0.0,1,0.409962055192658
SMC20-T_CAGATCATCTAGAGTC,SMC20,SMC20-T,Myofibroblasts,11206,0.0,1,0.395168334759017
SMC20-T_CAGCAGCGTCATCCCT,SMC20,SMC20-T,Myofibroblasts,15499,0.0,1,0.642898531805062
SMC20-T_CAGCATACAAAGCAAT,SMC20,SMC20-T,Myofibroblasts,13494,0.0,1,0.774732325869458
SMC20-T_CAGCTAATCGCCCTTA,SMC20,SMC20-T,Myofibroblasts,14174,0.0,1,0.333346279472044
SMC20-T_CAGTAACGTCAGGACA,SMC20,SMC20-T,Myofibroblasts,17364,0.0,1,0.596689654581519
SMC20-T_CAGTCCTCAGCGTCCA,SMC20,SMC20-T,Myofibroblasts,9102,0.741298872018096,0,0.391522471772852
SMC20-T_CAGTCCTCATATGCTG,SMC20,SMC20-T,Myofibroblasts,12126,0.0,1,0.449840961570137
SMC20-T_CATATGGAGCTTATCG,SMC20,SMC20-T,Stromal 1,14245,0.0,0,1.13564267501076
SMC20-T_CATCAAGGTTCAGCGC,SMC20,SMC20-T,Myofibroblasts,24099,0.0,1,0.473089215670074
SMC20-T_CATCCACCAATCTGCA,SMC20,SMC20-T,Myofibroblasts,6751,0.0,1,0.345278872070068
SMC20-T_CATCGAAGTCCGTGAC,SMC20,SMC20-T,Myofibroblasts,9778,0.0,1,0.0502971025427753
SMC20-T_CATCGGGTCCGGCACA,SMC20,SMC20-T,Myofibroblasts,7440,0.0,1,0.288619763266471
SMC20-T_CATGGCGCACCAGCAC,SMC20,SMC20-T,Myofibroblasts,4897,0.0,1,0.429324320901747
SMC20-T_CATGGCGGTCTAGGTT,SMC20,SMC20-T,Myofibroblasts,13422,0.0,0,0.355423763844886
SMC20-T_CATTCGCGTGGCAAAC,SMC20,SMC20-T,Myofibroblasts,15515,0.0,0,0.805951745899564
SMC20-T_CCACCTATCTGGAGCC,SMC20,SMC20-T,Myofibroblasts,11529,0.0,1,0.231083953643021
SMC20-T_CCACGGAGTTCCCGAG,SMC20,SMC20-T,Myofibroblasts,9873,0.0,0,0.188803852308034
SMC20-T_CCATTCGCAGTAACGG,SMC20,SMC20-T,Myofibroblasts,11265,0.0,1,0.592953729070668
SMC20-T_CCATTCGCATTCACTT,SMC20,SMC20-T,Myofibroblasts,7467,0.0,1,0.385410279931511
SMC20-T_CCATTCGTCTTATCTG,SMC20,SMC20-T,Myofibroblasts,12431,0.0,1,0.354428762488517
SMC20-T_CCCAATCAGACGCAAC,SMC20,SMC20-T,Myofibroblasts,11289,0.0,1,0.475135944227146
SMC20-T_CCCATACAGATAGCAT,SMC20,SMC20-T,Myofibroblasts,18679,0.0,1,0.610259873909064
SMC20-T_CCGGGATCACCTGGTG,SMC20,SMC20-T,Myofibroblasts,22668,0.0,1,0.417305123154254
SMC20-T_CCGGTAGGTCCAGTAT,SMC20,SMC20-T,Myofibroblasts,8599,0.0,1,0.0629133158769692
SMC20-T_CCGTTCAGTTGCTCCT,SMC20,SMC20-T,Myofibroblasts,10679,0.0,1,0.285361698947434
SMC20-T_CCTAAAGCACAACGTT,SMC20,SMC20-T,Myofibroblasts,6767,0.0,1,0.537907424858436
SMC20-T_CCTAAAGCATTCTTAC,SMC20,SMC20-T,Myofibroblasts,11836,0.0,1,0.425964669428609
SMC20-T_CCTAGCTCACCGAATT,SMC20,SMC20-T,Myofibroblasts,5348,0.0,1,0.334493168129119
SMC20-T_CCTCAGTTCCGTAGTA,SMC20,SMC20-T,Myofibroblasts,11733,0.0,1,0.681881017269239
SMC20-T_CCTCTGACAGACGCTC,SMC20,SMC20-T,Myofibroblasts,27958,0.0,1,0.135741146459387
SMC20-T_CCTCTGATCTGACCTC,SMC20,SMC20-T,Myofibroblasts,11179,0.0,1,0.321192234486614
SMC20-T_CCTTACGTCAAAGACA,SMC20,SMC20-T,Myofibroblasts,9972,0.0,1,0.600808922849841
SMC20-T_CCTTACGTCTCTGCTG,SMC20,SMC20-T,Myofibroblasts,13960,0.0,1,0.543403042662542
SMC20-T_CCTTCCCAGTACGACG,SMC20,SMC20-T,Myofibroblasts,6559,0.0,1,0.165601826394838
SMC20-T_CCTTCGAGTACTCGCG,SMC20,SMC20-T,Myofibroblasts,12554,0.0,1,0.473151189061232
SMC20-T_CGAACATAGACTAAGT,SMC20,SMC20-T,Myofibroblasts,15478,0.0,1,0.327949107111146
SMC20-T_CGAATGTAGTCCCACG,SMC20,SMC20-T,Myofibroblasts,15145,0.0,1,0.499475973333248
SMC20-T_CGACCTTCACCGTTGG,SMC20,SMC20-T,Myofibroblasts,1661,0.0,0,0.0748310336913087
SMC20-T_CGATTGAGTACAAGTA,SMC20,SMC20-T,Myofibroblasts,10496,0.0,1,0.735329967181731
SMC20-T_CGATTGATCTGAAAGA,SMC20,SMC20-T,Myofibroblasts,4937,0.0,1,0.352484418808415
SMC20-T_CGCCAAGAGTTCGATC,SMC20,SMC20-T,Myofibroblasts,8142,0.0,1,0.382508615221891
SMC20-T_CGCCAAGTCCTGCTTG,SMC20,SMC20-T,Myofibroblasts,9957,0.0,1,0.382847826853705
SMC20-T_CGCTGGAAGCCAGAAC,SMC20,SMC20-T,Myofibroblasts,2960,0.0,0,0.419855394271376
SMC20-T_CGCTGGAAGTGCAAGC,SMC20,SMC20-T,Myofibroblasts,6513,0.0,1,0.347302797725544
SMC20-T_CGCTGGATCTGAAAGA,SMC20,SMC20-T,Myofibroblasts,15468,0.0,1,0.837529999778516
SMC20-T_CGGACACTCATCACCC,SMC20,SMC20-T,Myofibroblasts,9430,0.0,1,0.284893958172652
SMC20-T_CGGAGCTAGTTCGATC,SMC20,SMC20-T,Myofibroblasts,1801,0.0,0,-0.0408463963653834
SMC20-T_CGGAGTCAGGATGCGT,SMC20,SMC20-T,Myofibroblasts,12201,0.0,1,0.426772602730035
SMC20-T_CGGGTCAAGGCTCTTA,SMC20,SMC20-T,Myofibroblasts,4672,0.0,0,0.378142030055355
SMC20-T_CGGTTAAAGATGTGGC,SMC20,SMC20-T,Myofibroblasts,7661,0.0,1,0.401338885281731
SMC20-T_CGTAGCGCAATGGAAT,SMC20,SMC20-T,Myofibroblasts,4938,0.0,0,0.275970173110465
SMC20-T_CGTCACTGTATGGTTC,SMC20,SMC20-T,Myofibroblasts,15736,0.0,1,0.30597374833134
SMC20-T_CGTCAGGAGAAGGACA,SMC20,SMC20-T,Myofibroblasts,7800,0.0,1,0.15945129724068
SMC20-T_CGTCCATGTATTCGTG,SMC20,SMC20-T,Myofibroblasts,30799,0.0,1,0.539578592213885
SMC20-T_CGTCTACAGGCCCTTG,SMC20,SMC20-T,Myofibroblasts,18713,0.0,1,0.689617749243569
SMC20-T_CGTCTACTCAACGAAA,SMC20,SMC20-T,Myofibroblasts,3125,0.0,1,0.156294025932707
SMC20-T_CGTGTCTGTGCCTGGT,SMC20,SMC20-T,Myofibroblasts,2897,0.0,0,0.0774914255474151
SMC20-T_CGTTCTGCATCTCGCT,SMC20,SMC20-T,Myofibroblasts,7050,0.0,0,0.51087099927708
SMC20-T_CGTTGGGGTACCATCA,SMC20,SMC20-T,Myofibroblasts,10754,0.0,1,0.358288465834848
SMC20-T_CTAACTTAGTGTACCT,SMC20,SMC20-T,Myofibroblasts,2608,0.0,0,-0.126440543588669
SMC20-T_CTAAGACCACTGTCGG,SMC20,SMC20-T,Myofibroblasts,5699,0.0,1,0.421591728373511
SMC20-T_CTAATGGAGTTCGCAT,SMC20,SMC20-T,Stromal 2,3087,0.0,1,0.133386062409297
SMC20-T_CTACATTGTCGAGTTT,SMC20,SMC20-T,Myofibroblasts,5354,0.0,1,0.46329392852437
SMC20-T_CTACATTTCGCCTGAG,SMC20,SMC20-T,Myofibroblasts,7749,0.0,1,0.181353777976448
SMC20-T_CTACGTCGTACAGACG,SMC20,SMC20-T,Myofibroblasts,10456,0.0,1,0.345765922226841
SMC20-T_CTCAGAAAGGGATACC,SMC20,SMC20-T,Myofibroblasts,9469,0.0,1,0.616233901661099
SMC20-T_CTCCTAGTCGCGTAGC,SMC20,SMC20-T,Myofibroblasts,13272,0.0,1,0.78497363447707
SMC20-T_CTCGAAAAGGGTGTTG,SMC20,SMC20-T,Myofibroblasts,3294,0.0,1,0.445348641782028
SMC20-T_CTCGGAGTCCACGCAG,SMC20,SMC20-T,Myofibroblasts,12035,0.0,1,0.287709488326443
SMC20-T_CTCGTCAGTACCGTTA,SMC20,SMC20-T,Myofibroblasts,16852,0.0,1,0.397358071635106
SMC20-T_CTCTACGCAGACAAAT,SMC20,SMC20-T,Myofibroblasts,7539,0.0,1,0.213701344732838
SMC20-T_CTGAAGTAGAGAACAG,SMC20,SMC20-T,Myofibroblasts,5156,0.0,0,0.587427235951948
SMC20-T_CTGAAGTGTGTAATGA,SMC20,SMC20-T,Myofibroblasts,10628,0.0,1,0.363491587726615
SMC20-T_CTGATAGAGGGTTTCT,SMC20,SMC20-T,Myofibroblasts,9304,0.0,1,0.474569788501534
SMC20-T_CTGATCCCAGCGTAAG,SMC20,SMC20-T,Myofibroblasts,9297,0.0,1,0.213755167890979
SMC20-T_CTGCCTATCCTCAACC,SMC20,SMC20-T,Myofibroblasts,15541,0.0,1,0.492681976747556
SMC20-T_CTGCGGATCGAGAACG,SMC20,SMC20-T,Myofibroblasts,5895,0.0,0,0.434094923189473
SMC20-T_CTGCTGTCACAGGAGT,SMC20,SMC20-T,Myofibroblasts,14449,0.0,1,0.645502376156775
SMC20-T_CTGTGCTTCACCGTAA,SMC20,SMC20-T,Myofibroblasts,15178,0.0,1,0.329387800376126
SMC20-T_CTTCTCTTCAGCGACC,SMC20,SMC20-T,Myofibroblasts,3569,0.0,1,0.153266909651742
SMC20-T_CTTGGCTCATACAGCT,SMC20,SMC20-T,Myofibroblasts,27171,0.0,1,0.920335844003866
SMC20-T_GAAATGACATCGTCGG,SMC20,SMC20-T,Myofibroblasts,12284,0.0,1,0.5123944948739
SMC20-T_GAACCTAGTGCTCTTC,SMC20,SMC20-T,Myofibroblasts,29091,0.0,1,0.732913753667014
SMC20-T_GAACGGAGTACTTCTT,SMC20,SMC20-T,Myofibroblasts,11022,0.645676232940119,1,0.549973031058892
SMC20-T_GAAGCAGGTTGGTAAA,SMC20,SMC20-T,Myofibroblasts,19643,0.0,1,0.639640718209111
SMC20-T_GAAGCAGTCTGCTTGC,SMC20,SMC20-T,Myofibroblasts,9633,0.0,0,0.481202215776967
SMC20-T_GAATAAGGTCACACGC,SMC20,SMC20-T,Myofibroblasts,8701,0.0,1,0.739097391644361
SMC20-T_GAATGAAAGCACAGGT,SMC20,SMC20-T,Myofibroblasts,12263,0.0,1,0.54055603943239
SMC20-T_GACACGCGTTGGTAAA,SMC20,SMC20-T,Myofibroblasts,9340,0.0,1,0.2897712882177
SMC20-T_GACTAACTCATGGTCA,SMC20,SMC20-T,Myofibroblasts,1344,0.0,0,0.0658655768079412
SMC20-T_GACTGCGCAAGGACAC,SMC20,SMC20-T,Myofibroblasts,2741,0.0,0,0.0668413856785822
SMC20-T_GACTGCGGTTTGACTG,SMC20,SMC20-T,Myofibroblasts,2970,0.0,1,0.42359961364812
SMC20-T_GAGCAGATCTGGAGCC,SMC20,SMC20-T,Myofibroblasts,14243,0.0,1,0.364587301574256
SMC20-T_GAGGTGAAGTAACCCT,SMC20,SMC20-T,Myofibroblasts,10495,0.0,1,0.247865171322413
SMC20-T_GATCAGTCAGGAATGC,SMC20,SMC20-T,Myofibroblasts,11575,0.0,1,0.256680317769081
SMC20-T_GATCAGTGTATGAAAC,SMC20,SMC20-T,Myofibroblasts,11804,0.0,1,0.670315016027614
SMC20-T_GATGAAAGTCGTTGTA,SMC20,SMC20-T,Myofibroblasts,16368,0.0,1,0.361500384822035
SMC20-T_GATGAGGCATGTAGTC,SMC20,SMC20-T,Myofibroblasts,2056,0.0,0,0.0649143826842707
SMC20-T_GATTCAGTCAAGCCTA,SMC20,SMC20-T,Myofibroblasts,12081,0.0,1,0.373021151162853
SMC20-T_GCAAACTTCCCTAACC,SMC20,SMC20-T,Myofibroblasts,8462,0.0,1,0.324622848986256
SMC20-T_GCAGCCATCAGAGCTT,SMC20,SMC20-T,Myofibroblasts,11493,0.0,1,0.260931056254605
SMC20-T_GCAGTTACAATCCAAC,SMC20,SMC20-T,Myofibroblasts,12026,0.0,0,0.360104471419903
SMC20-T_GCATGCGAGACCCACC,SMC20,SMC20-T,Stromal 1,11152,0.0,1,0.125627334502529
SMC20-T_GCATGCGGTTCATGGT,SMC20,SMC20-T,Myofibroblasts,9602,0.0,1,0.36244526846094
SMC20-T_GCATGCGTCTTGTCAT,SMC20,SMC20-T,Myofibroblasts,3443,0.0,1,0.25541973647338
SMC20-T_GCATGTAAGCCTCGTG,SMC20,SMC20-T,Myofibroblasts,9498,0.0,1,0.573717034940183
SMC20-T_GCCAAATTCTGATACG,SMC20,SMC20-T,Myofibroblasts,4872,0.0,1,0.177792667326118
SMC20-T_GCCTCTAAGTATTGGA,SMC20,SMC20-T,Myofibroblasts,11878,0.0,1,0.635963964738478
SMC20-T_GCGAGAAGTCACAAGG,SMC20,SMC20-T,Myofibroblasts,2629,0.0,1,0.3061459225549
SMC20-T_GCGCCAAAGATGTAAC,SMC20,SMC20-T,Myofibroblasts,10175,0.0,1,0.46272608162558
SMC20-T_GCGCCAAAGGACTGGT,SMC20,SMC20-T,Myofibroblasts,16150,0.0,1,0.605944792254876
SMC20-T_GCGCCAAAGGGTTCCC,SMC20,SMC20-T,Myofibroblasts,8755,0.0,1,0.568739810813658
SMC20-T_GCGCCAATCATTTGGG,SMC20,SMC20-T,Myofibroblasts,27837,0.0,1,0.935755309595082
SMC20-T_GCTGGGTTCCTAGGGC,SMC20,SMC20-T,Myofibroblasts,22464,1.17117585897046,1,0.209381717957357
SMC20-T_GCTTCCATCGTACGGC,SMC20,SMC20-T,Myofibroblasts,14960,0.0,1,0.505145331381199
SMC20-T_GGAAAGCGTCATGCAT,SMC20,SMC20-T,Myofibroblasts,2385,0.0,0,0.135120753931729
SMC20-T_GGACAAGCAAGTCTGT,SMC20,SMC20-T,Myofibroblasts,9513,0.0,1,0.268514034678225
SMC20-T_GGACAAGCACGACGAA,SMC20,SMC20-T,Myofibroblasts,6586,0.0,1,0.339734881101588
SMC20-T_GGACATTAGACAGACC,SMC20,SMC20-T,Myofibroblasts,13202,0.0,1,0.40837079196213
SMC20-T_GGACATTGTCTCATCC,SMC20,SMC20-T,Myofibroblasts,19882,0.0,1,0.616162046832268
SMC20-T_GGACGTCCAACGCACC,SMC20,SMC20-T,Myofibroblasts,11054,0.0,1,0.675532677081995
SMC20-T_GGACGTCCACAGATTC,SMC20,SMC20-T,Myofibroblasts,11212,0.0,1,1.04325629092384
SMC20-T_GGATGTTCATATGCTG,SMC20,SMC20-T,Myofibroblasts,12424,0.0,1,0.480509456262297
SMC20-T_GGCAATTAGACCTAGG,SMC20,SMC20-T,Myofibroblasts,11978,0.0,1,0.172655976253892
SMC20-T_GGCCGATGTGAGTGAC,SMC20,SMC20-T,Myofibroblasts,1463,0.0,0,-0.0485642183764465
SMC20-T_GGGAATGGTTCTGGTA,SMC20,SMC20-T,Myofibroblasts,13396,0.0,1,0.318734624648131
SMC20-T_GGGAGATAGGGATACC,SMC20,SMC20-T,Myofibroblasts,12077,0.0,1,0.174247025255968
SMC20-T_GGGTCTGGTTAGGGTG,SMC20,SMC20-T,Myofibroblasts,11497,0.0,1,0.326705458303511
SMC20-T_GGTATTGTCCCATTAT,SMC20,SMC20-T,Myofibroblasts,10271,0.0,1,0.522207615459159
SMC20-T_GTACGTAGTTATTCTC,SMC20,SMC20-T,Myofibroblasts,3059,0.0,0,0.20525699946353
SMC20-T_GTACTCCAGGATGGTC,SMC20,SMC20-T,Myofibroblasts,9759,0.0,0,0.327581568336776
SMC20-T_GTACTCCCACCACGTG,SMC20,SMC20-T,Myofibroblasts,19668,0.0,1,0.466119478689762
SMC20-T_GTACTTTGTGTCAATC,SMC20,SMC20-T,Stromal 2,14064,0.0,0,0.975719442289526
SMC20-T_GTACTTTGTTCGTTGA,SMC20,SMC20-T,Myofibroblasts,14234,0.0,1,1.20546368495842
SMC20-T_GTCATTTCACCGCTAG,SMC20,SMC20-T,Myofibroblasts,5558,0.0,1,0.623725892657979
SMC20-T_GTCCTCATCTCGATGA,SMC20,SMC20-T,Myofibroblasts,6419,0.0,1,0.328408990827272
SMC20-T_GTCGGGTTCACCATAG,SMC20,SMC20-T,Myofibroblasts,5258,0.0,1,0.364689336988123
SMC20-T_GTCTCGTCACCAACCG,SMC20,SMC20-T,Myofibroblasts,18349,0.0,1,0.303130922258241
SMC20-T_GTCTCGTTCCGCATAA,SMC20,SMC20-T,Myofibroblasts,1386,0.0,1,0.139561279801703
SMC20-T_GTCTTCGGTCCTAGCG,SMC20,SMC20-T,Myofibroblasts,10166,0.0,1,0.428043321680096
SMC20-T_GTGAAGGGTGTTGGGA,SMC20,SMC20-T,Myofibroblasts,6248,0.0,0,0.281465540514385
SMC20-T_GTGCAGCCACATTTCT,SMC20,SMC20-T,Myofibroblasts,9780,0.0,0,0.537166228252101
SMC20-T_GTGCATAAGAGAGCTC,SMC20,SMC20-T,Myofibroblasts,15583,0.0,1,0.546727683543983
SMC20-T_GTGCATAAGCACACAG,SMC20,SMC20-T,Myofibroblasts,14317,0.0,1,0.478083879856152
SMC20-T_GTGCTTCGTACTCAAC,SMC20,SMC20-T,Myofibroblasts,13920,0.0,0,0.292064506613484
SMC20-T_GTTACAGAGTCGTTTG,SMC20,SMC20-T,Myofibroblasts,15092,0.0,1,0.467795096512111
SMC20-T_GTTACAGGTGCACTTA,SMC20,SMC20-T,Myofibroblasts,7716,0.0,1,0.570833328494589
SMC20-T_GTTACAGTCGCGTTTC,SMC20,SMC20-T,Myofibroblasts,3258,0.0,0,0.279411747222489
SMC20-T_GTTCGGGCACATTCGA,SMC20,SMC20-T,Myofibroblasts,5362,0.0,1,0.715216859234653
SMC20-T_GTTCTCGGTAGCCTCG,SMC20,SMC20-T,Myofibroblasts,19607,0.0,1,0.311227338987696
SMC20-T_GTTCTCGTCGACCAGC,SMC20,SMC20-T,Myofibroblasts,7066,0.0,0,0.500499615354039
SMC20-T_TAAACCGCATGGATGG,SMC20,SMC20-T,Myofibroblasts,8386,0.0,1,0.458268255613484
SMC20-T_TAAGTGCCAACTGCGC,SMC20,SMC20-T,Myofibroblasts,13147,0.0,1,0.818049239248072
SMC20-T_TACCTTAAGTGCCATT,SMC20,SMC20-T,Myofibroblasts,20436,0.0,1,0.801599173166474
SMC20-T_TACCTTACACGGACAA,SMC20,SMC20-T,Myofibroblasts,12059,0.0,1,0.221753585777153
SMC20-T_TACGGATGTATAGGGC,SMC20,SMC20-T,Myofibroblasts,4208,0.0,0,0.288002263300856
SMC20-T_TACTCGCAGCCCAACC,SMC20,SMC20-T,Myofibroblasts,18415,0.0,1,0.440161767043525
SMC20-T_TACTCGCCATGCCCGA,SMC20,SMC20-T,Myofibroblasts,10339,0.0,1,0.454184891826103
SMC20-T_TACTTGTAGCCACTAT,SMC20,SMC20-T,Myofibroblasts,12930,0.0,1,0.409771789945441
SMC20-T_TACTTGTAGTACTTGC,SMC20,SMC20-T,Myofibroblasts,5730,0.0,1,0.271849544512117
SMC20-T_TAGACCACAATTCCTT,SMC20,SMC20-T,Myofibroblasts,17317,0.0,1,0.544342694267856
SMC20-T_TAGGCATGTCCGCTGA,SMC20,SMC20-T,Myofibroblasts,6548,0.0,1,0.351136833476057
SMC20-T_TATTACCCATGAAGTA,SMC20,SMC20-T,Myofibroblasts,9731,0.0,1,0.358683517056819
SMC20-T_TATTACCTCAGCGATT,SMC20,SMC20-T,Myofibroblasts,13919,0.0,1,0.347072604204123
SMC20-T_TCAACGATCCGTTGCT,SMC20,SMC20-T,Myofibroblasts,9453,0.0,1,0.808329174543654
SMC20-T_TCAATCTAGTACGCGA,SMC20,SMC20-T,Myofibroblasts,20283,0.0,1,0.71971878280977
SMC20-T_TCAGATGGTGGCAAAC,SMC20,SMC20-T,Myofibroblasts,4924,0.0,1,0.0400692836974167
SMC20-T_TCAGCTCTCTTTACAC,SMC20,SMC20-T,Myofibroblasts,10921,0.0,0,0.262168918251936
SMC20-T_TCAGGATGTGAGGCTA,SMC20,SMC20-T,Myofibroblasts,7442,0.0,1,0.151899441029625
SMC20-T_TCAGGTAAGCGTCTAT,SMC20,SMC20-T,Myofibroblasts,28891,0.0,1,0.433506490459933
SMC20-T_TCATTTGAGACTAGGC,SMC20,SMC20-T,Myofibroblasts,10657,0.0,1,0.191670687230608
SMC20-T_TCCACACTCTGAGTGT,SMC20,SMC20-T,Myofibroblasts,13254,0.0,1,0.216544168473929
SMC20-T_TCGAGGCAGGCCCTCA,SMC20,SMC20-T,Myofibroblasts,14751,0.0,1,0.584797823132733
SMC20-T_TCGGTAAGTGTGAATA,SMC20,SMC20-T,Myofibroblasts,13050,0.0,0,0.810311621032128
SMC20-T_TCGGTAATCTACCAGA,SMC20,SMC20-T,Myofibroblasts,11865,0.0,1,0.67058795456601
SMC20-T_TCTATTGGTTGCCTCT,SMC20,SMC20-T,Myofibroblasts,11617,0.0,1,0.227462021797095
SMC20-T_TCTCATATCGCATGGC,SMC20,SMC20-T,Myofibroblasts,8852,0.0,1,0.287469929933235
SMC20-T_TCTTTCCGTCTAGCGC,SMC20,SMC20-T,Myofibroblasts,13578,0.0,0,0.639176398125927
SMC20-T_TGAAAGACAGTAAGAT,SMC20,SMC20-T,Myofibroblasts,21055,0.0,1,0.653937319976635
SMC20-T_TGACAACTCGTGGTCG,SMC20,SMC20-T,Myofibroblasts,16186,0.0,1,0.486374097888746
SMC20-T_TGACGGCTCGATAGAA,SMC20,SMC20-T,Myofibroblasts,1856,0.0,0,0.314804948001342
SMC20-T_TGACTAGCACATAACC,SMC20,SMC20-T,Myofibroblasts,12327,0.0,1,0.462907651850132
SMC20-T_TGATTTCAGAACAATC,SMC20,SMC20-T,Myofibroblasts,3568,0.0,0,0.352852303688566
SMC20-T_TGATTTCGTCACCTAA,SMC20,SMC20-T,Myofibroblasts,9771,0.0,1,0.159316716679682
SMC20-T_TGCCCTAAGTATCGAA,SMC20,SMC20-T,Myofibroblasts,23268,0.0,1,0.866653879338301
SMC20-T_TGCGCAGGTCTCACCT,SMC20,SMC20-T,Myofibroblasts,10550,0.0,1,0.168041614815965
SMC20-T_TGCGCAGGTTACGCGC,SMC20,SMC20-T,Myofibroblasts,10488,0.0,1,0.572276862328964
SMC20-T_TGCGCAGTCCGCATAA,SMC20,SMC20-T,Myofibroblasts,15469,0.0,1,0.537942668270874
SMC20-T_TGCGGGTAGAAACCAT,SMC20,SMC20-T,Stromal 2,4848,0.0,1,0.333004024125402
SMC20-T_TGCGGGTTCGCACTCT,SMC20,SMC20-T,Myofibroblasts,15757,0.0,0,0.31031246032064
SMC20-T_TGCGTGGCACGGCGTT,SMC20,SMC20-T,Myofibroblasts,5007,0.0,1,0.186258249956743
SMC20-T_TGGCCAGTCACTTATC,SMC20,SMC20-T,Myofibroblasts,6980,0.0,1,0.39725526679603
SMC20-T_TGGCTGGAGAAACCTA,SMC20,SMC20-T,Myofibroblasts,20685,0.0,1,0.553450152380581
SMC20-T_TGGCTGGAGCAGATCG,SMC20,SMC20-T,Myofibroblasts,4634,0.0,1,0.530798240094236
SMC20-T_TGGCTGGAGTAGGTGC,SMC20,SMC20-T,Myofibroblasts,13147,0.0,1,0.0820534115176178
SMC20-T_TGGGAAGCAGACTCGC,SMC20,SMC20-T,Myofibroblasts,13152,0.0,0,0.838123868044087
SMC20-T_TGGGAAGGTCACCTAA,SMC20,SMC20-T,Myofibroblasts,10541,0.0,1,0.582354327297626
SMC20-T_TGGTTAGGTCATATCG,SMC20,SMC20-T,Myofibroblasts,12149,0.0,1,0.247083085369705
SMC20-T_TGTATTCGTTCGAATC,SMC20,SMC20-T,Myofibroblasts,8376,0.0,1,0.535634884680546
SMC20-T_TGTGGTACAATCGAAA,SMC20,SMC20-T,Myofibroblasts,3229,0.0,1,0.155151663317044
SMC20-T_TGTTCCGAGCCTTGAT,SMC20,SMC20-T,Myofibroblasts,14541,0.0,1,0.810684683885789
SMC20-T_TGTTCCGGTGAGTATA,SMC20,SMC20-T,Myofibroblasts,16487,0.0,1,0.43140713012187
SMC20-T_TTAACTCCACAACGTT,SMC20,SMC20-T,Myofibroblasts,15674,0.0,1,0.272408101544815
SMC20-T_TTAGGCATCCCAAGAT,SMC20,SMC20-T,Myofibroblasts,6347,0.0,1,0.282912721179262
SMC20-T_TTATGCTTCACTCTTA,SMC20,SMC20-T,Myofibroblasts,12296,0.0,1,0.476640812262051
SMC20-T_TTCGAAGAGGTGATTA,SMC20,SMC20-T,Myofibroblasts,11129,0.0,0,1.02199443061629
SMC20-T_TTCGGTCTCTACGAGT,SMC20,SMC20-T,Myofibroblasts,6510,0.0,1,0.775203981649481
SMC20-T_TTGAACGAGATGGGTC,SMC20,SMC20-T,Myofibroblasts,11054,0.0,1,0.507588263289869
SMC20-T_TTGACTTGTCTACCTC,SMC20,SMC20-T,Myofibroblasts,11264,0.0,1,0.371882051972193
SMC20-T_TTTCCTCAGGTAGCCA,SMC20,SMC20-T,Myofibroblasts,12381,0.0,1,0.523395851420184
SMC20-T_TTTCCTCCATCTATGG,SMC20,SMC20-T,Myofibroblasts,8836,0.0,1,0.489560835111693
SMC20-T_TTTGCGCTCAGTACGT,SMC20,SMC20-T,Myofibroblasts,8877,0.0,1,0.228925778978508
SMC20-T_TTTGTCAAGCTATGCT,SMC20,SMC20-T,Myofibroblasts,9639,0.0,1,0.632831450930254
SMC24-T_AACCGCGCAAGAAGAG,SMC24,SMC24-T,Myofibroblasts,12862,0.0,1,1.88491183671029
SMC24-T_ACAGCTAGTACACCGC,SMC24,SMC24-T,Myofibroblasts,23738,0.0,1,0.545345842509542
SMC24-T_ACCTTTAGTAGGGACT,SMC24,SMC24-T,Stromal 1,13692,0.0,0,1.4023322363461
SMC24-T_ACGAGCCCAAGAAAGG,SMC24,SMC24-T,Myofibroblasts,14509,0.0,1,0.673172948821335
SMC24-T_ACGAGGAAGTCGCCGT,SMC24,SMC24-T,Myofibroblasts,16967,0.0,1,0.561766271931444
SMC24-T_ACGAGGATCCGCTGTT,SMC24,SMC24-T,Myofibroblasts,18956,0.0,1,0.536323102976732
SMC24-T_ATGTGTGTCTCATTCA,SMC24,SMC24-T,Myofibroblasts,4651,0.0,1,0.387948750711974
SMC24-T_ATTCTACAGCCCTAAT,SMC24,SMC24-T,Myofibroblasts,17691,0.0,1,0.734719450649381
SMC24-T_CACATTTTCGCGTTTC,SMC24,SMC24-T,Myofibroblasts,10022,0.0,1,0.532953833504092
SMC24-T_CATATGGAGAGTCGGT,SMC24,SMC24-T,Myofibroblasts,4952,0.0,0,0.466588481586691
SMC24-T_CATGGCGAGAGTCGGT,SMC24,SMC24-T,Myofibroblasts,15637,0.0,0,0.642400267479818
SMC24-T_CCCAATCCATTCACTT,SMC24,SMC24-T,Stromal 1,10333,0.0,0,1.53071215418932
SMC24-T_CGCTTCATCACGATGT,SMC24,SMC24-T,Myofibroblasts,17754,0.0,1,0.606716809218129
SMC24-T_CGGACACTCGCGGATC,SMC24,SMC24-T,Myofibroblasts,28257,0.0,1,0.554971743306383
SMC24-T_CTCTGGTTCGAATCCA,SMC24,SMC24-T,Myofibroblasts,16054,0.0,1,0.809329925627083
SMC24-T_CTGAAGTAGTACATGA,SMC24,SMC24-T,Myofibroblasts,20546,0.0,1,0.542798155519501
SMC24-T_CTGAAGTAGTTCGATC,SMC24,SMC24-T,Stromal 1,29084,0.0,1,0.599076640963542
SMC24-T_GACCTGGCAGTAAGAT,SMC24,SMC24-T,Myofibroblasts,18694,0.0,1,0.360020099691846
SMC24-T_GACGTTAGTGTAAGTA,SMC24,SMC24-T,Myofibroblasts,13390,0.0,0,0.733924696551104
SMC24-T_GCACTCTGTCTCCACT,SMC24,SMC24-T,Myofibroblasts,21051,0.0,1,0.530752899752012
SMC24-T_GGACGTCAGGAGCGTT,SMC24,SMC24-T,Myofibroblasts,12231,0.0,1,0.425523383980938
SMC24-T_GTCAAGTAGCTCCCAG,SMC24,SMC24-T,Stromal 1,6733,0.0,1,0.650789579183375
SMC24-T_GTGCGGTGTCTGCGGT,SMC24,SMC24-T,Stromal 2,5676,0.0,0,0.512471897145658
SMC24-T_TACTCGCTCTCATTCA,SMC24,SMC24-T,Myofibroblasts,23267,0.0,1,1.00711233554226
SMC24-T_TACTTACAGCGCCTTG,SMC24,SMC24-T,Stromal 3,19333,0.0,1,0.610071734939576
SMC24-T_TATTACCGTCGGATCC,SMC24,SMC24-T,Myofibroblasts,17291,0.0,1,0.816055721017202
SMC24-T_TCTGGAAAGCTACCGC,SMC24,SMC24-T,Myofibroblasts,2200,0.0,0,0.0508731314223434
SMC24-T_TGACAACTCCCTAACC,SMC24,SMC24-T,Myofibroblasts,16313,0.0,1,0.612574351873545
