"draw","median_patient_mean_difference"
1,-0.13827036187394
2,-0.113208382780872
3,-0.0954233689068865
4,-0.103461942644836
5,-0.093391776175825
6,-0.105378164988454
7,-0.119724218543261
8,-0.12051108562968
9,-0.120438431744962
10,-0.118670590817121
11,-0.111087690698045
12,-0.0880079718603903
13,-0.133193315200193
14,-0.118291397463007
15,-0.128201147336436
16,-0.0892751069016756
17,-0.110220514758305
18,-0.106021070190569
19,-0.106819169491824
20,-0.10648011714472
21,-0.104233531417546
22,-0.117347107609267
23,-0.124737236144182
24,-0.0929022761568176
25,-0.106944049546169
26,-0.104338389330378
27,-0.117047196599694
28,-0.0933169876005335
29,-0.0947183798849844
30,-0.101691444277951
31,-0.0912354042480188
32,-0.131083586936158
33,-0.116795521263843
34,-0.0978057111401614
35,-0.0872166070358025
36,-0.113754227035154
37,-0.112609793578001
38,-0.121791645368445
39,-0.097326185619289
40,-0.0681536489849144
41,-0.0951651144478119
42,-0.103097881171528
43,-0.102631775999952
44,-0.112400855911723
45,-0.120888248310257
46,-0.106382389138518
47,-0.120421158357268
48,-0.10407666843139
49,-0.133879747236636
50,-0.126790650236132
51,-0.108237631434026
52,-0.0849517339456618
53,-0.105635851030448
54,-0.0944207491710642
55,-0.099440488856683
56,-0.132778790191444
57,-0.102303915426479
58,-0.099932506920817
59,-0.112691398176634
60,-0.112714770189204
61,-0.0968114358588226
62,-0.142744505497994
63,-0.0882723261479213
64,-0.114893323263065
65,-0.117766885967895
66,-0.106636177924701
67,-0.116268706029442
68,-0.0716030259555561
69,-0.0891214785720022
70,-0.109234663808637
71,-0.0944643206726454
72,-0.106636853741675
73,-0.112138815048717
74,-0.105851076513748
75,-0.102847298948357
76,-0.101950326723599
77,-0.124191774283281
78,-0.112321115266349
79,-0.120472199701371
80,-0.1014475842423
81,-0.118262669912806
82,-0.117410396476292
83,-0.111767658694552
84,-0.124589259765298
85,-0.103867206704903
86,-0.107566036646872
87,-0.128259085135058
88,-0.112658162312274
89,-0.122319186665163
90,-0.109501218566373
91,-0.132765189746309
92,-0.104128851566595
93,-0.116501018815711
94,-0.105877710608426
95,-0.0926300248842278
96,-0.0965808540124868
97,-0.129584667169249
98,-0.107659911930175
99,-0.0713613554578832
100,-0.113187749028278
101,-0.109455072334838
102,-0.0880301308402125
103,-0.0990262561870375
104,-0.11040741062654
105,-0.119987952443928
106,-0.12626860365802
107,-0.0981576272136978
108,-0.13313049219558
109,-0.111657012617061
110,-0.109985397236281
111,-0.101159091661323
112,-0.128778767498712
113,-0.104938842113921
114,-0.118163118645959
115,-0.0920818650056777
116,-0.11018287507632
117,-0.110617760423588
118,-0.109510029791219
119,-0.112635267621253
120,-0.118755159468339
121,-0.0961427674101063
122,-0.0887414994443903
123,-0.130251014072284
124,-0.0955040705729179
125,-0.120961461005062
126,-0.116573870136702
127,-0.0919068965292091
128,-0.104246871752682
129,-0.102004004555916
130,-0.121941698284528
131,-0.0842401017750905
132,-0.0965025208555691
133,-0.108220522852038
134,-0.108082682718593
135,-0.13421312613686
136,-0.106765712190462
137,-0.114906496087672
138,-0.112884288504903
139,-0.0827954358445593
140,-0.124460578701069
141,-0.106329047516336
142,-0.093525783309811
143,-0.109658813737787
144,-0.0936070922968739
145,-0.111615591386774
146,-0.119197757515574
147,-0.108828032023634
148,-0.102411989282099
149,-0.115958454183464
150,-0.101808411448233
151,-0.112696854922269
152,-0.0954706903196216
153,-0.123260764455656
154,-0.0989978032728577
155,-0.137681809708005
156,-0.119135327308641
157,-0.120512058058896
158,-0.10317746725602
159,-0.118767524008344
160,-0.13902575641653
161,-0.0986246788939297
162,-0.115006404887906
163,-0.10904604634458
164,-0.127125025746775
165,-0.120074559417621
166,-0.127252916467906
167,-0.1100886622696
168,-0.0951198664773427
169,-0.0951285083821936
170,-0.129086722560338
171,-0.126091319308878
172,-0.115921633255054
173,-0.113112313109315
174,-0.103276176222359
175,-0.131846318865217
176,-0.103208703729545
177,-0.0867384275204266
178,-0.123067469537932
179,-0.0940071880611494
180,-0.123939634792351
181,-0.124924282309927
182,-0.110301850692563
183,-0.116200297572691
184,-0.110807472298969
185,-0.0984439286837687
186,-0.0841668529147396
187,-0.116305206406457
188,-0.11623894640534
189,-0.0956496680989156
190,-0.116471432012317
191,-0.0994452380536996
192,-0.105180094710863
193,-0.134842366143541
194,-0.118336636652178
195,-0.132594023867395
196,-0.115039914724339
197,-0.12404192932195
198,-0.0971896453633286
199,-0.0925580087936299
200,-0.101737533712819
201,-0.101374563782138
202,-0.107241179629371
203,-0.120915597006301
204,-0.103069406669771
205,-0.0877682503449747
206,-0.119378118975952
207,-0.126130143875378
208,-0.0725920773398689
209,-0.104489354374468
210,-0.0965142497197208
211,-0.119623232812802
212,-0.111664742055463
213,-0.118922097812264
214,-0.107558731074965
215,-0.116383291804281
216,-0.11499745413594
217,-0.0914547507090534
218,-0.104801091927436
219,-0.133530952514667
220,-0.0987920447154871
221,-0.107511272232077
222,-0.132554682897075
223,-0.107747630373116
224,-0.116073365359667
225,-0.105000005501108
226,-0.0916163294335299
227,-0.12462765195311
228,-0.109884780453529
229,-0.133233334490892
230,-0.102890925350374
231,-0.114087555549982
232,-0.120562426775886
233,-0.102377463847198
234,-0.113601662328474
235,-0.150920268875316
236,-0.121464464266457
237,-0.10881471200722
238,-0.125877965752614
239,-0.117430530563347
240,-0.120169983321882
241,-0.0988621289686473
242,-0.117759481862015
243,-0.103078583711564
244,-0.0885862919298165
245,-0.121864603072203
246,-0.11171809228557
247,-0.115757426481646
248,-0.125955245289661
249,-0.0915502850941443
250,-0.126908981512482
251,-0.0979264080881372
252,-0.126642416390798
253,-0.113375815467652
254,-0.130412652833702
255,-0.0951389841276894
256,-0.0690287796984112
257,-0.10215286977107
258,-0.106756591596385
259,-0.10497196973952
260,-0.113455813614439
261,-0.120636103789859
262,-0.113606833959238
263,-0.115357469196748
264,-0.0969330831665798
265,-0.100506017449002
266,-0.105622625054673
267,-0.107377486592424
268,-0.119294156505224
269,-0.0842435958979061
270,-0.109478226691547
271,-0.107461738972582
272,-0.0909919188329816
273,-0.121837295100902
274,-0.123510216417639
275,-0.106935908476125
276,-0.112647649747198
277,-0.129048171817467
278,-0.110859041213234
279,-0.11988930767332
280,-0.100321287750297
281,-0.0991253337025678
282,-0.102720284759673
283,-0.103236943597598
284,-0.111398263611834
285,-0.12310224711525
286,-0.102509236499481
287,-0.0883629920385951
288,-0.105004211741607
289,-0.102725824954942
290,-0.120743365253217
291,-0.108704962293454
292,-0.123458239814175
293,-0.122400434171397
294,-0.111412430672983
295,-0.0769219414265496
296,-0.10422733145386
297,-0.0996937264089549
298,-0.11604013095428
299,-0.121027659200297
300,-0.111912751851308
301,-0.114683907282221
302,-0.121974992539759
303,-0.108848158800901
304,-0.100642917820216
305,-0.130355554008848
306,-0.0961145431131751
307,-0.118132068559265
308,-0.0933461614354757
309,-0.0821772295523441
310,-0.119049705296852
311,-0.107627097177793
312,-0.100675501962639
313,-0.116966015334559
314,-0.109280333611715
315,-0.11143919134509
316,-0.111367699375361
317,-0.128526090466031
318,-0.0951313055424219
319,-0.0731201845277152
320,-0.102555037160001
321,-0.113180874069422
322,-0.12677813134363
323,-0.110248123419653
324,-0.0923257534885375
325,-0.108496861061756
326,-0.111608970909872
327,-0.095100875521001
328,-0.105118834518222
329,-0.115896965182876
330,-0.101631222727513
331,-0.0935774172586158
332,-0.102685934985413
333,-0.0972983762282993
334,-0.088522484051493
335,-0.125157789882842
336,-0.119415373379371
337,-0.118928963060645
338,-0.0770137674541854
339,-0.122650334185026
340,-0.114810044663993
341,-0.118885357428398
342,-0.133737221367009
343,-0.123028739382591
344,-0.120020056175063
345,-0.123864995561518
346,-0.114685092726454
347,-0.108108683532719
348,-0.0970000568534659
349,-0.109738026058196
350,-0.115722594279737
351,-0.123003555097671
352,-0.118670838886799
353,-0.112759797151252
354,-0.127208596866536
355,-0.105094783938422
356,-0.0903615144840588
357,-0.1177936462663
358,-0.111169173281246
359,-0.10932699835818
360,-0.109015804361354
361,-0.108470996480907
362,-0.0943590360772885
363,-0.120612795889913
364,-0.0925760233987629
365,-0.113308551693786
366,-0.125257229086396
367,-0.116775922937668
368,-0.101551280823931
369,-0.118100762523795
370,-0.0856073032391358
371,-0.0920648599881287
372,-0.110400783833087
373,-0.109367564271896
374,-0.117119474201749
375,-0.114338690555148
376,-0.0820577891437168
377,-0.0913355145766894
378,-0.111693182648691
379,-0.109552293406438
380,-0.0931450870476744
381,-0.0977552056716259
382,-0.112097337628115
383,-0.114665520745712
384,-0.0925579182029813
385,-0.102354525955192
386,-0.107167163866366
387,-0.0824572802761342
388,-0.0902458595616087
389,-0.0816774472334036
390,-0.112622761395902
391,-0.117407154255992
392,-0.0988012422898251
393,-0.100250354395609
394,-0.114777115299808
395,-0.113962020820614
396,-0.116919510520135
397,-0.120592393605614
398,-0.122792448955545
399,-0.114242250937643
400,-0.110270068722204
401,-0.10921694330099
402,-0.108322990627276
403,-0.106660817682858
404,-0.077249134062556
405,-0.106025566407385
406,-0.117067718854062
407,-0.101529594387521
408,-0.115135470651944
409,-0.119456707127918
410,-0.114850221817451
411,-0.112874448343573
412,-0.109033469141961
413,-0.0875357257829977
414,-0.102731523878263
415,-0.112166857415925
416,-0.0958141921350998
417,-0.0941139313188563
418,-0.128953751442588
419,-0.10659115424607
420,-0.0968845766041443
421,-0.119723945074039
422,-0.120439280037234
423,-0.104781387402592
424,-0.118093932248166
425,-0.112088096677387
426,-0.10215871514827
427,-0.12816758782198
428,-0.087915679754859
429,-0.113661456567758
430,-0.12342331718583
431,-0.0814586605533936
432,-0.10112521396824
433,-0.0946777241638869
434,-0.105292448608668
435,-0.134652960740033
436,-0.139562032465785
437,-0.101279726071165
438,-0.114503039655429
439,-0.1113732870341
440,-0.111796169184292
441,-0.102811993973509
442,-0.0944741524526587
443,-0.137073422070588
444,-0.117495433879949
445,-0.0980939488559669
446,-0.11936608951137
447,-0.105328822686439
448,-0.109611952174573
449,-0.122765541817919
450,-0.102093709480275
451,-0.128084445342277
452,-0.104928109949007
453,-0.10637406621885
454,-0.138695350554599
455,-0.103568786719209
456,-0.0835994047621869
457,-0.10401493805306
458,-0.0778390271077963
459,-0.128012354825231
460,-0.118203235088176
461,-0.12193835531402
462,-0.143545401380892
463,-0.0831116138308955
464,-0.112392511376522
465,-0.0898888912586018
466,-0.0889498007643207
467,-0.0821250900322791
468,-0.12118837821069
469,-0.105837875150496
470,-0.0956856090453431
471,-0.108194924597906
472,-0.123859525673431
473,-0.0778634582506918
474,-0.0946186594097724
475,-0.116941722582043
476,-0.13335153204204
477,-0.110647302273534
478,-0.102183855956347
479,-0.112208122931567
480,-0.0980803859576693
481,-0.129736670889752
482,-0.110122320756533
483,-0.100792681424002
484,-0.114391939951266
485,-0.0906915017598807
486,-0.133161457400135
487,-0.117890744031008
488,-0.103502885152388
489,-0.124623459778074
490,-0.117669484955923
491,-0.114852333044563
492,-0.128533101604704
493,-0.154922493581942
494,-0.10413709532918
495,-0.0992574232792662
496,-0.121966299882414
497,-0.103311347120188
498,-0.127438070480914
499,-0.10040409335195
500,-0.107953896131018
501,-0.125345032424457
502,-0.083401323305558
503,-0.126510042401925
504,-0.0941288936542118
505,-0.120891511475321
506,-0.0988891679173602
507,-0.0931098693209477
508,-0.116176251322957
509,-0.109742162753415
510,-0.0983691873834514
511,-0.100198082842707
512,-0.129904995727626
513,-0.101821329413664
514,-0.125263025397667
515,-0.119754941350356
516,-0.121290910250873
517,-0.100307738721439
518,-0.101259869267366
519,-0.105421717439717
520,-0.124398915322551
521,-0.0981924014907282
522,-0.132614400261032
523,-0.119449867452786
524,-0.0928669081770948
525,-0.114045297184785
526,-0.105419436676319
527,-0.111852619774311
528,-0.112031606273409
529,-0.111682372377221
530,-0.12178164017911
531,-0.126478634356836
532,-0.09492084371778
533,-0.111675993162904
534,-0.0960610178037655
535,-0.0787859741573814
536,-0.113390428903853
537,-0.119492135830589
538,-0.125069630167659
539,-0.11541811426597
540,-0.119948621075854
541,-0.123387682211057
542,-0.112463536368161
543,-0.12097206964931
544,-0.0909506677352653
545,-0.0995105748716907
546,-0.106275267762544
547,-0.113367841417452
548,-0.0961454196072149
549,-0.0765573948186978
550,-0.126365984523914
551,-0.0753324650508953
552,-0.113220891232824
553,-0.125061391261998
554,-0.0972945830235789
555,-0.113593032850218
556,-0.11083120304324
557,-0.112859405599011
558,-0.120366157883588
559,-0.125512825630061
560,-0.106325430781179
561,-0.102414987103012
562,-0.102492696544238
563,-0.114496411865644
564,-0.125296943527886
565,-0.119113673596679
566,-0.129838055087816
567,-0.0879763783147712
568,-0.119181840092479
569,-0.0987441547644193
570,-0.0984657931279436
571,-0.119466965857076
572,-0.0940853435100796
573,-0.10837846373312
574,-0.0954662834838818
575,-0.120580225211427
576,-0.119942650484035
577,-0.108647894875954
578,-0.11870057900427
579,-0.117706244100628
580,-0.118821356263813
581,-0.113708020389716
582,-0.114550045090347
583,-0.0999526705313907
584,-0.114965302382074
585,-0.117697067047258
586,-0.0887934280152576
587,-0.0841459434850601
588,-0.0998783986035545
589,-0.0931639181544142
590,-0.120395485992192
591,-0.12894179129427
592,-0.119513931508823
593,-0.117026136430626
594,-0.106701378836855
595,-0.122260757283114
596,-0.118559635821178
597,-0.108277515919841
598,-0.0847521286706718
599,-0.125571047489552
600,-0.107548754565887
601,-0.0971866515274241
602,-0.108688885659486
603,-0.115377930726727
604,-0.0712470631687264
605,-0.126733809469364
606,-0.0987397238781669
607,-0.0845636221421477
608,-0.0968724526654179
609,-0.123915290252482
610,-0.111817951831043
611,-0.117038919278307
612,-0.126328015938106
613,-0.114637050070922
614,-0.0928356047873276
615,-0.111813763177713
616,-0.0810835949998437
617,-0.100140087164275
618,-0.09811861029376
619,-0.10310980634085
620,-0.0988706859248926
621,-0.12753495966679
622,-0.0913420685830173
623,-0.103154778325661
624,-0.10908046984661
625,-0.10037362250062
626,-0.106190169914006
627,-0.1068862838997
628,-0.0927782481525942
629,-0.111073843523987
630,-0.0933336831382552
631,-0.104381924840581
632,-0.100037921924462
633,-0.0967785569669652
634,-0.111325118338629
635,-0.124778123054141
636,-0.103668340829252
637,-0.119426214147601
638,-0.11902801825667
639,-0.115770538908971
640,-0.0998851522804396
641,-0.117980658743219
642,-0.10491221801771
643,-0.131627117613448
644,-0.113839179165153
645,-0.101481099273385
646,-0.126869927812875
647,-0.0826990729573048
648,-0.0952528117471583
649,-0.0887086826816826
650,-0.0996442962217785
651,-0.121682782161295
652,-0.0753808212738338
653,-0.0978003663010002
654,-0.122903158651306
655,-0.0959461848197405
656,-0.121719350964685
657,-0.105634610670845
658,-0.108228671521792
659,-0.115032798113295
660,-0.11574990452744
661,-0.0917844303603847
662,-0.0956930666817372
663,-0.112224373349372
664,-0.105838825026319
665,-0.094646317696044
666,-0.0947073167846513
667,-0.100787458239251
668,-0.109696398068962
669,-0.0964358614135049
670,-0.120585400863149
671,-0.100820716091795
672,-0.111059170373971
673,-0.138199510586867
674,-0.10615638607715
675,-0.12709227360174
676,-0.125252773220108
677,-0.109176691827315
678,-0.109285570984838
679,-0.106571309764214
680,-0.10434948509484
681,-0.120414629855425
682,-0.102209726585813
683,-0.0968335920612486
684,-0.0873646789856978
685,-0.0884039453813658
686,-0.104097393307995
687,-0.12504390416377
688,-0.124995983031486
689,-0.0941660977816306
690,-0.103545831610919
691,-0.110415181051574
692,-0.0995162443244595
693,-0.138251747567613
694,-0.0889519522343675
695,-0.123656726330887
696,-0.0928893971763236
697,-0.110583657169899
698,-0.0805489909728295
699,-0.114778263894536
700,-0.107030385605569
701,-0.125154039238213
702,-0.0728063850201945
703,-0.0831599267468866
704,-0.0937782438805158
705,-0.134083587658441
706,-0.0934339353589907
707,-0.104189100674684
708,-0.0821716397770259
709,-0.123176626235151
710,-0.125089603444041
711,-0.111934252694073
712,-0.10828328051903
713,-0.147845624647501
714,-0.113627125627532
715,-0.0900834828639788
716,-0.075765270378269
717,-0.0919190305075851
718,-0.10397796157789
719,-0.0880835371909048
720,-0.115113627624367
721,-0.111514429297549
722,-0.120836805846553
723,-0.108527927311335
724,-0.110553670593943
725,-0.118486717669518
726,-0.0879676601220515
727,-0.108513835244907
728,-0.100954912667659
729,-0.0986555226550023
730,-0.12893236495956
731,-0.11769406122359
732,-0.110316554141458
733,-0.114434188701485
734,-0.0788156959277422
735,-0.0956029797152863
736,-0.113044932570922
737,-0.0982567977177127
738,-0.123379816942867
739,-0.104932689048413
740,-0.108262847365312
741,-0.119203220428301
742,-0.0911445649545536
743,-0.136978020704694
744,-0.120426524525832
745,-0.11619684367262
746,-0.119734419457339
747,-0.0968138733106271
748,-0.0942183059570382
749,-0.0893502823710957
750,-0.0823286901937862
751,-0.134896600691949
752,-0.106986059780116
753,-0.106227389625076
754,-0.0977024558249074
755,-0.11799797207555
756,-0.0815969759529591
757,-0.0993981223895088
758,-0.0861689100084245
759,-0.125546959194035
760,-0.108546575202296
761,-0.12000766483752
762,-0.0990442941614655
763,-0.107384284915524
764,-0.112741827676554
765,-0.119718127162878
766,-0.125721656503131
767,-0.108239213834039
768,-0.112907366868676
769,-0.104084850295722
770,-0.11200772808795
771,-0.128443092463899
772,-0.0946864179991731
773,-0.10567242988083
774,-0.133232690433486
775,-0.0921281845775169
776,-0.11464280420708
777,-0.118964080483043
778,-0.122924404026243
779,-0.0967020887402529
780,-0.0932897895251209
781,-0.104887078091213
782,-0.077999679028193
783,-0.104462336800223
784,-0.106422498790134
785,-0.0991717054929485
786,-0.0927712285247582
787,-0.113026165377521
788,-0.118148717526542
789,-0.121445686638567
790,-0.106000091130298
791,-0.134374727877168
792,-0.110814469194727
793,-0.12588673325625
794,-0.101213059662683
795,-0.130842655234011
796,-0.0825888418900637
797,-0.130946996350501
798,-0.0702954935567129
799,-0.117845633788105
800,-0.09730155873256
801,-0.120613568346108
802,-0.118850494919215
803,-0.105479901396631
804,-0.100113758574995
805,-0.11531388160985
806,-0.0691690037790274
807,-0.096337729159899
808,-0.127174009384581
809,-0.126931422462169
810,-0.127588266577064
811,-0.0764366095661275
812,-0.0883667289985989
813,-0.117895898530652
814,-0.0940188307084955
815,-0.103905215007663
816,-0.0993456209704083
817,-0.130477954788229
818,-0.0920968156233803
819,-0.139038725505243
820,-0.101462675825321
821,-0.105865761921328
822,-0.10888824319051
823,-0.0928713873286509
824,-0.135193570637056
825,-0.100025581188894
826,-0.104497046739587
827,-0.0990421074714771
828,-0.11799749902624
829,-0.0944717121737447
830,-0.125446454658051
831,-0.0720106709639531
832,-0.084090574767212
833,-0.0610757171230739
834,-0.102360991458769
835,-0.0983206958260524
836,-0.0969505300285111
837,-0.0785667045851957
838,-0.112242745943006
839,-0.127707508488614
840,-0.0991758647860881
841,-0.0858287223149895
842,-0.108402850058668
843,-0.105463831751309
844,-0.113095635250874
845,-0.0848131837839586
846,-0.121171161391949
847,-0.106758247963716
848,-0.123664752834941
849,-0.139004003182798
850,-0.11498780477861
851,-0.127919327036694
852,-0.0950967939941518
853,-0.112871759746625
854,-0.0967666508014818
855,-0.112681209747316
856,-0.0958710418621728
857,-0.117106815027082
858,-0.111572036899245
859,-0.0862305994904752
860,-0.114970252171275
861,-0.0900047948610387
862,-0.11257219333474
863,-0.109077293022158
864,-0.0980542147265606
865,-0.112284950917402
866,-0.103664562998607
867,-0.0853343153284283
868,-0.0980207830025987
869,-0.134028804303378
870,-0.117008215022258
871,-0.107479586531843
872,-0.0837020599984199
873,-0.123670974938137
874,-0.125860425673728
875,-0.096686979053629
876,-0.0894734019294733
877,-0.0901450938313764
878,-0.114560002649957
879,-0.114868127548236
880,-0.121475673696833
881,-0.0891558855550194
882,-0.0969214438273615
883,-0.0877660887793878
884,-0.0889890705915579
885,-0.0783151868435345
886,-0.100837959367952
887,-0.098811290535046
888,-0.0799115614915986
889,-0.093768857502471
890,-0.124888303174976
891,-0.114207107874193
892,-0.100519306465295
893,-0.102193914036153
894,-0.126283625707338
895,-0.0803954477031534
896,-0.0834001841068507
897,-0.112293658587435
898,-0.123992639162872
899,-0.126805838573431
900,-0.100022892666989
901,-0.103908315366833
902,-0.0982899068778023
903,-0.124192928158304
904,-0.111636433693189
905,-0.103360765183668
906,-0.121767006116599
907,-0.103621558170519
908,-0.1121664514312
909,-0.0759770992370353
910,-0.113583972598691
911,-0.102001657878875
912,-0.100499573830803
913,-0.121209461435797
914,-0.113679587017768
915,-0.116434036825065
916,-0.114456613952127
917,-0.0794800805499033
918,-0.103750473851386
919,-0.128809662276068
920,-0.109788813456286
921,-0.117381174889817
922,-0.124315960381469
923,-0.116705582399503
924,-0.0906241938532668
925,-0.111598495669802
926,-0.108212954326213
927,-0.0905720134269977
928,-0.0959667404155891
929,-0.116374628764298
930,-0.082351678769581
931,-0.118592822986122
932,-0.110515287541025
933,-0.137990976975258
934,-0.132411901133337
935,-0.0979164294289156
936,-0.106218253758311
937,-0.109520551627797
938,-0.126566272019193
939,-0.104188429649989
940,-0.0905390817019148
941,-0.0829494636297815
942,-0.109469682109811
943,-0.104168717273594
944,-0.121980376907938
945,-0.098879109963154
946,-0.0845071738048573
947,-0.102533779081815
948,-0.105507292320243
949,-0.113009388452916
950,-0.12907063515888
951,-0.121648513925243
952,-0.096699487700807
953,-0.133329173171524
954,-0.096998659578002
955,-0.0970920388214998
956,-0.104981140097301
957,-0.0823882813649767
958,-0.0965833174826573
959,-0.115675346162422
960,-0.119173100323962
961,-0.0826273014085021
962,-0.0768966439721974
963,-0.114381340304331
964,-0.140026253020718
965,-0.120628820237247
966,-0.0694338178705133
967,-0.0995696952283198
968,-0.108643057122835
969,-0.105795999407606
970,-0.124190813511362
971,-0.1453550796948
972,-0.107783523159266
973,-0.0810164390867617
974,-0.109627374228273
975,-0.0977021539018306
976,-0.112763050495298
977,-0.110182910008656
978,-0.106136623930996
979,-0.119335519383403
980,-0.113575378200727
981,-0.136918584207001
982,-0.118602921727999
983,-0.106511788062243
984,-0.124191176053938
985,-0.112751871744969
986,-0.112110734319281
987,-0.109011367167022
988,-0.117019979000514
989,-0.106178324432706
990,-0.103867517779662
991,-0.122429850579365
992,-0.0846569589469596
993,-0.0992098729277965
994,-0.106059826754521
995,-0.10381225519212
996,-0.0890223577439685
997,-0.1062285902094
998,-0.098826383520997
999,-0.128675918368282
1000,-0.101590734395497
1001,-0.122343420613958
1002,-0.128733892226588
1003,-0.0835266895047187
1004,-0.102826219382737
1005,-0.09611390597967
1006,-0.123126436376429
1007,-0.0985539339467412
1008,-0.118565428625754
1009,-0.106824558017858
1010,-0.12329815549838
1011,-0.104933297052903
1012,-0.127812313155258
1013,-0.117687108652515
1014,-0.0722908201883299
1015,-0.120675549162369
1016,-0.0768234831834572
1017,-0.112856999698246
1018,-0.124197404716463
1019,-0.105146807899556
1020,-0.127805009511171
1021,-0.104683271220907
1022,-0.127500691522946
1023,-0.0961250258548536
1024,-0.111075107663747
1025,-0.122017421455998
1026,-0.0850488890993388
1027,-0.0978618961283747
1028,-0.104914354476167
1029,-0.106238329673825
1030,-0.129098763355681
1031,-0.116400322691773
1032,-0.112275051426564
1033,-0.10382202748409
1034,-0.0842014166540983
1035,-0.0960574949748032
1036,-0.116050114245183
1037,-0.103626281299548
1038,-0.0952538519400116
1039,-0.121048774228121
1040,-0.114845142961544
1041,-0.10581933856471
1042,-0.122096026670731
1043,-0.116151520217028
1044,-0.0905830806354391
1045,-0.119575101460452
1046,-0.0989164239657248
1047,-0.0878367481984601
1048,-0.104220313417288
1049,-0.139738391350528
1050,-0.0999966210291375
1051,-0.115766245711187
1052,-0.0803355738939917
1053,-0.0938597700889912
1054,-0.0935838593014063
1055,-0.117895339144437
1056,-0.0894339758641908
1057,-0.102462218150621
1058,-0.113774939896849
1059,-0.114006219423898
1060,-0.126357147259381
1061,-0.0960201401274499
1062,-0.119127330783001
1063,-0.108102769762797
1064,-0.124706963707394
1065,-0.0975872761855795
1066,-0.123777944491422
1067,-0.100190391188027
1068,-0.107815514918741
1069,-0.106316271910442
1070,-0.100017375594816
1071,-0.13020086950786
1072,-0.0843581895746625
1073,-0.115427772489913
1074,-0.122957225234618
1075,-0.122890768787956
1076,-0.0909632724506331
1077,-0.102739691631885
1078,-0.109340460109974
1079,-0.0888433666007593
1080,-0.0968915170310798
1081,-0.107098110742858
1082,-0.105222704260651
1083,-0.111546162242643
1084,-0.0959411332336586
1085,-0.0955263902685264
1086,-0.108853386027005
1087,-0.101779220435585
1088,-0.11395031332915
1089,-0.12030412190028
1090,-0.114061456050595
1091,-0.0870038370266331
1092,-0.121433266406446
1093,-0.0966057098837581
1094,-0.111074320523915
1095,-0.128209747529767
1096,-0.106684272290475
1097,-0.111889418280952
1098,-0.120604157220561
1099,-0.130839884337601
1100,-0.110682759838063
1101,-0.0977709150581951
1102,-0.131888890744951
1103,-0.10574801595997
1104,-0.0971673816710871
1105,-0.109293327471766
1106,-0.0969153600713907
1107,-0.11445293530416
1108,-0.108624948307464
1109,-0.103196826161594
1110,-0.116083788370127
1111,-0.112935428479715
1112,-0.135119965316716
1113,-0.118405477300633
1114,-0.128814202518176
1115,-0.102422971726453
1116,-0.12149535320668
1117,-0.113757083000356
1118,-0.141864758973834
1119,-0.109397876760303
1120,-0.0922839293975432
1121,-0.130159865736581
1122,-0.0800328582588636
1123,-0.109463906354993
1124,-0.126296370240212
1125,-0.097641408766114
1126,-0.0920858201348777
1127,-0.107968239912262
1128,-0.120796813751293
1129,-0.0943012670034364
1130,-0.110647130982856
1131,-0.0982400987153101
1132,-0.109317628773365
1133,-0.12070774700578
1134,-0.137029141055649
1135,-0.104260927707993
1136,-0.118401872997884
1137,-0.099287923544935
1138,-0.119379505519379
1139,-0.0873894414511567
1140,-0.0973640560738727
1141,-0.101323703312002
1142,-0.137759825649284
1143,-0.107908719283368
1144,-0.109562887478574
1145,-0.114487624219523
1146,-0.0922727035024959
1147,-0.104759968690852
1148,-0.0847942354431319
1149,-0.109285494341555
1150,-0.0917727051447698
1151,-0.115975928092321
1152,-0.10243471208722
1153,-0.0975539808347556
1154,-0.0761751746456407
1155,-0.0612174645218117
1156,-0.105086825419497
1157,-0.0903570870621109
1158,-0.0816665935189759
1159,-0.125455739414229
1160,-0.0662682314549987
1161,-0.102777803023833
1162,-0.125588204706336
1163,-0.0827757997318844
1164,-0.122531205958677
1165,-0.110813747994609
1166,-0.0849300250285841
1167,-0.124368683612174
1168,-0.118173006457623
1169,-0.0951064019377877
1170,-0.102941514170515
1171,-0.0942231374242909
1172,-0.112621393193857
1173,-0.110664575224263
1174,-0.0894933223193106
1175,-0.0891835817555108
1176,-0.104810558420863
1177,-0.0994556930171579
1178,-0.118899774939701
1179,-0.120347163185588
1180,-0.116588579390476
1181,-0.0973784550013866
1182,-0.11524946114245
1183,-0.105189724139783
1184,-0.0922723568527753
1185,-0.0758086672260271
1186,-0.104253115878762
1187,-0.128151169910329
1188,-0.0918785946137262
1189,-0.108545732589272
1190,-0.115200129206248
1191,-0.105008250413264
1192,-0.0935566516217182
1193,-0.105245250902879
1194,-0.0961047032328708
1195,-0.0937995440250756
1196,-0.0714897026273397
1197,-0.124357284565186
1198,-0.123167236300004
1199,-0.117880090703557
1200,-0.120743207542031
1201,-0.10980881153069
1202,-0.114793670774382
1203,-0.113972392811586
1204,-0.123218847983382
1205,-0.12439077629819
1206,-0.0990172117004375
1207,-0.110296180310805
1208,-0.0942280129892467
1209,-0.106211824142631
1210,-0.118930602310311
1211,-0.0920090151432996
1212,-0.0683953678127541
1213,-0.0898796649328087
1214,-0.116197672691338
1215,-0.143386470040972
1216,-0.0994133255838516
1217,-0.111037085484545
1218,-0.112403483467558
1219,-0.11268097137805
1220,-0.111877565514292
1221,-0.114217289158328
1222,-0.0957068551304585
1223,-0.130503312165815
1224,-0.056311620628065
1225,-0.0963892305244875
1226,-0.11433807544792
1227,-0.122569952415424
1228,-0.0940196741287612
1229,-0.108163498393176
1230,-0.113625840155371
1231,-0.0971096246761153
1232,-0.0999883514766585
1233,-0.0875043179609049
1234,-0.0939613530813893
1235,-0.118232005976495
1236,-0.105666458061126
1237,-0.104630579928719
1238,-0.110730922399775
1239,-0.112699420674817
1240,-0.105327091942819
1241,-0.106594747564663
1242,-0.102455561211717
1243,-0.106699255309803
1244,-0.114668225877656
1245,-0.129209737640352
1246,-0.101293586568896
1247,-0.114154045834878
1248,-0.121239196701437
1249,-0.138127440306965
1250,-0.118437236176582
1251,-0.095209943442002
1252,-0.107780339642272
1253,-0.124841705485351
1254,-0.0805891139930155
1255,-0.118336998273475
1256,-0.116741405440915
1257,-0.106553364060031
1258,-0.115051857178684
1259,-0.130012617770563
1260,-0.103684800983424
1261,-0.106891454194902
1262,-0.0940689077299508
1263,-0.106884839469829
1264,-0.119481484615557
1265,-0.103478661708914
1266,-0.111999502190321
1267,-0.133169181392588
1268,-0.0917191348719155
1269,-0.112462956955406
1270,-0.125317921398819
1271,-0.0950792444620768
1272,-0.102249667751811
1273,-0.0809529244956666
1274,-0.117163530769276
1275,-0.106312449394594
1276,-0.111500516045924
1277,-0.124901837429106
1278,-0.116289532914187
1279,-0.126689577094094
1280,-0.10911370946699
1281,-0.0857279765200514
1282,-0.112151916201524
1283,-0.120637619235467
1284,-0.0989346580899108
1285,-0.125533972422032
1286,-0.122659746883281
1287,-0.130557551739304
1288,-0.104739085463647
1289,-0.11578346389155
1290,-0.0772571536041048
1291,-0.112925174559159
1292,-0.110469511369668
1293,-0.114903583384882
1294,-0.107670869350242
1295,-0.108751860516526
1296,-0.114125272301386
1297,-0.118144177688528
1298,-0.116170321595752
1299,-0.121988980872544
1300,-0.0910466901832141
1301,-0.123894494035719
1302,-0.096296233677976
1303,-0.0996011322621108
1304,-0.092456892103344
1305,-0.131062449727938
1306,-0.136932090917715
1307,-0.126603642814588
1308,-0.099930074842641
1309,-0.107143755783579
1310,-0.078560032656081
1311,-0.115018889994589
1312,-0.139490060625573
1313,-0.123400470513887
1314,-0.114380115858648
1315,-0.112993535896089
1316,-0.118887218542355
1317,-0.111040638774011
1318,-0.106600118840905
1319,-0.102611710458436
1320,-0.120719366202301
1321,-0.106273625148789
1322,-0.0903519441485131
1323,-0.130734810007987
1324,-0.131343633503428
1325,-0.0990438073561951
1326,-0.107298972963925
1327,-0.0925139273535955
1328,-0.109047400990985
1329,-0.120617023054055
1330,-0.0914194474779065
1331,-0.113549852915665
1332,-0.0838031543671594
1333,-0.122057023292761
1334,-0.113987795956714
1335,-0.140755635385192
1336,-0.126902462736945
1337,-0.111650096729899
1338,-0.0935666007532395
1339,-0.123348677872836
1340,-0.0940763252594489
1341,-0.113550188996123
1342,-0.110838093961052
1343,-0.128223561687432
1344,-0.0968194499922393
1345,-0.127385954867743
1346,-0.107355859426628
1347,-0.0817668540309901
1348,-0.106551673076006
1349,-0.0919121938544923
1350,-0.117268851449477
1351,-0.101163294603786
1352,-0.131981494318622
1353,-0.106839921395777
1354,-0.139030561269197
1355,-0.112261503125149
1356,-0.116279116292013
1357,-0.119728462443386
1358,-0.124684818033588
1359,-0.110021245130857
1360,-0.102800774788061
1361,-0.12487111216143
1362,-0.125590756055371
1363,-0.0971682484442569
1364,-0.112027289437749
1365,-0.120690314593919
1366,-0.115217568475951
1367,-0.108530575442742
1368,-0.116275229689721
1369,-0.112948407957149
1370,-0.115677262452674
1371,-0.0682645368184391
1372,-0.090848337535783
1373,-0.12171526114969
1374,-0.100221147530255
1375,-0.111628449045398
1376,-0.102237653565074
1377,-0.114307817376449
1378,-0.122237354658168
1379,-0.137284106388076
1380,-0.0965318763924806
1381,-0.103401568603607
1382,-0.121571914615878
1383,-0.107113624701905
1384,-0.078171419356749
1385,-0.0924858123531988
1386,-0.117747385804787
1387,-0.134000492593197
1388,-0.127514845725833
1389,-0.105546504118903
1390,-0.101343020526897
1391,-0.106333746454391
1392,-0.106812697825552
1393,-0.104239393574405
1394,-0.101080364609182
1395,-0.093829475117551
1396,-0.120440162050116
1397,-0.131983837278582
1398,-0.11815084507101
1399,-0.0919698247882694
1400,-0.115580502998273
1401,-0.0981564361908966
1402,-0.100114304720293
1403,-0.102273149298731
1404,-0.104392251691214
1405,-0.112254636860809
1406,-0.114757162373012
1407,-0.0966239222675415
1408,-0.123004140830857
1409,-0.0905292174398331
1410,-0.0940533663296762
1411,-0.107091861637681
1412,-0.135447045164203
1413,-0.112157977828451
1414,-0.103503056848559
1415,-0.109163067317843
1416,-0.0737186885371508
1417,-0.0863121523424236
1418,-0.103324488484149
1419,-0.100509406796925
1420,-0.129588160105714
1421,-0.103094610693016
1422,-0.130844372430396
1423,-0.104023208686453
1424,-0.104216379605949
1425,-0.107703193125499
1426,-0.108400751652379
1427,-0.101883930156545
1428,-0.0997404340378129
1429,-0.0974812191556043
1430,-0.138495382886365
1431,-0.107477928035595
1432,-0.101361797399901
1433,-0.102389210877791
1434,-0.119714514449511
1435,-0.117139605212838
1436,-0.10119619407117
1437,-0.125941237314748
1438,-0.116111705708109
1439,-0.0971673972625448
1440,-0.110699191422838
1441,-0.0973348531371069
1442,-0.109694673229322
1443,-0.13900751082851
1444,-0.101530888070199
1445,-0.105648874996882
1446,-0.106901877693446
1447,-0.108344453279228
1448,-0.0861975021112814
1449,-0.0982641591361747
1450,-0.0804720314806121
1451,-0.0895286267973917
1452,-0.134379476140119
1453,-0.106706969028411
1454,-0.135103486802187
1455,-0.120414259680644
1456,-0.110127059510831
1457,-0.0899311029269541
1458,-0.0942096390858174
1459,-0.074426140987104
1460,-0.0977663896688838
1461,-0.085317390681252
1462,-0.112100045352266
1463,-0.0937131058135099
1464,-0.11334325495604
1465,-0.103920419722824
1466,-0.0909977766209668
1467,-0.114872244247257
1468,-0.106280794021033
1469,-0.102947478358457
1470,-0.124109515903125
1471,-0.0822985065357858
1472,-0.132351983352741
1473,-0.101536931475648
1474,-0.11167447801877
1475,-0.113548870921683
1476,-0.123190862771394
1477,-0.104149714402211
1478,-0.124017616332744
1479,-0.0977851250290332
1480,-0.0772088844190979
1481,-0.115242258233916
1482,-0.102982812125351
1483,-0.105509878644917
1484,-0.0951258302175539
1485,-0.107750741294944
1486,-0.114383356996171
1487,-0.126108901666208
1488,-0.0989200378332033
1489,-0.123702222047207
1490,-0.111950622110308
1491,-0.0999163326447282
1492,-0.107537890193671
1493,-0.110768067573009
1494,-0.102394373126082
1495,-0.121159504781217
1496,-0.106977955105937
1497,-0.125791827421284
1498,-0.101966356255428
1499,-0.111194904475882
1500,-0.107415045043144
1501,-0.112730426119426
1502,-0.112625516669513
1503,-0.130210518292797
1504,-0.0989675522276222
1505,-0.110710444179871
1506,-0.105887658719649
1507,-0.13416377425061
1508,-0.0900680762878955
1509,-0.123565971835788
1510,-0.127369196117542
1511,-0.115778567495474
1512,-0.103103858998976
1513,-0.118036798418357
1514,-0.106533412230708
1515,-0.122833116020852
1516,-0.103761034443503
1517,-0.112145801801551
1518,-0.106470744833593
1519,-0.114923317940219
1520,-0.114443971376808
1521,-0.121902752434596
1522,-0.125477634396827
1523,-0.10628617624851
1524,-0.118137154091556
1525,-0.103326485952707
1526,-0.111043862076399
1527,-0.100060927722194
1528,-0.0857942216670606
1529,-0.0993907002587926
1530,-0.0879549999414019
1531,-0.11776029970612
1532,-0.120046963425143
1533,-0.116964017302726
1534,-0.11957630026973
1535,-0.103566648029254
1536,-0.0931756435393186
1537,-0.0871849576763459
1538,-0.112385685073456
1539,-0.106617690362794
1540,-0.104460534372438
1541,-0.108711624308029
1542,-0.114072485794703
1543,-0.0735478930172158
1544,-0.126094131562782
1545,-0.123372525438773
1546,-0.114506728949807
1547,-0.112373999899647
1548,-0.0907108635507012
1549,-0.114131354663846
1550,-0.11860844971183
1551,-0.113943179873418
1552,-0.119563966123986
1553,-0.106895417019625
1554,-0.100872183864345
1555,-0.0918763430448954
1556,-0.107451494490713
1557,-0.0851978865903316
1558,-0.118063509187864
1559,-0.0975031398681007
1560,-0.107146605315819
1561,-0.102362272309758
1562,-0.127371257275516
1563,-0.101463766308534
1564,-0.106451308081097
1565,-0.120291632063117
1566,-0.0878224580660696
1567,-0.121044717863895
1568,-0.112656470661294
1569,-0.0741274729948474
1570,-0.0799082235197529
1571,-0.0960499017583452
1572,-0.112659436186294
1573,-0.115414994578853
1574,-0.114520382538519
1575,-0.11018283882615
1576,-0.117457778777652
1577,-0.121289263076163
1578,-0.118962129829508
1579,-0.120859008428085
1580,-0.115796473384388
1581,-0.109877655412608
1582,-0.121711675755104
1583,-0.121796975651578
1584,-0.11687968860885
1585,-0.122726149474576
1586,-0.112298396657648
1587,-0.0952082475433056
1588,-0.110997227117293
1589,-0.124712656896119
1590,-0.0970342433913644
1591,-0.0898039971317799
1592,-0.0720323190036196
1593,-0.0893524340321166
1594,-0.118169659081526
1595,-0.12516282412359
1596,-0.120040991428442
1597,-0.123377985707737
1598,-0.110285784548047
1599,-0.135225339494901
1600,-0.108222862815866
1601,-0.122701497914741
1602,-0.0745964494865177
1603,-0.0910240571491509
1604,-0.0965888450014422
1605,-0.116145076825844
1606,-0.11961137755445
1607,-0.0832072130841303
1608,-0.124913891879512
1609,-0.124434239121392
1610,-0.0857005087563518
1611,-0.0990625279551181
1612,-0.105885365539382
1613,-0.102090540580909
1614,-0.102971024309882
1615,-0.113096251243486
1616,-0.090023301110711
1617,-0.099717942503933
1618,-0.122916985365125
1619,-0.0854246471545192
1620,-0.134275454435113
1621,-0.112109075321008
1622,-0.125234637594881
1623,-0.0950501006271654
1624,-0.11412540838183
1625,-0.106121854561551
1626,-0.102947828199564
1627,-0.0928383399031819
1628,-0.0910063362823238
1629,-0.104939398812001
1630,-0.0885558583209437
1631,-0.131720918468382
1632,-0.112532641909048
1633,-0.0906607615075583
1634,-0.116120891869796
1635,-0.105738117564645
1636,-0.124556334873587
1637,-0.121514719385194
1638,-0.0979211895332035
1639,-0.10900302277332
1640,-0.118668525701677
1641,-0.0970427078910651
1642,-0.108636533479416
1643,-0.100471951745709
1644,-0.10163996711128
1645,-0.119391999589596
1646,-0.127407004836044
1647,-0.103381204741623
1648,-0.0952331949918137
1649,-0.107084213648137
1650,-0.0947446637728368
1651,-0.128701872407366
1652,-0.119509989133829
1653,-0.0956139294317352
1654,-0.10206659879735
1655,-0.0981317814865309
1656,-0.106216991283211
1657,-0.107149183801878
1658,-0.105754760842976
1659,-0.104103783243079
1660,-0.123352307373053
1661,-0.108781380518055
1662,-0.118674467818218
1663,-0.111975605412631
1664,-0.117001685969792
1665,-0.0924855977062657
1666,-0.137118190880991
1667,-0.107807988022475
1668,-0.11592847617105
1669,-0.11195243059241
1670,-0.0869429946930163
1671,-0.0986710408775101
1672,-0.140298895337796
1673,-0.0968655465683262
1674,-0.116838128967109
1675,-0.136862471729321
1676,-0.113393712836074
1677,-0.1000812559542
1678,-0.100184008949979
1679,-0.102408921256026
1680,-0.103336938691316
1681,-0.122550083391066
1682,-0.122121083000745
1683,-0.114617815481929
1684,-0.0873881953972124
1685,-0.124817090852827
1686,-0.107813322981507
1687,-0.113584883844005
1688,-0.108347481820362
1689,-0.0932765846458209
1690,-0.113746238375443
1691,-0.123964993403948
1692,-0.134148509894049
1693,-0.0793509920196767
1694,-0.126761438888323
1695,-0.130707025602618
1696,-0.12225546535799
1697,-0.0891774652630076
1698,-0.122529021475847
1699,-0.113179758764293
1700,-0.115958197805295
1701,-0.123963388092477
1702,-0.103176376240032
1703,-0.0892705833778255
1704,-0.115261400545063
1705,-0.101660767998284
1706,-0.0943343438654327
1707,-0.112965246900164
1708,-0.0850907658286886
1709,-0.108453431138021
1710,-0.124169874417579
1711,-0.117602012130349
1712,-0.0919145495887044
1713,-0.125002969092698
1714,-0.130372077003594
1715,-0.0874220211454489
1716,-0.111857447721239
1717,-0.121906701282219
1718,-0.104638367819158
1719,-0.124198156955853
1720,-0.111832061524063
1721,-0.101935162026087
1722,-0.117311452317827
1723,-0.0809336377785336
1724,-0.115913750434839
1725,-0.118118995572974
1726,-0.124971843350353
1727,-0.099963644953032
1728,-0.11647089194727
1729,-0.121763105317893
1730,-0.102007223543204
1731,-0.102765165675404
1732,-0.130840820765701
1733,-0.108768363957513
1734,-0.114402704286902
1735,-0.122205517267541
1736,-0.111979440547722
1737,-0.129101066502138
1738,-0.106240696988091
1739,-0.125100386773799
1740,-0.112001391554489
1741,-0.111941064105975
1742,-0.132397995718223
1743,-0.129132636287056
1744,-0.119409233391513
1745,-0.0913938879780553
1746,-0.141186212182781
1747,-0.10313744449399
1748,-0.113887657301515
1749,-0.109320533233108
1750,-0.117158451696746
1751,-0.0935961455817852
1752,-0.122405292215971
1753,-0.12773037138272
1754,-0.116364237807344
1755,-0.113944236600362
1756,-0.113463179386935
1757,-0.0925710066982864
1758,-0.0860034117437665
1759,-0.0946414893789296
1760,-0.11559489349915
1761,-0.105782195830602
1762,-0.117955415775267
1763,-0.100523270198877
1764,-0.0886737092885598
1765,-0.119832081660677
1766,-0.0915529639051477
1767,-0.124940917763503
1768,-0.11401682620117
1769,-0.0773245949651297
1770,-0.116091762933932
1771,-0.103620322346968
1772,-0.114713101118962
1773,-0.0824493893723327
1774,-0.108612023109512
1775,-0.0875528329708442
1776,-0.107655425661553
1777,-0.111117362412812
1778,-0.124684123211072
1779,-0.0878155496487817
1780,-0.133147980216255
1781,-0.121462566046645
1782,-0.109061790220245
1783,-0.135388007890776
1784,-0.111551025487576
1785,-0.116826452323745
1786,-0.086596497017086
1787,-0.103740473110026
1788,-0.100420042375283
1789,-0.0749896568117616
1790,-0.11197828089673
1791,-0.124629207171021
1792,-0.117041543504493
1793,-0.103831773778392
1794,-0.112665578568214
1795,-0.095886809456479
1796,-0.11208404139619
1797,-0.0948724520679777
1798,-0.0894458936613085
1799,-0.0963880719507867
1800,-0.110115166456963
1801,-0.0964868358782373
1802,-0.111706367063854
1803,-0.114355258072841
1804,-0.125114147764897
1805,-0.109626354307313
1806,-0.09492525046465
1807,-0.106319725825861
1808,-0.134657772020603
1809,-0.110328566481074
1810,-0.113502164153448
1811,-0.0861047113921138
1812,-0.116757548664116
1813,-0.115413556467251
1814,-0.0958105942602377
1815,-0.0642970703150116
1816,-0.105873851865093
1817,-0.112268194371365
1818,-0.138461633909555
1819,-0.111506341440241
1820,-0.122650837453194
1821,-0.12642170953454
1822,-0.097253150418555
1823,-0.094373056700323
1824,-0.100790773053384
1825,-0.0822605367822678
1826,-0.112007776679838
1827,-0.0915808871897202
1828,-0.0796504809367825
1829,-0.12464629573916
1830,-0.100386234725795
1831,-0.132504310083169
1832,-0.122811050800578
1833,-0.124585418331847
1834,-0.102280046225379
1835,-0.0960915380920421
1836,-0.103307467967773
1837,-0.0981925128941305
1838,-0.0899999928572845
1839,-0.113160351506987
1840,-0.0941998428191779
1841,-0.0906787029172562
1842,-0.114348102975801
1843,-0.0995359073036126
1844,-0.0966619423105445
1845,-0.121544703441622
1846,-0.126561900106113
1847,-0.0887109437804492
1848,-0.0870295873707548
1849,-0.122003868188983
1850,-0.112459833554664
1851,-0.11586058980477
1852,-0.0810462145094913
1853,-0.126769555324396
1854,-0.0926170204147971
1855,-0.118018778678704
1856,-0.0944467176341316
1857,-0.122604063082492
1858,-0.110851918659807
1859,-0.113334726901905
1860,-0.138614353128538
1861,-0.124028238178003
1862,-0.0847588242106975
1863,-0.0952190131764702
1864,-0.102740099205113
1865,-0.104847754222221
1866,-0.129133517913734
1867,-0.095339299496318
1868,-0.090576717769161
1869,-0.111496535809549
1870,-0.109210963315981
1871,-0.105462424121558
1872,-0.121147512234375
1873,-0.0826747574091031
1874,-0.121796648623453
1875,-0.123961695663129
1876,-0.114890330429084
1877,-0.109545438356022
1878,-0.103166313759564
1879,-0.102478883867228
1880,-0.0917740675615903
1881,-0.100110310016742
1882,-0.127364799685012
1883,-0.11065932832839
1884,-0.113652588886868
1885,-0.111378298607841
1886,-0.0914091287626777
1887,-0.113251764621547
1888,-0.10663239791292
1889,-0.0871259846766863
1890,-0.115526486515608
1891,-0.113278246445457
1892,-0.110336294181788
1893,-0.0954463367028802
1894,-0.101070209478776
1895,-0.102871196527434
1896,-0.097231971894611
1897,-0.111609019192995
1898,-0.108506076545991
1899,-0.0960343984002318
1900,-0.10164907465908
1901,-0.124015042494829
1902,-0.110003175957894
1903,-0.1060584164193
1904,-0.114254657874677
1905,-0.101755545920959
1906,-0.126664533928658
1907,-0.130633442127406
1908,-0.0987656675775601
1909,-0.114484292856576
1910,-0.0994624365040055
1911,-0.100749892787074
1912,-0.104242012919083
1913,-0.0940556502426026
1914,-0.0837283727157366
1915,-0.117945097478926
1916,-0.0996994490535252
1917,-0.110838625726541
1918,-0.122370548664699
1919,-0.120182210541616
1920,-0.0865696980079258
1921,-0.102583886817481
1922,-0.110152632335952
1923,-0.126803693976966
1924,-0.120752048638202
1925,-0.106053724047472
1926,-0.101798959095731
1927,-0.109569111350856
1928,-0.0958658114455277
1929,-0.126011543484198
1930,-0.0989886539869719
1931,-0.099261330613671
1932,-0.106526828911746
1933,-0.120844679292588
1934,-0.119441635377529
1935,-0.119929229235494
1936,-0.0810385975015614
1937,-0.108819230155347
1938,-0.0933348539578522
1939,-0.10346996950406
1940,-0.0986212000384421
1941,-0.111551325575929
1942,-0.129612573700416
1943,-0.0911085361737083
1944,-0.121512313206467
1945,-0.105994018296996
1946,-0.0901456769745968
1947,-0.126603225540637
1948,-0.119540824138939
1949,-0.107861132463171
1950,-0.119070282628116
1951,-0.107208900380252
1952,-0.102854809455872
1953,-0.124644530220149
1954,-0.124972997591145
1955,-0.0790738641763005
1956,-0.12699894532829
1957,-0.12204201780322
1958,-0.090260239720825
1959,-0.122243322236428
1960,-0.109604016238646
1961,-0.113154511449733
1962,-0.122345164372144
1963,-0.0963529903153426
1964,-0.109771117899738
1965,-0.125263747161438
1966,-0.102217831239411
1967,-0.078765450332054
1968,-0.120025399430531
1969,-0.125756745751319
1970,-0.102546726761312
1971,-0.0991828927002637
1972,-0.114859470305975
1973,-0.127428267321702
1974,-0.103660341550988
1975,-0.0986503800375903
1976,-0.12191731676337
1977,-0.0728088943529221
1978,-0.121778639127693
1979,-0.106991356249177
1980,-0.119738459072752
1981,-0.126200263642096
1982,-0.0904016285408144
1983,-0.0967690686804464
1984,-0.117501503485466
1985,-0.112521750325713
1986,-0.106809192823621
1987,-0.111846375900476
1988,-0.115336811325343
1989,-0.123068849589546
1990,-0.0892412813685847
1991,-0.0848504644488616
1992,-0.114821670564939
1993,-0.121815496038877
1994,-0.109176311302653
1995,-0.0852990147851725
1996,-0.0869226495927751
1997,-0.0960994166954816
1998,-0.107765203084036
1999,-0.101431435606294
2000,-0.0983251710513445
2001,-0.0950736646153756
2002,-0.105264320930786
2003,-0.133127166652608
2004,-0.12002137892043
2005,-0.095606344140676
2006,-0.120349282974665
2007,-0.106891371458359
2008,-0.0924748182648332
2009,-0.103607861496898
2010,-0.0961648079136242
2011,-0.0967846087555544
2012,-0.127770944918614
2013,-0.109010283446785
2014,-0.0987888611621635
2015,-0.109432955157525
2016,-0.0965089251834008
2017,-0.0977893226707378
2018,-0.108371833698887
2019,-0.111573617769845
2020,-0.136523211304515
2021,-0.111565029180878
2022,-0.110680713518825
2023,-0.126327924799378
2024,-0.104692511371266
2025,-0.104607626563962
2026,-0.114282694321109
2027,-0.116519810605454
2028,-0.108293306942838
2029,-0.104272993428563
2030,-0.0741009327869372
2031,-0.0867367070003803
2032,-0.124860692326199
2033,-0.103514766262704
2034,-0.143634660020803
2035,-0.0841006637278698
2036,-0.113741808787304
2037,-0.138259742806048
2038,-0.124395613626657
2039,-0.0741141811682731
2040,-0.119436454297975
2041,-0.0748957838906875
2042,-0.130739454203127
2043,-0.124168115561368
2044,-0.122346887973396
2045,-0.0999418181896773
2046,-0.0866375194193286
2047,-0.112875954342795
2048,-0.109661328858533
2049,-0.0854859413377343
2050,-0.104573976837587
2051,-0.108086146654131
2052,-0.0777123788883532
2053,-0.107172295249718
2054,-0.102265630410192
2055,-0.106390848491555
2056,-0.103076509238637
2057,-0.1078972429281
2058,-0.104525681535714
2059,-0.11077942057434
2060,-0.124975361103193
2061,-0.0907320487053236
2062,-0.131467123835688
2063,-0.107436062843529
2064,-0.102600612786135
2065,-0.109468565804171
2066,-0.130170476716239
2067,-0.114090984754187
2068,-0.116159136477083
2069,-0.127429859629953
2070,-0.103180373329034
2071,-0.113425035839335
2072,-0.123010322216225
2073,-0.102883361052323
2074,-0.110628863819353
2075,-0.104994593377642
2076,-0.113300818312401
2077,-0.0830735821910983
2078,-0.12155378812872
2079,-0.0651697644684665
2080,-0.0955015938424871
2081,-0.0909332221316287
2082,-0.106352296839419
2083,-0.116871288965414
2084,-0.109177072644461
2085,-0.124889784238281
2086,-0.113039423108774
2087,-0.136574127825699
2088,-0.117503828943879
2089,-0.110388076460678
2090,-0.127005581283485
2091,-0.0848233824800863
2092,-0.103970083239479
2093,-0.0871212699029015
2094,-0.102605828896152
2095,-0.129777025443633
2096,-0.123997244474048
2097,-0.117900041047737
2098,-0.110720645538391
2099,-0.116190213292239
2100,-0.117046939022283
2101,-0.122145936805171
2102,-0.117712679945593
2103,-0.079038936577626
2104,-0.100935099064539
2105,-0.122417530031982
2106,-0.0993600623006954
2107,-0.0872599808776632
2108,-0.115877239735827
2109,-0.0992199218217376
2110,-0.0848609665505705
2111,-0.0996456234983723
2112,-0.118274836833415
2113,-0.109102580338404
2114,-0.115689980536959
2115,-0.111570916547719
2116,-0.0924876473286321
2117,-0.0893673062284957
2118,-0.110818435271154
2119,-0.108953407504663
2120,-0.102863719857828
2121,-0.134012426750124
2122,-0.0983860216478678
2123,-0.127512230671401
2124,-0.101187493821844
2125,-0.0889446679624309
2126,-0.103176619620606
2127,-0.0763720864006667
2128,-0.123514660836774
2129,-0.120237710645529
2130,-0.121549179598046
2131,-0.111247613104855
2132,-0.101897670979868
2133,-0.0915251126786726
2134,-0.117511262273475
2135,-0.121392349687052
2136,-0.132412208942767
2137,-0.108165350136162
2138,-0.0934390753296837
2139,-0.117701022512314
2140,-0.119558961609943
2141,-0.116288473796039
2142,-0.111928323774505
2143,-0.108937606749539
2144,-0.119470396882121
2145,-0.110896232956935
2146,-0.113071388297207
2147,-0.0764774583027785
2148,-0.0928343832452105
2149,-0.0965694968522221
2150,-0.0856354666930102
2151,-0.117716073210165
2152,-0.119093609511842
2153,-0.118648829562311
2154,-0.106407976691428
2155,-0.111912639217255
2156,-0.0921311745432906
2157,-0.0997429585179997
2158,-0.100925691982934
2159,-0.107691329425742
2160,-0.106556531437606
2161,-0.112882483722451
2162,-0.0886199690751632
2163,-0.0914827129500691
2164,-0.0891891509065596
2165,-0.114732220493222
2166,-0.111537420942687
2167,-0.112944042171381
2168,-0.102588077555559
2169,-0.0916667382207818
2170,-0.0849678861396901
2171,-0.0881049620706942
2172,-0.134648311775041
2173,-0.110804286926195
2174,-0.12450298855835
2175,-0.110430695201541
2176,-0.116183706251628
2177,-0.11320275306617
2178,-0.120222793050134
2179,-0.0804162625647001
2180,-0.122635447999543
2181,-0.111922974052255
2182,-0.10478502058868
2183,-0.127052433940246
2184,-0.0878089134455614
2185,-0.110424885548609
2186,-0.120124517827956
2187,-0.107053737222459
2188,-0.105297882570847
2189,-0.110543097924813
2190,-0.111449965258868
2191,-0.133207609900287
2192,-0.128723698655924
2193,-0.105854024138867
2194,-0.116102517378793
2195,-0.0978538549750435
2196,-0.0879030752714874
2197,-0.115263205117313
2198,-0.11863992953926
2199,-0.0981562532211431
2200,-0.0939690131873889
2201,-0.114974633915365
2202,-0.125240565447413
2203,-0.094151397652439
2204,-0.094425708294539
2205,-0.121256399391132
2206,-0.123226809328387
2207,-0.103347157018535
2208,-0.0976851155046585
2209,-0.0940027085193169
2210,-0.0942188537806321
2211,-0.137162788903512
2212,-0.124799599532197
2213,-0.109594458226398
2214,-0.115946273637793
2215,-0.139734661361173
2216,-0.101466486385568
2217,-0.116311840111933
2218,-0.0905961283569498
2219,-0.106354145140151
2220,-0.105885707143567
2221,-0.0875750845577408
2222,-0.103598998463363
2223,-0.112526810308774
2224,-0.105226199125163
2225,-0.104936546493752
2226,-0.0968181234982302
2227,-0.11190913500203
2228,-0.116126003929418
2229,-0.127976306187554
2230,-0.105678421564816
2231,-0.103212871295264
2232,-0.101854929341482
2233,-0.11471620257886
2234,-0.109274354165502
2235,-0.10507839220498
2236,-0.133247095882961
2237,-0.111552485485015
2238,-0.100773343292157
2239,-0.126691409989517
2240,-0.126356935162087
2241,-0.100004475509315
2242,-0.123073470853658
2243,-0.102317821661552
2244,-0.0811890875265121
2245,-0.107316806167172
2246,-0.106155471802545
2247,-0.110464102815571
2248,-0.0819904016637283
2249,-0.11099916736597
2250,-0.101656914069533
2251,-0.100758793469313
2252,-0.110939599874639
2253,-0.0959870924451365
2254,-0.0989986853869507
2255,-0.0972879779092769
2256,-0.0997831701984222
2257,-0.0936120264376494
2258,-0.11694385408607
2259,-0.0922276006757163
2260,-0.108078214678065
2261,-0.0957174253065457
2262,-0.101589598473565
2263,-0.12922545842203
2264,-0.11598404183075
2265,-0.0935220312814262
2266,-0.0979952671375225
2267,-0.119948479082177
2268,-0.11254959455247
2269,-0.118783654473904
2270,-0.105169212536676
2271,-0.12694807517195
2272,-0.102802562225522
2273,-0.12044213181707
2274,-0.114674694428444
2275,-0.104366506408913
2276,-0.115037164177179
2277,-0.0893760404787261
2278,-0.0976231498734541
2279,-0.110229286578328
2280,-0.114640357851682
2281,-0.123761396498726
2282,-0.0961736949850462
2283,-0.102636598040615
2284,-0.0772165601260783
2285,-0.116328507921976
2286,-0.119890261079188
2287,-0.124543427953773
2288,-0.108019363104317
2289,-0.108425712308177
2290,-0.0894094480312528
2291,-0.09954138221619
2292,-0.101222287834395
2293,-0.126718418425708
2294,-0.0954910685180778
2295,-0.114307294467358
2296,-0.0941628067689835
2297,-0.136588668074074
2298,-0.123668033161968
2299,-0.092519864154164
2300,-0.0955320739204799
2301,-0.105899398306406
2302,-0.106001292190216
2303,-0.0971203768732964
2304,-0.116141133535876
2305,-0.0911274247001284
2306,-0.112281284300009
2307,-0.125443196216936
2308,-0.101323281103956
2309,-0.116240245718613
2310,-0.114046314197585
2311,-0.106528194689139
2312,-0.116559672545624
2313,-0.116964450200916
2314,-0.109169629199745
2315,-0.102059726319508
2316,-0.121599823266435
2317,-0.123802122807319
2318,-0.0983119211745952
2319,-0.0908433949346432
2320,-0.106989726379591
2321,-0.0985563119347602
2322,-0.105636365686855
2323,-0.113109813802087
2324,-0.100043074490053
2325,-0.110720255235521
2326,-0.109953662869971
2327,-0.102435772015808
2328,-0.089769850345354
2329,-0.120732337297615
2330,-0.0926307549723629
2331,-0.118713879691181
2332,-0.119806261806958
2333,-0.0901196992130285
2334,-0.0845039682620235
2335,-0.0865489079459317
2336,-0.110397173673325
2337,-0.121947905945243
2338,-0.0906417696662842
2339,-0.126830998669206
2340,-0.111293854172088
2341,-0.132874860175104
2342,-0.0931331107933056
2343,-0.0890960696292053
2344,-0.129904478023537
2345,-0.101224627244949
2346,-0.105201043240175
2347,-0.126324897670658
2348,-0.126299721324049
2349,-0.107837936124114
2350,-0.127768076473526
2351,-0.098252204548719
2352,-0.11109242559718
2353,-0.113809612504671
2354,-0.102664380731348
2355,-0.11248924214063
2356,-0.106725066707405
2357,-0.113417822624297
2358,-0.0966843046798185
2359,-0.11186959551778
2360,-0.0808187085716873
2361,-0.135974926433904
2362,-0.105318222483184
2363,-0.0958337176855141
2364,-0.100945142490414
2365,-0.115975874942996
2366,-0.102976576386664
2367,-0.114103975146555
2368,-0.130642596249478
2369,-0.123422889024982
2370,-0.0682189586762339
2371,-0.10779283829153
2372,-0.0804388674618296
2373,-0.0927666927888279
2374,-0.0838096798431004
2375,-0.124295037293471
2376,-0.0942113694605809
2377,-0.10382708616674
2378,-0.119697502633134
2379,-0.122249743746409
2380,-0.127807263453435
2381,-0.115823722078738
2382,-0.12077062935595
2383,-0.0765562341066204
2384,-0.111089646902935
2385,-0.0878683440280278
2386,-0.123552942245754
2387,-0.111198634805873
2388,-0.0996065436789496
2389,-0.11671564411851
2390,-0.11419101744669
2391,-0.110151776648854
2392,-0.101803062778268
2393,-0.0974507579028079
2394,-0.0977821573255228
2395,-0.112574062433236
2396,-0.118996673835773
2397,-0.0705845735619019
2398,-0.11853068660293
2399,-0.0775208136422941
2400,-0.122848063893279
2401,-0.11459435518233
2402,-0.105722441312645
2403,-0.11446098396881
2404,-0.0976820823565424
2405,-0.0997775774845467
2406,-0.108131078422121
2407,-0.136353792761061
2408,-0.0770442640791304
2409,-0.125069200036373
2410,-0.143721118762374
2411,-0.0927336035470101
2412,-0.114837207396266
2413,-0.111263104578038
2414,-0.105632433555612
2415,-0.0841592673950987
2416,-0.0908169189676175
2417,-0.107404817512841
2418,-0.10335741988694
2419,-0.0878541978147013
2420,-0.106625960551222
2421,-0.105582592222933
2422,-0.0948822911858806
2423,-0.115324195426164
2424,-0.110734430142428
2425,-0.0872678997490438
2426,-0.102846017544891
2427,-0.105434290528131
2428,-0.112214686985357
2429,-0.0867849153826275
2430,-0.107634589945441
2431,-0.0891359742626609
2432,-0.109971205484003
2433,-0.0952200541766428
2434,-0.115559100760074
2435,-0.0822040518610824
2436,-0.127694027065849
2437,-0.109916192257263
2438,-0.119863635616771
2439,-0.122761134950675
2440,-0.125200009645855
2441,-0.108612156761574
2442,-0.0966289347904764
2443,-0.0835248395822321
2444,-0.108270338071121
2445,-0.113054029292012
2446,-0.0974811829472442
2447,-0.11566674026785
2448,-0.128917943302001
2449,-0.121596545051479
2450,-0.098795622789404
2451,-0.102751940013853
2452,-0.0879005867673686
2453,-0.0958167356087984
2454,-0.114080588388301
2455,-0.104140220661931
2456,-0.122486665494923
2457,-0.1051136551868
2458,-0.0899853802183574
2459,-0.0909739379337632
2460,-0.105220304450795
2461,-0.084664716086811
2462,-0.105295843241968
2463,-0.12896669194944
2464,-0.115177212056948
2465,-0.12418629088333
2466,-0.102769883729954
2467,-0.112787602287752
2468,-0.0998282233743075
2469,-0.118405605101616
2470,-0.0997065641221745
2471,-0.115253537508378
2472,-0.0962789088588644
2473,-0.0806597472397715
2474,-0.111454279030083
2475,-0.110481773045975
2476,-0.0734719769422479
2477,-0.10782102589672
2478,-0.111605940236264
2479,-0.0982558272022983
2480,-0.118894234239679
2481,-0.134454242902052
2482,-0.101565513183979
2483,-0.11950260012147
2484,-0.127720004563529
2485,-0.127058578405536
2486,-0.117133256576195
2487,-0.0766922823240783
2488,-0.0961310174380316
2489,-0.115841638473063
2490,-0.101961613365021
2491,-0.0769713672220288
2492,-0.083828414768861
2493,-0.119892195906542
2494,-0.103080992961705
2495,-0.113784923863803
2496,-0.115332795323431
2497,-0.0797307552340813
2498,-0.0857056324338601
2499,-0.125266637105081
2500,-0.108394232001334
2501,-0.0946163594173932
2502,-0.101923986075784
2503,-0.108089790770043
2504,-0.106582867481173
2505,-0.106446765280627
2506,-0.118796415352247
2507,-0.100483146129376
2508,-0.112362768586129
2509,-0.108986959034944
2510,-0.104086375020996
2511,-0.101282439956383
2512,-0.0944255588145645
2513,-0.103852665460179
2514,-0.103975205417873
2515,-0.105754114519814
2516,-0.105445518509003
2517,-0.127231554347725
2518,-0.0772668164566563
2519,-0.121487596366073
2520,-0.107052165460974
2521,-0.1154402571348
2522,-0.116257175499356
2523,-0.107733876902015
2524,-0.112386497920677
2525,-0.102787135590816
2526,-0.132079296287676
2527,-0.126185094372146
2528,-0.12626009753946
2529,-0.0889675018032468
2530,-0.108436532435638
2531,-0.0988664148021698
2532,-0.109140720101266
2533,-0.113214606638457
2534,-0.113944072289405
2535,-0.097283111088801
2536,-0.115084997021474
2537,-0.0939371595107834
2538,-0.109280260555219
2539,-0.104157247088486
2540,-0.100796145674019
2541,-0.12545545699362
2542,-0.0960410412418907
2543,-0.128290439190295
2544,-0.103822121321584
2545,-0.0947446392744792
2546,-0.0957225057259721
2547,-0.12222084800825
2548,-0.11331759053131
2549,-0.0982349146336211
2550,-0.109194091519325
2551,-0.0922572344226061
2552,-0.0876371263540555
2553,-0.113149024811367
2554,-0.117191716978251
2555,-0.0827219234747288
2556,-0.100929295009671
2557,-0.103992161526882
2558,-0.107509104504043
2559,-0.112786948058774
2560,-0.0902557916227432
2561,-0.0916684295260671
2562,-0.129192372330289
2563,-0.125547785663284
2564,-0.0780934899804719
2565,-0.102236325190336
2566,-0.117602050788655
2567,-0.112575107063423
2568,-0.0863869220574669
2569,-0.111021654398996
2570,-0.137341429411081
2571,-0.108638713660226
2572,-0.103095239723682
2573,-0.0943602690688589
2574,-0.114263640365112
2575,-0.0999296889767553
2576,-0.0976031138989818
2577,-0.102261560496626
2578,-0.117991602653124
2579,-0.0962944331928446
2580,-0.11731963807441
2581,-0.108124621006711
2582,-0.121499386374278
2583,-0.10164581790349
2584,-0.109353014286655
2585,-0.101950328587586
2586,-0.107268799816429
2587,-0.129777166763126
2588,-0.0812960560480444
2589,-0.0890608478148047
2590,-0.132840304415569
2591,-0.112577212105386
2592,-0.0997757780495992
2593,-0.116294193949002
2594,-0.0801166928469923
2595,-0.094477048101413
2596,-0.0843229610303831
2597,-0.124474358128029
2598,-0.110662555948917
2599,-0.136936941895061
2600,-0.118690140335157
2601,-0.115006980535433
2602,-0.130909111662763
2603,-0.127867893776053
2604,-0.127725379283188
2605,-0.117838658741831
2606,-0.0974436807959197
2607,-0.127518968876681
2608,-0.114177143398297
2609,-0.0975970330740233
2610,-0.134265591252454
2611,-0.089578645195298
2612,-0.103186718427164
2613,-0.0977691695116936
2614,-0.114364633941244
2615,-0.0977591429955043
2616,-0.127661067090994
2617,-0.0797967315496175
2618,-0.124021188615495
2619,-0.106978253946325
2620,-0.118702903354499
2621,-0.115327578433655
2622,-0.105366045082191
2623,-0.0996241425149362
2624,-0.0811991620529293
2625,-0.0983758288299635
2626,-0.0960565243341946
2627,-0.096639499775134
2628,-0.112902356480216
2629,-0.117163998999034
2630,-0.121047738764457
2631,-0.080944757182515
2632,-0.0915771888241675
2633,-0.140970995748744
2634,-0.111899015470808
2635,-0.0946630731765833
2636,-0.128988391808439
2637,-0.111769186028342
2638,-0.0756578750501297
2639,-0.102602730992344
2640,-0.129061614757589
2641,-0.123942544590514
2642,-0.115364289811897
2643,-0.118037977972246
2644,-0.0795738411723737
2645,-0.0916555709225639
2646,-0.10688501104976
2647,-0.116677935262389
2648,-0.108453316712455
2649,-0.117241544320244
2650,-0.118409004512919
2651,-0.0994847109679996
2652,-0.110050261151621
2653,-0.0874429501032906
2654,-0.0981557107802903
2655,-0.105845877485863
2656,-0.0957866308808805
2657,-0.112526650251778
2658,-0.144158391826411
2659,-0.0941018083758587
2660,-0.0952282555809073
2661,-0.111496342410898
2662,-0.11281310229213
2663,-0.105392875137528
2664,-0.0879878813508732
2665,-0.0843003113908017
2666,-0.0899213197835969
2667,-0.118291574252387
2668,-0.0972100212858198
2669,-0.129063561090569
2670,-0.108686971169634
2671,-0.110720393671638
2672,-0.115017224301168
2673,-0.107931518789865
2674,-0.136675094507994
2675,-0.0860732217558619
2676,-0.118800863006163
2677,-0.109710382106955
2678,-0.102102225246591
2679,-0.118411190608514
2680,-0.117141755286258
2681,-0.111855925528209
2682,-0.12564684158896
2683,-0.122945153953665
2684,-0.119927997860003
2685,-0.121922231613055
2686,-0.118634766649882
2687,-0.0881795210433685
2688,-0.108811889985973
2689,-0.106226348553946
2690,-0.10101192411805
2691,-0.118571699015246
2692,-0.101024888045687
2693,-0.114172173679639
2694,-0.103576985273712
2695,-0.103886958786019
2696,-0.140715848541465
2697,-0.0949896377451197
2698,-0.118377261618204
2699,-0.12106327430846
2700,-0.120806849291673
2701,-0.103353540883508
2702,-0.0972978804634975
2703,-0.0953013850810364
2704,-0.099398583402541
2705,-0.0715022766842579
2706,-0.0917000800800717
2707,-0.104786852171039
2708,-0.0820049586026438
2709,-0.10023066088914
2710,-0.109121717849994
2711,-0.11102422364731
2712,-0.119060962088466
2713,-0.11433663309259
2714,-0.114642057699779
2715,-0.122681554015045
2716,-0.107884479272217
2717,-0.102360502648838
2718,-0.100210177642271
2719,-0.120197876337831
2720,-0.138590806382227
2721,-0.124314638108087
2722,-0.0913875404905478
2723,-0.117721648159842
2724,-0.125612875574415
2725,-0.103378908257791
2726,-0.104049225657029
2727,-0.119733265828862
2728,-0.121637106561025
2729,-0.138838224707633
2730,-0.126416288956131
2731,-0.135762331030878
2732,-0.0722419277977738
2733,-0.10351890392676
2734,-0.0946725566126895
2735,-0.107565136274595
2736,-0.11868647458309
2737,-0.0853894508017708
2738,-0.1067295951243
2739,-0.106696602130032
2740,-0.120483681329491
2741,-0.114755040634192
2742,-0.114016559740202
2743,-0.0924702331968942
2744,-0.0757205277170775
2745,-0.117108392149305
2746,-0.112770667249355
2747,-0.123024710388741
2748,-0.100035376683186
2749,-0.112781348812899
2750,-0.113623042571267
2751,-0.118789036077361
2752,-0.0734334087014611
2753,-0.0847910284239092
2754,-0.116122732496083
2755,-0.085342534716972
2756,-0.129046754055135
2757,-0.116819942222523
2758,-0.124162007934492
2759,-0.121179856096903
2760,-0.104387662925031
2761,-0.0826966769439084
2762,-0.0986084631416464
2763,-0.130464001267831
2764,-0.104478804056484
2765,-0.120809794689901
2766,-0.131140534551297
2767,-0.131769858155118
2768,-0.113540271261193
2769,-0.114157673185584
2770,-0.107068506324267
2771,-0.113636140345826
2772,-0.0956331844618204
2773,-0.11021956799926
2774,-0.109839530939409
2775,-0.0842652560618409
2776,-0.109135971342793
2777,-0.0911394127268566
2778,-0.112756699549997
2779,-0.117515010226711
2780,-0.142916058824653
2781,-0.12547364644384
2782,-0.125093336110214
2783,-0.113313891989999
2784,-0.107088903852125
2785,-0.0968304336747079
2786,-0.130932568920009
2787,-0.0882913805592541
2788,-0.0819272748163099
2789,-0.115615210159888
2790,-0.119125807987258
2791,-0.127517455322158
2792,-0.0813707791133598
2793,-0.100615397580721
2794,-0.0862165538587555
2795,-0.111323629969704
2796,-0.119666354499546
2797,-0.0920265845144461
2798,-0.114051730937266
2799,-0.0829889475467832
2800,-0.105574871909227
2801,-0.138893468958854
2802,-0.0924943338729095
2803,-0.100449697517449
2804,-0.123721132304502
2805,-0.0835075594546335
2806,-0.119624303256842
2807,-0.123183469258718
2808,-0.0999520621954
2809,-0.114177357182225
2810,-0.132204406103937
2811,-0.112435690543509
2812,-0.13216866536467
2813,-0.118187234659562
2814,-0.08699221948218
2815,-0.125371938408362
2816,-0.11191183023964
2817,-0.115890813549754
2818,-0.0983114838622502
2819,-0.0963419402993734
2820,-0.0959510353139144
2821,-0.103698659503984
2822,-0.0708362673922469
2823,-0.129671575139822
2824,-0.0997361600193016
2825,-0.0944693810295811
2826,-0.118237903722141
2827,-0.103780969274016
2828,-0.103936158547881
2829,-0.100626955740046
2830,-0.09459655082717
2831,-0.119899300918803
2832,-0.104014202853397
2833,-0.12910826247435
2834,-0.117824777531304
2835,-0.111673321993282
2836,-0.0712498751482576
2837,-0.119924412217179
2838,-0.113860670205857
2839,-0.0976722659500569
2840,-0.125218051350534
2841,-0.117894873730124
2842,-0.11919035648422
2843,-0.107228919429575
2844,-0.109466712716407
2845,-0.119058269418591
2846,-0.129852832348296
2847,-0.123867557009879
2848,-0.0922229609065991
2849,-0.095988789691151
2850,-0.115997102187592
2851,-0.121227198610065
2852,-0.120098407598707
2853,-0.0832449967836016
2854,-0.125186712666498
2855,-0.11126190226143
2856,-0.104852847801007
2857,-0.106116162955883
2858,-0.0858637293606522
2859,-0.0959409811885843
2860,-0.115698242474443
2861,-0.0989993660141119
2862,-0.0990072702044009
2863,-0.120048755640754
2864,-0.0952705159141489
2865,-0.0952345358282404
2866,-0.117984418510882
2867,-0.106912006164654
2868,-0.109667565751207
2869,-0.0919237217689499
2870,-0.0976418231029068
2871,-0.107072028913925
2872,-0.118977579285061
2873,-0.0982146527731271
2874,-0.0983774397903805
2875,-0.117723909732189
2876,-0.129684627255995
2877,-0.105136324625871
2878,-0.104118973978273
2879,-0.101764805415099
2880,-0.0993104885352782
2881,-0.139586971855946
2882,-0.109482863370592
2883,-0.10693939200194
2884,-0.090059179403591
2885,-0.121975230115232
2886,-0.0943568530380656
2887,-0.120966670960431
2888,-0.111502723859445
2889,-0.11595162047385
2890,-0.105686045892453
2891,-0.108376980670295
2892,-0.100929162681718
2893,-0.0964616921297815
2894,-0.117140541681033
2895,-0.135488407433947
2896,-0.119356930164598
2897,-0.120050596951306
2898,-0.127298732042092
2899,-0.0916471702895968
2900,-0.127020710054013
2901,-0.0980668644340173
2902,-0.104850159457979
2903,-0.0982320972791365
2904,-0.116877548083209
2905,-0.114573896328429
2906,-0.117623909988795
2907,-0.080809952324074
2908,-0.0913641651282163
2909,-0.111412616590488
2910,-0.112044666066202
2911,-0.12727921565409
2912,-0.1067577156357
2913,-0.0994957774974233
2914,-0.114263394045901
2915,-0.127562875344904
2916,-0.0914705991509047
2917,-0.10639830736567
2918,-0.0937745666012974
2919,-0.113257738228322
2920,-0.107382781375626
2921,-0.0732354974422019
2922,-0.0907121496053039
2923,-0.099341804447231
2924,-0.0922859604185858
2925,-0.097172893675327
2926,-0.120131381930969
2927,-0.112108971709821
2928,-0.108322417329327
2929,-0.0996972728953967
2930,-0.097709749998429
2931,-0.090409315664457
2932,-0.08997318753266
2933,-0.0874315178956551
2934,-0.10509802345579
2935,-0.0972868265743267
2936,-0.129934857848764
2937,-0.0827763026383024
2938,-0.123018834268961
2939,-0.129750519091621
2940,-0.113246326548934
2941,-0.11362288355092
2942,-0.0849022746099427
2943,-0.10065852547286
2944,-0.108679762013662
2945,-0.101358669433835
2946,-0.127022043228955
2947,-0.098505674962686
2948,-0.0863611411372652
2949,-0.113396316325472
2950,-0.112556062916049
2951,-0.110837114747945
2952,-0.123858888440242
2953,-0.100529257405336
2954,-0.114420006827541
2955,-0.123123969776595
2956,-0.0994523301190931
2957,-0.121204700138289
2958,-0.118066370398585
2959,-0.119513798654243
2960,-0.103698720801589
2961,-0.102690548414789
2962,-0.121689025254956
2963,-0.0996387628880374
2964,-0.105542627481859
2965,-0.111920489487027
2966,-0.136187664510383
2967,-0.115769615891113
2968,-0.103223368512144
2969,-0.0668548859130347
2970,-0.120281444892072
2971,-0.108097986951736
2972,-0.115216758098948
2973,-0.116546588246599
2974,-0.10371890078122
2975,-0.104082453976376
2976,-0.077419759929974
2977,-0.107847043830567
2978,-0.125069534469233
2979,-0.104149472006097
2980,-0.0966388811505342
2981,-0.131043610601954
2982,-0.0930253800841852
2983,-0.119146167349662
2984,-0.118077605622133
2985,-0.0983604004804732
2986,-0.110182731741317
2987,-0.113644701907435
2988,-0.101680128627262
2989,-0.114997887615285
2990,-0.0981329372637879
2991,-0.10569679587336
2992,-0.0984298197401428
2993,-0.107293185161472
2994,-0.098340601905058
2995,-0.10946282664223
2996,-0.0829974747809517
2997,-0.0980004904124578
2998,-0.0734430799348595
2999,-0.0856161307953893
3000,-0.0919243277171538
3001,-0.114552812384015
3002,-0.107411981263771
3003,-0.112060440470156
3004,-0.0956006279888601
3005,-0.134685279139866
3006,-0.107085992723996
3007,-0.0828244293517148
3008,-0.11825308017158
3009,-0.0977045369357817
3010,-0.0892497482789314
3011,-0.108089744274836
3012,-0.106181412990427
3013,-0.116667221288626
3014,-0.096496140200202
3015,-0.0974103663143174
3016,-0.11768749623516
3017,-0.126263679675059
3018,-0.110994295129439
3019,-0.103979166964922
3020,-0.104550323850711
3021,-0.115281910489197
3022,-0.109954677845278
3023,-0.106716609608531
3024,-0.111389075335285
3025,-0.103860953487302
3026,-0.103011190404885
3027,-0.109396884599479
3028,-0.103474892635098
3029,-0.117296145304213
3030,-0.120702754470268
3031,-0.100638672029739
3032,-0.113818138845039
3033,-0.11168321907184
3034,-0.105952534571776
3035,-0.113400657466757
3036,-0.101913443513128
3037,-0.0851577534573914
3038,-0.13405135451738
3039,-0.119804299637052
3040,-0.101233276840926
3041,-0.0944869680123079
3042,-0.0996682493826072
3043,-0.115365318656002
3044,-0.116009556420396
3045,-0.0927173097009493
3046,-0.127029515427259
3047,-0.102472847793751
3048,-0.113010647753639
3049,-0.11271304797807
3050,-0.100857064407749
3051,-0.094312964101806
3052,-0.0991468617101273
3053,-0.11479451928514
3054,-0.113202810714886
3055,-0.106278822126195
3056,-0.12012726817084
3057,-0.0992004868607166
3058,-0.0798141551990766
3059,-0.108634021754521
3060,-0.114763412085223
3061,-0.0747107027451639
3062,-0.101345105946287
3063,-0.119575993710045
3064,-0.110857609784643
3065,-0.108288141192081
3066,-0.113465284279549
3067,-0.125307392644898
3068,-0.100267948641014
3069,-0.1118124201464
3070,-0.115843972921169
3071,-0.130516963104055
3072,-0.107991596100564
3073,-0.128352662229809
3074,-0.122539296253446
3075,-0.0921629821218033
3076,-0.106559749309582
3077,-0.121133087903149
3078,-0.111734975848177
3079,-0.126870428092779
3080,-0.12148186490411
3081,-0.10654558126931
3082,-0.114000872205869
3083,-0.0616233670520261
3084,-0.12231850165633
3085,-0.0901766865596686
3086,-0.0948308353154607
3087,-0.114555893927641
3088,-0.116557903237494
3089,-0.135353899285206
3090,-0.13783421243247
3091,-0.112043218995369
3092,-0.0984807493597579
3093,-0.117365441488475
3094,-0.101588980763715
3095,-0.0870948225918768
3096,-0.0793161186445447
3097,-0.0964521303320997
3098,-0.143285180070884
3099,-0.104786911941907
3100,-0.105192257812931
3101,-0.103036105350911
3102,-0.0919629557896634
3103,-0.120013110108632
3104,-0.110609786953534
3105,-0.105294695437278
3106,-0.102337828455337
3107,-0.11443114646423
3108,-0.12135208245304
3109,-0.121899156554605
3110,-0.11298169000438
3111,-0.0917070265598152
3112,-0.124202853726458
3113,-0.121498952031855
3114,-0.11416243515712
3115,-0.098579465918012
3116,-0.121525330259877
3117,-0.135925710178491
3118,-0.0983766286930847
3119,-0.12675689675169
3120,-0.106033212982603
3121,-0.0994206089911853
3122,-0.128499845258131
3123,-0.138819154298758
3124,-0.0822202619846003
3125,-0.122881156246979
3126,-0.127727204884059
3127,-0.127272849492979
3128,-0.0996789230619029
3129,-0.113536942460565
3130,-0.0985833741820877
3131,-0.114854180951041
3132,-0.114144334352677
3133,-0.109485762669327
3134,-0.0956838522959874
3135,-0.0986951049837574
3136,-0.126501643558514
3137,-0.120934394422506
3138,-0.108092144602117
3139,-0.077351102499422
3140,-0.103105428937587
3141,-0.121410253692898
3142,-0.0832605601785986
3143,-0.0958218928751327
3144,-0.117135965939949
3145,-0.084735277672969
3146,-0.107828985567048
3147,-0.121140688883646
3148,-0.0965710054915883
3149,-0.0763984710020017
3150,-0.12082635664146
3151,-0.111815724269603
3152,-0.112126080885152
3153,-0.103216979377881
3154,-0.11801184244552
3155,-0.101886420244416
3156,-0.1023324526626
3157,-0.0976236129849852
3158,-0.0994606975889113
3159,-0.125220478059125
3160,-0.112479046675661
3161,-0.108328094081145
3162,-0.118199154841293
3163,-0.103779807389237
3164,-0.122572090614623
3165,-0.0831230801887901
3166,-0.103411149174457
3167,-0.119210265178008
3168,-0.0895972298930482
3169,-0.104478458272609
3170,-0.100220150405711
3171,-0.116339777382978
3172,-0.0956832848916754
3173,-0.106164233981175
3174,-0.0916582540222775
3175,-0.101432906130624
3176,-0.119231978753026
3177,-0.112854929596688
3178,-0.118796296166786
3179,-0.135984831836938
3180,-0.0917343971961713
3181,-0.113262138192197
3182,-0.0902194702513037
3183,-0.125676716829246
3184,-0.118607211092002
3185,-0.117143246150254
3186,-0.0915145118802552
3187,-0.118226723197136
3188,-0.103171981145541
3189,-0.117866382592914
3190,-0.11028829567874
3191,-0.112236011063084
3192,-0.088555049156836
3193,-0.0904692979901797
3194,-0.116972624586427
3195,-0.121502011763384
3196,-0.102669683217652
3197,-0.10659650108742
3198,-0.113724592169978
3199,-0.109379318821918
3200,-0.113197557407408
3201,-0.0953371902013515
3202,-0.111052149438996
3203,-0.0979346612009193
3204,-0.116766327736813
3205,-0.119246001024665
3206,-0.0951966047078205
3207,-0.0990507531048663
3208,-0.1303359637665
3209,-0.107971397734239
3210,-0.0896511659995163
3211,-0.0945792114272301
3212,-0.107168593256161
3213,-0.12399176934431
3214,-0.10372563999559
3215,-0.104198808675747
3216,-0.102216103907562
3217,-0.0712065806040213
3218,-0.0846923780685521
3219,-0.135583024461491
3220,-0.107566935978815
3221,-0.107239219197039
3222,-0.104524277711848
3223,-0.100007684489937
3224,-0.100912968496196
3225,-0.10264630412576
3226,-0.119593979666372
3227,-0.099923778659352
3228,-0.0901651269175072
3229,-0.117005716513768
3230,-0.0983023828004988
3231,-0.108843243436007
3232,-0.127670701237447
3233,-0.121801290632718
3234,-0.104414569155902
3235,-0.132769858821056
3236,-0.101805243875764
3237,-0.0925265028423992
3238,-0.108056603577126
3239,-0.0763113042900747
3240,-0.104450648068241
3241,-0.104778964177317
3242,-0.0940441746957351
3243,-0.0968737864222804
3244,-0.0856581113390306
3245,-0.114571357550215
3246,-0.119544150486239
3247,-0.113362875875762
3248,-0.136658364236906
3249,-0.103446155470734
3250,-0.131863861881783
3251,-0.0976988410218774
3252,-0.099124245471661
3253,-0.0782798361481831
3254,-0.0635626252624288
3255,-0.10288680253837
3256,-0.106294648012498
3257,-0.106671940146413
3258,-0.101961374474495
3259,-0.102732605104976
3260,-0.099574019174612
3261,-0.112575332110607
3262,-0.112012617097906
3263,-0.117040828519228
3264,-0.0832789034448845
3265,-0.106376348794338
3266,-0.116497645430618
3267,-0.101927144167308
3268,-0.104944696899933
3269,-0.104205377444842
3270,-0.132954282945365
3271,-0.10228095435303
3272,-0.099754329243767
3273,-0.11024492510791
3274,-0.0884295074021604
3275,-0.109903669108772
3276,-0.107681242838923
3277,-0.115365972299863
3278,-0.108413688331189
3279,-0.118275278037887
3280,-0.125110635301378
3281,-0.109023677476868
3282,-0.0860734321481699
3283,-0.100080463985572
3284,-0.109944079903249
3285,-0.102810445759129
3286,-0.137332972193752
3287,-0.114972734088648
3288,-0.10726670730822
3289,-0.10696050538596
3290,-0.110159267751684
3291,-0.0984751290683902
3292,-0.11027425817299
3293,-0.112130448095642
3294,-0.0681977171155238
3295,-0.112890447823429
3296,-0.120048203234851
3297,-0.113958522725928
3298,-0.121856764563284
3299,-0.1184343931242
3300,-0.0933390800050612
3301,-0.110703505363113
3302,-0.0883835305784306
3303,-0.115147773891123
3304,-0.11201335341972
3305,-0.105373696155271
3306,-0.118008598408781
3307,-0.097455532123977
3308,-0.112483583337204
3309,-0.11274970322164
3310,-0.103514473971233
3311,-0.10108905843488
3312,-0.102146652410214
3313,-0.116774185581937
3314,-0.0884691743670687
3315,-0.115235729691594
3316,-0.119215113356936
3317,-0.0899714026562715
3318,-0.0979302983132076
3319,-0.108076282729727
3320,-0.118310572327862
3321,-0.119320914631547
3322,-0.0957376301797078
3323,-0.122703066123037
3324,-0.100571222642308
3325,-0.0838371312382951
3326,-0.106514064025821
3327,-0.0967185422942743
3328,-0.100958672222535
3329,-0.11960441512903
3330,-0.128738836502852
3331,-0.0884620733828448
3332,-0.0943009017121822
3333,-0.10611829069364
3334,-0.131496951699414
3335,-0.0711035673204577
3336,-0.102733368761136
3337,-0.120952354990241
3338,-0.0741363013646188
3339,-0.103296560262854
3340,-0.0847641401167649
3341,-0.114373484439861
3342,-0.113548940861802
3343,-0.128405816252815
3344,-0.0970627666307355
3345,-0.104678080020664
3346,-0.118396504753035
3347,-0.121465640197701
3348,-0.11772960532035
3349,-0.111266090891758
3350,-0.100522251329321
3351,-0.117029671956623
3352,-0.105796646681391
3353,-0.113447594507891
3354,-0.105141310432773
3355,-0.106327456738625
3356,-0.0934513726055814
3357,-0.120198671315786
3358,-0.112143846445324
3359,-0.0923775528704307
3360,-0.124666289498232
3361,-0.115300735093141
3362,-0.13157713055373
3363,-0.115184621606508
3364,-0.107738404132012
3365,-0.0973308227628986
3366,-0.101996343106497
3367,-0.136884819686784
3368,-0.119472687745205
3369,-0.13694950457439
3370,-0.110541665896979
3371,-0.12728958066841
3372,-0.117561418602607
3373,-0.0893277898861558
3374,-0.111272749494389
3375,-0.10034371785979
3376,-0.107832665157414
3377,-0.128973496619424
3378,-0.0978246602463266
3379,-0.12531593091771
3380,-0.127638725958899
3381,-0.110655053121981
3382,-0.10138909339533
3383,-0.124613918056529
3384,-0.115701992010108
3385,-0.068918710754985
3386,-0.121102798749108
3387,-0.100639238825479
3388,-0.107906926017194
3389,-0.111042693302549
3390,-0.101684893223024
3391,-0.110214861753193
3392,-0.105435607144499
3393,-0.10731078726312
3394,-0.115161088770502
3395,-0.108781973239028
3396,-0.109523113150246
3397,-0.107917641463128
3398,-0.093493547706342
3399,-0.127413482661379
3400,-0.108357542399841
3401,-0.100306805989674
3402,-0.118495842082063
3403,-0.0969206467273887
3404,-0.0975324228765821
3405,-0.127711582615394
3406,-0.122019938932291
3407,-0.0920698489207411
3408,-0.10565511960895
3409,-0.0793777875603558
3410,-0.0864698641109528
3411,-0.127745369848412
3412,-0.0918714903116604
3413,-0.103694420900573
3414,-0.103239081270609
3415,-0.115795666885725
3416,-0.120024985426463
3417,-0.100030094776393
3418,-0.0998419207136857
3419,-0.118391258443335
3420,-0.123313178836528
3421,-0.109956186587406
3422,-0.1029175829729
3423,-0.114585682892128
3424,-0.0953370097004167
3425,-0.0982178678624537
3426,-0.109037757460545
3427,-0.109442989870748
3428,-0.110398240300377
3429,-0.108807921945804
3430,-0.0926795528791993
3431,-0.0946609322394242
3432,-0.100160852743932
3433,-0.107472597363785
3434,-0.114987679875063
3435,-0.11313718204398
3436,-0.120284815276303
3437,-0.0988907203167596
3438,-0.11385228274323
3439,-0.0978082485331522
3440,-0.101622433832909
3441,-0.107791662311427
3442,-0.111318102765011
3443,-0.108817633090409
3444,-0.0965999140088354
3445,-0.123850357694157
3446,-0.118458634941806
3447,-0.0770984243121134
3448,-0.113134462947202
3449,-0.113747009081342
3450,-0.102496939716812
3451,-0.0987807671001387
3452,-0.130251990404502
3453,-0.102275572625369
3454,-0.110448377322476
3455,-0.110204605096524
3456,-0.118135920764799
3457,-0.0898098504390347
3458,-0.141298323068459
3459,-0.099320338375476
3460,-0.0933633705377532
3461,-0.102693759147135
3462,-0.109236941821056
3463,-0.120951461359887
3464,-0.124360745993403
3465,-0.142279663478078
3466,-0.119518789346544
3467,-0.0929796823493789
3468,-0.125118843050551
3469,-0.13479078282021
3470,-0.117051745200384
3471,-0.128226520495872
3472,-0.133300997207257
3473,-0.106176083780072
3474,-0.116556100129311
3475,-0.0951394582418462
3476,-0.121312237665944
3477,-0.110511893898364
3478,-0.0967249011254637
3479,-0.112531160334621
3480,-0.0975858930658343
3481,-0.0876605697903693
3482,-0.0998421359094543
3483,-0.106378177030963
3484,-0.120622151379269
3485,-0.112218929664256
3486,-0.0994204369704781
3487,-0.107911057956268
3488,-0.0781801245079052
3489,-0.14134763059675
3490,-0.112898822187125
3491,-0.120665598547843
3492,-0.0939181638570453
3493,-0.123974176984022
3494,-0.10549713766239
3495,-0.0859627498438981
3496,-0.115697897670853
3497,-0.116249312691355
3498,-0.0834732036197745
3499,-0.1153254786462
3500,-0.122092803750443
3501,-0.105623159691563
3502,-0.0997216454491244
3503,-0.127269830504566
3504,-0.0923954727164826
3505,-0.0958625548707828
3506,-0.103964226973644
3507,-0.0937970305252227
3508,-0.115842696475586
3509,-0.0743303061754435
3510,-0.117835552516144
3511,-0.0995824881022423
3512,-0.127697612149414
3513,-0.0749714822039809
3514,-0.0925098591306474
3515,-0.114118840234431
3516,-0.0911871630358329
3517,-0.1127552742725
3518,-0.102423317086471
3519,-0.102277985365153
3520,-0.12693775697878
3521,-0.124469856025154
3522,-0.109334924952489
3523,-0.110633761489405
3524,-0.0946657930619363
3525,-0.107782043494553
3526,-0.0981772763005113
3527,-0.128941892269207
3528,-0.112424584360015
3529,-0.130245027711449
3530,-0.108133387804911
3531,-0.123329014242276
3532,-0.114871137591779
3533,-0.100647902262019
3534,-0.124062202348353
3535,-0.0975462065517506
3536,-0.102894295846438
3537,-0.0847070569858001
3538,-0.109274306587801
3539,-0.109451868223291
3540,-0.122698846760172
3541,-0.10463754620619
3542,-0.129471391461654
3543,-0.0932813435028873
3544,-0.0856919109427161
3545,-0.104249393649506
3546,-0.109889382022021
3547,-0.0663876237737012
3548,-0.0977047072827444
3549,-0.117873986470869
3550,-0.105122292423457
3551,-0.093992466115799
3552,-0.121999411148208
3553,-0.0908122753936139
3554,-0.107338562107468
3555,-0.118225894227277
3556,-0.111333970016139
3557,-0.0916078645562774
3558,-0.0998011061039228
3559,-0.094978461506946
3560,-0.106835353765708
3561,-0.109167232645211
3562,-0.104822658510854
3563,-0.109260729661655
3564,-0.109841650829588
3565,-0.113896869581749
3566,-0.121170979020791
3567,-0.0940817602394177
3568,-0.117200180686244
3569,-0.112036601778994
3570,-0.100156506483081
3571,-0.123437429515985
3572,-0.104793490933943
3573,-0.0867975704167794
3574,-0.124039956830867
3575,-0.113502269382348
3576,-0.118560633020347
3577,-0.0793038138606842
3578,-0.0868046418631005
3579,-0.0944237223511776
3580,-0.120514226689855
3581,-0.117067419539982
3582,-0.0820770217187068
3583,-0.118268219279455
3584,-0.110797316998292
3585,-0.0932813503590491
3586,-0.109476085270534
3587,-0.118468277233326
3588,-0.101086122826678
3589,-0.0959175842058565
3590,-0.11315985350016
3591,-0.112858734633597
3592,-0.115053341668274
3593,-0.109067831473346
3594,-0.119416202776444
3595,-0.11847956749328
3596,-0.109097606654622
3597,-0.125588037251656
3598,-0.0799496752993244
3599,-0.124333642615217
3600,-0.0958191799030635
3601,-0.121210843545972
3602,-0.0967953135256241
3603,-0.129198292941307
3604,-0.12097379856058
3605,-0.127584396026812
3606,-0.127361340131773
3607,-0.0988511805827035
3608,-0.104361056150741
3609,-0.091557039768446
3610,-0.0868503834942811
3611,-0.1303579154319
3612,-0.124287352250107
3613,-0.102619794180489
3614,-0.124101520051841
3615,-0.0932890978537199
3616,-0.123166622492893
3617,-0.126850725919746
3618,-0.0940504756018548
3619,-0.139252300390082
3620,-0.0931850348816676
3621,-0.124544710319847
3622,-0.10669643122431
3623,-0.110910609429533
3624,-0.109150780705756
3625,-0.101671388472985
3626,-0.110723537439732
3627,-0.10697908726591
3628,-0.0930547951614351
3629,-0.101034618567989
3630,-0.118426236116641
3631,-0.131404722157128
3632,-0.0953415227019363
3633,-0.126110460205304
3634,-0.108553074513365
3635,-0.116715348097326
3636,-0.0907374548554363
3637,-0.0908127796456586
3638,-0.0800939326731307
3639,-0.115319081165352
3640,-0.107802052545197
3641,-0.11413164343315
3642,-0.107561240965277
3643,-0.105581772805139
3644,-0.109779297083752
3645,-0.119728899389968
3646,-0.103876527237237
3647,-0.107057776103971
3648,-0.109293403500698
3649,-0.103740897028122
3650,-0.112090556052619
3651,-0.111682208602462
3652,-0.108697749583456
3653,-0.105831870978171
3654,-0.112812238903651
3655,-0.105263328239946
3656,-0.0991534706701842
3657,-0.108830038976417
3658,-0.0786318885020593
3659,-0.127445532268874
3660,-0.0865850897961004
3661,-0.11744483932507
3662,-0.120661032511165
3663,-0.102620479186398
3664,-0.0931444639607422
3665,-0.108270443244998
3666,-0.109759015054543
3667,-0.112816747134444
3668,-0.0803019895989036
3669,-0.126148524906703
3670,-0.120724552704291
3671,-0.0917439857377686
3672,-0.119949951992062
3673,-0.109325385573453
3674,-0.108171808838342
3675,-0.0870000803387986
3676,-0.0832017598298572
3677,-0.13194360809586
3678,-0.110057607353154
3679,-0.108203536180364
3680,-0.0962220684844479
3681,-0.106803150638963
3682,-0.0915607690090861
3683,-0.0944260167041172
3684,-0.108708846625501
3685,-0.077993530692077
3686,-0.0986506494267477
3687,-0.119215993350176
3688,-0.0922832824909024
3689,-0.126278967662298
3690,-0.123633191901187
3691,-0.0842306850577754
3692,-0.0710042154293027
3693,-0.103474859303501
3694,-0.0999447109723495
3695,-0.0778355345073182
3696,-0.0981999519829861
3697,-0.127050424981707
3698,-0.105382830040228
3699,-0.125034334037557
3700,-0.102547104184056
3701,-0.101654097204398
3702,-0.132163300253005
3703,-0.117631673041925
3704,-0.0953129440144084
3705,-0.11218382455294
3706,-0.0915272368846233
3707,-0.115788106377386
3708,-0.124528554119805
3709,-0.0954736490220251
3710,-0.116988835539526
3711,-0.117887056556588
3712,-0.119574532352608
3713,-0.109382908210784
3714,-0.132581091541354
3715,-0.125740894737606
3716,-0.100561720191477
3717,-0.0929826428526367
3718,-0.101395036118996
3719,-0.0993271090625688
3720,-0.110969599801071
3721,-0.125650797855046
3722,-0.118796371130073
3723,-0.0939250838535099
3724,-0.0908790016878076
3725,-0.0987576621115501
3726,-0.121994308838812
3727,-0.118981544812963
3728,-0.106756185175318
3729,-0.120028451400787
3730,-0.103867222978246
3731,-0.14180370583369
3732,-0.0793023871234928
3733,-0.101266309454021
3734,-0.11063976406026
3735,-0.11244582016278
3736,-0.0974158747467875
3737,-0.147053934398222
3738,-0.108701192893832
3739,-0.103548032306508
3740,-0.101831477206568
3741,-0.0928798591412583
3742,-0.0933570329441533
3743,-0.101290378537194
3744,-0.0944328896261919
3745,-0.145540366329787
3746,-0.11528565761412
3747,-0.0991135844636251
3748,-0.100523133630092
3749,-0.10458262309113
3750,-0.116045432766574
3751,-0.104125472516632
3752,-0.0831894876816266
3753,-0.12787820482646
3754,-0.110204070187351
3755,-0.0735840351394268
3756,-0.106631478431471
3757,-0.104902045919762
3758,-0.135901301460979
3759,-0.104160411794968
3760,-0.115707807647979
3761,-0.101821482349469
3762,-0.108623539073007
3763,-0.10270693947878
3764,-0.0911642887374108
3765,-0.110707438310575
3766,-0.119798848417852
3767,-0.096351881873059
3768,-0.0994263820604861
3769,-0.0963550876791811
3770,-0.0971338189248723
3771,-0.128029994912506
3772,-0.0922654825204426
3773,-0.10336593483647
3774,-0.0726185782678229
3775,-0.0961130967217793
3776,-0.0930442618240159
3777,-0.120085673801746
3778,-0.109795562672216
3779,-0.114831423759446
3780,-0.132999709982307
3781,-0.110605157560741
3782,-0.124080777190761
3783,-0.0873255984092321
3784,-0.119843432545216
3785,-0.129237529276552
3786,-0.119237508224677
3787,-0.0939788512203421
3788,-0.104425847157955
3789,-0.105528170597392
3790,-0.0965588105430667
3791,-0.129167187674727
3792,-0.0991977819755365
3793,-0.0774903449138642
3794,-0.0916125899115835
3795,-0.136420539615234
3796,-0.112308179175205
3797,-0.105465694659614
3798,-0.0928472794194229
3799,-0.117708271399964
3800,-0.0898904566347533
3801,-0.111375498488762
3802,-0.103989847288481
3803,-0.114089089815278
3804,-0.0900037294589164
3805,-0.115624895499081
3806,-0.0960910983795921
3807,-0.0984776926638821
3808,-0.103196871698189
3809,-0.119215800865454
3810,-0.096729779269602
3811,-0.101713522795733
3812,-0.116536491946491
3813,-0.114892943252372
3814,-0.0870219443532095
3815,-0.109038013765505
3816,-0.129903976421405
3817,-0.118098819329703
3818,-0.094891732352932
3819,-0.10471466650117
3820,-0.0968172817092917
3821,-0.113292159813976
3822,-0.121341677260944
3823,-0.117298278107865
3824,-0.115830344571812
3825,-0.132047440110008
3826,-0.109759437622495
3827,-0.118496388629308
3828,-0.0895661420905286
3829,-0.111847112673818
3830,-0.0898811898363385
3831,-0.126073580111394
3832,-0.112302920216686
3833,-0.119701948225675
3834,-0.129748433142012
3835,-0.123052696830591
3836,-0.126536875802025
3837,-0.128514958751806
3838,-0.09424261953349
3839,-0.114962728922181
3840,-0.0884679958174549
3841,-0.103790727963113
3842,-0.0791839863464912
3843,-0.10246900942907
3844,-0.0973167173823611
3845,-0.1036422115966
3846,-0.109238836369651
3847,-0.124134951913331
3848,-0.125763196467774
3849,-0.0990416083666837
3850,-0.109790470453882
3851,-0.101078356014254
3852,-0.109528332591213
3853,-0.100478489109364
3854,-0.115298524850406
3855,-0.112192118883806
3856,-0.111742611576023
3857,-0.11403281863912
3858,-0.124074008040579
3859,-0.111970778397081
3860,-0.119008458921877
3861,-0.108376589693822
3862,-0.121313943969743
3863,-0.103244392172114
3864,-0.0776589448290892
3865,-0.133797001578265
3866,-0.117386836378796
3867,-0.0995683390960677
3868,-0.0816001871878542
3869,-0.109858600472723
3870,-0.110764508619073
3871,-0.111089909719025
3872,-0.121990399771613
3873,-0.101384720603865
3874,-0.113202991786779
3875,-0.110226880211168
3876,-0.0965235305516974
3877,-0.119417941234101
3878,-0.118565743218799
3879,-0.126614043047891
3880,-0.103177334868982
3881,-0.061962820190837
3882,-0.112012724771881
3883,-0.120069437600682
3884,-0.133260003568833
3885,-0.124143206163985
3886,-0.121674243281025
3887,-0.0893249073239838
3888,-0.113190997759159
3889,-0.126087831189547
3890,-0.115111590192823
3891,-0.101934322189749
3892,-0.103703984924249
3893,-0.119470671390283
3894,-0.115959224667479
3895,-0.111998345072881
3896,-0.11650182878468
3897,-0.103842732412392
3898,-0.106138057136923
3899,-0.119373553864834
3900,-0.116004521875179
3901,-0.11003006314414
3902,-0.131312333430759
3903,-0.109535780263611
3904,-0.093924612127057
3905,-0.0980815156421871
3906,-0.0848868802248452
3907,-0.108989997298674
3908,-0.109493034516015
3909,-0.110228776963559
3910,-0.11697844276981
3911,-0.125240239154278
3912,-0.112423289569611
3913,-0.121876317025975
3914,-0.0992157369121005
3915,-0.0994881944413474
3916,-0.0952013003345719
3917,-0.108690557884959
3918,-0.0979428060147962
3919,-0.0990856014976846
3920,-0.123824815494959
3921,-0.108318408033798
3922,-0.0902933641000161
3923,-0.11404509407763
3924,-0.108693938558453
3925,-0.107714889636078
3926,-0.0976857190362963
3927,-0.0892008347651031
3928,-0.100660019523543
3929,-0.129290261462674
3930,-0.0939971855634699
3931,-0.0962003536569622
3932,-0.122889765148544
3933,-0.0825950538854366
3934,-0.0976560762004816
3935,-0.106354295507703
3936,-0.103955847835152
3937,-0.1262903738151
3938,-0.0999658590310866
3939,-0.133999778711648
3940,-0.110151744086262
3941,-0.0902213895358607
3942,-0.0754149597879948
3943,-0.116780952571585
3944,-0.130845441038005
3945,-0.135556633281911
3946,-0.0937174913734379
3947,-0.0878550584615539
3948,-0.108263878882045
3949,-0.103900353487367
3950,-0.0960832249125984
3951,-0.110980401894533
3952,-0.134793008343849
3953,-0.120752292190819
3954,-0.100250617333754
3955,-0.101915085685798
3956,-0.109393187481752
3957,-0.0945437385781027
3958,-0.100307936383687
3959,-0.07801255912552
3960,-0.126780948268833
3961,-0.137621408042826
3962,-0.121103294437333
3963,-0.10997015913792
3964,-0.10225754335467
3965,-0.0706708471293147
3966,-0.115895529576508
3967,-0.10854469932959
3968,-0.131043234912782
3969,-0.104967647233185
3970,-0.123055046504363
3971,-0.107584435410498
3972,-0.116518563335493
3973,-0.0890403295358818
3974,-0.0731496708178649
3975,-0.106612604542558
3976,-0.0940230393904893
3977,-0.101712085147846
3978,-0.105353158718752
3979,-0.10665160418884
3980,-0.109606408906256
3981,-0.104306777573948
3982,-0.0860059204425957
3983,-0.107041464984923
3984,-0.145219465985893
3985,-0.12350059329466
3986,-0.105762857960956
3987,-0.0879188440207759
3988,-0.12518605118994
3989,-0.0969422537476518
3990,-0.104928147576529
3991,-0.118010412700382
3992,-0.112486585177649
3993,-0.121802646894464
3994,-0.11971755415328
3995,-0.111747905667586
3996,-0.105155532472601
3997,-0.11951499595755
3998,-0.112277631718676
3999,-0.121200332256038
4000,-0.100595682481878
4001,-0.117466655573621
4002,-0.123641306148565
4003,-0.112321270890484
4004,-0.10532861693464
4005,-0.116218485339717
4006,-0.114111748081459
4007,-0.0781583349814567
4008,-0.0988464414602483
4009,-0.119816672285123
4010,-0.101070727712744
4011,-0.11093780353799
4012,-0.0926517615862902
4013,-0.123395291547695
4014,-0.0786248926080206
4015,-0.122536531475376
4016,-0.0949552327122436
4017,-0.114023686075616
4018,-0.0908930843807031
4019,-0.107925291845881
4020,-0.108597167060599
4021,-0.11009366471136
4022,-0.115807741898875
4023,-0.114273899497763
4024,-0.0939071380488762
4025,-0.0871403640083639
4026,-0.119473332951483
4027,-0.0979279247406775
4028,-0.0975464745910182
4029,-0.115892251993959
4030,-0.124102842576326
4031,-0.108810103033008
4032,-0.106157636697731
4033,-0.120712324923945
4034,-0.0913898948931778
4035,-0.115597900739088
4036,-0.0705151671074054
4037,-0.0965882817422253
4038,-0.126291951746581
4039,-0.112504319530212
4040,-0.118468562847267
4041,-0.119552374200749
4042,-0.0769781496591498
4043,-0.111342572057623
4044,-0.116747383316549
4045,-0.105793178104295
4046,-0.104162748666972
4047,-0.110547496094274
4048,-0.104273935616975
4049,-0.0889506641666548
4050,-0.120635669103158
4051,-0.137863935478352
4052,-0.0874791280411449
4053,-0.103163425199288
4054,-0.134671790144183
4055,-0.0936500722994056
4056,-0.111962424661158
4057,-0.111500886874983
4058,-0.104492923368862
4059,-0.101201481943966
4060,-0.097141187639956
4061,-0.112069589463396
4062,-0.116667741103021
4063,-0.111420245994661
4064,-0.112890965126131
4065,-0.107572189999628
4066,-0.113591617023949
4067,-0.112288777965871
4068,-0.123825002995737
4069,-0.1005280035087
4070,-0.111296971397484
4071,-0.117111139312024
4072,-0.114302995764731
4073,-0.102818661944531
4074,-0.127568851031027
4075,-0.123134532753403
4076,-0.10850807992988
4077,-0.106816148242582
4078,-0.079489332257095
4079,-0.106939368557335
4080,-0.117620253024747
4081,-0.137796200243953
4082,-0.117284324158652
4083,-0.110974538725831
4084,-0.0823086271397376
4085,-0.119778513558019
4086,-0.0997808957655546
4087,-0.110393737732309
4088,-0.129329053055326
4089,-0.123261011846836
4090,-0.111556754829422
4091,-0.0894386047211153
4092,-0.109182534093434
4093,-0.11651581349725
4094,-0.0788336102580018
4095,-0.113517619855909
4096,-0.108433939596409
4097,-0.110739566117972
4098,-0.106582269302016
4099,-0.0977534933160703
4100,-0.10392626263947
4101,-0.0994002197707895
4102,-0.1081792695078
4103,-0.122093377846807
4104,-0.120402441160281
4105,-0.102394516279729
4106,-0.108805393505205
4107,-0.1102697229024
4108,-0.107484064062632
4109,-0.106851162965843
4110,-0.107126782551475
4111,-0.0745135079386466
4112,-0.0855746546985644
4113,-0.119215812942505
4114,-0.132541971065303
4115,-0.100555933604989
4116,-0.0988110917876138
4117,-0.0984135485466922
4118,-0.123339196053926
4119,-0.0777622661723171
4120,-0.108289944581172
4121,-0.099627336587804
4122,-0.110894924232822
4123,-0.101801948990041
4124,-0.107955349045103
4125,-0.109081612973936
4126,-0.125548791802118
4127,-0.0843468872436448
4128,-0.0966252486406861
4129,-0.106535870115524
4130,-0.107602495749311
4131,-0.0926927743111118
4132,-0.104408865809742
4133,-0.100399330863764
4134,-0.0929518762940151
4135,-0.114209404586978
4136,-0.106639227417741
4137,-0.102561742987566
4138,-0.0933293620609065
4139,-0.110020774630376
4140,-0.119434975609374
4141,-0.10244337345545
4142,-0.09231080784771
4143,-0.10392308380896
4144,-0.120831869835616
4145,-0.119987670579127
4146,-0.09406128059019
4147,-0.0909553296674656
4148,-0.100014939180733
4149,-0.0931473758396928
4150,-0.127074356454373
4151,-0.0882817893804563
4152,-0.0969252452635836
4153,-0.0878771155815704
4154,-0.0873833935373936
4155,-0.115941633612424
4156,-0.107720323084672
4157,-0.103342049154135
4158,-0.10361640232183
4159,-0.128093369318624
4160,-0.0943588992334334
4161,-0.108735447699177
4162,-0.146400332959309
4163,-0.121107925177987
4164,-0.127264697933424
4165,-0.121377577069881
4166,-0.0765654880231581
4167,-0.104009769065835
4168,-0.115946118455982
4169,-0.132602636165323
4170,-0.105732089168956
4171,-0.101178057278754
4172,-0.105640980004876
4173,-0.100881333401715
4174,-0.113141211264828
4175,-0.0915900053632896
4176,-0.11631292442072
4177,-0.0829348018469067
4178,-0.136724151205161
4179,-0.0895243685510357
4180,-0.0935245022596279
4181,-0.116078670530517
4182,-0.105987140797337
4183,-0.117795183664816
4184,-0.114843063333389
4185,-0.0972231995802818
4186,-0.109419150157949
4187,-0.113915245019719
4188,-0.102923539051722
4189,-0.0839324325109214
4190,-0.102464318077685
4191,-0.111297558540537
4192,-0.0896970757273475
4193,-0.0917416730785434
4194,-0.0719926957078523
4195,-0.0965518322103072
4196,-0.0980676482059541
4197,-0.143136482643731
4198,-0.123491111299186
4199,-0.118185524681475
4200,-0.118204180981106
4201,-0.0881529843064686
4202,-0.112828969123928
4203,-0.0915116388220483
4204,-0.127074904684588
4205,-0.106279553563861
4206,-0.107729340291804
4207,-0.110335153266736
4208,-0.0914402847783391
4209,-0.114217601480835
4210,-0.125820716133139
4211,-0.119080871103178
4212,-0.126239548865743
4213,-0.116992893905508
4214,-0.136227051067283
4215,-0.11773065728051
4216,-0.104095371631182
4217,-0.0982244406703046
4218,-0.0901551768757088
4219,-0.0986037099425194
4220,-0.102738785556308
4221,-0.104464261863239
4222,-0.0767274922667458
4223,-0.0764639922629826
4224,-0.116022727654602
4225,-0.117596500860001
4226,-0.122660419576086
4227,-0.0940629216688147
4228,-0.103228573724781
4229,-0.127838423735011
4230,-0.124893207654223
4231,-0.0827319908354637
4232,-0.119039536233137
4233,-0.108596923823218
4234,-0.113087509054573
4235,-0.116842764983209
4236,-0.117103017661157
4237,-0.108287678827524
4238,-0.114562152555239
4239,-0.113302160375381
4240,-0.127993977166048
4241,-0.101187401556567
4242,-0.107247884715332
4243,-0.102138607214899
4244,-0.118327470973286
4245,-0.107383879193935
4246,-0.105100261964522
4247,-0.0950685903097437
4248,-0.0853780963214575
4249,-0.101144002478491
4250,-0.122854257923754
4251,-0.120965567597387
4252,-0.0855277479800171
4253,-0.106364068958792
4254,-0.116757542597475
4255,-0.103024991516742
4256,-0.119486066875089
4257,-0.144452297017886
4258,-0.107882666535805
4259,-0.119819478712341
4260,-0.128223359234149
4261,-0.112025649123178
4262,-0.135146400802525
4263,-0.122620574578236
4264,-0.0976022259904526
4265,-0.12228885847303
4266,-0.127887611164077
4267,-0.101781505711098
4268,-0.12956391905146
4269,-0.112393895465293
4270,-0.0900913582918849
4271,-0.112252763600931
4272,-0.0945899681755633
4273,-0.119884300635027
4274,-0.107151538099756
4275,-0.111461261459364
4276,-0.108720650543944
4277,-0.0982991883862728
4278,-0.101994137035946
4279,-0.085174525386271
4280,-0.0922958309081658
4281,-0.13371640186843
4282,-0.133380291685717
4283,-0.0917799561777487
4284,-0.109807701326599
4285,-0.103504764081323
4286,-0.0842905262528515
4287,-0.105352715393922
4288,-0.106351758555212
4289,-0.10865254402187
4290,-0.105964410241791
4291,-0.109305309831704
4292,-0.100130957238473
4293,-0.112869220014269
4294,-0.102197482190297
4295,-0.119940223496526
4296,-0.101913109472631
4297,-0.118958794921834
4298,-0.0894803854245352
4299,-0.105005659707865
4300,-0.119376701274173
4301,-0.127762458599921
4302,-0.109351116690962
4303,-0.109922498577511
4304,-0.122284166845127
4305,-0.11643310613715
4306,-0.104289604007904
4307,-0.0946850024525479
4308,-0.0952193019220343
4309,-0.0974287840067908
4310,-0.105078271731714
4311,-0.106076533829647
4312,-0.12196975147479
4313,-0.108042306727428
4314,-0.11388659950589
4315,-0.110325719373048
4316,-0.1224340641603
4317,-0.0964532531460997
4318,-0.0883024000402914
4319,-0.124306027012017
4320,-0.0922030399543818
4321,-0.119643227346947
4322,-0.0993605028989508
4323,-0.100175503178899
4324,-0.0849456953904143
4325,-0.127291982672524
4326,-0.124946767119106
4327,-0.120362967998522
4328,-0.109292559668006
4329,-0.100433422555196
4330,-0.128338756041809
4331,-0.0764481895088793
4332,-0.119759878848314
4333,-0.103106894914532
4334,-0.136008342562062
4335,-0.110375757856391
4336,-0.105590307955023
4337,-0.10167865973502
4338,-0.124195862489708
4339,-0.137991432562151
4340,-0.0989268889849635
4341,-0.0899297323619399
4342,-0.0996888064492958
4343,-0.117207246826887
4344,-0.122808885095278
4345,-0.113809058166473
4346,-0.0841533337485615
4347,-0.121294701105588
4348,-0.139273764969834
4349,-0.108615226576056
4350,-0.0819989750280341
4351,-0.114395231039136
4352,-0.100620524394315
4353,-0.108363974746929
4354,-0.106324852534703
4355,-0.100134329770299
4356,-0.114089978275136
4357,-0.129890045031355
4358,-0.0663314134604331
4359,-0.0735834011953633
4360,-0.100574749399527
4361,-0.111650685546757
4362,-0.0952183989766676
4363,-0.106876156017431
4364,-0.0836591055623979
4365,-0.116745037725378
4366,-0.094228094888813
4367,-0.11222918275654
4368,-0.122992877285177
4369,-0.10635316922556
4370,-0.10998442217339
4371,-0.113568185506323
4372,-0.132166834549228
4373,-0.0814937974421048
4374,-0.126310691663902
4375,-0.107271549375371
4376,-0.0950438627477986
4377,-0.0920701219096114
4378,-0.104159531966158
4379,-0.11655404117899
4380,-0.107223256713942
4381,-0.123068403594849
4382,-0.133162439742947
4383,-0.0883955642236446
4384,-0.106001165686644
4385,-0.0872683779865571
4386,-0.0897837900033597
4387,-0.0937022429030286
4388,-0.100557080788094
4389,-0.123309998878991
4390,-0.119432404771325
4391,-0.100512588363046
4392,-0.111926682669245
4393,-0.102819193252539
4394,-0.0981755353833504
4395,-0.0825273237693337
4396,-0.141245049457725
4397,-0.126778388744814
4398,-0.124928632117944
4399,-0.119177572993485
4400,-0.0956826020314312
4401,-0.123312784213296
4402,-0.110455730204507
4403,-0.0891014361178019
4404,-0.108727421067576
4405,-0.117564918858801
4406,-0.136309547837617
4407,-0.0969488693124611
4408,-0.114829993127569
4409,-0.0969108989575393
4410,-0.149463898276305
4411,-0.103202696255557
4412,-0.115448551377483
4413,-0.125983660910928
4414,-0.0944978891082385
4415,-0.117820401390926
4416,-0.0839765588607513
4417,-0.121649080505079
4418,-0.100808597077151
4419,-0.134609609617227
4420,-0.117479835094543
4421,-0.115509987577188
4422,-0.0895067491422209
4423,-0.109166222349445
4424,-0.0988870133626762
4425,-0.0842699520025788
4426,-0.109068434817122
4427,-0.136422086619848
4428,-0.111994843774309
4429,-0.105533902075844
4430,-0.0974451774234038
4431,-0.124335695037319
4432,-0.104858645971151
4433,-0.117440303119818
4434,-0.101376992902558
4435,-0.102049577851613
4436,-0.117639235566036
4437,-0.0943595154269586
4438,-0.124913637572202
4439,-0.108327501240907
4440,-0.127469960753418
4441,-0.0943017038266206
4442,-0.0810649636930367
4443,-0.0848069512677255
4444,-0.105695707115389
4445,-0.0885174448657756
4446,-0.105882718848657
4447,-0.129328773178124
4448,-0.112310553694172
4449,-0.110765689504625
4450,-0.113715928303104
4451,-0.0989199148408432
4452,-0.0978664763613081
4453,-0.0885747936053851
4454,-0.116460175019638
4455,-0.124532976491094
4456,-0.12650111466508
4457,-0.132112085288706
4458,-0.0711111187338806
4459,-0.123128534849843
4460,-0.114583830151261
4461,-0.0681665362714527
4462,-0.123097091025878
4463,-0.121157034428816
4464,-0.122692579895395
4465,-0.099843995455127
4466,-0.110193495593424
4467,-0.110078760616096
4468,-0.0928755999649684
4469,-0.102320602634426
4470,-0.0937961585976812
4471,-0.0853890734606758
4472,-0.108958972748161
4473,-0.100064348664595
4474,-0.097782873267717
4475,-0.119601195854888
4476,-0.115017162880883
4477,-0.0933193549736563
4478,-0.0925619386114152
4479,-0.113066331392977
4480,-0.0935739018502115
4481,-0.114417941140644
4482,-0.122169304035532
4483,-0.105287647526714
4484,-0.106251990414706
4485,-0.108122562863168
4486,-0.119262575258076
4487,-0.112726008543122
4488,-0.0996418866187353
4489,-0.101262520355485
4490,-0.124399404147925
4491,-0.122451036991958
4492,-0.111743041290438
4493,-0.0963147602070634
4494,-0.0937390175016256
4495,-0.0991181425864523
4496,-0.103872279351522
4497,-0.103101405203263
4498,-0.114739654654825
4499,-0.113527264249419
4500,-0.113713303337776
4501,-0.0984555810862426
4502,-0.120857783040781
4503,-0.13019933201733
4504,-0.106583029260624
4505,-0.108200150716289
4506,-0.121951064755714
4507,-0.0931108597285913
4508,-0.09543667573512
4509,-0.103900419153327
4510,-0.117422198390708
4511,-0.118053640502137
4512,-0.118621806474553
4513,-0.109508400531928
4514,-0.0990860830651655
4515,-0.112953088837312
4516,-0.101475823437721
4517,-0.127549077429387
4518,-0.0927774555286646
4519,-0.0920766906991201
4520,-0.0871766872626929
4521,-0.116712755667065
4522,-0.0981306838589219
4523,-0.104536611109049
4524,-0.110790925544475
4525,-0.116060295502314
4526,-0.125631592561419
4527,-0.130378314166038
4528,-0.0846615535294179
4529,-0.100634461208982
4530,-0.114187932984842
4531,-0.110995161325273
4532,-0.111074450596931
4533,-0.115369038831488
4534,-0.107099520592726
4535,-0.110045854328014
4536,-0.101409317475133
4537,-0.109821627828734
4538,-0.0976499745861691
4539,-0.0904800851129963
4540,-0.123584194330212
4541,-0.107705186973095
4542,-0.0956314789894272
4543,-0.103234635425189
4544,-0.115806951321023
4545,-0.107350195420583
4546,-0.0862069926410658
4547,-0.130729105664215
4548,-0.128546521919333
4549,-0.104507665798739
4550,-0.123914959494966
4551,-0.112954352789516
4552,-0.138884780080266
4553,-0.124162868803095
4554,-0.101195792834983
4555,-0.111756604180353
4556,-0.109572939694701
4557,-0.103216244892354
4558,-0.104169063212934
4559,-0.10327682208505
4560,-0.130148376890943
4561,-0.115405517329478
4562,-0.104653705484196
4563,-0.0910135409124879
4564,-0.121080740303616
4565,-0.109653345997581
4566,-0.120339012599648
4567,-0.0880953905992487
4568,-0.100670655823908
4569,-0.126735234907913
4570,-0.0892923522307812
4571,-0.0986825707567042
4572,-0.0872186692145284
4573,-0.115023555392155
4574,-0.0853505791364186
4575,-0.105342535821678
4576,-0.121276589246044
4577,-0.131081674323763
4578,-0.13191891795516
4579,-0.101385221321476
4580,-0.101415722392835
4581,-0.108330760481491
4582,-0.110732118201461
4583,-0.103646077207263
4584,-0.0929901830721672
4585,-0.103350362892097
4586,-0.102413445207854
4587,-0.10152853348301
4588,-0.104295229836733
4589,-0.133849601971292
4590,-0.10580851015419
4591,-0.12585769014962
4592,-0.102465742268196
4593,-0.121287280150186
4594,-0.122180154806419
4595,-0.131428400117157
4596,-0.10153975595062
4597,-0.103094569428432
4598,-0.100121430868749
4599,-0.121679447637263
4600,-0.118555570734711
4601,-0.112358856806217
4602,-0.123926435797109
4603,-0.0989131629834862
4604,-0.119544813828683
4605,-0.107834926399475
4606,-0.0800976373694336
4607,-0.123964756532
4608,-0.113343873179753
4609,-0.120019126968034
4610,-0.0976570082131862
4611,-0.107268336754818
4612,-0.116884857346416
4613,-0.0847320270546256
4614,-0.125165022086171
4615,-0.108638632026453
4616,-0.117317055993734
4617,-0.119831994736295
4618,-0.0910614872885115
4619,-0.115734021712165
4620,-0.118529708801015
4621,-0.122197261998563
4622,-0.135339543327478
4623,-0.123733742133613
4624,-0.119294457376198
4625,-0.120356984080404
4626,-0.106717358743948
4627,-0.120759997021657
4628,-0.116173083937204
4629,-0.127774311771294
4630,-0.115198006774414
4631,-0.115420577630555
4632,-0.113839401290128
4633,-0.109519217343245
4634,-0.129464127559484
4635,-0.110630875317829
4636,-0.125479398955994
4637,-0.0939454581498871
4638,-0.0989445291777903
4639,-0.100812588744878
4640,-0.110420359795999
4641,-0.0979044843611464
4642,-0.123662417747033
4643,-0.122665203550666
4644,-0.0896650561288729
4645,-0.101344038233545
4646,-0.115627701573145
4647,-0.0899632238244171
4648,-0.123852601865129
4649,-0.0827627821365522
4650,-0.0741711961649912
4651,-0.112934522128968
4652,-0.114583088977192
4653,-0.110115733690169
4654,-0.136471171922878
4655,-0.0951052196878345
4656,-0.0991426544431716
4657,-0.109693928436967
4658,-0.110353852936632
4659,-0.0940653690450732
4660,-0.0944896718613676
4661,-0.106864580597294
4662,-0.0792273984563079
4663,-0.0955359847182571
4664,-0.111888995120063
4665,-0.110271712201902
4666,-0.117833437214544
4667,-0.101861745750755
4668,-0.119087266806924
4669,-0.0988072525157815
4670,-0.112589492673033
4671,-0.097892333489257
4672,-0.0847231087262145
4673,-0.0976149142438516
4674,-0.0917916592676901
4675,-0.138224191874591
4676,-0.106430044964092
4677,-0.107586349552631
4678,-0.0973221109287959
4679,-0.125762007384215
4680,-0.125533859088975
4681,-0.0984050725874644
4682,-0.0966634020434198
4683,-0.119829255517605
4684,-0.1181932225185
4685,-0.103587436852213
4686,-0.11689939040328
4687,-0.112165687041518
4688,-0.12242775060596
4689,-0.103585358243999
4690,-0.102552731308354
4691,-0.11770982036461
4692,-0.0863668213075111
4693,-0.12787644831107
4694,-0.11677228256132
4695,-0.115428603914699
4696,-0.10513242421879
4697,-0.101026154794938
4698,-0.119920025457698
4699,-0.12633771946754
4700,-0.0988326698028834
4701,-0.113606353544258
4702,-0.112156584705147
4703,-0.124144989422908
4704,-0.112932359124008
4705,-0.125621393677472
4706,-0.11850786449028
4707,-0.10173633866391
4708,-0.0917457557120123
4709,-0.126611279772844
4710,-0.118050280524216
4711,-0.130380928789034
4712,-0.107214059500361
4713,-0.106251420443971
4714,-0.127322920124454
4715,-0.125192002753508
4716,-0.107950871497722
4717,-0.115943777808645
4718,-0.128814259522341
4719,-0.088019420606842
4720,-0.085920237413408
4721,-0.111906953950913
4722,-0.0977739134462736
4723,-0.0809004536102604
4724,-0.115840329727637
4725,-0.101726266086516
4726,-0.0994185517338244
4727,-0.0978209928567147
4728,-0.105098964062007
4729,-0.0784577286713026
4730,-0.114432126405585
4731,-0.0909787688620936
4732,-0.116840474674544
4733,-0.104178200780217
4734,-0.107597315271854
4735,-0.094034607194257
4736,-0.0997600827976131
4737,-0.110894988405934
4738,-0.123541440119318
4739,-0.10685127695605
4740,-0.11833679755241
4741,-0.142282320070912
4742,-0.120621012027542
4743,-0.130473436445486
4744,-0.0930573063613309
4745,-0.0939715965610632
4746,-0.109431133172867
4747,-0.101894113268949
4748,-0.103207324674972
4749,-0.0964181325090801
4750,-0.0934381226346041
4751,-0.126146141136347
4752,-0.114378434545784
4753,-0.116099921642771
4754,-0.112503244376801
4755,-0.086343043710209
4756,-0.0861606316020407
4757,-0.115816301928038
4758,-0.108988957241668
4759,-0.112711208527183
4760,-0.120890946905173
4761,-0.0887914994601232
4762,-0.0913043764072256
4763,-0.101261737978038
4764,-0.109681604423507
4765,-0.110745847418298
4766,-0.0969853283349929
4767,-0.105365157559454
4768,-0.116014339873089
4769,-0.115005152918989
4770,-0.0911932432050804
4771,-0.0825769421446808
4772,-0.103338466283108
4773,-0.116431037766449
4774,-0.0969434561129877
4775,-0.106981721657329
4776,-0.137574834785537
4777,-0.117767394845391
4778,-0.105715311779138
4779,-0.114596033475356
4780,-0.119991904598731
4781,-0.100843568761388
4782,-0.127977587487662
4783,-0.111771789090636
4784,-0.102499233954529
4785,-0.100374795930785
4786,-0.118270209173609
4787,-0.100950602939438
4788,-0.0924971314939045
4789,-0.115268717022822
4790,-0.109837952584041
4791,-0.0788555047704165
4792,-0.10952779352294
4793,-0.10580373398311
4794,-0.100707133827272
4795,-0.115052165444692
4796,-0.127374183765416
4797,-0.11076616775338
4798,-0.111812387229965
4799,-0.113867597471887
4800,-0.110351100780005
4801,-0.114884329822389
4802,-0.119473749332228
4803,-0.111166141281828
4804,-0.120773137072756
4805,-0.102347941620189
4806,-0.102833775906499
4807,-0.101798038882095
4808,-0.0978015879827965
4809,-0.116588487907868
4810,-0.0999473739454973
4811,-0.0937803331985636
4812,-0.105669828391096
4813,-0.0884978723651991
4814,-0.0968052036646881
4815,-0.120273549200068
4816,-0.101147799858199
4817,-0.111770152916446
4818,-0.0965523199451364
4819,-0.124057988589261
4820,-0.116985462824432
4821,-0.101663332333607
4822,-0.113375760159514
4823,-0.0859644529943082
4824,-0.124985681573739
4825,-0.113360825510044
4826,-0.107293646168744
4827,-0.119930572625268
4828,-0.0958421036607827
4829,-0.108411795724425
4830,-0.10464788594072
4831,-0.131678880959507
4832,-0.115534234235106
4833,-0.125604686867046
4834,-0.0852753871885501
4835,-0.123946370017742
4836,-0.104753561574136
4837,-0.0821109274218791
4838,-0.107913880793358
4839,-0.125270931538918
4840,-0.123817356043117
4841,-0.0931668577605766
4842,-0.105574535541182
4843,-0.119395489516014
4844,-0.111435319628817
4845,-0.102953442379366
4846,-0.107873865416272
4847,-0.12555687415542
4848,-0.0964895023928329
4849,-0.0691044058046463
4850,-0.0941641314520491
4851,-0.115477714000073
4852,-0.0867770857759357
4853,-0.119826989172811
4854,-0.0789131258789283
4855,-0.111702469050795
4856,-0.106500175951949
4857,-0.0956327412698885
4858,-0.101443983101631
4859,-0.116055003881934
4860,-0.113627644186561
4861,-0.110455597710012
4862,-0.0989159655357427
4863,-0.100054853327834
4864,-0.109202880181651
4865,-0.136795240261762
4866,-0.112496587247854
4867,-0.100414895289585
4868,-0.0904913994775524
4869,-0.106527893571473
4870,-0.111422846914508
4871,-0.11331794122831
4872,-0.119230953842871
4873,-0.0992716575072867
4874,-0.0969392246470554
4875,-0.100759233443971
4876,-0.0957919487878782
4877,-0.0976041742501901
4878,-0.105669149116862
4879,-0.0893498385841881
4880,-0.0921426125475179
4881,-0.109125966525895
4882,-0.122337824426653
4883,-0.114259359084026
4884,-0.108547414330222
4885,-0.104001823638658
4886,-0.104532996462251
4887,-0.118982909033303
4888,-0.103840701155917
4889,-0.109373312229704
4890,-0.102657335411544
4891,-0.122025542169327
4892,-0.0920682670105457
4893,-0.087340577749442
4894,-0.100899000988879
4895,-0.0900380522841619
4896,-0.0994400311899223
4897,-0.109915021100866
4898,-0.104444156315054
4899,-0.107000904726847
4900,-0.132754601386781
4901,-0.0929938948169283
4902,-0.111335819498356
4903,-0.0964626449661916
4904,-0.0770906333862864
4905,-0.106655678590068
4906,-0.112286300840392
4907,-0.116457305177077
4908,-0.0985316468978913
4909,-0.122129420204612
4910,-0.103745469934318
4911,-0.10912155213515
4912,-0.101704098136559
4913,-0.11882641216344
4914,-0.10545412651746
4915,-0.109718493117158
4916,-0.100703362885357
4917,-0.109942568040492
4918,-0.11920040933964
4919,-0.108642900688814
4920,-0.103231576875862
4921,-0.120869758665051
4922,-0.129737663711216
4923,-0.101917212100838
4924,-0.124214524917317
4925,-0.123329883854676
4926,-0.104522581024148
4927,-0.0979424719845157
4928,-0.114859053142145
4929,-0.119962824145611
4930,-0.120016577511079
4931,-0.120528759357415
4932,-0.0985027587191571
4933,-0.107436372534853
4934,-0.132246714523863
4935,-0.119798779661991
4936,-0.114411361315905
4937,-0.112495594554976
4938,-0.116039176428416
4939,-0.10185659055741
4940,-0.130910665375395
4941,-0.104060820265361
4942,-0.107532647687004
4943,-0.109775711029194
4944,-0.115849110156664
4945,-0.0988729584510817
4946,-0.109103068298505
4947,-0.111720796888254
4948,-0.0856775801805166
4949,-0.0838131212786053
4950,-0.095849674235246
4951,-0.0818527673969144
4952,-0.114308076495836
4953,-0.113867233153268
4954,-0.113583446857353
4955,-0.114475605260382
4956,-0.0940769633310463
4957,-0.12278327582324
4958,-0.0872403615710706
4959,-0.0803867301097461
4960,-0.125513232450673
4961,-0.111128758010334
4962,-0.103804553228986
4963,-0.0926537393307788
4964,-0.118821875092052
4965,-0.107684444809139
4966,-0.081522103467295
4967,-0.128403191843871
4968,-0.0933978023345843
4969,-0.113393219500844
4970,-0.0880517724401824
4971,-0.136023561976883
4972,-0.122611252101645
4973,-0.0980661210255591
4974,-0.0810968530444596
4975,-0.109180954664509
4976,-0.112714872237552
4977,-0.0844372372495961
4978,-0.132186904989464
4979,-0.123496645495172
4980,-0.123323827528853
4981,-0.109670131811215
4982,-0.0924273681152836
4983,-0.111469976466154
4984,-0.104194506419647
4985,-0.112640409104375
4986,-0.0963840586728719
4987,-0.110216676401653
4988,-0.10423410528009
4989,-0.0919452093228041
4990,-0.107026740438644
4991,-0.107635113252824
4992,-0.106457202743605
4993,-0.107434466341762
4994,-0.0959043575215668
4995,-0.101056560707243
4996,-0.103325789434309
4997,-0.118890856609527
4998,-0.112542919798142
4999,-0.107428606500174
5000,-0.119939771292169
